timestamp_s,flexion,abduction,ext_rot,elbow
64227.3588,-0.09,0.06,0.06,0.07
64227.5647,-0.09,0.06,0.05,0.08
64227.5933,-0.09,0.06,0.04,0.08
64227.6179,-0.09,0.07,0.04,0.09
64227.6493,-0.09,0.07,0.04,0.09
64227.6808,-0.09,0.07,0.03,0.10
64227.7126,-0.10,0.07,0.03,0.10
64227.7444,-0.10,0.07,0.03,0.10
64227.7755,-0.10,0.07,0.03,0.11
64227.8155,-0.11,0.07,0.02,0.11
64227.8472,-0.11,0.07,0.02,0.12
64227.8791,-0.12,0.07,0.02,0.12
64227.9105,-0.12,0.07,0.02,0.12
64227.9344,-0.13,0.07,0.02,0.13
64227.9656,-0.13,0.07,0.01,0.13
64227.9943,-0.13,0.07,0.01,0.13
64228.0235,-0.14,0.07,0.01,0.13
64228.0560,-0.14,0.06,0.01,0.13
64228.0934,-0.15,0.06,0.01,0.14
64228.1253,-0.15,0.06,0.01,0.14
64228.1501,-0.16,0.06,0.00,0.14
64228.1810,-0.16,0.06,0.00,0.14
64228.2124,-0.16,0.06,0.00,0.14
64228.2440,-0.16,0.06,0.00,0.13
64228.2758,-0.17,0.06,0.00,0.13
64228.3155,-0.17,0.06,-0.00,0.13
64228.3473,-0.17,0.06,-0.00,0.13
64228.3785,-0.17,0.06,-0.00,0.13
64228.4092,-0.17,0.06,-0.00,0.13
64228.4410,-0.16,0.05,-0.00,0.12
64228.4652,-0.17,0.05,-0.00,0.12
64228.4967,-0.17,0.06,0.00,0.12
64228.5279,-0.16,0.06,0.00,0.12
64228.5597,-0.16,0.06,0.00,0.12
64228.5911,-0.16,0.06,0.01,0.12
64228.6308,-0.16,0.06,0.01,0.11
64228.6626,-0.16,0.06,0.01,0.11
64228.6943,-0.16,0.06,0.01,0.11
64228.7238,-0.15,0.05,0.01,0.11
64228.7490,-0.15,0.05,0.01,0.10
64228.7805,-0.15,0.05,0.02,0.10
64228.8120,-0.15,0.05,0.02,0.10
64228.8435,-0.14,0.05,0.02,0.10
64228.8755,-0.14,0.05,0.02,0.10
64228.8996,-0.14,0.05,0.02,0.09
64228.9312,-0.14,0.06,0.02,0.09
64228.9631,-0.14,0.06,0.02,0.09
64228.9939,-0.14,0.06,0.02,0.09
64229.0252,-0.14,0.06,0.02,0.09
64229.0653,-0.14,0.06,0.03,0.09
64229.0972,-0.14,0.06,0.03,0.09
64229.1283,-0.13,0.06,0.03,0.09
64229.1599,-0.13,0.06,0.03,0.09
64229.1913,-0.14,0.06,0.03,0.09
64229.2153,-0.14,0.06,0.03,0.09
64229.2465,-0.14,0.06,0.03,0.09
64229.2783,-0.14,0.06,0.03,0.09
64229.3100,-0.14,0.06,0.03,0.09
64229.3411,-0.14,0.06,0.03,0.09
64229.3806,-0.14,0.06,0.03,0.10
64229.4127,-0.14,0.07,0.03,0.10
64229.4443,-0.14,0.07,0.04,0.10
64229.4759,-0.14,0.07,0.04,0.10
64229.4996,-0.14,0.07,0.04,0.10
64229.5313,-0.14,0.07,0.04,0.10
64229.5632,-0.14,0.07,0.04,0.10
64229.5950,-0.14,0.07,0.04,0.10
64229.6270,-0.14,0.07,0.04,0.10
64229.6590,-0.14,0.08,0.04,0.11
64229.6828,-0.14,0.08,0.04,0.11
64229.7143,-0.14,0.08,0.04,0.11
64229.7457,-0.14,0.08,0.04,0.11
64229.7776,-0.14,0.08,0.04,0.11
64229.8094,-0.14,0.08,0.04,0.11
64229.8411,-0.14,0.08,0.04,0.11
64229.8808,-0.14,0.08,0.04,0.11
64229.9123,-0.14,0.08,0.04,0.11
64229.9442,-0.14,0.08,0.04,0.11
64229.9761,-0.14,0.08,0.04,0.11
64230.0087,-0.14,0.08,0.04,0.11
64230.0485,-0.14,0.08,0.04,0.11
64230.0800,-0.13,0.08,0.04,0.11
64230.1116,-0.13,0.08,0.04,0.11
64230.1431,-0.13,0.08,0.04,0.11
64230.1748,-0.13,0.08,0.04,0.11
64230.1984,-0.13,0.08,0.04,0.11
64230.2298,-0.13,0.08,0.04,0.11
64230.2616,-0.13,0.08,0.04,0.11
64230.2936,-0.13,0.09,0.04,0.10
64230.3248,-0.13,0.09,0.04,0.10
64230.3648,-0.13,0.09,0.04,0.10
64230.3961,-0.13,0.09,0.04,0.10
64230.4275,-0.13,0.09,0.05,0.10
64230.4596,-0.12,0.08,0.05,0.10
64230.4916,-0.12,0.08,0.05,0.10
64230.5319,-0.12,0.08,0.05,0.10
64230.5637,-0.12,0.08,0.06,0.10
64230.5953,-0.12,0.08,0.06,0.09
64230.6264,-0.12,0.08,0.06,0.09
64230.6582,-0.12,0.08,0.06,0.09
64230.6815,-0.11,0.08,0.06,0.09
64230.7132,-0.11,0.08,0.06,0.09
64230.7449,-0.11,0.08,0.06,0.09
64230.7767,-0.11,0.08,0.06,0.09
64230.8083,-0.11,0.08,0.06,0.09
64230.8485,-0.11,0.08,0.06,0.09
64230.8801,-0.11,0.08,0.07,0.09
64230.9119,-0.11,0.09,0.07,0.09
64230.9439,-0.11,0.09,0.07,0.09
64230.9757,-0.11,0.09,0.07,0.09
64230.9996,-0.11,0.09,0.07,0.09
64231.0312,-0.11,0.09,0.07,0.09
64231.0630,-0.11,0.09,0.07,0.09
64231.0945,-0.11,0.09,0.07,0.09
64231.1266,-0.11,0.09,0.07,0.09
64231.1583,-0.11,0.09,0.07,0.09
64231.1818,-0.11,0.09,0.07,0.09
64231.2135,-0.11,0.09,0.07,0.10
64231.2450,-0.12,0.09,0.06,0.10
64231.2768,-0.12,0.09,0.06,0.10
64231.3085,-0.12,0.09,0.07,0.10
64231.3485,-0.12,0.09,0.07,0.10
64231.3800,-0.12,0.09,0.07,0.10
64231.4119,-0.12,0.09,0.07,0.10
64231.4438,-0.12,0.09,0.07,0.10
64231.4760,-0.12,0.09,0.07,0.10
64231.5077,-0.12,0.09,0.07,0.10
64231.5479,-0.12,0.09,0.07,0.10
64231.5797,-0.12,0.09,0.07,0.10
64231.6117,-0.13,0.08,0.07,0.10
64231.6434,-0.13,0.08,0.07,0.10
64231.6752,-0.12,0.08,0.07,0.10
64231.6991,-0.12,0.08,0.08,0.10
64231.7308,-0.13,0.08,0.08,0.10
64231.7628,-0.13,0.08,0.08,0.10
64231.7948,-0.13,0.08,0.08,0.10
64231.8267,-0.13,0.08,0.08,0.10
64231.8582,-0.13,0.08,0.08,0.11
64231.8974,-0.13,0.07,0.08,0.11
64231.9287,-0.13,0.07,0.08,0.11
64231.9603,-0.13,0.07,0.08,0.11
64231.9918,-0.13,0.07,0.08,0.11
64232.0316,-0.13,0.07,0.08,0.11
64232.0633,-0.13,0.07,0.07,0.12
64232.0952,-0.13,0.07,0.07,0.12
64232.1268,-0.13,0.06,0.07,0.12
64232.1584,-0.13,0.06,0.07,0.13
64232.1825,-0.13,0.06,0.07,0.13
64232.2135,-0.13,0.06,0.07,0.13
64232.2451,-0.13,0.06,0.07,0.13
64232.2768,-0.13,0.06,0.07,0.14
64232.3084,-0.13,0.06,0.07,0.14
64232.3484,-0.13,0.06,0.07,0.14
64232.3805,-0.13,0.06,0.07,0.14
64232.4124,-0.13,0.06,0.07,0.14
64232.4440,-0.13,0.06,0.07,0.14
64232.4758,-0.13,0.06,0.07,0.14
64232.5078,-0.13,0.05,0.07,0.15
64232.5467,-0.13,0.05,0.07,0.15
64232.5785,-0.13,0.05,0.07,0.15
64232.6104,-0.13,0.05,0.07,0.15
64232.6422,-0.13,0.05,0.07,0.15
64232.6660,-0.13,0.05,0.07,0.15
64232.6979,-0.13,0.05,0.07,0.15
64232.7297,-0.13,0.05,0.07,0.15
64232.7619,-0.14,0.05,0.07,0.15
64232.7933,-0.14,0.05,0.07,0.15
64232.8247,-0.14,0.05,0.07,0.15
64232.8643,-0.14,0.05,0.07,0.15
64232.8963,-0.14,0.05,0.06,0.15
64232.9284,-0.14,0.05,0.06,0.15
64232.9603,-0.14,0.05,0.06,0.15
64232.9922,-0.14,0.05,0.06,0.14
64233.0319,-0.14,0.05,0.06,0.14
64233.0631,-0.13,0.05,0.06,0.14
64233.0945,-0.13,0.05,0.06,0.14
64233.1266,-0.13,0.05,0.06,0.14
64233.1575,-0.13,0.05,0.06,0.13
64233.1815,-0.13,0.05,0.06,0.13
64233.2134,-0.13,0.05,0.06,0.13
64233.2456,-0.13,0.05,0.06,0.13
64233.2770,-0.13,0.05,0.06,0.13
64233.3086,-0.13,0.05,0.06,0.13
64233.3485,-0.14,0.05,0.06,0.13
64233.3801,-0.14,0.05,0.06,0.12
64233.4120,-0.14,0.06,0.06,0.12
64233.4441,-0.14,0.06,0.06,0.12
64233.4754,-0.14,0.06,0.06,0.12
64233.4990,-0.14,0.05,0.06,0.12
64233.5305,-0.14,0.05,0.06,0.12
64233.5623,-0.14,0.06,0.06,0.12
64233.5944,-0.14,0.06,0.06,0.12
64233.6258,-0.14,0.06,0.06,0.12
64233.6579,-0.14,0.06,0.06,0.12
64233.6815,-0.14,0.06,0.06,0.12
64233.7129,-0.14,0.06,0.06,0.12
64233.7446,-0.14,0.06,0.06,0.12
64233.7756,-0.14,0.06,0.06,0.12
64233.8152,-0.14,0.06,0.06,0.12
64233.8468,-0.14,0.06,0.06,0.12
64233.8786,-0.14,0.06,0.06,0.12
64233.9102,-0.14,0.06,0.06,0.12
64233.9419,-0.14,0.06,0.06,0.12
64233.9656,-0.13,0.06,0.06,0.12
64233.9977,-0.13,0.06,0.06,0.12
64234.0292,-0.13,0.06,0.06,0.12
64234.0607,-0.13,0.06,0.06,0.12
64234.0925,-0.13,0.06,0.06,0.12
64234.1319,-0.13,0.06,0.06,0.12
64234.1639,-0.13,0.06,0.06,0.12
64234.1960,-0.13,0.06,0.06,0.12
64234.2270,-0.13,0.06,0.06,0.12
64234.2589,-0.13,0.07,0.06,0.12
64234.2984,-0.13,0.07,0.06,0.12
64234.3305,-0.13,0.07,0.06,0.12
64234.3620,-0.13,0.07,0.06,0.12
64234.3936,-0.13,0.07,0.06,0.12
64234.4253,-0.14,0.07,0.06,0.12
64234.4492,-0.14,0.07,0.06,0.13
64234.4810,-0.14,0.07,0.06,0.13
64234.5131,-0.14,0.08,0.06,0.13
64234.5447,-0.14,0.08,0.06,0.13
64234.5759,-0.14,0.08,0.06,0.13
64234.6067,-0.14,0.08,0.06,0.13
64234.6477,-0.14,0.08,0.06,0.13
64234.6795,-0.14,0.08,0.06,0.14
64234.7263,-0.14,0.08,0.06,0.14
64234.7654,-0.15,0.08,0.06,0.14
64234.7969,-0.15,0.08,0.06,0.14
64234.8284,-0.15,0.08,0.06,0.14
64234.8604,-0.15,0.08,0.06,0.14
64234.8923,-0.15,0.08,0.06,0.14
64234.9158,-0.15,0.08,0.06,0.14
64234.9477,-0.15,0.08,0.06,0.14
64234.9788,-0.15,0.08,0.06,0.14
64235.0108,-0.15,0.08,0.06,0.14
64235.0426,-0.15,0.08,0.06,0.14
64235.0741,-0.15,0.08,0.06,0.14
64235.1141,-0.15,0.08,0.06,0.14
64235.1459,-0.15,0.08,0.06,0.14
64235.1772,-0.15,0.08,0.06,0.14
64235.2092,-0.15,0.07,0.06,0.14
64235.2328,-0.15,0.07,0.05,0.14
64235.2640,-0.15,0.07,0.05,0.14
64235.2960,-0.15,0.07,0.05,0.14
64235.3280,-0.15,0.07,0.05,0.14
64235.3602,-0.15,0.07,0.05,0.14
64235.3916,-0.15,0.07,0.05,0.14
64235.4159,-0.15,0.07,0.05,0.14
64235.4479,-0.15,0.07,0.05,0.14
64235.4799,-0.15,0.07,0.06,0.13
64235.5118,-0.15,0.07,0.06,0.13
64235.5436,-0.15,0.07,0.06,0.13
64235.5753,-0.14,0.07,0.06,0.13
64235.6153,-0.14,0.07,0.06,0.13
64235.6468,-0.14,0.07,0.06,0.13
64235.6789,-0.14,0.07,0.06,0.13
64235.7108,-0.14,0.07,0.06,0.12
64235.7425,-0.14,0.07,0.06,0.12
64235.7774,-0.14,0.07,0.06,0.12
64235.8130,-0.14,0.07,0.06,0.12
64235.8447,-0.14,0.07,0.06,0.12
64235.8763,-0.14,0.07,0.06,0.12
64235.9081,-0.14,0.07,0.06,0.12
64235.9313,-0.14,0.07,0.06,0.12
64235.9632,-0.14,0.07,0.06,0.12
64235.9952,-0.14,0.07,0.06,0.12
64236.0269,-0.13,0.07,0.06,0.12
64236.0583,-0.13,0.07,0.06,0.12
64236.0982,-0.13,0.06,0.06,0.12
64236.1298,-0.13,0.06,0.06,0.12
64236.1613,-0.13,0.06,0.06,0.12
64236.1933,-0.13,0.06,0.06,0.12
64236.2253,-0.13,0.06,0.06,0.12
64236.2493,-0.13,0.06,0.06,0.12
64236.2806,-0.13,0.06,0.06,0.12
64236.3128,-0.13,0.06,0.06,0.12
64236.3441,-0.12,0.06,0.06,0.12
64236.3757,-0.12,0.06,0.06,0.12
64236.3993,-0.12,0.06,0.06,0.12
64236.4309,-0.12,0.06,0.06,0.12
64236.4623,-0.12,0.06,0.06,0.12
64236.4944,-0.12,0.06,0.06,0.12
64236.5256,-0.12,0.06,0.06,0.12
64236.5646,-0.12,0.06,0.06,0.11
64236.5964,-0.12,0.06,0.06,0.11
64236.6278,-0.12,0.05,0.06,0.11
64236.6599,-0.12,0.05,0.06,0.11
64236.6919,-0.12,0.05,0.06,0.11
64236.7156,-0.12,0.05,0.06,0.11
64236.7476,-0.12,0.05,0.06,0.11
64236.7791,-0.12,0.05,0.06,0.11
64236.8113,-0.12,0.04,0.06,0.11
64236.8432,-0.12,0.04,0.06,0.11
64236.8752,-0.12,0.04,0.07,0.11
64236.8991,-0.12,0.04,0.07,0.11
64236.9310,-0.12,0.04,0.07,0.11
64236.9628,-0.12,0.04,0.07,0.11
64236.9945,-0.12,0.04,0.07,0.11
64237.0265,-0.12,0.04,0.07,0.11
64237.0657,-0.12,0.04,0.07,0.11
64237.0970,-0.12,0.04,0.07,0.11
64237.1289,-0.12,0.04,0.07,0.11
64237.1601,-0.12,0.04,0.07,0.11
64237.1837,-0.12,0.04,0.07,0.11
64237.2157,-0.12,0.05,0.07,0.11
64237.2474,-0.12,0.05,0.07,0.11
64237.2790,-0.12,0.05,0.07,0.11
64237.3108,-0.13,0.05,0.07,0.11
64237.3423,-0.13,0.05,0.07,0.11
64237.3742,-0.13,0.06,0.07,0.11
64237.3981,-0.13,0.06,0.07,0.12
64237.4298,-0.13,0.06,0.07,0.12
64237.4620,-0.13,0.06,0.07,0.12
64237.4940,-0.13,0.06,0.07,0.12
64237.5260,-0.13,0.07,0.07,0.12
64237.5589,-0.13,0.07,0.07,0.12
64237.5964,-0.13,0.07,0.07,0.12
64237.6288,-0.13,0.07,0.07,0.12
64237.6601,-0.13,0.07,0.07,0.12
64237.6911,-0.13,0.07,0.07,0.12
64237.7148,-0.13,0.07,0.07,0.12
64237.7463,-0.13,0.07,0.07,0.12
64237.7780,-0.13,0.07,0.07,0.12
64237.8099,-0.13,0.07,0.07,0.12
64237.8417,-0.13,0.07,0.07,0.12
64237.8808,-0.13,0.07,0.07,0.12
64237.9128,-0.13,0.07,0.07,0.12
64237.9440,-0.13,0.07,0.07,0.12
64237.9759,-0.12,0.07,0.07,0.12
64238.0080,-0.12,0.07,0.07,0.12
64238.0475,-0.12,0.07,0.07,0.12
64238.0791,-0.12,0.07,0.07,0.12
64238.1110,-0.12,0.07,0.07,0.12
64238.1425,-0.12,0.07,0.07,0.11
64238.1746,-0.13,0.07,0.07,0.11
64238.1981,-0.13,0.07,0.07,0.11
64238.2300,-0.13,0.07,0.07,0.11
64238.2611,-0.13,0.07,0.07,0.11
64238.2925,-0.13,0.07,0.07,0.11
64238.3240,-0.13,0.07,0.07,0.11
64238.3635,-0.13,0.07,0.07,0.11
64238.3949,-0.13,0.07,0.07,0.12
64238.4270,-0.13,0.07,0.07,0.12
64238.4591,-0.13,0.07,0.07,0.12
64238.4827,-0.13,0.07,0.07,0.12
64238.5143,-0.13,0.07,0.07,0.12
64238.5463,-0.13,0.07,0.07,0.12
64238.5777,-0.13,0.07,0.07,0.12
64238.6098,-0.13,0.07,0.07,0.12
64238.6413,-0.13,0.07,0.07,0.12
64238.6651,-0.13,0.07,0.07,0.12
64238.6970,-0.13,0.07,0.07,0.12
64238.7286,-0.13,0.07,0.07,0.12
64238.7608,-0.13,0.07,0.07,0.12
64238.7931,-0.14,0.07,0.07,0.12
64238.8245,-0.14,0.07,0.07,0.12
64238.8643,-0.14,0.07,0.07,0.12
64238.8961,-0.14,0.07,0.07,0.12
64238.9274,-0.14,0.07,0.07,0.12
64238.9586,-0.14,0.07,0.07,0.13
64238.9903,-0.14,0.07,0.07,0.13
64239.0148,-0.14,0.07,0.07,0.13
64239.0467,-0.14,0.07,0.07,0.12
64239.0786,-0.13,0.07,0.07,0.12
64239.1104,-0.13,0.07,0.07,0.12
64239.1423,-0.13,0.07,0.07,0.12
64239.1659,-0.13,0.07,0.07,0.12
64239.1977,-0.13,0.07,0.07,0.12
64239.2294,-0.12,0.07,0.07,0.11
64239.2610,-0.12,0.08,0.07,0.11
64239.2930,-0.12,0.08,0.07,0.11
64239.3248,-0.12,0.08,0.07,0.11
64239.3637,-0.12,0.08,0.07,0.10
64239.3950,-0.12,0.08,0.07,0.10
64239.4268,-0.11,0.08,0.07,0.10
64239.4583,-0.11,0.08,0.07,0.10
64239.4971,-0.11,0.08,0.08,0.10
64239.5301,-0.11,0.08,0.08,0.10
64239.5620,-0.11,0.08,0.08,0.10
64239.5939,-0.11,0.08,0.08,0.09
64239.6254,-0.11,0.08,0.08,0.09
64239.6493,-0.11,0.08,0.08,0.09
64239.6804,-0.11,0.08,0.08,0.09
64239.7122,-0.12,0.08,0.08,0.09
64239.7440,-0.12,0.08,0.08,0.09
64239.7753,-0.12,0.08,0.09,0.09
64239.8148,-0.12,0.08,0.09,0.09
64239.8464,-0.12,0.08,0.09,0.09
64239.8784,-0.12,0.09,0.09,0.09
64239.9096,-0.12,0.09,0.09,0.10
64239.9414,-0.12,0.09,0.09,0.10
64239.9651,-0.12,0.09,0.09,0.10
64239.9972,-0.12,0.10,0.09,0.10
64240.0286,-0.12,0.10,0.09,0.10
64240.0603,-0.12,0.10,0.09,0.10
64240.0919,-0.12,0.10,0.09,0.10
64240.1315,-0.12,0.10,0.09,0.10
64240.1635,-0.12,0.10,0.09,0.10
64240.1954,-0.12,0.10,0.09,0.10
64240.2273,-0.12,0.10,0.09,0.10
64240.2595,-0.12,0.10,0.09,0.10
64240.2912,-0.11,0.10,0.09,0.10
64240.3307,-0.11,0.09,0.09,0.10
64240.3623,-0.11,0.09,0.10,0.10
64240.3940,-0.11,0.09,0.10,0.10
64240.4263,-0.11,0.09,0.10,0.10
64240.4580,-0.11,0.09,0.10,0.10
64240.4813,-0.11,0.09,0.10,0.10
64240.5131,-0.11,0.09,0.10,0.10
64240.5452,-0.11,0.09,0.10,0.10
64240.5770,-0.11,0.09,0.10,0.10
64240.6090,-0.11,0.09,0.10,0.10
64240.6326,-0.11,0.09,0.10,0.10
64240.6644,-0.11,0.09,0.10,0.10
64240.6955,-0.11,0.09,0.10,0.11
64240.7278,-0.11,0.09,0.10,0.11
64240.7595,-0.11,0.09,0.10,0.11
64240.7917,-0.11,0.09,0.10,0.11
64240.8304,-0.11,0.09,0.10,0.11
64240.8630,-0.11,0.09,0.10,0.11
64240.8942,-0.11,0.09,0.10,0.11
64240.9261,-0.11,0.09,0.10,0.11
64240.9498,-0.11,0.09,0.10,0.11
64240.9818,-0.11,0.08,0.10,0.11
64241.0138,-0.11,0.08,0.10,0.11
64241.0455,-0.11,0.08,0.10,0.11
64241.0776,-0.11,0.08,0.10,0.11
64241.1095,-0.11,0.08,0.10,0.11
64241.1415,-0.11,0.08,0.10,0.11
64241.1663,-0.11,0.08,0.10,0.11
64241.1982,-0.11,0.08,0.10,0.11
64241.2308,-0.11,0.08,0.10,0.11
64241.2626,-0.11,0.08,0.10,0.11
64241.2947,-0.11,0.08,0.10,0.11
64241.3269,-0.11,0.08,0.11,0.11
64241.3589,-0.11,0.08,0.11,0.11
64241.3827,-0.10,0.08,0.11,0.11
64241.4150,-0.10,0.08,0.11,0.11
64241.4467,-0.10,0.08,0.11,0.10
64241.4790,-0.10,0.08,0.11,0.10
64241.5107,-0.10,0.08,0.11,0.10
64241.5430,-0.10,0.07,0.11,0.10
64241.5749,-0.10,0.07,0.11,0.10
64241.6152,-0.10,0.07,0.11,0.10
64241.6464,-0.10,0.07,0.12,0.10
64241.6788,-0.10,0.07,0.12,0.10
64241.7102,-0.11,0.06,0.12,0.10
64241.7417,-0.12,0.04,0.12,0.10
64241.7814,-0.12,0.02,0.11,0.11
64241.8128,-0.12,0.03,0.11,0.11
64241.8446,-0.12,0.03,0.11,0.11
64241.8770,-0.12,0.03,0.12,0.11
64241.9094,-0.12,0.02,0.12,0.11
64241.9322,-0.11,0.01,0.12,0.11
64241.9647,-0.11,0.02,0.13,0.11
64241.9959,-0.12,0.02,0.13,0.11
64242.0277,-0.13,0.02,0.13,0.11
64242.0596,-0.14,0.01,0.13,0.12
64242.0914,-0.14,0.01,0.13,0.12
64242.1313,-0.14,0.01,0.13,0.12
64242.1630,-0.14,0.01,0.13,0.12
64242.1953,-0.14,0.01,0.13,0.12
64242.2263,-0.15,0.01,0.12,0.12
64242.2585,-0.15,0.01,0.12,0.13
64242.2981,-0.15,0.00,0.12,0.13
64242.3296,-0.15,0.00,0.12,0.13
64242.3613,-0.15,0.00,0.12,0.13
64242.3932,-0.15,0.00,0.12,0.13
64242.4252,-0.15,-0.00,0.12,0.14
64242.4490,-0.15,-0.00,0.12,0.14
64242.4808,-0.15,-0.00,0.12,0.14
64242.5127,-0.15,-0.00,0.12,0.14
64242.5447,-0.15,-0.00,0.12,0.14
64242.5762,-0.15,-0.00,0.12,0.15
64242.6076,-0.15,-0.00,0.12,0.15
64242.6472,-0.15,-0.00,0.12,0.15
64242.6788,-0.15,-0.00,0.12,0.15
64242.7104,-0.15,-0.00,0.12,0.15
64242.7425,-0.15,-0.00,0.12,0.15
64242.7737,-0.14,-0.00,0.12,0.15
64242.8138,-0.14,0.00,0.12,0.15
64242.8457,-0.14,0.00,0.13,0.15
64242.8772,-0.14,0.00,0.13,0.15
64242.9089,-0.14,0.00,0.13,0.14
64242.9406,-0.14,0.00,0.13,0.14
64242.9643,-0.14,0.00,0.13,0.14
64242.9959,-0.14,0.01,0.13,0.14
64243.0274,-0.14,0.01,0.13,0.14
64243.0592,-0.14,0.01,0.13,0.14
64243.0980,-0.14,0.01,0.13,0.13
64243.1298,-0.14,0.01,0.13,0.13
64243.1608,-0.14,0.01,0.13,0.13
64243.1927,-0.13,0.01,0.14,0.13
64243.2247,-0.14,0.01,0.14,0.13
64243.2489,-0.13,0.01,0.13,0.12
64243.2802,-0.13,0.01,0.13,0.12
64243.3122,-0.13,0.00,0.13,0.12
64243.3440,-0.13,0.00,0.13,0.12
64243.3757,-0.13,0.00,0.13,0.12
64243.4076,-0.13,-0.00,0.13,0.12
64243.4309,-0.14,-0.00,0.13,0.12
64243.4629,-0.15,-0.01,0.13,0.13
64243.4948,-0.16,-0.01,0.13,0.13
64243.5265,-0.17,-0.02,0.13,0.13
64243.5586,-0.17,-0.03,0.13,0.14
64243.5978,-0.18,-0.03,0.13,0.13
64243.6303,-0.18,-0.02,0.13,0.13
64243.6607,-0.19,-0.03,0.14,0.12
64243.6923,-0.19,-0.02,0.15,0.12
64243.7245,-0.18,-0.02,0.15,0.12
64243.7488,-0.17,-0.02,0.15,0.12
64243.7800,-0.15,-0.05,0.15,0.12
64243.8117,-0.13,-0.11,0.13,0.12
64243.8436,-0.09,-0.17,0.11,0.14
64243.8754,0.03,-0.19,0.05,0.15
64243.9070,0.18,-0.18,-0.04,0.15
64243.9310,0.38,-0.15,-0.14,0.15
64243.9630,0.58,-0.11,-0.26,0.19
64243.9940,0.84,-0.04,-0.39,0.25
64244.0257,1.13,0.06,-0.55,0.34
64244.0576,1.42,0.17,-0.69,0.43
64244.0969,1.75,0.30,-0.85,0.52
64244.1291,2.12,0.43,-1.04,0.64
64244.1609,2.49,0.56,-1.23,0.72
64244.1928,2.87,0.72,-1.44,0.83
64244.2249,3.28,0.87,-1.65,0.95
64244.2486,3.69,1.02,-1.88,1.06
64244.2801,4.12,1.19,-2.11,1.13
64244.3117,4.65,1.44,-2.36,1.30
64244.3434,5.28,1.77,-2.58,1.51
64244.3745,5.90,2.12,-2.74,1.62
64244.3985,6.50,2.48,-2.82,1.73
64244.4302,7.18,2.93,-2.82,1.92
64244.4610,7.95,3.42,-2.72,2.13
64244.4930,8.72,3.88,-2.56,2.31
64244.5248,9.57,4.35,-2.33,2.48
64244.5647,10.48,4.79,-2.07,2.64
64244.5968,11.34,5.21,-1.83,2.77
64244.6282,12.18,5.59,-1.59,2.85
64244.6591,13.10,5.94,-1.35,2.95
64244.6911,14.06,6.29,-1.11,3.07
64244.7145,14.97,6.61,-0.88,3.17
64244.7460,15.92,6.92,-0.64,3.27
64244.7780,16.81,7.20,-0.42,3.36
64244.8097,17.75,7.46,-0.21,3.44
64244.8417,18.73,7.71,-0.01,3.53
64244.8812,19.64,7.93,0.16,3.60
64244.9129,20.57,8.13,0.33,3.67
64244.9445,21.43,8.30,0.48,3.73
64244.9760,22.29,8.44,0.62,3.79
64245.0147,23.17,8.58,0.75,3.85
64245.0466,24.07,8.71,0.88,3.92
64245.0784,24.91,8.81,1.00,3.98
64245.1095,25.77,8.88,1.08,4.04
64245.1414,26.64,8.89,1.12,4.09
64245.1650,27.44,8.88,1.14,4.13
64245.1967,28.18,8.86,1.13,4.17
64245.2286,28.94,8.82,1.11,4.22
64245.2603,29.65,8.79,1.07,4.27
64245.2917,30.37,8.77,1.02,4.34
64245.3315,31.10,8.77,0.97,4.42
64245.3628,31.78,8.77,0.93,4.50
64245.3941,32.46,8.79,0.90,4.59
64245.4260,33.16,8.84,0.88,4.69
64245.4497,33.82,8.90,0.89,4.80
64245.4813,34.43,8.96,0.92,4.90
64245.5128,35.06,9.07,1.03,5.02
64245.5445,35.73,9.19,1.19,5.14
64245.5758,36.44,9.36,1.40,5.28
64245.6079,37.12,9.55,1.63,5.41
64245.6469,37.85,9.78,1.91,5.55
64245.6785,38.52,10.03,2.20,5.70
64245.7102,39.28,10.36,2.60,5.85
64245.7418,39.99,10.72,3.04,6.00
64245.7812,41.26,11.23,3.93,6.24
64245.8129,42.47,11.75,4.84,6.47
64245.8444,43.76,12.39,5.74,6.71
64245.8753,44.96,13.03,6.54,6.94
64245.8993,46.07,13.66,7.24,7.15
64245.9304,47.15,14.30,7.86,7.35
64245.9623,48.18,14.92,8.40,7.52
64245.9942,49.12,15.52,8.87,7.68
64246.0261,50.04,16.12,9.27,7.84
64246.0579,50.96,16.77,9.60,8.00
64246.0975,51.81,17.39,9.90,8.15
64246.1296,52.65,18.06,10.15,8.30
64246.1611,53.48,18.76,10.38,8.45
64246.1925,54.24,19.46,10.60,8.59
64246.2159,54.95,20.15,10.80,8.72
64246.2474,55.67,20.90,11.01,8.87
64246.2799,56.46,21.78,11.24,9.03
64246.3106,57.22,22.66,11.48,9.19
64246.3426,58.02,23.65,11.73,9.36
64246.3744,58.78,24.65,11.98,9.52
64246.3980,59.51,25.66,12.22,9.67
64246.4296,60.30,26.77,12.47,9.83
64246.4615,61.11,27.93,12.72,10.00
64246.4930,61.85,29.04,12.96,10.14
64246.5250,62.61,30.18,13.19,10.28
64246.5647,63.38,31.34,13.41,10.42
64246.5960,64.08,32.44,13.61,10.54
64246.6276,64.78,33.54,13.81,10.66
64246.6592,65.43,34.57,13.99,10.77
64246.6910,66.05,35.58,14.15,10.87
64246.7148,66.63,36.51,14.29,10.96
64246.7466,67.20,37.45,14.42,11.04
64246.7784,67.76,38.37,14.54,11.12
64246.8094,68.26,39.22,14.65,11.20
64246.8413,68.73,40.04,14.76,11.27
64246.8806,69.18,40.83,14.87,11.34
64246.9123,69.59,41.59,14.98,11.40
64246.9443,70.02,42.39,15.09,11.47
64246.9759,70.40,43.14,15.20,11.52
64247.0078,70.73,43.84,15.33,11.59
64247.0473,71.02,44.46,15.45,11.65
64247.0789,71.27,44.99,15.54,11.69
64247.1098,71.49,45.44,15.62,11.74
64247.1421,71.68,45.84,15.69,11.77
64247.1739,71.85,46.20,15.75,11.81
64247.1980,71.99,46.49,15.81,11.85
64247.2296,72.11,46.75,15.86,11.88
64247.2612,72.20,46.96,15.90,11.91
64247.2928,72.28,47.13,15.94,11.94
64247.3245,72.36,47.28,15.97,11.96
64247.3643,72.42,47.41,16.00,11.98
64247.3960,72.47,47.52,16.03,12.00
64247.4284,72.50,47.62,16.06,12.02
64247.4599,72.55,47.71,16.08,12.04
64247.4918,72.59,47.79,16.09,12.06
64247.5318,72.64,47.86,16.10,12.07
64247.5628,72.70,47.93,16.08,12.06
64247.5946,72.77,48.01,16.07,12.07
64247.6261,72.84,48.08,16.05,12.07
64247.6578,72.92,48.16,16.03,12.06
64247.6815,73.00,48.24,16.00,12.07
64247.7132,73.08,48.32,15.97,12.07
64247.7450,73.18,48.40,15.92,12.07
64247.7764,73.28,48.46,15.86,12.06
64247.8075,73.36,48.51,15.80,12.06
64247.8476,73.45,48.54,15.74,12.06
64247.8795,73.54,48.57,15.67,12.06
64247.9106,73.62,48.61,15.60,12.06
64247.9425,73.69,48.65,15.55,12.07
64247.9659,73.75,48.69,15.52,12.08
64247.9977,73.79,48.73,15.49,12.10
64248.0297,73.84,48.77,15.46,12.11
64248.0610,73.88,48.81,15.44,12.13
64248.0918,73.91,48.85,15.43,12.15
64248.1315,73.94,48.88,15.42,12.17
64248.1634,73.96,48.90,15.40,12.19
64248.1955,73.97,48.92,15.39,12.20
64248.2276,73.99,48.93,15.37,12.22
64248.2592,74.01,48.93,15.35,12.23
64248.2907,74.02,48.93,15.34,12.24
64248.3305,74.03,48.92,15.32,12.25
64248.3622,74.04,48.92,15.31,12.26
64248.3932,74.05,48.94,15.30,12.28
64248.4250,74.06,48.95,15.30,12.29
64248.4492,74.06,48.97,15.30,12.30
64248.4807,74.07,48.97,15.30,12.31
64248.5125,74.07,48.98,15.29,12.32
64248.5441,74.08,48.99,15.29,12.33
64248.5762,74.09,49.00,15.27,12.33
64248.6082,74.11,49.01,15.26,12.33
64248.6325,74.13,49.03,15.25,12.34
64248.6644,74.16,49.04,15.21,12.35
64248.6955,74.21,49.06,15.16,12.35
64248.7271,74.30,49.10,15.07,12.32
64248.7588,74.42,49.14,14.95,12.29
64248.7983,74.54,49.21,14.84,12.27
64248.8296,74.64,49.26,14.73,12.26
64248.8606,74.73,49.30,14.64,12.25
64248.8918,74.81,49.32,14.55,12.25
64248.9154,74.88,49.33,14.47,12.25
64248.9474,74.95,49.34,14.39,12.25
64248.9792,75.01,49.34,14.30,12.26
64249.0102,75.07,49.34,14.22,12.26
64249.0422,75.14,49.34,14.13,12.26
64249.0817,75.23,49.34,14.01,12.25
64249.1133,75.32,49.34,13.89,12.24
64249.1450,75.39,49.35,13.79,12.25
64249.1769,75.46,49.35,13.69,12.25
64249.2086,75.53,49.33,13.60,12.26
64249.2325,75.59,49.31,13.51,12.27
64249.2635,75.66,49.28,13.40,12.27
64249.2945,75.73,49.23,13.29,12.27
64249.3261,75.80,49.18,13.18,12.27
64249.3581,75.86,49.14,13.08,12.27
64249.3824,75.92,49.10,12.99,12.27
64249.4142,75.97,49.06,12.91,12.28
64249.4456,76.02,49.04,12.84,12.29
64249.4765,76.07,48.98,12.75,12.28
64249.5083,76.12,48.91,12.67,12.29
64249.5478,76.15,48.82,12.59,12.29
64249.5792,76.18,48.76,12.53,12.30
64249.6110,76.21,48.72,12.49,12.31
64249.6427,76.22,48.70,12.46,12.33
64249.6744,76.23,48.69,12.43,12.35
64249.6984,76.24,48.67,12.42,12.37
64249.7300,76.24,48.65,12.40,12.39
64249.7620,76.25,48.63,12.38,12.40
64249.7929,76.25,48.62,12.37,12.42
64249.8244,76.24,48.61,12.37,12.44
64249.8635,76.24,48.61,12.37,12.45
64249.8952,76.23,48.61,12.37,12.46
64249.9269,76.22,48.59,12.37,12.47
64249.9586,76.21,48.57,12.37,12.48
64249.9825,76.20,48.57,12.38,12.49
64250.0140,76.20,48.59,12.38,12.51
64250.0455,76.20,48.62,12.39,12.52
64250.0773,76.20,48.63,12.40,12.52
64250.1089,76.20,48.62,12.40,12.53
64250.1323,76.19,48.60,12.40,12.53
64250.1637,76.18,48.59,12.41,12.53
64250.1953,76.18,48.60,12.41,12.54
64250.2270,76.18,48.61,12.41,12.54
64250.2585,76.18,48.62,12.42,12.55
64250.2977,76.17,48.61,12.43,12.55
64250.3294,76.17,48.59,12.43,12.55
64250.3607,76.16,48.54,12.43,12.55
64250.3922,76.15,48.49,12.42,12.55
64250.4156,76.14,48.45,12.43,12.54
64250.4471,76.13,48.43,12.43,12.55
64250.4785,76.12,48.39,12.43,12.54
64250.5099,76.11,48.34,12.44,12.54
64250.5418,76.09,48.28,12.44,12.54
64250.5812,76.06,48.22,12.45,12.54
64250.6134,76.04,48.17,12.46,12.53
64250.6452,76.03,48.14,12.47,12.53
64250.6768,76.03,48.14,12.48,12.53
64250.7084,76.02,48.14,12.50,12.53
64250.7323,76.01,48.11,12.51,12.53
64250.7638,75.99,48.08,12.52,12.53
64250.7955,75.99,48.10,12.53,12.53
64250.8272,75.99,48.12,12.54,12.53
64250.8592,76.00,48.12,12.54,12.52
64250.8909,76.01,48.11,12.53,12.52
64250.9146,76.01,48.11,12.53,12.52
64250.9464,76.03,48.13,12.53,12.52
64250.9784,76.04,48.16,12.53,12.51
64251.0101,76.06,48.19,12.53,12.51
64251.0415,76.08,48.22,12.52,12.51
64251.0807,76.10,48.24,12.52,12.51
64251.1122,76.11,48.25,12.52,12.50
64251.1444,76.12,48.28,12.53,12.51
64251.1763,76.14,48.32,12.53,12.51
64251.2080,76.16,48.36,12.53,12.51
64251.2317,76.20,48.42,12.53,12.51
64251.2637,76.23,48.46,12.52,12.51
64251.2958,76.26,48.47,12.50,12.50
64251.3272,76.28,48.46,12.49,12.50
64251.3588,76.27,48.44,12.49,12.50
64251.3824,76.28,48.46,12.49,12.50
64251.4141,76.34,48.50,12.46,12.48
64251.4455,76.40,48.57,12.43,12.47
64251.4771,76.48,48.68,12.41,12.45
64251.5083,76.53,48.74,12.39,12.44
64251.5481,76.54,48.73,12.37,12.44
64251.5803,76.55,48.72,12.35,12.43
64251.6120,76.57,48.77,12.36,12.44
64251.6435,76.58,48.80,12.36,12.44
64251.6746,76.58,48.79,12.36,12.45
64251.6979,76.57,48.78,12.36,12.46
64251.7289,76.57,48.77,12.35,12.46
64251.7604,76.56,48.73,12.35,12.47
64251.7925,76.56,48.72,12.36,12.47
64251.8244,76.56,48.74,12.36,12.49
64251.8646,76.56,48.76,12.37,12.49
64251.8963,76.57,48.78,12.38,12.50
64251.9283,76.58,48.81,12.38,12.51
64251.9603,76.56,48.78,12.39,12.52
64251.9760,76.54,48.76,12.39,12.52
64252.0079,76.51,48.70,12.40,12.53
64252.0479,76.50,48.63,12.37,12.53
64252.0795,76.50,48.59,12.35,12.53
64252.1114,76.45,48.51,12.37,12.54
64252.1433,76.42,48.48,12.37,12.55
64252.1752,76.42,48.45,12.37,12.55
64252.1993,76.40,48.42,12.37,12.56
64252.2307,76.37,48.37,12.38,12.58
64252.2623,76.34,48.33,12.39,12.58
64252.2937,76.34,48.32,12.38,12.59
64252.3255,76.36,48.29,12.35,12.58
64252.3573,76.36,48.24,12.32,12.58
64252.3969,76.34,48.23,12.34,12.59
64252.4284,76.30,48.27,12.38,12.63
64252.4599,76.26,48.32,12.41,12.64
64252.4917,76.22,48.35,12.43,12.65
64252.5314,76.17,48.33,12.46,12.65
64252.5626,76.13,48.34,12.48,12.66
64252.5942,76.10,48.36,12.50,12.66
64252.6259,76.07,48.41,12.53,12.67
64252.6492,76.04,48.45,12.55,12.67
64252.6810,76.00,48.47,12.57,12.68
64252.7125,75.97,48.50,12.59,12.67
64252.7446,75.95,48.52,12.61,12.67
64252.7760,75.93,48.56,12.63,12.67
64252.8074,75.91,48.58,12.64,12.67
64252.8472,75.88,48.58,12.64,12.66
64252.8786,75.87,48.59,12.65,12.66
64252.9102,75.86,48.58,12.64,12.65
64252.9419,75.86,48.56,12.63,12.63
64252.9656,75.88,48.53,12.60,12.60
64252.9973,75.89,48.50,12.59,12.58
64253.0286,75.91,48.48,12.57,12.56
64253.0607,75.92,48.43,12.56,12.54
64253.0927,75.91,48.42,12.56,12.53
64253.1243,75.90,48.42,12.57,12.53
64253.1479,75.91,48.42,12.57,12.52
64253.1797,75.92,48.42,12.56,12.51
64253.2113,75.91,48.38,12.55,12.50
64253.2432,75.88,48.31,12.54,12.50
64253.2752,75.83,48.22,12.55,12.49
64253.3151,75.80,48.18,12.56,12.49
64253.3466,75.77,48.14,12.57,12.49
64253.3777,75.74,48.07,12.57,12.49
64253.4091,75.72,48.03,12.56,12.47
64253.4411,75.72,48.00,12.55,12.46
64253.4645,75.74,47.99,12.54,12.46
64253.4965,75.78,48.04,12.53,12.45
64253.5271,75.82,48.11,12.54,12.46
64253.5589,75.82,48.15,12.55,12.45
64253.5906,75.81,48.17,12.57,12.46
64253.6308,75.81,48.19,12.58,12.46
64253.6627,75.80,48.19,12.59,12.46
64253.6941,75.80,48.18,12.59,12.46
64253.7258,75.80,48.17,12.59,12.47
64253.7573,75.85,48.23,12.59,12.47
64253.7970,75.92,48.35,12.59,12.45
64253.8288,75.98,48.45,12.59,12.43
64253.8605,76.03,48.53,12.59,12.41
64253.8921,76.05,48.54,12.58,12.40
64253.9238,76.07,48.54,12.57,12.38
64253.9481,76.09,48.55,12.56,12.37
64253.9790,76.12,48.61,12.56,12.37
64254.0102,76.16,48.67,12.55,12.37
64254.0415,76.20,48.72,12.54,12.37
64254.0816,76.22,48.76,12.54,12.36
64254.1130,76.24,48.79,12.55,12.37
64254.1451,76.24,48.78,12.54,12.37
64254.1764,76.25,48.79,12.54,12.37
64254.2079,76.27,48.82,12.53,12.38
64254.2321,76.30,48.85,12.52,12.37
64254.2641,76.31,48.86,12.51,12.36
64254.2961,76.33,48.87,12.50,12.36
64254.3279,76.35,48.91,12.50,12.36
64254.3594,76.37,48.95,12.49,12.36
64254.3914,76.39,48.99,12.49,12.36
64254.4158,76.40,49.01,12.49,12.37
64254.4474,76.41,49.04,12.49,12.37
64254.4793,76.42,49.05,12.49,12.38
64254.5110,76.41,49.05,12.49,12.39
64254.5426,76.41,49.05,12.48,12.40
64254.5744,76.42,49.06,12.48,12.40
64254.6130,76.43,49.09,12.47,12.41
64254.6446,76.43,49.08,12.46,12.41
64254.6766,76.43,49.06,12.46,12.41
64254.7085,76.43,49.04,12.45,12.41
64254.7321,76.43,49.01,12.43,12.41
64254.7639,76.43,49.00,12.42,12.40
64254.7954,76.43,49.01,12.42,12.41
64254.8271,76.43,49.02,12.42,12.41
64254.8595,76.44,49.03,12.42,12.41
64254.8908,76.45,49.06,12.43,12.42
64254.9143,76.45,49.09,12.44,12.42
64254.9463,76.47,49.14,12.45,12.43
64254.9779,76.48,49.18,12.46,12.43
64255.0092,76.48,49.20,12.46,12.43
64255.0406,76.49,49.21,12.46,12.43
64255.0800,76.48,49.22,12.47,12.43
64255.1117,76.48,49.24,12.47,12.44
64255.1434,76.50,49.28,12.48,12.44
64255.1753,76.51,49.34,12.49,12.45
64255.2069,76.53,49.38,12.49,12.45
64255.2314,76.54,49.42,12.49,12.44
64255.2631,76.55,49.43,12.48,12.44
64255.2947,76.54,49.39,12.47,12.43
64255.3268,76.54,49.35,12.45,12.43
64255.3584,76.53,49.33,12.44,12.42
64255.3983,76.54,49.36,12.45,12.42
64255.4297,76.55,49.42,12.46,12.43
64255.4610,76.56,49.47,12.48,12.44
64255.4931,76.57,49.49,12.48,12.44
64255.5250,76.57,49.49,12.47,12.43
64255.5642,76.57,49.46,12.47,12.42
64255.5960,76.57,49.44,12.46,12.42
64255.6277,76.57,49.44,12.46,12.42
64255.6596,76.57,49.45,12.47,12.42
64255.6906,76.57,49.47,12.48,12.42
64255.7145,76.57,49.50,12.49,12.42
64255.7462,76.58,49.52,12.50,12.42
64255.7784,76.58,49.54,12.50,12.43
64255.8100,76.58,49.51,12.49,12.42
64255.8416,76.58,49.47,12.48,12.42
64255.8807,76.56,49.41,12.47,12.41
64255.9124,76.55,49.37,12.47,12.41
64255.9445,76.54,49.37,12.48,12.41
64255.9758,76.54,49.40,12.49,12.42
64256.0074,76.53,49.43,12.51,12.43
64256.0461,76.52,49.46,12.52,12.44
64256.0778,76.51,49.47,12.53,12.44
64256.1095,76.50,49.47,12.54,12.44
64256.1414,76.50,49.46,12.54,12.45
64256.1654,76.49,49.45,12.53,12.44
64256.1971,76.49,49.43,12.53,12.44
64256.2286,76.48,49.41,12.53,12.44
64256.2602,76.47,49.40,12.53,12.44
64256.2923,76.47,49.40,12.53,12.44
64256.3235,76.47,49.41,12.53,12.44
64256.3638,76.47,49.41,12.53,12.43
64256.3953,76.47,49.42,12.54,12.43
64256.4271,76.47,49.43,12.54,12.43
64256.4586,76.47,49.43,12.55,12.43
64256.4904,76.47,49.42,12.55,12.43
64256.5147,76.47,49.42,12.55,12.43
64256.5462,76.47,49.43,12.55,12.43
64256.5781,76.47,49.43,12.55,12.43
64256.6098,76.47,49.44,12.55,12.43
64256.6418,76.48,49.44,12.55,12.42
64256.6737,76.48,49.45,12.55,12.42
64256.6978,76.49,49.46,12.54,12.42
64256.7294,76.49,49.48,12.55,12.42
64256.7613,76.49,49.48,12.55,12.42
64256.7931,76.49,49.49,12.55,12.42
64256.8251,76.49,49.50,12.55,12.43
64256.8567,76.49,49.51,12.56,12.43
64256.8971,76.50,49.55,12.56,12.43
64256.9292,76.51,49.57,12.56,12.43
64256.9609,76.52,49.58,12.57,12.43
64256.9928,76.52,49.59,12.57,12.43
64257.0246,76.53,49.62,12.57,12.43
64257.0639,76.54,49.66,12.58,12.44
64257.0953,76.55,49.68,12.59,12.44
64257.1270,76.55,49.71,12.60,12.44
64257.1588,76.55,49.74,12.61,12.44
64257.1822,76.55,49.76,12.61,12.45
64257.2136,76.54,49.73,12.61,12.45
64257.2452,76.54,49.72,12.61,12.46
64257.2774,76.54,49.72,12.60,12.46
64257.3092,76.54,49.70,12.60,12.46
64257.3414,76.53,49.61,12.57,12.44
64257.3816,76.51,49.49,12.54,12.42
64257.4134,76.50,49.41,12.52,12.40
64257.4448,76.50,49.39,12.51,12.39
64257.4917,76.50,49.38,12.51,12.38
64257.5312,76.48,49.37,12.52,12.38
64257.5631,76.47,49.43,12.56,12.39
64257.5949,76.45,49.47,12.58,12.39
64257.6263,76.43,49.56,12.62,12.41
64257.6579,76.43,49.70,12.68,12.41
64257.6817,76.43,49.89,12.74,12.41
64257.7132,76.40,50.05,12.83,12.46
64257.7446,76.23,50.17,13.01,12.62
64257.7763,75.96,50.23,13.26,12.68
64257.8084,75.57,50.14,13.54,12.78
64257.8479,75.17,50.80,14.42,13.10
64257.8798,74.81,51.65,15.41,13.28
64257.9113,74.46,53.04,16.78,13.69
64257.9431,74.09,54.84,18.48,14.19
64257.9746,73.70,56.93,20.56,14.91
64257.9983,73.31,58.78,22.65,15.39
64258.0301,72.91,60.48,24.78,15.84
64258.0620,72.44,62.19,27.22,16.32
64258.0936,71.96,63.76,29.73,16.74
64258.1250,71.41,65.36,32.62,17.19
64258.1490,70.81,66.71,35.44,17.57
64258.1807,70.14,67.84,38.17,17.76
64258.2126,69.31,68.87,41.06,18.11
64258.2445,68.30,69.68,43.93,18.58
64258.2763,67.19,70.30,46.59,18.84
64258.3081,65.84,70.74,49.18,19.11
64258.3474,64.22,71.02,51.70,19.38
64258.3795,62.49,71.19,53.98,19.46
64258.4109,60.43,71.24,56.21,19.70
64258.4353,58.28,71.23,58.22,19.77
64258.4656,55.84,71.17,60.19,19.97
64258.4990,53.11,71.07,62.10,20.17
64258.5311,50.33,70.96,63.83,20.32
64258.5630,47.50,70.83,65.42,20.33
64258.5945,44.36,70.68,66.99,20.37
64258.6263,40.95,70.50,68.54,20.51
64258.6584,37.58,70.32,69.96,20.54
64258.6822,34.11,70.14,71.35,20.62
64258.7138,30.81,69.98,72.62,20.63
64258.7457,27.55,69.85,73.86,20.65
64258.7776,24.49,69.73,74.99,20.63
64258.8093,21.51,69.61,76.08,20.61
64258.8416,18.73,69.50,77.09,20.57
64258.8810,16.22,69.42,78.00,20.50
64258.9120,14.02,69.34,78.78,20.40
64258.9438,12.10,69.28,79.47,20.28
64258.9760,10.46,69.23,80.06,20.15
64259.0077,9.09,69.20,80.55,20.01
64259.0473,7.93,69.18,80.97,19.85
64259.0793,6.95,69.15,81.33,19.70
64259.1115,6.11,69.12,81.63,19.54
64259.1435,5.38,69.09,81.90,19.40
64259.1752,4.70,69.06,82.14,19.26
64259.1985,4.11,69.04,82.36,19.14
64259.2300,3.56,69.03,82.57,19.01
64259.2620,3.04,69.04,82.79,18.89
64259.2933,2.55,69.05,83.01,18.77
64259.3255,2.04,69.08,83.27,18.67
64259.3572,1.52,69.13,83.53,18.57
64259.3970,1.05,69.18,83.78,18.48
64259.4278,0.60,69.25,84.01,18.40
64259.4597,0.18,69.34,84.23,18.32
64259.4913,-0.19,69.43,84.41,18.24
64259.5147,-0.52,69.53,84.58,18.17
64259.5467,-0.82,69.62,84.74,18.10
64259.5787,-1.13,69.71,84.90,18.04
64259.6096,-1.42,69.79,85.05,17.98
64259.6414,-1.74,69.88,85.22,17.93
64259.6652,-2.06,69.96,85.37,17.89
64259.6986,-2.37,70.05,85.52,17.86
64259.7299,-2.73,70.16,85.68,17.82
64259.7618,-3.13,70.26,85.86,17.79
64259.7937,-3.54,70.35,86.04,17.77
64259.8253,-4.01,70.42,86.24,17.75
64259.8649,-4.52,70.51,86.46,17.74
64259.8956,-5.07,70.61,86.68,17.74
64259.9134,-5.53,70.70,86.87,17.73
64259.9475,-6.05,70.80,87.08,17.72
64259.9791,-6.60,70.91,87.29,17.73
64260.0103,-7.12,71.00,87.49,17.73
64260.0485,-7.62,71.10,87.69,17.73
64260.0726,-8.10,71.20,87.88,17.72
64260.1120,-8.52,71.28,88.04,17.72
64260.1434,-8.89,71.36,88.20,17.71
64260.1751,-9.20,71.43,88.33,17.70
64260.1988,-9.48,71.50,88.45,17.69
64260.2304,-9.72,71.54,88.56,17.68
64260.2625,-9.93,71.58,88.66,17.67
64260.2941,-10.12,71.60,88.76,17.67
64260.3258,-10.30,71.60,88.85,17.66
64260.3577,-10.47,71.61,88.93,17.64
64260.3962,-10.64,71.63,89.01,17.63
64260.4280,-10.79,71.65,89.09,17.62
64260.4600,-10.92,71.67,89.16,17.61
64260.4914,-11.03,71.69,89.21,17.60
64260.5159,-11.11,71.71,89.26,17.59
64260.5475,-11.14,71.72,89.30,17.58
64260.5794,-11.17,71.73,89.33,17.56
64260.6113,-11.18,71.74,89.36,17.55
64260.6433,-11.17,71.75,89.39,17.53
64260.6753,-11.17,71.75,89.42,17.52
64260.7074,-11.17,71.75,89.44,17.51
64260.7316,-11.18,71.75,89.47,17.50
64260.7634,-11.20,71.74,89.49,17.49
64260.7952,-11.23,71.74,89.52,17.49
64260.8269,-11.24,71.74,89.54,17.48
64260.8584,-11.25,71.74,89.55,17.48
64260.8899,-11.24,71.74,89.57,17.47
64260.9139,-11.23,71.73,89.58,17.46
64260.9485,-11.20,71.73,89.58,17.45
64260.9802,-11.18,71.72,89.59,17.44
64261.0119,-11.16,71.71,89.60,17.43
64261.0484,-11.15,71.71,89.61,17.42
64261.0773,-11.14,71.71,89.62,17.42
64261.1094,-11.14,71.72,89.62,17.41
64261.1415,-11.12,71.72,89.62,17.41
64261.1654,-11.09,71.71,89.62,17.40
64261.1971,-11.04,71.71,89.62,17.39
64261.2292,-10.99,71.70,89.60,17.38
64261.2610,-10.94,71.70,89.60,17.37
64261.2930,-10.88,71.70,89.58,17.37
64261.3245,-10.79,71.70,89.57,17.36
64261.3644,-10.69,71.70,89.55,17.35
64261.3961,-10.58,71.70,89.53,17.34
64261.4279,-10.48,71.70,89.51,17.33
64261.4595,-10.36,71.70,89.49,17.32
64261.4910,-10.24,71.69,89.47,17.31
64261.5149,-10.09,71.69,89.45,17.29
64261.5461,-9.95,71.70,89.42,17.28
64261.5781,-9.77,71.71,89.39,17.26
64261.6096,-9.58,71.73,89.34,17.25
64261.6407,-9.33,71.75,89.28,17.24
64261.6643,-9.07,71.77,89.22,17.23
64261.6960,-8.80,71.79,89.15,17.21
64261.7277,-8.50,71.80,89.06,17.20
64261.7595,-8.16,71.81,88.97,17.18
64261.7915,-7.79,71.83,88.86,17.16
64261.8311,-7.38,71.85,88.75,17.13
64261.8628,-6.98,71.87,88.63,17.12
64261.8940,-6.49,71.90,88.49,17.08
64261.9182,-5.99,71.94,88.35,17.05
64261.9486,-5.47,71.98,88.21,17.03
64261.9803,-4.85,72.03,88.05,16.98
64262.0118,-4.13,72.08,87.87,16.93
64262.0458,-3.45,72.14,87.70,16.89
64262.0754,-2.79,72.18,87.53,16.86
64262.1074,-2.27,72.22,87.40,16.84
64262.1471,-1.98,72.24,87.34,16.82
64262.1789,-2.01,72.22,87.36,16.87
64262.2105,-2.22,72.19,87.43,16.89
64262.2422,-2.77,72.13,87.62,16.97
64262.2742,-3.64,72.06,87.93,17.12
64262.3139,-4.81,71.97,88.33,17.25
64262.3466,-6.00,71.87,88.75,17.33
64262.3787,-7.46,71.74,89.26,17.48
64262.4102,-9.14,71.57,89.82,17.64
64262.4415,-10.78,71.39,90.36,17.79
64262.4674,-12.65,71.16,90.93,17.96
64262.4978,-14.40,70.91,91.47,18.11
64262.5298,-16.07,70.66,91.98,18.20
64262.5617,-17.96,70.43,92.51,18.30
64262.5935,-19.92,70.22,93.11,18.46
64262.6251,-21.70,70.04,93.68,18.56
64262.6494,-23.32,69.89,94.22,18.65
64262.6802,-24.93,69.79,94.77,18.72
64262.7114,-26.44,69.74,95.29,18.77
64262.7433,-27.73,69.70,95.74,18.80
64262.7748,-28.82,69.67,96.13,18.80
64262.8146,-29.67,69.62,96.46,18.78
64262.8463,-30.36,69.58,96.72,18.76
64262.8781,-30.85,69.54,96.92,18.71
64262.9098,-31.19,69.49,97.07,18.65
64262.9416,-31.42,69.42,97.20,18.59
64262.9654,-31.58,69.34,97.30,18.52
64262.9973,-31.71,69.27,97.38,18.46
64263.0287,-31.87,69.23,97.46,18.40
64263.0603,-32.08,69.23,97.53,18.35
64263.0914,-32.29,69.24,97.60,18.31
64263.1313,-32.46,69.24,97.66,18.26
64263.1632,-32.59,69.24,97.71,18.23
64263.1946,-32.66,69.24,97.73,18.19
64263.2265,-32.62,69.25,97.71,18.15
64263.2654,-32.55,69.27,97.67,18.13
64263.2898,-32.33,69.32,97.57,18.06
64263.3303,-31.96,69.44,97.39,17.96
64263.3623,-31.52,69.58,97.17,17.85
64263.3940,-30.89,69.80,96.88,17.69
64263.4254,-30.08,70.11,96.49,17.50
64263.4490,-29.21,70.45,96.08,17.31
64263.4805,-28.30,70.81,95.64,17.13
64263.5153,-27.17,71.25,95.10,16.92
64263.5469,-25.87,71.77,94.47,16.69
64263.5788,-24.57,72.27,93.85,16.50
64263.6104,-23.15,72.82,93.20,16.31
64263.6445,-21.62,73.42,92.52,16.12
64263.6652,-20.11,73.99,91.87,15.97
64263.6963,-18.59,74.53,91.25,15.85
64263.7284,-16.96,75.05,90.65,15.76
64263.7603,-15.34,75.53,90.10,15.70
64263.7924,-13.73,75.95,89.60,15.66
64263.8243,-12.22,76.32,89.17,15.66
64263.8637,-10.81,76.62,88.78,15.69
64263.8955,-9.46,76.87,88.44,15.73
64263.9275,-8.26,77.08,88.15,15.80
64263.9591,-7.12,77.27,87.88,15.86
64263.9909,-6.00,77.46,87.63,15.92
64264.0074,-5.02,77.61,87.41,16.00
64264.0485,-4.07,77.73,87.21,16.07
64264.0797,-3.16,77.82,87.02,16.15
64264.1115,-2.27,77.90,86.84,16.22
64264.1422,-1.45,77.96,86.67,16.28
64264.1668,-0.69,78.02,86.52,16.35
64264.1974,0.04,78.07,86.38,16.42
64264.2292,0.81,78.11,86.22,16.47
64264.2612,1.58,78.13,86.07,16.52
64264.2928,2.36,78.14,85.91,16.56
64264.3245,3.10,78.14,85.77,16.60
64264.3651,3.90,78.14,85.60,16.63
64264.3967,4.61,78.13,85.45,16.66
64264.4277,5.24,78.13,85.32,16.68
64264.4601,5.76,78.12,85.21,16.72
64264.4918,6.20,78.12,85.12,16.75
64264.5319,6.57,78.12,85.04,16.78
64264.5630,6.87,78.12,84.97,16.81
64264.5944,7.12,78.12,84.92,16.83
64264.6189,7.30,78.13,84.88,16.86
64264.6486,7.44,78.13,84.85,16.89
64264.6801,7.55,78.13,84.82,16.92
64264.7117,7.64,78.14,84.80,16.94
64264.7433,7.73,78.15,84.78,16.96
64264.7750,7.86,78.16,84.74,16.98
64264.8145,7.99,78.16,84.72,16.99
64264.8460,8.12,78.14,84.69,17.01
64264.8781,8.25,78.12,84.66,17.01
64264.9092,8.44,78.10,84.62,17.02
64264.9408,8.64,78.09,84.58,17.02
64264.9646,8.81,78.07,84.54,17.02
64264.9961,8.94,78.06,84.50,17.02
64265.0283,9.03,78.05,84.48,17.03
64265.0603,9.08,78.04,84.46,17.03
64265.0917,9.09,78.03,84.46,17.04
64265.1308,9.06,78.02,84.45,17.05
64265.1625,9.03,78.01,84.45,17.05
64265.1944,8.97,78.00,84.46,17.05
64265.2259,8.90,77.99,84.47,17.06
64265.2645,8.85,77.97,84.47,17.07
64265.2962,8.80,77.96,84.48,17.07
64265.3280,8.75,77.95,84.48,17.07
64265.3596,8.71,77.94,84.49,17.07
64265.3912,8.69,77.93,84.49,17.07
64265.4150,8.68,77.92,84.49,17.06
64265.4469,8.68,77.91,84.49,17.06
64265.4787,8.66,77.90,84.49,17.06
64265.5105,8.65,77.89,84.49,17.05
64265.5487,8.63,77.88,84.49,17.05
64265.5804,8.61,77.86,84.50,17.05
64265.6120,8.57,77.85,84.51,17.04
64265.6369,8.52,77.85,84.51,17.04
64265.6810,8.46,77.84,84.52,17.04
64265.7128,8.39,77.83,84.54,17.04
64265.7449,8.34,77.82,84.54,17.03
64265.7767,8.31,77.81,84.55,17.03
64265.8088,8.30,77.81,84.55,17.03
64265.8406,8.28,77.80,84.56,17.02
64265.8805,8.27,77.79,84.56,17.01
64265.9122,8.27,77.78,84.56,17.01
64265.9440,8.27,77.78,84.55,17.00
64265.9759,8.26,77.78,84.55,17.00
64266.0082,8.25,77.77,84.55,16.99
64266.0481,8.23,77.78,84.55,16.99
64266.0796,8.22,77.78,84.55,16.98
64266.1110,8.20,77.78,84.55,16.98
64266.1430,8.18,77.79,84.55,16.98
64266.1745,8.15,77.79,84.55,16.97
64266.1983,8.13,77.79,84.55,16.97
64266.2301,8.12,77.79,84.55,16.97
64266.2618,8.11,77.80,84.55,16.97
64266.2933,8.10,77.80,84.54,16.96
64266.3252,8.09,77.79,84.54,16.96
64266.3644,8.08,77.79,84.55,16.96
64266.3962,8.07,77.79,84.54,16.95
64266.4273,8.10,77.79,84.54,16.95
64266.4589,8.12,77.79,84.53,16.94
64266.4903,8.15,77.79,84.53,16.94
64266.5141,8.17,77.79,84.52,16.94
64266.5406,8.15,77.79,84.52,16.94
64266.5807,8.13,77.79,84.52,16.94
64266.6128,8.11,77.79,84.52,16.94
64266.6367,8.09,77.79,84.53,16.94
64266.6772,8.09,77.79,84.52,16.94
64266.7094,8.11,77.80,84.52,16.94
64266.7412,8.13,77.81,84.52,16.93
64266.7653,8.10,77.81,84.53,16.94
64266.7964,8.06,77.81,84.54,16.93
64266.8282,8.03,77.81,84.55,16.93
64266.8601,8.03,77.80,84.56,16.93
64266.8921,8.03,77.80,84.57,16.92
64266.9157,8.04,77.79,84.58,16.91
64266.9472,8.02,77.78,84.59,16.91
64266.9795,7.99,77.76,84.60,16.91
64267.0105,7.91,77.75,84.62,16.91
64267.0424,7.78,77.74,84.65,16.91
64267.0812,7.62,77.73,84.68,16.92
64267.1126,7.46,77.72,84.71,16.92
64267.1440,7.32,77.72,84.74,16.92
64267.1752,7.19,77.72,84.77,16.92
64267.1989,7.08,77.71,84.79,16.92
64267.2306,7.00,77.70,84.80,16.92
64267.2623,6.94,77.70,84.82,16.92
64267.2947,6.90,77.69,84.83,16.92
64267.3263,6.89,77.70,84.83,16.91
64267.3578,6.88,77.71,84.83,16.90
64267.3980,6.88,77.72,84.83,16.90
64267.4294,6.88,77.74,84.83,16.89
64267.4614,6.89,77.75,84.83,16.89
64267.4932,6.92,77.76,84.83,16.89
64267.5251,6.96,77.76,84.82,16.88
64267.5652,7.02,77.76,84.81,16.88
64267.5971,7.08,77.76,84.80,16.88
64267.6285,7.14,77.76,84.78,16.87
64267.6491,7.20,77.76,84.77,16.87
64267.6932,7.26,77.76,84.76,16.87
64267.7248,7.30,77.76,84.75,16.87
64267.7487,7.31,77.77,84.75,16.87
64267.7804,7.30,77.77,84.75,16.87
64267.8122,7.28,77.77,84.76,16.87
64267.8441,7.25,77.77,84.76,16.88
64267.8755,7.24,77.77,84.76,16.88
64267.8991,7.22,77.76,84.77,16.88
64267.9306,7.22,77.76,84.77,16.88
64267.9623,7.27,77.76,84.76,16.88
64267.9938,7.33,77.75,84.75,16.88
64268.0251,7.41,77.73,84.74,16.87
64268.0570,7.50,77.72,84.73,16.87
64268.0961,7.59,77.69,84.71,16.86
64268.1276,7.67,77.67,84.70,16.86
64268.1594,7.73,77.65,84.69,16.86
64268.1908,7.76,77.64,84.69,16.85
64268.2147,7.79,77.63,84.69,16.85
64268.2453,7.81,77.63,84.68,16.85
64268.2769,7.85,77.62,84.68,16.85
64268.3088,7.92,77.61,84.66,16.84
64268.3403,8.05,77.61,84.62,16.83
64268.3804,8.22,77.58,84.57,16.83
64268.4120,8.38,77.55,84.51,16.82
64268.4432,8.57,77.50,84.44,16.81
64268.4748,8.76,77.47,84.37,16.80
64268.4987,8.98,77.44,84.30,16.79
64268.5303,9.17,77.43,84.24,16.78
64268.5622,9.36,77.43,84.18,16.77
64268.5938,9.52,77.42,84.13,16.76
64268.6173,9.65,77.42,84.08,16.75
64268.6649,9.83,77.44,84.03,16.75
64268.6963,10.01,77.47,83.98,16.75
64268.7280,10.19,77.50,83.93,16.75
64268.7598,10.36,77.54,83.89,16.74
64268.7921,10.49,77.55,83.85,16.75
64268.8312,10.66,77.55,83.81,16.74
64268.8630,10.90,77.56,83.74,16.73
64268.8944,11.18,77.58,83.67,16.74
64268.9262,11.60,77.62,83.57,16.72
64268.9581,12.10,77.67,83.45,16.71
64268.9821,12.89,77.72,83.27,16.67
64269.0133,13.83,77.78,83.05,16.65
64269.0447,15.34,77.86,82.71,16.56
64269.0768,17.37,77.98,82.26,16.38
64269.1086,19.50,78.09,81.79,16.26
64269.1325,21.71,78.21,81.30,16.19
64269.1793,24.40,78.33,80.69,16.09
64269.2108,27.55,78.46,79.98,15.90
64269.2483,31.15,78.60,79.14,15.68
64269.2801,34.59,78.74,78.34,15.55
64269.3123,38.39,78.89,77.53,15.30
64269.3442,42.46,79.05,76.69,15.02
64269.3753,46.63,79.23,75.79,14.70
64269.4011,50.32,79.39,74.94,14.41
64269.4317,53.57,79.55,74.12,14.15
64269.4634,56.44,79.68,73.32,13.91
64269.4953,59.20,79.79,72.44,13.63
64269.5263,61.76,79.87,71.50,13.35
64269.5582,63.91,79.95,70.60,13.17
64269.5900,65.88,80.01,69.64,12.91
64269.6301,67.65,80.04,68.61,12.65
64269.6618,69.29,80.10,67.51,12.39
64269.6937,70.69,80.17,66.46,12.18
64269.7183,72.02,80.26,65.35,11.96
64269.7423,73.16,80.35,64.30,11.79
64269.7740,74.16,80.45,63.30,11.65
64269.8137,75.08,80.54,62.25,11.52
64269.8454,75.87,80.59,61.17,11.40
64269.8775,76.53,80.62,60.15,11.36
64269.9098,77.13,80.64,59.11,11.29
64269.9417,77.68,80.68,58.07,11.24
64269.9735,78.16,80.72,57.15,11.24
64269.9979,78.58,80.80,56.38,11.28
64270.0301,78.94,80.87,55.71,11.35
64270.0620,79.19,80.91,55.16,11.47
64270.0941,79.39,80.93,54.71,11.62
64270.1257,79.61,80.99,54.24,11.74
64270.1572,79.81,80.97,53.61,11.79
64270.1813,79.98,80.92,52.94,11.83
64270.2125,80.10,80.79,52.13,11.83
64270.2444,80.13,80.57,51.34,11.83
64270.2761,80.11,80.31,50.57,11.89
64270.3070,80.22,80.16,49.74,11.86
64270.3465,80.32,80.01,48.94,11.84
64270.3777,80.45,79.90,48.18,11.82
64270.4091,80.65,79.90,47.47,11.82
64270.4401,80.71,79.77,46.90,11.86
64270.4641,80.71,79.61,46.41,11.90
64270.4959,80.79,79.52,45.88,11.93
64270.5277,81.02,79.58,45.20,11.90
64270.5590,81.20,79.56,44.45,11.88
64270.5879,81.35,79.52,43.73,11.87
64270.6304,81.47,79.47,43.07,11.87
64270.6621,81.47,79.29,42.47,11.88
64270.6867,81.41,79.04,41.96,11.92
64270.7106,81.29,78.74,41.52,11.96
64270.7424,81.14,78.38,41.06,12.02
64270.7743,80.94,77.92,40.51,12.05
64270.8135,80.73,77.42,39.91,12.05
64270.8459,80.56,76.99,39.35,12.05
64270.8775,80.42,76.62,38.86,12.06
64270.9095,80.32,76.32,38.45,12.08
64270.9417,80.20,75.99,38.06,12.09
64270.9664,80.08,75.69,37.73,12.11
64270.9978,79.99,75.44,37.45,12.14
64271.0298,79.92,75.25,37.22,12.20
64271.0615,79.86,75.09,37.03,12.25
64271.0931,79.82,74.96,36.86,12.31
64271.1177,79.78,74.84,36.71,12.36
64271.1641,79.75,74.74,36.59,12.42
64271.1963,79.74,74.67,36.45,12.47
64271.2297,79.74,74.62,36.32,12.51
64271.2610,79.77,74.59,36.19,12.56
64271.2925,79.85,74.66,36.00,12.58
64271.3243,79.95,74.74,35.83,12.60
64271.3643,80.06,74.85,35.64,12.61
64271.3957,80.17,74.96,35.45,12.64
64271.4280,80.29,75.08,35.27,12.65
64271.4599,80.41,75.21,35.10,12.66
64271.4846,80.52,75.33,34.94,12.68
64271.5149,80.63,75.44,34.79,12.68
64271.5476,80.72,75.53,34.65,12.70
64271.5796,80.76,75.55,34.50,12.71
64271.6036,80.77,75.51,34.36,12.73
64271.6476,80.72,75.36,34.20,12.74
64271.6803,80.58,75.05,33.95,12.73
64271.7255,80.39,74.63,33.68,12.70
64271.7483,80.20,74.21,33.42,12.68
64271.7817,80.02,73.81,33.14,12.65
64271.8138,79.88,73.44,32.85,12.60
64271.8454,79.76,73.11,32.58,12.57
64271.8771,79.65,72.81,32.32,12.54
64271.9089,79.57,72.55,32.07,12.52
64271.9412,79.47,72.26,31.82,12.51
64271.9649,79.38,71.99,31.61,12.50
64271.9967,79.28,71.72,31.43,12.50
64272.0282,79.19,71.50,31.27,12.50
64272.0600,79.14,71.34,31.15,12.51
64272.0922,79.09,71.21,31.04,12.52
64272.1237,79.06,71.10,30.94,12.54
64272.1635,79.02,70.99,30.85,12.55
64272.1955,78.98,70.87,30.78,12.56
64272.2280,78.94,70.75,30.71,12.58
64272.2597,78.91,70.67,30.64,12.59
64272.2910,78.90,70.60,30.57,12.59
64272.3308,78.89,70.55,30.52,12.61
64272.3623,78.89,70.52,30.46,12.62
64272.3939,78.87,70.46,30.42,12.63
64272.4246,78.86,70.42,30.37,12.65
64272.4482,78.85,70.38,30.33,12.66
64272.4797,78.86,70.36,30.29,12.67
64272.5113,78.86,70.35,30.25,12.68
64272.5427,78.86,70.34,30.23,12.70
64272.5745,78.86,70.32,30.20,12.71
64272.6150,78.84,70.25,30.13,12.70
64272.6467,78.82,70.18,30.06,12.71
64272.6786,78.81,70.12,29.99,12.71
64272.7106,78.80,70.07,29.92,12.71
64272.7426,78.80,70.05,29.86,12.72
64272.7744,78.81,70.03,29.81,12.72
64272.8141,78.80,70.02,29.78,12.74
64272.8458,78.80,70.01,29.75,12.74
64272.8775,78.80,70.00,29.73,12.74
64272.9084,78.80,70.00,29.70,12.75
64272.9399,78.81,70.01,29.69,12.75
64272.9642,78.82,70.04,29.68,12.75
64272.9962,78.82,70.05,29.67,12.76
64273.0274,78.81,70.03,29.66,12.76
64273.0596,78.79,69.98,29.63,12.76
64273.0914,78.76,69.92,29.61,12.76
64273.1316,78.73,69.84,29.58,12.76
64273.1629,78.69,69.76,29.54,12.75
64273.1949,78.67,69.69,29.50,12.75
64273.2265,78.65,69.64,29.46,12.74
64273.2579,78.65,69.62,29.42,12.73
64273.2976,78.65,69.59,29.36,12.72
64273.3296,78.65,69.56,29.30,12.71
64273.3614,78.64,69.49,29.23,12.70
64273.3929,78.62,69.43,29.17,12.70
64273.4249,78.61,69.36,29.10,12.69
64273.4488,78.60,69.30,29.04,12.68
64273.4803,78.60,69.27,28.98,12.68
64273.5125,78.61,69.27,28.93,12.68
64273.5439,78.65,69.31,28.89,12.68
64273.5752,78.73,69.40,28.81,12.66
64273.6074,78.85,69.57,28.71,12.66
64273.6470,79.01,69.84,28.61,12.65
64273.6789,79.11,70.03,28.59,12.69
64273.7107,79.13,70.03,28.51,12.67
64273.7426,79.14,69.99,28.42,12.65
64273.7744,79.12,69.91,28.33,12.63
64273.8143,78.92,69.54,28.39,12.65
64273.8459,78.74,69.21,28.44,12.66
64273.8779,78.67,69.07,28.44,12.63
64273.9092,78.61,68.96,28.43,12.52
64273.9406,78.59,68.91,28.42,12.42
64273.9646,78.59,68.92,28.39,12.35
64273.9967,78.60,68.88,28.31,12.27
64274.0281,78.59,68.80,28.20,12.21
64274.0596,78.63,68.81,28.09,12.16
64274.0915,78.67,68.85,28.00,12.13
64274.1310,78.76,68.97,27.89,12.10
64274.1624,78.87,69.12,27.76,12.09
64274.1941,78.96,69.22,27.62,12.07
64274.2258,79.00,69.26,27.54,12.07
64274.2572,79.06,69.32,27.46,12.07
64274.2971,79.13,69.41,27.37,12.06
64274.3293,79.19,69.47,27.29,12.06
64274.3609,79.24,69.52,27.24,12.06
64274.3923,79.25,69.53,27.21,12.07
64274.4244,79.27,69.55,27.19,12.09
64274.4483,79.30,69.60,27.17,12.10
64274.4803,79.34,69.64,27.14,12.10
64274.5118,79.40,69.72,27.07,12.09
64274.5443,79.47,69.82,26.99,12.08
64274.5757,79.55,69.91,26.86,12.07
64274.6075,79.60,69.98,26.75,12.05
64274.6477,79.62,70.00,26.69,12.05
64274.6952,79.61,69.95,26.64,12.05
64274.7269,79.58,69.91,26.62,12.06
64274.7588,79.57,69.91,26.62,12.08
64274.7906,79.58,69.93,26.59,12.11
64274.8301,79.59,69.95,26.58,12.13
64274.8616,79.59,69.96,26.58,12.16
64274.8936,79.57,69.93,26.57,12.18
64274.9255,79.55,69.88,26.55,12.21
64274.9575,79.52,69.80,26.52,12.23
64274.9806,79.48,69.72,26.49,12.24
64275.0119,79.44,69.64,26.48,12.28
64275.0439,79.40,69.56,26.47,12.30
64275.0755,79.39,69.55,26.48,12.33
64275.1146,79.38,69.53,26.47,12.36
64275.1462,79.36,69.51,26.47,12.37
64275.1780,79.35,69.49,26.48,12.38
64275.2097,79.34,69.48,26.49,12.39
64275.2415,79.34,69.48,26.49,12.39
64275.2653,79.34,69.48,26.49,12.40
64275.2966,79.35,69.52,26.50,12.40
64275.3283,79.37,69.56,26.52,12.40
64275.3609,79.37,69.57,26.52,12.40
64275.3926,79.35,69.53,26.51,12.39
64275.4243,79.36,69.54,26.51,12.37
64275.4478,79.35,69.51,26.51,12.36
64275.4800,79.35,69.49,26.51,12.35
64275.5113,79.33,69.46,26.52,12.35
64275.5429,79.32,69.42,26.52,12.34
64275.5754,79.30,69.37,26.51,12.33
64275.6146,79.29,69.34,26.51,12.32
64275.6458,79.28,69.31,26.50,12.31
64275.6775,79.28,69.29,26.50,12.31
64275.7084,79.28,69.30,26.50,12.30
64275.7320,79.29,69.30,26.50,12.30
64275.7633,79.31,69.33,26.51,12.30
64275.7946,79.31,69.34,26.51,12.30
64275.8255,79.31,69.34,26.52,12.30
64275.8572,79.30,69.30,26.51,12.29
64275.8965,79.28,69.27,26.51,12.28
64275.9286,79.28,69.24,26.50,12.28
64275.9606,79.28,69.23,26.49,12.27
64275.9922,79.26,69.20,26.50,12.27
64276.0241,79.25,69.17,26.51,12.27
64276.0639,79.25,69.18,26.53,12.28
64276.0953,79.24,69.17,26.54,12.28
64276.1267,79.22,69.16,26.55,12.29
64276.1584,79.21,69.13,26.56,12.29
64276.1905,79.19,69.12,26.56,12.30
64276.2139,79.18,69.10,26.56,12.30
64276.2463,79.16,69.08,26.56,12.30
64276.2779,79.15,69.06,26.56,12.30
64276.3098,79.15,69.05,26.56,12.29
64276.3413,79.15,69.05,26.56,12.29
64276.3810,79.14,69.04,26.56,12.29
64276.4125,79.13,69.03,26.56,12.29
64276.4439,79.13,69.01,26.55,12.28
64276.4756,79.12,69.00,26.55,12.28
64276.4915,79.12,69.00,26.55,12.28
64276.5309,79.10,68.98,26.55,12.28
64276.5628,79.09,68.95,26.56,12.27
64276.5948,79.07,68.92,26.56,12.27
64276.6265,79.05,68.88,26.56,12.27
64276.6583,79.03,68.85,26.56,12.27
64276.6821,79.02,68.81,26.55,12.27
64276.7136,79.01,68.80,26.54,12.27
64276.7457,79.01,68.79,26.53,12.27
64276.7771,79.02,68.79,26.52,12.26
64276.8087,79.02,68.79,26.52,12.26
64276.8399,79.02,68.79,26.52,12.26
64276.8803,79.02,68.78,26.52,12.26
64276.9120,79.01,68.76,26.52,12.26
64276.9429,78.99,68.74,26.53,12.27
64276.9749,78.97,68.71,26.53,12.27
64276.9987,78.96,68.69,26.53,12.28
64277.0299,78.93,68.64,26.53,12.29
64277.0609,78.91,68.61,26.53,12.29
64277.0925,78.90,68.58,26.54,12.30
64277.1241,78.89,68.56,26.53,12.29
64277.1486,78.88,68.55,26.52,12.29
64277.1802,78.89,68.54,26.51,12.29
64277.2128,78.89,68.53,26.50,12.29
64277.2444,78.88,68.52,26.49,12.29
64277.2757,78.88,68.51,26.48,12.28
64277.3079,78.88,68.49,26.48,12.28
64277.3474,78.87,68.47,26.47,12.28
64277.3793,78.85,68.45,26.47,12.28
64277.4111,78.86,68.46,26.47,12.28
64277.4424,78.86,68.47,26.46,12.28
64277.4732,78.87,68.48,26.46,12.28
64277.4977,78.88,68.49,26.45,12.27
64277.5291,78.88,68.50,26.45,12.27
64277.5607,78.88,68.50,26.45,12.27
64277.5924,78.88,68.49,26.45,12.27
64277.6237,78.88,68.49,26.44,12.27
64277.6630,78.88,68.48,26.44,12.27
64277.6950,78.87,68.47,26.44,12.27
64277.7268,78.86,68.46,26.44,12.27
64277.7586,78.86,68.45,26.44,12.27
64277.7905,78.85,68.43,26.43,12.26
64277.8305,78.84,68.41,26.43,12.26
64277.8622,78.83,68.38,26.43,12.26
64277.8941,78.81,68.36,26.43,12.26
64277.9260,78.80,68.34,26.43,12.25
64277.9576,78.79,68.32,26.43,12.25
64277.9822,78.78,68.31,26.43,12.25
64278.0134,78.77,68.28,26.43,12.25
64278.0449,78.76,68.27,26.43,12.25
64278.0768,78.75,68.24,26.43,12.25
64278.1084,78.74,68.22,26.43,12.24
64278.1479,78.73,68.19,26.44,12.24
64278.1797,78.71,68.17,26.44,12.25
64278.2114,78.70,68.15,26.44,12.25
64278.2429,78.70,68.14,26.43,12.24
64278.2747,78.70,68.12,26.42,12.23
64278.3141,78.68,68.07,26.42,12.22
64278.3458,78.66,68.00,26.42,12.21
64278.3777,78.62,67.92,26.43,12.21
64278.4094,78.62,67.92,26.44,12.21
64278.4418,78.60,67.88,26.44,12.21
64278.4654,78.59,67.87,26.45,12.21
64278.4970,78.58,67.86,26.46,12.21
64278.5279,78.57,67.83,26.46,12.21
64278.5596,78.58,67.84,26.48,12.21
64278.5917,78.58,67.82,26.47,12.20
64278.6312,78.58,67.80,26.46,12.19
64278.6630,78.58,67.80,26.46,12.19
64278.6944,78.59,67.80,26.45,12.18
64278.7259,78.58,67.79,26.45,12.18
64278.7571,78.58,67.77,26.44,12.17
64278.7809,78.57,67.75,26.44,12.17
64278.8129,78.57,67.74,26.44,12.17
64278.8447,78.56,67.73,26.44,12.17
64278.8765,78.56,67.73,26.44,12.17
64278.9077,78.56,67.71,26.43,12.16
64278.9317,78.56,67.70,26.43,12.16
64278.9632,78.55,67.68,26.43,12.16
64278.9941,78.55,67.68,26.42,12.16
64279.0260,78.55,67.67,26.42,12.16
64279.0579,78.55,67.67,26.42,12.15
64279.0976,78.55,67.67,26.42,12.15
64279.1295,78.55,67.67,26.43,12.16
64279.1611,78.54,67.66,26.43,12.16
64279.1930,78.53,67.65,26.43,12.16
64279.2241,78.53,67.65,26.43,12.16
64279.2475,78.53,67.65,26.43,12.16
64279.2792,78.53,67.65,26.43,12.16
64279.3106,78.52,67.62,26.42,12.16
64279.3424,78.51,67.60,26.43,12.16
64279.3746,78.50,67.58,26.43,12.16
64279.3983,78.49,67.57,26.43,12.16
64279.4305,78.49,67.57,26.43,12.16
64279.4626,78.50,67.58,26.43,12.17
64279.4937,78.50,67.59,26.43,12.16
64279.5258,78.51,67.61,26.43,12.16
64279.5574,78.52,67.62,26.43,12.16
64279.5967,78.52,67.62,26.44,12.16
64279.6285,78.53,67.63,26.44,12.16
64279.6600,78.53,67.62,26.44,12.16
64279.6919,78.52,67.61,26.44,12.15
64279.7241,78.52,67.60,26.45,12.16
64279.7477,78.51,67.59,26.45,12.15
64279.7796,78.50,67.57,26.45,12.15
64279.8111,78.50,67.55,26.45,12.16
64279.8423,78.49,67.54,26.45,12.16
64279.8741,78.49,67.54,26.45,12.16
64279.8985,78.50,67.54,26.45,12.16
64279.9304,78.50,67.55,26.45,12.16
64279.9621,78.50,67.55,26.45,12.16
64279.9940,78.50,67.55,26.45,12.16
64280.0260,78.50,67.55,26.46,12.16
64280.0573,78.50,67.56,26.46,12.16
64280.0968,78.51,67.56,26.46,12.16
64280.1288,78.50,67.55,26.46,12.16
64280.1603,78.50,67.55,26.46,12.16
64280.1920,78.50,67.55,26.47,12.16
64280.2238,78.49,67.54,26.47,12.16
64280.2478,78.49,67.53,26.47,12.16
64280.2797,78.48,67.52,26.48,12.17
64280.3114,78.47,67.51,26.48,12.17
64280.3426,78.47,67.51,26.49,12.17
64280.3744,78.46,67.50,26.49,12.17
64280.3984,78.46,67.50,26.50,12.17
64280.4303,78.46,67.49,26.51,12.17
64280.4620,78.45,67.48,26.51,12.17
64280.4930,78.44,67.46,26.51,12.17
64280.5249,78.42,67.44,26.52,12.17
64280.5641,78.41,67.42,26.52,12.17
64280.5956,78.42,67.43,26.53,12.17
64280.6270,78.42,67.43,26.53,12.17
64280.6586,78.43,67.44,26.53,12.17
64280.6902,78.43,67.44,26.53,12.16
64280.7146,78.43,67.42,26.53,12.16
64280.7452,78.42,67.39,26.53,12.15
64280.7769,78.40,67.35,26.53,12.15
64280.8084,78.38,67.33,26.53,12.15
64280.8403,78.37,67.31,26.53,12.16
64280.8801,78.35,67.28,26.53,12.16
64280.9116,78.35,67.26,26.54,12.15
64280.9436,78.34,67.24,26.53,12.15
64280.9753,78.34,67.22,26.52,12.15
64281.0070,78.33,67.20,26.52,12.14
64281.0311,78.32,67.18,26.52,12.14
64281.0624,78.32,67.18,26.52,12.14
64281.0940,78.33,67.19,26.51,12.14
64281.1253,78.32,67.17,26.51,12.13
64281.1571,78.31,67.13,26.51,12.13
64281.1805,78.29,67.09,26.51,12.13
64281.2122,78.26,67.04,26.51,12.12
64281.2438,78.24,66.99,26.51,12.12
64281.2758,78.21,66.94,26.52,12.11
64281.3074,78.19,66.90,26.52,12.11
64281.3469,78.19,66.89,26.52,12.11
64281.3787,78.18,66.88,26.52,12.11
64281.4105,78.18,66.87,26.52,12.10
64281.4423,78.16,66.84,26.53,12.10
64281.4739,78.15,66.81,26.53,12.10
64281.4975,78.15,66.80,26.52,12.09
64281.5295,78.15,66.80,26.52,12.09
64281.5612,78.14,66.78,26.53,12.09
64281.5930,78.13,66.76,26.53,12.09
64281.6247,78.12,66.75,26.53,12.09
64281.6487,78.12,66.74,26.53,12.08
64281.6804,78.14,66.77,26.52,12.08
64281.7117,78.15,66.78,26.52,12.07
64281.7434,78.14,66.76,26.52,12.07
64281.7751,78.14,66.75,26.52,12.07
64281.8071,78.12,66.71,26.52,12.07
64281.8465,78.10,66.65,26.52,12.06
64281.8780,78.08,66.61,26.52,12.06
64281.9098,78.06,66.55,26.51,12.05
64281.9417,78.03,66.47,26.51,12.04
64281.9654,78.02,66.43,26.50,12.04
64281.9967,78.00,66.39,26.50,12.03
64282.0286,77.99,66.34,26.49,12.02
64282.0602,77.99,66.33,26.50,12.02
64282.0919,77.99,66.32,26.49,12.01
64282.1236,78.00,66.32,26.49,11.99
64282.1481,78.01,66.33,26.48,11.97
64282.1798,78.02,66.31,26.46,11.94
64282.2115,78.02,66.28,26.45,11.92
64282.2437,77.99,66.19,26.44,11.91
64282.2755,77.92,66.04,26.45,11.89
64282.3077,77.84,65.88,26.47,11.88
64282.3474,77.76,65.71,26.49,11.88
64282.3792,77.68,65.57,26.52,11.89
64282.4105,77.60,65.44,26.54,11.89
64282.4424,77.52,65.28,26.57,11.89
64282.4743,77.42,65.09,26.61,11.88
64282.4983,77.34,64.93,26.65,11.88
64282.5303,77.27,64.80,26.67,11.87
64282.5615,77.23,64.71,26.68,11.86
64282.5929,77.19,64.63,26.69,11.85
64282.6253,77.17,64.59,26.70,11.85
64282.6570,77.16,64.59,26.72,11.86
64282.6810,77.15,64.59,26.74,11.86
64282.7127,77.13,64.56,26.74,11.86
64282.7446,77.11,64.54,26.75,11.86
64282.7767,77.10,64.54,26.76,11.87
64282.8086,77.09,64.54,26.76,11.88
64282.8407,77.07,64.52,26.77,11.88
64282.8804,77.06,64.51,26.77,11.89
64282.9118,77.06,64.52,26.76,11.90
64282.9434,77.04,64.51,26.76,11.90
64282.9748,77.02,64.48,26.75,11.91
64282.9983,77.01,64.45,26.75,11.91
64283.0303,76.99,64.42,26.74,11.91
64283.0622,76.98,64.39,26.72,11.91
64283.0940,76.96,64.37,26.71,11.91
64283.1260,76.96,64.36,26.70,11.91
64283.1581,76.95,64.35,26.69,11.91
64283.1819,76.95,64.35,26.68,11.92
64283.2137,76.95,64.35,26.68,11.92
64283.2451,76.95,64.36,26.67,11.92
64283.2761,76.95,64.35,26.67,11.93
64283.3080,76.94,64.33,26.67,11.93
64283.3475,76.93,64.31,26.66,11.93
64283.3790,76.93,64.30,26.65,11.93
64283.4109,76.93,64.30,26.65,11.93
64283.4426,76.93,64.29,26.64,11.92
64283.4749,76.93,64.29,26.64,11.92
64283.4987,76.94,64.29,26.64,11.92
64283.5302,76.94,64.29,26.63,11.92
64283.5621,76.94,64.29,26.63,11.92
64283.5939,76.94,64.29,26.63,11.92
64283.6257,76.94,64.28,26.63,11.92
64283.6575,76.95,64.28,26.63,11.92
64283.6818,76.95,64.29,26.63,11.92
64283.7131,76.96,64.29,26.63,11.92
64283.7450,76.96,64.30,26.64,11.92
64283.7767,76.96,64.30,26.64,11.92
64283.8084,76.97,64.30,26.64,11.92
64283.8475,76.97,64.31,26.65,11.92
64283.8794,76.98,64.32,26.65,11.92
64283.9111,77.00,64.35,26.65,11.92
64283.9433,77.01,64.38,26.66,11.92
64283.9743,77.03,64.43,26.66,11.92
64283.9982,77.06,64.47,26.67,11.91
64284.0303,77.08,64.53,26.68,11.91
64284.0620,77.10,64.57,26.69,11.91
64284.0937,77.10,64.59,26.70,11.92
64284.1259,77.10,64.61,26.71,11.92
64284.1577,77.11,64.63,26.72,11.92
64284.1814,77.11,64.64,26.73,11.92
64284.2128,77.11,64.65,26.74,11.93
64284.2446,77.10,64.65,26.74,11.93
64284.2763,77.10,64.66,26.75,11.94
64284.3084,77.10,64.67,26.76,11.95
64284.3476,77.10,64.67,26.76,11.95
64284.3797,77.11,64.68,26.75,11.94
64284.4113,77.11,64.68,26.75,11.94
64284.4427,77.12,64.69,26.75,11.93
64284.4744,77.13,64.71,26.76,11.93
64284.4984,77.13,64.71,26.75,11.93
64284.5302,77.14,64.75,26.76,11.94
64284.5619,77.15,64.79,26.77,11.95
64284.5934,77.14,64.80,26.79,11.96
64284.6249,77.13,64.77,26.79,11.96
64284.6486,77.10,64.71,26.79,11.96
64284.6798,77.06,64.63,26.78,11.96
64284.7118,77.05,64.60,26.78,11.96
64284.7438,77.04,64.60,26.78,11.96
64284.7755,77.04,64.61,26.78,11.97
64284.8073,77.05,64.63,26.78,11.97
64284.8469,77.07,64.66,26.78,11.97
64284.8787,77.09,64.69,26.78,11.96
64284.9102,77.10,64.70,26.78,11.96
64284.9409,77.12,64.72,26.78,11.95
64284.9653,77.12,64.74,26.78,11.95
64284.9968,77.13,64.75,26.78,11.95
64285.0283,77.14,64.77,26.79,11.95
64285.0600,77.15,64.79,26.79,11.95
64285.0916,77.17,64.83,26.79,11.95
64285.1306,77.19,64.86,26.79,11.94
64285.1621,77.17,64.81,26.79,11.93
64285.1942,77.14,64.76,26.79,11.94
64285.2259,77.12,64.72,26.79,11.94
64285.2417,77.11,64.71,26.80,11.95
64285.2807,77.12,64.71,26.80,11.95
64285.3123,77.14,64.74,26.80,11.95
64285.3437,77.16,64.76,26.79,11.94
64285.3754,77.17,64.78,26.80,11.93
64285.4074,77.20,64.82,26.80,11.93
64285.4305,77.23,64.88,26.81,11.92
64285.4619,77.24,64.90,26.81,11.92
64285.4939,77.25,64.92,26.81,11.91
64285.5261,77.26,64.94,26.82,11.91
64285.5580,77.26,64.96,26.83,11.91
64285.5900,77.26,64.96,26.84,11.92
64285.6305,77.27,64.98,26.85,11.92
64285.6621,77.27,64.99,26.86,11.92
64285.6938,77.27,65.00,26.86,11.92
64285.7253,77.28,65.00,26.86,11.92
64285.7571,77.29,65.03,26.86,11.92
64285.7810,77.30,65.06,26.87,11.93
64285.8126,77.30,65.06,26.87,11.93
64285.8445,77.28,65.03,26.86,11.92
64285.8764,77.25,64.96,26.85,11.92
64285.9080,77.23,64.91,26.85,11.93
64285.9317,77.21,64.89,26.85,11.93
64285.9629,77.20,64.87,26.85,11.93
64285.9949,77.19,64.84,26.83,11.93
64286.0267,77.18,64.81,26.82,11.93
64286.0585,77.17,64.78,26.81,11.93
64286.0904,77.16,64.78,26.81,11.93
64286.1299,77.16,64.78,26.81,11.93
64286.1620,77.16,64.77,26.80,11.94
64286.1939,77.16,64.78,26.81,11.93
64286.2250,77.18,64.78,26.79,11.92
64286.2571,77.19,64.80,26.79,11.91
64286.2811,77.20,64.80,26.79,11.90
64286.3124,77.19,64.79,26.79,11.89
64286.3444,77.19,64.78,26.79,11.89
64286.3763,77.18,64.79,26.79,11.89
64286.4077,77.19,64.79,26.79,11.89
64286.4315,77.19,64.81,26.79,11.90
64286.4629,77.19,64.81,26.79,11.90
64286.4944,77.19,64.81,26.79,11.90
64286.5262,77.19,64.81,26.80,11.91
64286.5647,77.18,64.79,26.79,11.91
64286.5959,77.17,64.78,26.78,11.92
64286.6270,77.16,64.76,26.77,11.92
64286.6587,77.16,64.75,26.77,11.92
64286.6905,77.15,64.71,26.75,11.92
64286.7141,77.15,64.69,26.74,11.91
64286.7456,77.15,64.68,26.74,11.91
64286.7777,77.14,64.66,26.73,11.91
64286.8098,77.13,64.65,26.74,11.91
64286.8412,77.12,64.63,26.75,11.92
64286.8810,77.10,64.60,26.75,11.93
64286.9127,77.08,64.58,26.75,11.93
64286.9439,77.08,64.55,26.75,11.93
64286.9752,77.07,64.53,26.74,11.92
64287.0074,77.07,64.53,26.75,11.92
64287.0474,77.08,64.54,26.75,11.92
64287.0792,77.08,64.55,26.75,11.92
64287.1109,77.09,64.56,26.76,11.92
64287.1428,77.09,64.56,26.76,11.92
64287.1742,77.08,64.55,26.76,11.92
64287.1985,77.08,64.55,26.76,11.92
64287.2293,77.08,64.54,26.76,11.92
64287.2605,77.08,64.53,26.76,11.92
64287.2925,77.08,64.52,26.76,11.91
64287.3248,77.08,64.52,26.76,11.91
64287.3648,77.08,64.51,26.75,11.90
64287.3966,77.09,64.51,26.75,11.90
64287.4279,77.09,64.52,26.75,11.90
64287.4594,77.09,64.52,26.76,11.90
64287.4907,77.09,64.52,26.76,11.90
64287.5140,77.09,64.53,26.77,11.90
64287.5461,77.08,64.52,26.77,11.90
64287.5778,77.07,64.50,26.78,11.91
64287.6104,77.06,64.49,26.78,11.91
64287.6421,77.06,64.48,26.78,11.91
64287.6738,77.06,64.48,26.78,11.91
64287.6973,77.06,64.48,26.79,11.91
64287.7290,77.06,64.48,26.79,11.91
64287.7609,77.06,64.49,26.79,11.91
64287.7930,77.06,64.48,26.79,11.91
64287.8249,77.05,64.48,26.80,11.90
64287.8643,77.05,64.49,26.80,11.90
64287.8960,77.06,64.50,26.80,11.90
64287.9276,77.06,64.50,26.81,11.91
64287.9596,77.06,64.51,26.81,11.91
64287.9913,77.06,64.51,26.81,11.90
64288.0073,77.06,64.50,26.80,11.90
64288.0474,77.06,64.49,26.80,11.89
64288.0794,77.05,64.48,26.80,11.89
64288.1111,77.06,64.48,26.80,11.89
64288.1429,77.05,64.48,26.81,11.89
64288.1746,77.05,64.48,26.81,11.89
64288.1983,77.05,64.47,26.81,11.89
64288.2298,77.04,64.46,26.81,11.89
64288.2618,77.03,64.44,26.81,11.89
64288.2935,77.02,64.43,26.81,11.89
64288.3252,77.03,64.44,26.81,11.89
64288.3647,77.02,64.43,26.81,11.89
64288.3965,77.02,64.42,26.81,11.89
64288.4287,77.01,64.41,26.82,11.89
64288.4603,77.01,64.41,26.81,11.89
64288.5073,77.01,64.39,26.81,11.88
64288.5462,77.01,64.39,26.81,11.88
64288.5785,77.01,64.40,26.81,11.88
64288.6098,77.02,64.41,26.81,11.89
64288.6411,77.02,64.42,26.81,11.89
64288.6651,77.02,64.41,26.81,11.89
64288.6967,77.02,64.41,26.80,11.88
64288.7286,77.01,64.40,26.80,11.88
64288.7599,77.00,64.38,26.81,11.88
64288.7914,76.98,64.34,26.81,11.88
64288.8309,76.96,64.29,26.82,11.88
64288.8626,76.93,64.25,26.83,11.88
64288.8936,76.92,64.22,26.84,11.88
64288.9252,76.91,64.20,26.84,11.88
64288.9574,76.91,64.19,26.84,11.87
64288.9811,76.91,64.20,26.85,11.87
64289.0131,76.92,64.19,26.84,11.86
64289.0451,76.92,64.18,26.84,11.85
64289.0770,76.91,64.16,26.83,11.85
64289.1089,76.91,64.15,26.83,11.85
64289.1404,76.90,64.15,26.83,11.85
64289.1641,76.90,64.14,26.83,11.85
64289.1959,76.89,64.13,26.83,11.85
64289.2274,76.88,64.11,26.83,11.85
64289.2592,76.87,64.09,26.83,11.85
64289.2910,76.87,64.08,26.83,11.85
64289.3310,76.86,64.06,26.83,11.85
64289.3625,76.86,64.05,26.83,11.85
64289.3944,76.85,64.04,26.83,11.85
64289.4259,76.85,64.03,26.83,11.85
64289.4573,76.85,64.03,26.83,11.85
64289.4809,76.85,64.03,26.84,11.85
64289.5122,76.84,64.03,26.84,11.85
64289.5441,76.84,64.02,26.84,11.85
64289.5756,76.83,64.01,26.84,11.85
64289.6074,76.83,64.01,26.85,11.85
64289.6471,76.82,63.99,26.85,11.85
64289.6788,76.82,63.98,26.85,11.85
64289.7109,76.81,63.96,26.85,11.85
64289.7428,76.80,63.95,26.86,11.85
64289.7746,76.80,63.95,26.86,11.85
64289.8140,76.79,63.93,26.86,11.85
64289.8456,76.79,63.92,26.87,11.85
64289.8773,76.78,63.90,26.87,11.85
64289.9092,76.77,63.89,26.88,11.85
64289.9410,76.76,63.88,26.88,11.85
64289.9652,76.74,63.85,26.89,11.85
64289.9964,76.72,63.80,26.89,11.85
64290.0275,76.68,63.74,26.91,11.86
64290.0593,76.66,63.70,26.91,11.86
64290.0910,76.65,63.67,26.91,11.86
64290.1311,76.64,63.65,26.91,11.86
64290.1628,76.65,63.64,26.90,11.85
64290.1946,76.65,63.63,26.89,11.85
64290.2260,76.66,63.66,26.90,11.84
64290.2578,76.67,63.68,26.91,11.84
64290.2971,76.68,63.69,26.91,11.84
64290.3279,76.68,63.69,26.91,11.83
64290.3594,76.68,63.67,26.91,11.83
64290.3913,76.67,63.68,26.91,11.84
64290.4149,76.67,63.69,26.92,11.85
64290.4465,76.66,63.70,26.93,11.86
64290.4781,76.65,63.69,26.94,11.86
64290.5096,76.64,63.65,26.93,11.86
64290.5411,76.62,63.60,26.92,11.85
64290.5808,76.62,63.57,26.92,11.85
64290.6122,76.61,63.55,26.92,11.84
64290.6441,76.62,63.55,26.93,11.84
64290.6759,76.61,63.55,26.93,11.84
64290.7076,76.62,63.55,26.94,11.84
64290.7313,76.62,63.56,26.94,11.84
64290.7626,76.62,63.58,26.95,11.85
64290.7947,76.62,63.58,26.95,11.85
64290.8269,76.62,63.57,26.96,11.85
64290.8587,76.61,63.56,26.96,11.85
64290.8906,76.61,63.54,26.96,11.85
64290.9139,76.60,63.53,26.96,11.84
64290.9456,76.60,63.53,26.96,11.84
64290.9775,76.60,63.53,26.96,11.84
64291.0093,76.61,63.53,26.96,11.84
64291.0412,76.61,63.53,26.96,11.84
64291.0804,76.61,63.54,26.96,11.84
64291.1121,76.61,63.54,26.96,11.84
64291.1438,76.60,63.52,26.96,11.84
64291.1756,76.60,63.52,26.96,11.84
64291.2075,76.60,63.52,26.96,11.84
64291.2314,76.61,63.52,26.96,11.84
64291.2629,76.61,63.52,26.95,11.84
64291.2949,76.61,63.53,26.95,11.84
64291.3269,76.61,63.53,26.96,11.84
64291.3587,76.61,63.53,26.97,11.85
64291.3909,76.60,63.52,26.97,11.85
64291.4145,76.59,63.51,26.97,11.85
64291.4463,76.58,63.48,26.96,11.85
64291.4783,76.57,63.46,26.95,11.85
64291.5100,76.58,63.46,26.95,11.84
64291.5418,76.58,63.46,26.95,11.84
64291.5735,76.58,63.46,26.94,11.83
64291.6131,76.59,63.47,26.94,11.83
64291.6458,76.60,63.48,26.94,11.83
64291.6774,76.60,63.48,26.94,11.83
64291.7083,76.59,63.47,26.94,11.83
64291.7399,76.58,63.44,26.93,11.83
64291.7635,76.57,63.41,26.93,11.83
64291.7950,76.55,63.39,26.92,11.83
64291.8268,76.54,63.36,26.92,11.83
64291.8582,76.54,63.37,26.92,11.83
64291.8977,76.53,63.33,26.90,11.82
64291.9293,76.54,63.31,26.88,11.81
64291.9760,76.54,63.27,26.85,11.79
64292.0069,76.53,63.23,26.83,11.78
64292.0307,76.53,63.21,26.81,11.79
64292.0627,76.52,63.21,26.81,11.79
64292.0946,76.51,63.21,26.80,11.80
64292.1265,76.50,63.17,26.78,11.80
64292.1582,76.48,63.13,26.76,11.80
64292.1903,76.47,63.09,26.74,11.79
64292.2142,76.47,63.08,26.74,11.79
64292.2457,76.49,63.10,26.73,11.79
64292.2773,76.49,63.09,26.72,11.78
64292.3092,76.50,63.10,26.71,11.78
64292.3406,76.51,63.12,26.71,11.78
64292.3810,76.50,63.12,26.71,11.79
64292.4131,76.49,63.10,26.70,11.79
64292.4451,76.49,63.09,26.70,11.79
64292.4770,76.49,63.08,26.69,11.79
64292.5085,76.48,63.06,26.68,11.78
64292.5403,76.48,63.05,26.68,11.78
64292.5800,76.48,63.05,26.67,11.78
64292.6119,76.48,63.06,26.67,11.78
64292.6437,76.49,63.09,26.67,11.79
64292.6756,76.49,63.07,26.65,11.78
64292.7076,76.50,63.07,26.64,11.77
64292.7318,76.49,63.04,26.63,11.77
64292.7636,76.47,63.00,26.63,11.76
64292.7950,76.45,62.96,26.64,11.76
64292.8270,76.42,62.92,26.64,11.77
64292.8577,76.40,62.88,26.64,11.78
64292.8976,76.38,62.85,26.64,11.77
64292.9296,76.37,62.82,26.63,11.77
64292.9616,76.37,62.81,26.63,11.78
64292.9931,76.37,62.81,26.63,11.78
64293.0243,76.37,62.83,26.64,11.78
64293.0569,76.38,62.85,26.64,11.79
64293.0960,76.37,62.84,26.64,11.79
64293.1280,76.37,62.82,26.64,11.78
64293.1591,76.36,62.80,26.64,11.78
64293.1906,76.36,62.79,26.64,11.78
64293.2151,76.36,62.80,26.64,11.78
64293.2464,76.37,62.81,26.64,11.78
64293.2784,76.37,62.81,26.64,11.78
64293.3098,76.37,62.81,26.64,11.78
64293.3418,76.37,62.82,26.64,11.79
64293.3738,76.37,62.83,26.64,11.79
64293.4135,76.37,62.83,26.64,11.79
64293.4450,76.37,62.83,26.63,11.79
64293.4765,76.37,62.82,26.63,11.79
64293.5082,76.37,62.82,26.62,11.79
64293.5399,76.37,62.81,26.62,11.80
64293.5798,76.35,62.79,26.62,11.80
64293.6117,76.35,62.78,26.62,11.80
64293.6438,76.36,62.78,26.61,11.80
64293.6755,76.37,62.81,26.61,11.79
64293.7070,76.39,62.83,26.60,11.79
64293.7306,76.40,62.84,26.60,11.79
64293.7616,76.40,62.86,26.61,11.79
64293.7927,76.40,62.87,26.61,11.80
64293.8235,76.40,62.88,26.62,11.80
64293.8632,76.40,62.90,26.62,11.81
64293.8945,76.39,62.89,26.62,11.82
64293.9259,76.38,62.87,26.62,11.83
64293.9579,76.36,62.85,26.63,11.83
64293.9819,76.34,62.81,26.63,11.84
64294.0135,76.32,62.77,26.62,11.84
64294.0449,76.30,62.74,26.63,11.84
64294.0770,76.29,62.70,26.62,11.83
64294.1093,76.28,62.67,26.62,11.83
64294.1403,76.27,62.64,26.62,11.83
64294.1638,76.27,62.62,26.62,11.83
64294.1955,76.26,62.61,26.62,11.82
64294.2271,76.26,62.60,26.62,11.82
64294.2590,76.27,62.61,26.61,11.82
64294.2911,76.28,62.63,26.62,11.82
64294.3231,76.30,62.65,26.61,11.82
64294.3632,76.31,62.66,26.61,11.81
64294.3945,76.33,62.69,26.61,11.81
64294.4263,76.34,62.71,26.61,11.80
64294.4580,76.35,62.74,26.61,11.80
64294.4817,76.37,62.78,26.62,11.80
64294.5135,76.39,62.82,26.62,11.80
64294.5449,76.41,62.85,26.62,11.79
64294.5765,76.43,62.89,26.63,11.79
64294.6084,76.44,62.92,26.63,11.79
64294.6401,76.46,62.95,26.63,11.79
64294.6641,76.47,62.98,26.63,11.79
64294.6957,76.48,62.99,26.63,11.79
64294.7277,76.48,62.99,26.63,11.79
64294.7595,76.47,62.99,26.64,11.80
64294.7912,76.47,62.99,26.64,11.80
64294.8308,76.46,62.99,26.64,11.81
64294.8618,76.46,62.99,26.64,11.81
64294.8937,76.46,62.98,26.64,11.82
64294.9255,76.45,62.97,26.64,11.82
64294.9571,76.44,62.95,26.63,11.82
64294.9809,76.44,62.94,26.63,11.82
64295.0128,76.44,62.95,26.64,11.82
64295.0439,76.43,62.95,26.64,11.82
64295.0751,76.43,62.94,26.64,11.83
64295.1066,76.42,62.93,26.65,11.83
64295.1458,76.41,62.92,26.66,11.84
64295.1773,76.39,62.90,26.66,11.85
64295.2091,76.38,62.88,26.67,11.85
64295.2407,76.36,62.84,26.68,11.85
64295.2645,76.33,62.80,26.68,11.86
64295.2964,76.32,62.78,26.68,11.85
64295.3281,76.30,62.75,26.69,11.86
64295.3599,76.30,62.73,26.69,11.85
64295.3918,76.30,62.72,26.69,11.85
64295.4237,76.29,62.70,26.69,11.84
64295.4474,76.28,62.69,26.69,11.84
64295.4793,76.29,62.70,26.69,11.84
64295.5108,76.29,62.72,26.70,11.85
64295.5430,76.29,62.72,26.69,11.85
64295.5746,76.30,62.73,26.69,11.84
64295.6142,76.32,62.76,26.68,11.84
64295.6460,76.33,62.75,26.67,11.83
64295.6779,76.32,62.72,26.66,11.82
64295.7100,76.31,62.70,26.65,11.82
64295.7418,76.31,62.70,26.64,11.82
64295.7733,76.32,62.72,26.64,11.83
64295.8136,76.31,62.67,26.62,11.82
64295.8457,76.32,62.66,26.60,11.81
64295.8772,76.34,62.67,26.59,11.80
64295.9090,76.36,62.70,26.59,11.79
64295.9410,76.36,62.70,26.58,11.79
64295.9648,76.35,62.67,26.57,11.79
64295.9971,76.34,62.67,26.57,11.80
64296.0287,76.33,62.67,26.58,11.81
64296.0608,76.32,62.65,26.57,11.81
64296.0930,76.32,62.63,26.56,11.81
64296.1243,76.30,62.55,26.52,11.79
64296.1482,76.28,62.45,26.48,11.78
64296.1797,76.24,62.34,26.45,11.77
64296.2106,76.19,62.23,26.42,11.76
64296.2424,76.17,62.16,26.40,11.75
64296.2748,76.14,62.09,26.37,11.75
64296.3144,76.13,62.05,26.35,11.74
64296.3458,76.13,62.01,26.33,11.74
64296.3781,76.11,61.96,26.32,11.73
64296.4100,76.11,61.95,26.31,11.73
64296.4418,76.10,61.93,26.30,11.74
64296.4735,76.08,61.91,26.30,11.75
64296.4968,76.07,61.89,26.29,11.75
64296.5288,76.05,61.86,26.29,11.76
64296.5606,76.04,61.84,26.29,11.76
64296.5922,76.02,61.81,26.29,11.77
64296.6244,76.00,61.77,26.28,11.78
64296.6481,76.00,61.77,26.28,11.78
64296.6801,75.96,61.70,26.28,11.78
64296.7119,75.93,61.62,26.29,11.77
64296.7439,75.89,61.54,26.30,11.77
64296.7756,75.83,61.43,26.31,11.76
64296.8137,75.77,61.32,26.33,11.76
64296.8450,75.72,61.23,26.35,11.76
64296.8762,75.68,61.15,26.35,11.76
64296.9080,75.64,61.09,26.36,11.76
64296.9318,75.62,61.04,26.37,11.76
64296.9632,75.59,61.00,26.37,11.75
64296.9952,75.58,60.97,26.37,11.75
64297.0272,75.57,60.94,26.37,11.75
64297.0589,75.56,60.91,26.37,11.74
64297.0909,75.55,60.89,26.38,11.74
64297.1314,75.55,60.88,26.38,11.73
64297.1625,75.53,60.84,26.38,11.73
64297.1946,75.52,60.79,26.37,11.72
64297.2260,75.51,60.75,26.36,11.71
64297.2577,75.50,60.71,26.35,11.70
64297.2969,75.50,60.70,26.34,11.69
64297.3288,75.51,60.71,26.33,11.69
64297.3604,75.51,60.72,26.33,11.69
64297.3919,75.51,60.73,26.32,11.69
64297.4237,75.51,60.72,26.31,11.69
64297.4472,75.51,60.71,26.31,11.68
64297.4789,75.51,60.70,26.30,11.68
64297.5106,75.51,60.70,26.30,11.67
64297.5423,75.52,60.70,26.29,11.67
64297.5734,75.53,60.71,26.28,11.66
64297.6131,75.56,60.76,26.28,11.66
64297.6450,75.55,60.78,26.28,11.67
64297.6769,75.56,60.82,26.29,11.68
64297.7087,75.57,60.87,26.29,11.69
64297.7404,75.58,60.91,26.29,11.70
64297.7642,75.59,60.94,26.29,11.71
64297.7962,75.57,60.94,26.30,11.72
64297.8283,75.56,60.92,26.30,11.73
64297.8595,75.56,60.93,26.29,11.73
64297.8917,75.57,60.94,26.28,11.73
64297.9150,75.58,60.96,26.28,11.74
64297.9461,75.61,60.99,26.28,11.73
64297.9784,75.62,60.99,26.26,11.72
64298.0101,75.63,60.99,26.26,11.71
64298.0411,75.64,61.00,26.25,11.69
64298.0729,75.65,60.99,26.24,11.68
64298.1131,75.67,61.00,26.24,11.67
64298.1448,75.70,61.05,26.24,11.65
64298.1766,75.73,61.09,26.23,11.62
64298.2082,75.75,61.14,26.23,11.61
64298.2404,75.77,61.19,26.23,11.61
64298.2641,75.78,61.23,26.24,11.61
64298.2957,75.79,61.26,26.24,11.62
64298.3274,75.81,61.31,26.25,11.62
64298.3590,75.84,61.34,26.24,11.61
64298.3909,75.86,61.36,26.23,11.59
64298.4148,75.88,61.39,26.22,11.57
64298.4462,75.90,61.42,26.21,11.56
64298.4783,75.91,61.45,26.21,11.57
64298.5104,75.90,61.43,26.20,11.57
64298.5425,75.89,61.47,26.22,11.59
64298.5742,75.87,61.45,26.23,11.62
64298.6135,75.84,61.42,26.23,11.63
64298.6453,75.79,61.30,26.22,11.65
64298.6772,75.74,61.21,26.21,11.66
64298.7091,75.72,61.14,26.19,11.67
64298.7406,75.71,61.09,26.18,11.67
64298.7648,75.71,61.06,26.17,11.67
64298.7967,75.70,61.04,26.16,11.67
64298.8287,75.69,61.01,26.15,11.66
64298.8609,75.68,60.98,26.14,11.66
64298.8932,75.66,60.97,26.15,11.68
64298.9246,75.63,60.93,26.14,11.68
64298.9483,75.60,60.88,26.13,11.69
64298.9795,75.58,60.85,26.12,11.69
64299.0112,75.56,60.81,26.11,11.69
64299.0423,75.54,60.75,26.10,11.68
64299.0738,75.51,60.69,26.09,11.69
64299.1143,75.48,60.62,26.07,11.69
64299.1461,75.46,60.57,26.06,11.69
64299.1782,75.44,60.53,26.05,11.69
64299.2102,75.42,60.47,26.03,11.69
64299.2422,75.40,60.41,26.00,11.68
64299.2739,75.38,60.36,25.98,11.68
64299.3144,75.35,60.30,25.96,11.68
64299.3455,75.33,60.25,25.94,11.68
64299.3774,75.30,60.19,25.93,11.69
64299.4081,75.27,60.13,25.92,11.69
64299.4414,75.25,60.08,25.90,11.69
64299.4732,75.23,60.02,25.88,11.69
64299.4998,75.20,59.95,25.86,11.68
64299.5284,75.18,59.88,25.83,11.68
64299.5597,75.17,59.83,25.80,11.67
64299.5893,75.16,59.80,25.79,11.67
64299.6304,75.16,59.76,25.76,11.66
64299.6484,75.16,59.73,25.75,11.65
64299.6932,75.16,59.70,25.73,11.64
64299.7249,75.16,59.68,25.72,11.64
64299.7564,75.14,59.64,25.70,11.64
64299.7802,75.13,59.60,25.69,11.64
64299.8123,75.11,59.56,25.67,11.64
64299.8440,75.11,59.53,25.64,11.64
64299.8753,75.11,59.48,25.60,11.63
64299.9066,75.10,59.43,25.56,11.62
64299.9305,75.10,59.39,25.53,11.61
64299.9622,75.09,59.34,25.50,11.61
64299.9937,75.09,59.34,25.48,11.61
64300.0254,75.08,59.34,25.47,11.62
64300.0576,75.08,59.32,25.47,11.62
64300.0970,75.06,59.29,25.46,11.62
64300.1293,75.04,59.26,25.45,11.63
64300.1603,75.01,59.20,25.45,11.64
64300.1919,74.97,59.11,25.45,11.64
64300.2237,74.89,58.96,25.44,11.64
64300.2564,74.80,58.79,25.43,11.64
64300.2803,74.71,58.62,25.41,11.65
64300.3122,74.58,58.38,25.33,11.62
64300.3443,74.45,58.11,25.23,11.62
64300.3757,74.36,57.84,25.04,11.58
64300.4077,74.24,57.52,24.87,11.55
64300.4397,74.12,57.22,24.69,11.53
64300.4636,74.01,56.87,24.46,11.49
64300.4953,73.91,56.54,24.21,11.46
64300.5263,73.82,56.20,23.94,11.43
64300.5578,73.75,55.92,23.71,11.42
64300.5896,73.68,55.69,23.52,11.42
64300.6307,73.64,55.52,23.35,11.42
64300.6623,73.63,55.45,23.21,11.44
64300.6934,73.63,55.40,23.08,11.45
64300.7239,73.62,55.31,22.96,11.47
64300.7477,73.60,55.23,22.85,11.48
64300.7793,73.59,55.18,22.76,11.50
64300.8110,73.59,55.16,22.69,11.51
64300.8425,73.58,55.10,22.63,11.52
64300.8741,73.54,54.99,22.57,11.54
64300.8979,73.50,54.94,22.53,11.57
64300.9299,73.49,54.95,22.51,11.61
64300.9612,73.47,54.94,22.49,11.64
64300.9930,73.42,54.87,22.47,11.67
64301.0248,73.39,54.83,22.46,11.70
64301.0560,73.38,54.87,22.47,11.74
64301.0961,73.33,54.85,22.50,11.76
64301.1273,73.24,54.89,22.59,11.83
64301.1589,73.14,54.99,22.74,11.86
64301.1904,73.07,55.36,23.01,12.02
64301.2145,73.00,55.84,23.36,12.08
64301.2460,72.86,56.57,23.95,12.31
64301.2770,72.68,57.29,24.49,12.40
64301.3085,72.49,58.18,25.04,12.66
64301.3399,72.31,59.23,25.70,12.95
64301.3798,72.14,60.25,26.43,13.23
64301.4115,71.95,61.42,27.54,13.58
64301.4436,71.71,62.66,28.86,13.97
64301.4759,71.45,63.74,30.09,14.30
64301.5073,71.11,64.73,31.28,14.65
64301.5462,70.72,65.64,32.47,15.01
64301.5782,70.31,66.50,33.76,15.36
64301.6099,69.92,67.25,34.98,15.65
64301.6418,69.55,67.86,36.09,15.83
64301.6732,69.20,68.32,37.01,15.92
64301.6971,68.86,68.63,37.78,15.92
64301.7288,68.46,68.78,38.50,15.86
64301.7603,68.05,68.84,39.15,15.74
64301.7922,67.59,68.80,39.75,15.62
64301.8242,67.11,68.71,40.30,15.50
64301.8638,66.68,68.64,40.80,15.36
64301.8955,66.30,68.61,41.26,15.24
64301.9275,65.91,68.53,41.68,15.13
64301.9595,65.45,68.37,42.10,15.02
64301.9915,65.02,68.21,42.48,14.90
64302.0075,64.61,68.06,42.83,14.79
64302.0472,64.19,67.88,43.17,14.69
64302.0788,63.78,67.71,43.48,14.60
64302.1104,63.43,67.57,43.77,14.50
64302.1424,63.14,67.48,44.02,14.42
64302.1745,62.90,67.41,44.25,14.33
64302.2061,62.67,67.34,44.45,14.25
64302.2301,62.48,67.28,44.62,14.16
64302.2620,62.34,67.25,44.76,14.08
64302.2936,62.24,67.24,44.88,13.99
64302.3258,62.18,67.27,44.99,13.91
64302.3574,62.13,67.30,45.08,13.84
64302.3970,62.10,67.32,45.14,13.76
64302.4284,62.07,67.34,45.20,13.69
64302.4598,62.01,67.33,45.26,13.63
64302.4908,61.94,67.31,45.31,13.56
64302.5304,61.87,67.30,45.37,13.51
64302.5619,61.83,67.29,45.42,13.45
64302.5937,61.78,67.28,45.46,13.40
64302.6253,61.74,67.27,45.49,13.35
64302.6569,61.71,67.27,45.52,13.31
64302.6802,61.68,67.25,45.54,13.27
64302.7114,61.65,67.23,45.54,13.24
64302.7423,61.61,67.19,45.57,13.21
64302.7733,61.56,67.15,45.59,13.19
64302.8124,61.50,67.06,45.60,13.17
64302.8440,61.37,66.93,45.62,13.16
64302.8760,61.26,66.78,45.58,13.10
64302.9072,61.19,66.65,45.53,13.07
64302.9312,61.10,66.51,45.44,13.03
64302.9623,60.93,66.27,45.19,13.00
64302.9937,60.72,65.98,44.82,12.96
64303.0253,60.46,65.60,44.20,12.88
64303.0569,60.03,65.04,43.37,12.83
64303.0971,59.48,64.39,42.40,12.76
64303.1288,58.68,63.51,41.10,12.71
64303.1596,57.69,62.45,39.60,12.70
64303.1917,56.66,61.36,38.13,12.64
64303.2237,55.35,60.00,36.33,12.60
64303.2473,54.06,58.67,34.57,12.54
64303.2789,52.88,57.40,32.95,12.49
64303.3106,51.81,56.11,31.34,12.36
64303.3424,50.83,54.86,29.88,12.21
64303.3752,49.98,53.77,28.64,12.07
64303.4060,49.29,52.86,27.59,11.93
64303.4305,48.73,52.13,26.71,11.79
64303.4623,48.25,51.51,25.97,11.66
64303.4937,47.84,50.99,25.35,11.54
64303.5256,47.48,50.53,24.82,11.43
64303.5574,47.16,50.15,24.38,11.33
64303.5896,46.89,49.83,24.02,11.23
64303.6292,46.67,49.56,23.71,11.15
64303.6611,46.48,49.32,23.45,11.07
64303.6925,46.33,49.11,23.21,10.99
64303.7244,46.20,48.91,23.01,10.91
64303.7481,46.09,48.74,22.85,10.84
64303.7795,45.99,48.61,22.72,10.79
64303.8109,45.91,48.52,22.60,10.75
64303.8427,45.80,48.35,22.49,10.70
64303.8740,45.67,48.09,22.32,10.63
64303.8981,45.56,47.86,22.16,10.57
64303.9294,45.36,47.38,21.84,10.47
64303.9611,45.11,46.54,21.21,10.23
64303.9928,44.89,45.57,20.52,10.03
64304.0241,44.62,44.21,19.72,9.70
64304.0638,44.19,42.54,18.76,9.40
64304.0957,43.66,40.90,17.77,9.12
64304.1280,42.79,39.13,16.64,8.89
64304.1592,41.78,37.49,15.52,8.72
64304.1911,40.22,35.94,14.21,8.91
64304.2146,38.44,34.63,12.95,8.92
64304.2463,35.93,33.57,11.67,9.10
64304.2779,32.79,32.83,10.18,9.77
64304.3103,29.69,32.44,8.79,10.11
64304.3421,26.39,32.46,7.64,10.74
64304.3738,23.25,32.73,6.73,11.08
64304.4134,19.91,33.62,5.93,11.52
64304.4291,16.74,34.80,5.27,11.90
64304.4763,13.18,37.15,4.88,12.72
64304.5081,9.76,39.68,4.53,13.22
64304.5479,6.24,42.85,4.29,13.79
64304.5702,2.82,46.01,4.13,14.23
64304.6134,-0.67,49.43,4.09,14.66
64304.6456,-4.21,52.88,4.13,15.03
64304.6774,-7.77,56.16,4.25,15.32
64304.7020,-11.22,58.97,4.36,15.42
64304.7417,-14.59,61.56,4.51,15.43
64304.7735,-17.83,63.89,4.65,15.35
64304.8132,-20.87,65.94,4.76,15.20
64304.8443,-23.68,67.72,4.84,14.97
64304.8757,-26.29,69.24,4.90,14.70
64304.9073,-28.69,70.56,4.95,14.40
64304.9316,-30.88,71.67,4.99,14.09
64304.9635,-32.86,72.61,5.04,13.78
64304.9955,-34.65,73.40,5.08,13.47
64305.0272,-36.24,74.08,5.13,13.17
64305.0582,-37.65,74.66,5.17,12.89
64305.0899,-38.88,75.14,5.21,12.62
64305.1290,-39.98,75.56,5.26,12.38
64305.1611,-40.95,75.91,5.31,12.15
64305.1928,-41.79,76.21,5.36,11.95
64305.2239,-42.45,76.44,5.39,11.75
64305.2481,-42.98,76.63,5.41,11.57
64305.2795,-43.42,76.80,5.42,11.40
64305.3112,-43.80,76.95,5.43,11.25
64305.3429,-44.15,77.09,5.44,11.12
64305.3751,-44.47,77.22,5.45,11.01
64305.4060,-44.74,77.35,5.46,10.92
64305.4297,-44.98,77.46,5.47,10.85
64305.4615,-45.12,77.56,5.49,10.81
64305.4937,-44.85,77.64,5.44,10.76
64305.5254,-44.14,77.77,5.31,10.58
64305.5569,-43.16,77.92,5.12,10.51
64305.5977,-40.96,78.16,4.82,10.18
64305.6294,-38.37,78.41,4.51,10.03
64305.6609,-34.72,78.72,4.14,9.68
64305.6857,-30.64,79.03,3.77,9.51
64305.7146,-25.78,79.38,3.34,9.25
64305.7458,-20.73,79.71,2.93,9.12
64305.7776,-15.46,79.96,2.56,9.00
64305.8097,-10.48,80.15,2.23,8.94
64305.8412,-6.21,80.29,1.99,8.96
64305.8728,-2.65,80.41,1.82,9.00
64305.9128,0.27,80.51,1.71,9.09
64305.9444,2.67,80.59,1.63,9.21
64305.9759,4.71,80.65,1.57,9.34
64305.9915,6.39,80.71,1.53,9.47
64306.0233,7.72,80.77,1.53,9.61
64306.0632,8.83,80.81,1.53,9.75
64306.0935,9.80,80.85,1.52,9.87
64306.1254,10.63,80.88,1.51,9.99
64306.1570,11.32,80.89,1.51,10.11
64306.1817,11.88,80.90,1.51,10.21
64306.2135,12.35,80.91,1.51,10.31
64306.2452,12.66,80.92,1.53,10.41
64306.2769,12.84,80.93,1.56,10.51
64306.3087,12.97,80.93,1.59,10.60
64306.3405,13.05,80.93,1.62,10.68
64306.3803,13.11,80.91,1.65,10.75
64306.4121,13.19,80.89,1.66,10.81
64306.4432,13.32,80.88,1.67,10.86
64306.4751,13.45,80.87,1.67,10.91
64306.5068,13.55,80.87,1.68,10.95
64306.5304,13.56,80.85,1.69,11.00
64306.5625,13.56,80.84,1.70,11.04
64306.5861,13.58,80.83,1.71,11.07
64306.6297,13.62,80.81,1.70,11.10
64306.6619,13.63,80.75,1.70,11.12
64306.6862,13.60,80.66,1.70,11.14
64306.7263,13.51,80.41,1.69,11.13
64306.7582,13.35,79.88,1.71,11.09
64306.7900,13.28,79.04,1.82,11.01
64306.8292,13.42,78.08,1.95,10.90
64306.8619,13.65,77.23,2.06,10.80
64306.8935,13.98,76.68,2.24,10.74
64306.9257,14.29,76.36,2.46,10.71
64306.9576,14.59,76.39,2.76,10.73
64306.9815,14.86,76.49,3.05,10.77
64307.0126,15.03,76.52,3.30,10.81
64307.0445,15.13,76.47,3.51,10.84
64307.0761,15.17,76.28,3.70,10.86
64307.1079,15.17,76.08,3.87,10.86
64307.1469,15.22,75.93,3.99,10.87
64307.1788,15.33,75.84,4.10,10.88
64307.1948,15.43,75.78,4.19,10.90
64307.2419,15.45,75.70,4.27,10.91
64307.2808,15.43,75.63,4.35,10.93
64307.3132,15.42,75.58,4.42,10.95
64307.3445,15.43,75.55,4.48,10.97
64307.3765,15.43,75.52,4.53,10.99
64307.4086,15.42,75.50,4.58,11.00
64307.4397,15.38,75.48,4.62,11.02
64307.4634,15.34,75.47,4.67,11.04
64307.4953,15.33,75.45,4.70,11.05
64307.5270,15.32,75.44,4.72,11.06
64307.5585,15.34,75.43,4.73,11.07
64307.5901,15.36,75.41,4.74,11.07
64307.6223,15.37,75.39,4.74,11.08
64307.6631,15.38,75.35,4.74,11.08
64307.6947,15.40,75.29,4.72,11.07
64307.7266,15.44,75.22,4.69,11.06
64307.7625,15.52,75.13,4.64,11.05
64307.7909,15.64,74.99,4.56,11.02
64307.8308,15.76,74.83,4.49,10.98
64307.8628,15.88,74.57,4.40,10.94
64307.8946,16.01,74.17,4.33,10.88
64307.9261,16.10,73.83,4.26,10.85
64307.9579,16.48,72.94,4.18,10.69
64307.9815,16.94,71.87,4.18,10.51
64308.0130,17.50,70.18,4.51,10.25
64308.0444,18.06,68.35,4.92,9.99
64308.0757,18.72,66.11,5.48,9.68
64308.1074,19.34,63.91,6.10,9.39
64308.1465,20.03,61.52,6.83,9.08
64308.1783,20.74,59.17,7.44,8.76
64308.1960,21.36,57.02,8.00,8.47
64308.2409,21.80,54.87,8.58,8.23
64308.2729,22.14,52.86,9.09,7.95
64308.2967,22.36,50.76,9.59,7.76
64308.3283,22.46,48.59,10.14,7.60
64308.3596,22.53,46.58,10.62,7.45
64308.3910,22.49,44.64,11.07,7.39
64308.4145,22.43,42.91,11.48,7.31
64308.4457,22.34,41.37,11.85,7.18
64308.4772,22.19,39.95,12.19,7.06
64308.5089,22.05,38.66,12.49,6.95
64308.5401,21.94,37.53,12.73,6.82
64308.5806,21.85,36.55,12.93,6.67
64308.6123,21.79,35.72,13.11,6.52
64308.6434,21.76,35.02,13.25,6.38
64308.6746,21.73,34.43,13.37,6.24
64308.6983,21.72,33.92,13.47,6.11
64308.7295,21.69,33.50,13.55,6.01
64308.7608,21.67,33.13,13.63,5.91
64308.7923,21.64,32.80,13.69,5.84
64308.8238,21.62,32.50,13.74,5.77
64308.8638,21.60,32.20,13.77,5.71
64308.8956,21.56,31.84,13.76,5.66
64308.9248,21.50,31.45,13.74,5.61
64308.9542,21.41,31.00,13.70,5.51
64308.9761,21.15,30.30,13.60,5.49
64309.0147,20.81,29.48,13.45,5.36
64309.0466,20.22,28.29,13.15,5.37
64309.0784,19.38,26.80,12.75,5.43
64309.1098,18.32,25.11,12.29,5.67
64309.1418,17.27,23.51,11.89,5.76
64309.1649,16.22,22.03,11.51,5.84
64309.1972,15.00,20.63,10.93,5.96
64309.2285,13.64,19.35,10.20,6.20
64309.2603,12.38,18.24,9.53,6.28
64309.2920,11.19,17.24,8.94,6.36
64309.3234,10.16,16.39,8.43,6.34
64309.3630,9.30,15.68,8.00,6.25
64309.3955,8.60,15.10,7.61,6.11
64309.4275,8.05,14.60,7.25,5.91
64309.4589,7.62,14.17,6.93,5.70
64309.4905,7.37,13.83,6.62,5.45
64309.5148,7.20,13.59,6.39,5.20
64309.5462,7.07,13.46,6.24,4.95
64309.5779,7.04,13.46,6.18,4.70
64309.6096,7.21,13.55,6.21,4.42
64309.6412,7.53,13.68,6.27,4.14
64309.6648,8.01,13.83,6.36,3.84
64309.6968,8.94,14.02,6.44,3.44
64309.7284,10.22,14.37,6.67,2.82
64309.7606,11.52,14.86,6.98,2.48
64309.7915,13.09,15.63,7.51,2.21
64309.8235,14.71,16.46,8.15,2.12
64309.8632,16.66,17.53,9.14,2.19
64309.8949,18.94,18.82,10.44,2.45
64309.9264,21.48,20.27,11.80,2.85
64309.9579,23.89,21.68,13.04,3.36
64309.9899,26.34,23.01,14.08,3.81
64310.0137,28.56,24.19,14.94,4.24
64310.0452,30.63,25.16,15.61,4.54
64310.0772,32.46,25.99,16.18,4.81
64310.1093,34.03,26.68,16.64,5.00
64310.1407,35.35,27.29,17.05,5.15
64310.1645,36.46,27.84,17.40,5.28
64310.1963,37.38,28.32,17.72,5.40
64310.2284,38.11,28.72,18.00,5.49
64310.2600,38.71,29.04,18.25,5.57
64310.2916,39.13,29.25,18.47,5.63
64310.3232,39.45,29.40,18.66,5.69
64310.3630,39.54,29.42,18.79,5.72
64310.3948,39.25,29.23,18.86,5.73
64310.4269,38.69,28.93,18.87,5.73
64310.4589,37.43,28.32,18.62,5.74
64310.4907,35.54,27.40,18.17,5.91
64310.5149,33.57,26.44,17.76,6.01
64310.5462,31.61,25.40,17.30,6.15
64310.5777,29.43,24.22,16.88,6.33
64310.6106,27.17,22.91,16.26,6.68
64310.6415,25.10,21.66,15.49,6.87
64310.6732,22.89,20.45,14.59,7.22
64310.6968,20.82,19.39,13.68,7.39
64310.7284,18.64,18.36,12.57,7.67
64310.7605,16.60,17.44,11.53,7.77
64310.7914,14.58,16.46,10.56,7.93
64310.8231,12.75,15.54,9.73,7.94
64310.8631,11.06,14.55,8.96,7.91
64310.8954,9.52,13.54,8.11,7.81
64310.9272,8.05,12.55,7.23,7.75
64310.9591,6.70,11.68,6.39,7.58
64310.9776,5.44,10.90,5.59,7.40
64311.0136,4.18,10.18,4.74,7.23
64311.0450,2.95,9.53,3.92,7.11
64311.0766,1.87,8.98,3.18,6.91
64311.1091,0.93,8.49,2.56,6.70
64311.1419,0.13,8.06,2.02,6.45
64311.1729,-0.56,7.66,1.53,6.18
64311.1969,-1.15,7.30,1.09,5.90
64311.2290,-1.64,6.96,0.70,5.62
64311.2606,-2.04,6.60,0.34,5.32
64311.2923,-2.30,6.20,0.05,4.99
64311.3248,-2.47,5.71,-0.22,4.66
64311.3568,-2.62,5.27,-0.46,4.32
64311.3960,-2.77,4.86,-0.66,4.01
64311.4281,-2.90,4.51,-0.79,3.72
64311.4600,-3.03,4.20,-0.88,3.48
64311.4917,-3.16,3.94,-0.92,3.29
64311.5228,-3.29,3.74,-0.97,3.13
64311.5622,-3.42,3.57,-1.03,2.97
64311.5946,-3.57,3.48,-1.11,2.84
64311.6258,-3.71,3.45,-1.18,2.71
64311.6573,-3.82,3.41,-1.25,2.59
64311.6812,-3.91,3.37,-1.31,2.48
64311.7123,-3.99,3.35,-1.37,2.37
64311.7445,-4.05,3.33,-1.41,2.27
64311.7750,-4.11,3.31,-1.45,2.18
64311.8063,-4.14,3.30,-1.48,2.10
64311.8462,-4.18,3.28,-1.51,2.02
64311.8775,-4.20,3.27,-1.54,1.95
64311.9096,-4.22,3.26,-1.56,1.88
64311.9413,-4.24,3.25,-1.58,1.82
64311.9670,-4.25,3.25,-1.60,1.77
64311.9970,-4.26,3.24,-1.61,1.72
64312.0287,-4.27,3.24,-1.62,1.68
64312.0606,-4.28,3.24,-1.63,1.64
64312.0916,-4.28,3.24,-1.64,1.61
64312.1316,-4.28,3.24,-1.64,1.58
64312.1627,-4.28,3.25,-1.64,1.54
64312.1940,-4.28,3.26,-1.65,1.51
64312.2258,-4.27,3.27,-1.65,1.48
64312.2569,-4.27,3.28,-1.65,1.45
64312.2800,-4.26,3.30,-1.65,1.43
64312.3057,-4.26,3.31,-1.64,1.40
64312.3441,-4.25,3.33,-1.64,1.38
64312.3756,-4.24,3.35,-1.64,1.37
64312.4076,-4.23,3.36,-1.63,1.35
64312.4397,-4.22,3.38,-1.63,1.33
64312.4636,-4.21,3.39,-1.63,1.32
64312.4954,-4.20,3.41,-1.63,1.31
64312.5269,-4.19,3.43,-1.62,1.30
64312.5589,-4.19,3.46,-1.62,1.29
64312.5906,-4.19,3.48,-1.61,1.28
64312.6306,-4.18,3.50,-1.60,1.28
64312.6626,-4.18,3.50,-1.63,1.27
64312.6947,-4.21,3.49,-1.62,1.27
64312.7264,-4.24,3.46,-1.63,1.26
64312.7584,-4.29,3.46,-1.62,1.26
64312.7903,-4.32,3.45,-1.62,1.26
64312.8306,-4.35,3.45,-1.61,1.26
64312.8624,-4.37,3.45,-1.60,1.25
64312.8937,-4.38,3.44,-1.60,1.24
64312.9252,-4.40,3.44,-1.59,1.23
64312.9574,-4.41,3.44,-1.59,1.22
64312.9811,-4.42,3.45,-1.59,1.20
64313.0134,-4.43,3.45,-1.58,1.19
64313.0452,-4.43,3.45,-1.58,1.18
64313.0772,-4.44,3.46,-1.58,1.16
64313.1092,-4.44,3.47,-1.57,1.15
64313.1411,-4.43,3.47,-1.57,1.13
64313.1730,-4.43,3.49,-1.57,1.12
64313.1972,-4.43,3.51,-1.57,1.11
64313.2288,-4.43,3.52,-1.56,1.10
64313.2602,-4.42,3.53,-1.56,1.09
64313.2920,-4.42,3.55,-1.56,1.08
64313.3237,-4.41,3.56,-1.57,1.07
64313.3638,-4.41,3.57,-1.57,1.07
64313.3956,-4.41,3.58,-1.57,1.06
64313.4271,-4.41,3.60,-1.56,1.06
64313.4590,-4.41,3.61,-1.56,1.06
64313.4910,-4.40,3.62,-1.56,1.06
64313.5235,-4.40,3.64,-1.56,1.06
64313.5627,-4.40,3.64,-1.56,1.05
64313.5939,-4.39,3.65,-1.56,1.05
64313.6259,-4.39,3.66,-1.56,1.05
64313.6580,-4.39,3.67,-1.56,1.05
64313.6900,-4.39,3.67,-1.56,1.05
64313.7140,-4.39,3.68,-1.56,1.04
64313.7457,-4.39,3.68,-1.56,1.04
64313.7775,-4.39,3.69,-1.56,1.04
64313.8099,-4.39,3.69,-1.56,1.04
64313.8414,-4.39,3.69,-1.56,1.03
64313.8732,-4.39,3.70,-1.56,1.03
64313.9129,-4.39,3.70,-1.56,1.03
64313.9443,-4.39,3.71,-1.56,1.03
64313.9760,-4.39,3.71,-1.55,1.02
64314.0079,-4.39,3.71,-1.56,1.02
64314.0474,-4.39,3.72,-1.56,1.02
64314.0791,-4.39,3.72,-1.56,1.02
64314.1107,-4.39,3.73,-1.56,1.01
64314.1426,-4.39,3.73,-1.56,1.01
64314.1743,-4.39,3.73,-1.56,1.01
64314.1980,-4.39,3.74,-1.56,1.01
64314.2294,-4.38,3.74,-1.56,1.01
64314.2611,-4.38,3.74,-1.56,1.01
64314.2930,-4.38,3.74,-1.56,1.01
64314.3244,-4.38,3.75,-1.56,1.01
64314.3637,-4.38,3.75,-1.56,1.01
64314.3957,-4.38,3.75,-1.55,1.00
64314.4277,-4.38,3.75,-1.55,1.00
64314.4596,-4.38,3.75,-1.55,1.00
64314.4914,-4.38,3.75,-1.55,0.99
64314.5230,-4.38,3.75,-1.55,0.99
64314.5620,-4.38,3.75,-1.55,0.99
64314.5940,-4.38,3.75,-1.55,0.98
64314.6257,-4.38,3.75,-1.55,0.98
64314.6572,-4.38,3.75,-1.55,0.98
64314.6812,-4.38,3.75,-1.55,0.98
64314.7129,-4.38,3.75,-1.55,0.97
64314.7448,-4.39,3.75,-1.55,0.97
64314.7767,-4.39,3.75,-1.55,0.97
64314.8087,-4.39,3.75,-1.55,0.97
64314.8401,-4.39,3.75,-1.55,0.97
64314.8795,-4.39,3.75,-1.55,0.97
64314.9107,-4.39,3.75,-1.55,0.97
64314.9423,-4.39,3.75,-1.55,0.97
64314.9743,-4.39,3.76,-1.55,0.96
64314.9981,-4.39,3.76,-1.55,0.96
64315.0296,-4.39,3.76,-1.55,0.96
64315.0616,-4.39,3.76,-1.55,0.96
64315.0936,-4.38,3.76,-1.55,0.96
64315.1250,-4.38,3.76,-1.55,0.96
64315.1564,-4.38,3.76,-1.55,0.96
64315.1797,-4.38,3.76,-1.55,0.96
64315.2112,-4.38,3.76,-1.55,0.95
64315.2430,-4.38,3.76,-1.55,0.95
64315.2749,-4.38,3.76,-1.55,0.95
64315.3067,-4.38,3.77,-1.55,0.95
64315.3461,-4.39,3.77,-1.55,0.95
64315.3772,-4.39,3.77,-1.55,0.95
64315.4089,-4.39,3.77,-1.54,0.95
64315.4411,-4.40,3.78,-1.54,0.94
64315.4649,-4.40,3.78,-1.54,0.94
64315.4963,-4.40,3.78,-1.53,0.94
64315.5281,-4.40,3.78,-1.53,0.94
64315.5601,-4.41,3.78,-1.53,0.94
64315.5920,-4.41,3.78,-1.53,0.94
64315.6238,-4.41,3.79,-1.53,0.93
64315.6481,-4.41,3.79,-1.53,0.93
64315.6794,-4.41,3.80,-1.53,0.93
64315.7114,-4.41,3.80,-1.53,0.93
64315.7432,-4.41,3.80,-1.53,0.92
64315.7751,-4.41,3.78,-1.54,0.91
64315.8066,-4.41,3.78,-1.54,0.90
64315.8465,-4.40,3.78,-1.55,0.90
64315.8788,-4.40,3.78,-1.55,0.89
64315.9106,-4.39,3.77,-1.55,0.89
64315.9418,-4.39,3.77,-1.55,0.89
64315.9735,-4.38,3.77,-1.55,0.89
64315.9972,-4.38,3.77,-1.55,0.89
64316.0289,-4.37,3.77,-1.55,0.89
64316.0603,-4.37,3.77,-1.55,0.89
64316.0926,-4.37,3.76,-1.55,0.89
64316.1246,-4.37,3.76,-1.55,0.89
64316.1482,-4.37,3.76,-1.55,0.89
64316.1804,-4.37,3.76,-1.55,0.89
64316.2117,-4.36,3.76,-1.55,0.89
64316.2443,-4.36,3.76,-1.55,0.90
64316.2754,-4.36,3.76,-1.55,0.90
64316.3074,-4.36,3.76,-1.55,0.90
64316.3471,-4.36,3.76,-1.55,0.90
64316.3790,-4.36,3.76,-1.55,0.90
64316.4108,-4.36,3.76,-1.55,0.90
64316.4423,-4.36,3.76,-1.55,0.90
64316.4740,-4.36,3.76,-1.55,0.90
64316.4986,-4.36,3.76,-1.55,0.91
64316.5297,-4.36,3.76,-1.55,0.91
64316.5617,-4.36,3.77,-1.55,0.91
64316.5935,-4.36,3.77,-1.55,0.91
64316.6253,-4.36,3.77,-1.55,0.91
64316.6572,-4.36,3.77,-1.54,0.92
64316.6813,-4.36,3.77,-1.54,0.92
64316.7127,-4.35,3.77,-1.54,0.92
64316.7443,-4.35,3.77,-1.54,0.92
64316.7761,-4.35,3.77,-1.54,0.92
64316.8078,-4.35,3.76,-1.54,0.92
64316.8394,-4.35,3.76,-1.54,0.92
64316.8793,-4.35,3.76,-1.54,0.92
64316.9111,-4.35,3.76,-1.53,0.92
64316.9437,-4.35,3.76,-1.53,0.91
64316.9746,-4.34,3.76,-1.53,0.91
64316.9983,-4.34,3.75,-1.53,0.91
64317.0299,-4.34,3.75,-1.53,0.91
64317.0615,-4.34,3.75,-1.53,0.91
64317.0937,-4.34,3.75,-1.53,0.92
64317.1253,-4.34,3.75,-1.53,0.92
64317.1569,-4.33,3.75,-1.53,0.92
64317.1814,-4.33,3.74,-1.53,0.92
64317.2129,-4.33,3.74,-1.53,0.93
64317.2440,-4.33,3.74,-1.53,0.93
64317.2752,-4.33,3.74,-1.53,0.93
64317.3073,-4.33,3.74,-1.53,0.93
64317.3472,-4.32,3.74,-1.53,0.93
64317.3791,-4.33,3.74,-1.53,0.94
64317.4104,-4.33,3.73,-1.53,0.94
64317.4420,-4.33,3.73,-1.53,0.94
64317.4733,-4.32,3.73,-1.53,0.94
64317.4970,-4.32,3.73,-1.53,0.94
64317.5289,-4.32,3.73,-1.53,0.94
64317.5606,-4.32,3.72,-1.53,0.94
64317.5929,-4.31,3.72,-1.53,0.94
64317.6245,-4.31,3.72,-1.53,0.94
64317.6635,-4.31,3.72,-1.53,0.93
64317.7109,-4.31,3.72,-1.53,0.93
64317.7422,-4.31,3.72,-1.53,0.93
64317.7742,-4.30,3.72,-1.52,0.93
64317.8138,-4.30,3.72,-1.52,0.93
64317.8456,-4.30,3.72,-1.52,0.93
64317.8775,-4.30,3.72,-1.52,0.93
64317.9091,-4.30,3.72,-1.52,0.93
64317.9409,-4.30,3.72,-1.52,0.93
64317.9645,-4.30,3.73,-1.52,0.93
64317.9957,-4.30,3.73,-1.53,0.93
64318.0278,-4.30,3.73,-1.53,0.93
64318.0596,-4.30,3.73,-1.53,0.93
64318.0914,-4.30,3.73,-1.53,0.93
64318.1307,-4.30,3.73,-1.53,0.93
64318.1625,-4.30,3.73,-1.53,0.93
64318.1941,-4.30,3.73,-1.53,0.93
64318.2254,-4.30,3.73,-1.53,0.92
64318.2573,-4.30,3.73,-1.54,0.92
64318.2973,-4.31,3.73,-1.54,0.92
64318.3289,-4.31,3.73,-1.54,0.92
64318.3606,-4.31,3.73,-1.54,0.92
64318.3923,-4.31,3.72,-1.54,0.92
64318.4236,-4.31,3.72,-1.54,0.92
64318.4475,-4.32,3.72,-1.54,0.92
64318.4795,-4.32,3.72,-1.54,0.92
64318.5107,-4.32,3.72,-1.54,0.91
64318.5425,-4.32,3.72,-1.54,0.91
64318.5745,-4.32,3.72,-1.54,0.91
64318.6137,-4.32,3.72,-1.54,0.91
64318.6454,-4.32,3.72,-1.54,0.90
64318.6769,-4.32,3.72,-1.54,0.90
64318.7084,-4.32,3.72,-1.54,0.90
64318.7404,-4.33,3.72,-1.54,0.89
64318.7638,-4.33,3.72,-1.54,0.89
64318.7955,-4.33,3.72,-1.54,0.89
64318.8273,-4.33,3.72,-1.54,0.89
64318.8596,-4.33,3.72,-1.54,0.88
64318.8905,-4.33,3.71,-1.54,0.88
64318.9144,-4.33,3.71,-1.54,0.88
64318.9459,-4.33,3.71,-1.54,0.87
64318.9777,-4.33,3.71,-1.54,0.87
64319.0093,-4.34,3.71,-1.54,0.87
64319.0411,-4.34,3.71,-1.54,0.87
64319.0712,-4.34,3.71,-1.54,0.87
64319.1125,-4.34,3.71,-1.54,0.87
64319.1440,-4.34,3.71,-1.54,0.86
64319.1662,-4.34,3.71,-1.54,0.86
64319.1994,-4.34,3.71,-1.54,0.86
64319.2314,-4.34,3.71,-1.54,0.86
64319.2629,-4.34,3.71,-1.54,0.86
64319.2950,-4.34,3.71,-1.54,0.86
64319.3269,-4.34,3.71,-1.54,0.86
64319.3582,-4.34,3.71,-1.54,0.86
64319.3898,-4.34,3.71,-1.55,0.86
64319.4177,-4.35,3.71,-1.55,0.86
64319.4452,-4.35,3.71,-1.55,0.86
64319.4772,-4.35,3.70,-1.55,0.86
64319.5092,-4.35,3.70,-1.55,0.86
64319.5416,-4.35,3.70,-1.55,0.86
64319.5737,-4.35,3.70,-1.55,0.86
64319.6075,-4.35,3.70,-1.55,0.86
64319.6455,-4.35,3.71,-1.55,0.86
64319.6653,-4.35,3.71,-1.55,0.86
64319.6982,-4.35,3.71,-1.56,0.86
64319.7561,-4.35,3.71,-1.56,0.86
64319.7696,-4.35,3.70,-1.56,0.86
64319.7974,-4.35,3.70,-1.56,0.86
64319.8287,-4.36,3.70,-1.56,0.86
64319.8604,-4.36,3.70,-1.56,0.86
64319.8921,-4.36,3.70,-1.56,0.86
64319.9238,-4.36,3.70,-1.56,0.86
64319.9477,-4.36,3.70,-1.56,0.86
64319.9795,-4.36,3.70,-1.56,0.86
64320.0116,-4.36,3.70,-1.56,0.86
64320.0429,-4.36,3.70,-1.56,0.86
64320.0747,-4.36,3.70,-1.56,0.86
64320.1067,-4.36,3.70,-1.56,0.86
64320.1473,-4.36,3.70,-1.56,0.86
64320.1683,-4.36,3.70,-1.56,0.86
64320.2058,-4.36,3.70,-1.56,0.86
64320.2421,-4.37,3.70,-1.56,0.86
64320.2736,-4.37,3.70,-1.56,0.86
64320.3045,-4.37,3.70,-1.57,0.86
64320.3456,-4.37,3.70,-1.57,0.86
64320.3778,-4.37,3.70,-1.57,0.86
64320.4096,-4.37,3.70,-1.57,0.87
64320.4319,-4.37,3.70,-1.57,0.87
64320.4652,-4.37,3.70,-1.57,0.87
64320.4968,-4.37,3.70,-1.57,0.87
64320.5275,-4.37,3.70,-1.57,0.87
64320.5607,-4.37,3.70,-1.57,0.87
64320.5926,-4.37,3.70,-1.57,0.88
64320.6248,-4.37,3.71,-1.57,0.88
64320.6566,-4.37,3.71,-1.57,0.88
64320.6806,-4.37,3.71,-1.57,0.88
64320.7124,-4.37,3.71,-1.57,0.88
64320.7443,-4.37,3.71,-1.57,0.88
64320.7759,-4.37,3.71,-1.57,0.88
64320.8076,-4.37,3.71,-1.56,0.88
64320.8370,-4.37,3.71,-1.56,0.88
64320.8796,-4.37,3.71,-1.56,0.88
64320.9109,-4.37,3.71,-1.56,0.88
64320.9358,-4.37,3.71,-1.56,0.88
64320.9647,-4.37,3.70,-1.56,0.88
64320.9977,-4.37,3.70,-1.56,0.88
64321.0288,-4.37,3.70,-1.56,0.88
64321.0605,-4.37,3.70,-1.56,0.88
64321.0886,-4.37,3.70,-1.56,0.88
64321.1242,-4.37,3.70,-1.56,0.87
64321.1560,-4.36,3.70,-1.56,0.87
64321.1804,-4.36,3.70,-1.56,0.87
64321.2123,-4.36,3.70,-1.56,0.87
64321.2439,-4.36,3.70,-1.56,0.87
64321.2753,-4.36,3.70,-1.55,0.87
64321.3073,-4.36,3.70,-1.55,0.87
64321.3472,-4.36,3.70,-1.55,0.87
64321.3791,-4.36,3.70,-1.55,0.87
64321.4105,-4.36,3.70,-1.54,0.87
64321.4426,-4.36,3.71,-1.54,0.87
64321.4740,-4.35,3.71,-1.54,0.87
64321.4980,-4.36,3.71,-1.53,0.87
64321.5292,-4.35,3.71,-1.53,0.87
64321.5609,-4.35,3.71,-1.53,0.88
64321.5926,-4.35,3.71,-1.53,0.88
64321.6170,-4.35,3.71,-1.53,0.88
64321.6632,-4.34,3.71,-1.53,0.88
64321.6943,-4.34,3.71,-1.53,0.89
64321.7264,-4.34,3.71,-1.53,0.89
64321.7584,-4.34,3.71,-1.53,0.89
64321.7901,-4.33,3.71,-1.52,0.89
64321.8293,-4.33,3.70,-1.53,0.89
64321.8613,-4.34,3.64,-1.53,0.87
64321.8928,-4.50,3.43,-1.42,0.83
64321.9247,-4.63,3.23,-1.43,0.82
64321.9565,-4.77,3.10,-1.47,0.80
64321.9804,-4.83,3.02,-1.47,0.79
64322.0119,-4.72,3.06,-1.45,0.76
64322.0436,-4.50,3.14,-1.42,0.77
64322.0755,-3.88,3.30,-1.40,0.84
64322.1062,-3.15,3.51,-1.38,0.98
64322.1460,-1.47,3.99,-1.07,1.51
64322.1776,0.39,4.47,-0.62,1.97
64322.2095,3.00,5.07,0.26,2.61
64322.2414,5.78,5.72,1.26,3.26
64322.2726,9.21,6.51,2.37,4.08
64322.2970,12.66,7.39,3.41,4.87
64322.3287,16.55,8.48,4.42,5.77
64322.3606,20.22,9.69,5.42,6.58
64322.3920,23.75,11.07,6.36,7.35
64322.4234,26.80,12.38,7.14,7.92
64322.4481,29.34,13.51,7.81,8.26
64322.4803,31.43,14.41,8.42,8.49
64322.5113,32.97,14.87,8.99,8.49
64322.5440,34.06,15.02,9.71,8.33
64322.5756,34.92,15.22,10.31,8.13
64322.6075,35.52,15.29,10.89,7.90
64322.6470,35.87,15.27,11.47,7.61
64322.6792,36.10,15.24,11.99,7.37
64322.7111,36.19,15.31,12.49,7.21
64322.7423,36.22,15.42,12.94,7.06
64322.7746,36.03,15.57,13.40,6.97
64322.8065,35.57,15.79,13.90,6.95
64322.8465,35.00,16.05,14.38,6.90
64322.8778,34.14,16.46,14.93,7.03
64322.9095,33.00,16.93,15.52,7.23
64322.9415,31.82,17.37,16.05,7.34
64322.9735,30.40,17.85,16.55,7.64
64322.9972,28.96,18.31,16.96,7.82
64323.0282,27.27,18.73,17.20,8.16
64323.0604,25.59,19.10,17.32,8.35
64323.0923,23.69,19.39,17.29,8.57
64323.1237,21.85,19.62,17.21,8.75
64323.1635,19.90,19.74,17.00,8.92
64323.1958,17.90,19.73,16.65,9.08
64323.2276,15.92,19.58,16.19,9.24
64323.2597,14.10,19.41,15.70,9.28
64323.2916,12.29,19.16,15.01,9.38
64323.3230,10.42,18.84,14.01,9.47
64323.3628,8.65,18.52,13.00,9.40
64323.3946,6.88,18.14,11.71,9.33
64323.4190,5.29,17.78,10.28,9.19
64323.4468,3.74,17.36,8.46,9.06
64323.4788,2.30,16.90,6.80,8.87
64323.5104,1.04,16.49,5.31,8.64
64323.5428,-0.11,16.08,3.92,8.38
64323.5747,-1.09,15.71,2.71,8.09
64323.6062,-1.96,15.34,1.65,7.79
64323.6458,-2.75,14.96,0.75,7.48
64323.6772,-3.42,14.61,-0.01,7.16
64323.7087,-3.99,14.21,-0.64,6.82
64323.7405,-4.48,13.79,-1.18,6.47
64323.7642,-4.88,13.26,-1.65,6.10
64323.7957,-5.21,12.72,-2.05,5.75
64323.8274,-5.47,12.15,-2.41,5.39
64323.8597,-5.67,11.63,-2.73,5.07
64323.8914,-5.60,11.12,-3.12,4.74
64323.9227,-5.17,10.72,-3.64,4.20
64323.9467,-4.62,10.46,-4.07,3.71
64323.9778,-3.96,10.34,-4.43,3.38
64324.0096,-2.94,10.54,-4.54,2.96
64324.0413,-1.52,11.06,-4.36,2.69
64324.0813,0.35,11.90,-3.93,2.68
64324.1128,2.32,12.80,-3.33,2.92
64324.1447,4.79,13.84,-2.47,3.36
64324.1759,7.28,14.87,-1.66,3.86
64324.2000,9.77,15.88,-0.90,4.37
64324.2305,12.57,16.95,-0.07,4.96
64324.2622,15.60,18.06,0.88,5.59
64324.2932,18.44,19.16,1.80,6.11
64324.3251,21.30,20.33,2.70,6.68
64324.3569,23.94,21.50,3.56,7.13
64324.3876,26.59,22.70,4.51,7.60
64324.4284,29.08,23.94,5.45,8.02
64324.4593,31.26,25.10,6.28,8.33
64324.4906,33.13,26.16,7.01,8.56
64324.5143,34.69,27.08,7.65,8.73
64324.5456,35.99,27.86,8.20,8.83
64324.5775,37.07,28.52,8.66,8.90
64324.6093,37.92,28.98,9.02,8.88
64324.6407,38.57,29.29,9.29,8.88
64324.6648,38.94,29.31,9.45,8.75
64324.6957,39.10,29.16,9.54,8.66
64324.7268,38.84,28.68,9.48,8.44
64324.7645,38.12,27.88,9.28,8.20
64324.7973,37.26,27.03,9.03,8.00
64324.8283,36.03,26.01,8.61,7.81
64324.8591,34.50,24.87,8.08,7.66
64324.8912,32.94,23.82,7.58,7.59
64324.9143,31.35,22.88,7.11,7.49
64324.9459,29.45,21.97,6.54,7.57
64324.9780,27.57,21.18,5.94,7.57
64325.0099,25.52,20.43,5.24,7.72
64325.0414,23.36,19.73,4.47,7.90
64325.0734,21.31,19.13,3.71,7.96
64325.1129,19.21,18.56,2.90,8.12
64325.1444,17.09,18.05,2.03,8.27
64325.1760,15.11,17.63,1.18,8.27
64325.2080,13.06,17.30,0.13,8.39
64325.2392,11.03,17.06,-1.00,8.49
64325.2633,9.30,16.90,-1.96,8.42
64325.2951,7.62,16.80,-2.93,8.36
64325.3225,6.07,16.73,-3.80,8.30
64325.3628,4.68,16.68,-4.59,8.20
64325.3943,3.45,16.65,-5.28,8.04
64325.4262,2.34,16.64,-5.92,7.88
64325.4506,1.39,16.65,-6.46,7.70
64325.4910,0.56,16.65,-6.93,7.49
64325.5227,-0.14,16.66,-7.34,7.26
64325.5467,-0.73,16.67,-7.69,7.03
64325.5783,-1.22,16.68,-7.98,6.79
64325.6104,-1.63,16.68,-8.23,6.56
64325.6421,-1.97,16.69,-8.45,6.33
64325.6739,-2.26,16.70,-8.63,6.12
64325.6980,-2.47,16.71,-8.78,5.92
64325.7295,-2.56,16.72,-8.88,5.69
64325.7613,-2.39,16.74,-8.88,5.44
64325.7934,-2.10,16.77,-8.82,5.29
64325.8249,-1.49,16.84,-8.60,5.03
64325.8561,-0.48,17.00,-8.17,4.78
64325.8948,0.64,17.20,-7.69,4.71
64325.9266,2.09,17.51,-7.07,4.57
64325.9581,3.58,17.85,-6.46,4.52
64325.9823,5.41,18.29,-5.75,4.55
64326.0138,7.23,18.76,-5.05,4.71
64326.0454,9.32,19.32,-4.24,4.89
64326.0777,11.41,19.91,-3.42,5.12
64326.1097,13.77,20.58,-2.48,5.43
64326.1414,16.29,21.32,-1.53,5.79
64326.1737,18.65,22.06,-0.67,6.15
64326.1975,20.90,22.82,0.14,6.50
64326.2292,23.28,23.68,0.96,6.88
64326.2611,25.51,24.56,1.73,7.22
64326.2930,27.85,25.55,2.55,7.61
64326.3236,30.17,26.63,3.41,8.00
64326.3636,32.32,27.69,4.23,8.34
64326.3954,34.17,28.63,4.94,8.61
64326.4273,35.74,29.46,5.55,8.80
64326.4581,37.07,30.19,6.08,8.96
64326.4831,38.20,30.84,6.54,9.07
64326.5133,39.15,31.40,6.92,9.16
64326.5451,39.93,31.88,7.26,9.24
64326.5771,40.58,32.29,7.54,9.32
64326.6086,41.12,32.64,7.78,9.39
64326.6472,41.52,32.87,7.97,9.46
64326.6792,41.79,32.98,8.09,9.52
64326.7110,41.96,33.03,8.19,9.57
64326.7428,41.96,32.84,8.14,9.59
64326.7745,41.85,32.47,7.96,9.59
64326.8139,41.41,31.80,7.66,9.53
64326.8455,40.57,30.78,7.28,9.38
64326.8765,39.33,29.51,6.84,9.21
64326.9083,38.02,28.28,6.40,9.06
64326.9400,36.35,26.94,5.76,8.94
64326.9642,34.64,25.70,5.06,8.87
64326.9962,32.61,24.48,4.18,8.96
64327.0280,30.60,23.42,3.31,9.10
64327.0597,28.41,22.43,2.35,9.15
64327.0915,26.32,21.56,1.43,9.19
64327.1231,24.12,20.71,0.47,9.22
64327.1623,21.89,19.87,-0.53,9.24
64327.1940,19.80,19.14,-1.46,9.23
64327.2256,17.67,18.47,-2.43,9.22
64327.2578,15.70,17.92,-3.33,9.08
64327.2965,13.74,17.47,-4.30,8.96
64327.3283,11.83,17.10,-5.32,8.91
64327.3600,10.01,16.80,-6.32,8.89
64327.3919,8.41,16.56,-7.19,8.75
64327.4235,7.01,16.33,-7.96,8.57
64327.4522,5.81,16.14,-8.63,8.35
64327.4793,4.79,15.95,-9.20,8.09
64327.5110,3.93,15.80,-9.69,7.82
64327.5425,3.19,15.70,-10.11,7.55
64327.5725,2.56,15.61,-10.46,7.27
64327.6128,2.02,15.54,-10.76,7.00
64327.6447,1.55,15.46,-11.02,6.73
64327.6763,1.15,15.41,-11.23,6.48
64327.7082,0.80,15.35,-11.42,6.23
64327.7400,0.51,15.30,-11.57,6.00
64327.7635,0.26,15.26,-11.71,5.79
64327.7944,0.06,15.22,-11.82,5.59
64327.8250,-0.10,15.20,-11.92,5.40
64327.8566,-0.24,15.19,-12.01,5.23
64327.8959,-0.34,15.18,-12.08,5.07
64327.9274,-0.42,15.16,-12.15,4.92
64327.9596,-0.49,15.14,-12.21,4.79
64327.9853,-0.54,15.11,-12.26,4.67
64328.0227,-0.58,15.06,-12.30,4.56
64328.0463,-0.60,15.00,-12.34,4.45
64328.0780,-0.62,14.94,-12.39,4.35
64328.1092,-0.63,14.83,-12.43,4.25
64328.1327,-0.64,14.70,-12.48,4.15
64328.1641,-0.64,14.55,-12.52,4.09
64328.1959,-0.61,14.24,-12.58,3.90
64328.2277,-0.59,13.90,-12.64,3.76
64328.2589,-0.57,13.42,-12.70,3.54
64328.2902,-0.57,12.91,-12.77,3.38
64328.3309,-0.58,12.28,-12.86,3.18
64328.3621,-0.58,11.58,-12.95,2.98
64328.3939,-0.59,10.87,-13.05,2.76
64328.4248,-0.60,10.22,-13.15,2.60
64328.4560,-0.66,9.62,-13.25,2.47
64328.4804,-0.73,9.09,-13.34,2.37
64328.5120,-0.79,8.63,-13.43,2.29
64328.5440,-0.83,8.23,-13.51,2.24
64328.5752,-0.87,7.90,-13.57,2.21
64328.6064,-0.91,7.63,-13.63,2.22
64328.6457,-0.94,7.38,-13.68,2.21
64328.6773,-0.97,7.18,-13.72,2.23
64328.7089,-0.99,7.01,-13.76,2.26
64328.7405,-1.02,6.87,-13.76,2.31
64328.7640,-1.04,6.76,-13.75,2.36
64328.7951,-1.02,6.64,-13.77,2.38
64328.8282,-1.00,6.50,-13.80,2.39
64328.8599,-0.97,6.34,-13.84,2.36
64328.8919,-0.95,6.19,-13.89,2.33
64328.9241,-0.89,6.05,-13.99,2.31
64328.9482,-0.83,5.92,-14.08,2.28
64328.9798,-0.76,5.79,-14.18,2.25
64329.0114,-0.70,5.68,-14.27,2.24
64329.0431,-0.66,5.58,-14.34,2.23
64329.0754,-0.62,5.49,-14.40,2.23
64329.1070,-0.59,5.42,-14.46,2.23
64329.1469,-0.57,5.32,-14.52,2.23
64329.1786,-0.55,5.23,-14.57,2.24
64329.2107,-0.54,5.17,-14.62,2.25
64329.2428,-0.52,5.12,-14.66,2.27
64329.2744,-0.51,5.08,-14.69,2.29
64329.3067,-0.50,5.04,-14.71,2.31
64329.3461,-0.49,5.01,-14.73,2.33
64329.3779,-0.49,4.98,-14.74,2.36
64329.4099,-0.48,4.95,-14.76,2.38
64329.4417,-0.48,4.93,-14.77,2.40
64329.4732,-0.48,4.91,-14.77,2.41
64329.4964,-0.49,4.89,-14.78,2.42
64329.5283,-0.50,4.87,-14.78,2.43
64329.5602,-0.52,4.85,-14.79,2.44
64329.5915,-0.52,4.83,-14.80,2.44
64329.6233,-0.52,4.81,-14.80,2.45
64329.6627,-0.52,4.80,-14.81,2.46
64329.6948,-0.52,4.78,-14.82,2.46
64329.7268,-0.51,4.75,-14.83,2.47
64329.7585,-0.51,4.72,-14.84,2.48
64329.7900,-0.50,4.69,-14.84,2.49
64329.8293,-0.52,4.63,-14.86,2.48
64329.8612,-0.56,4.55,-14.88,2.45
64329.8931,-0.57,4.49,-14.90,2.44
64329.9249,-0.58,4.44,-14.91,2.44
64329.9563,-0.60,4.41,-14.92,2.43
64329.9808,-0.63,4.37,-14.92,2.43
64330.0121,-0.65,4.35,-14.93,2.43
64330.0443,-0.67,4.35,-14.93,2.43
64330.0756,-0.69,4.34,-14.93,2.43
64330.1076,-0.70,4.33,-14.93,2.44
64330.1391,-0.72,4.32,-14.93,2.44
64330.1636,-0.74,4.31,-14.94,2.45
64330.1952,-0.75,4.30,-14.94,2.45
64330.2270,-0.77,4.29,-14.94,2.45
64330.2586,-0.77,4.30,-14.95,2.46
64330.2906,-0.75,4.33,-14.95,2.47
64330.3301,-0.74,4.36,-14.96,2.48
64330.3618,-0.73,4.39,-14.96,2.49
64330.3936,-0.72,4.43,-14.97,2.50
64330.4254,-0.70,4.46,-14.97,2.51
64330.4571,-0.70,4.49,-14.98,2.52
64330.4812,-0.70,4.51,-14.98,2.52
64330.5130,-0.70,4.52,-14.98,2.52
64330.5443,-0.69,4.56,-14.98,2.53
64330.5765,-0.69,4.60,-14.98,2.55
64330.6084,-0.69,4.65,-14.97,2.56
64330.6399,-0.69,4.70,-14.96,2.57
64330.6793,-0.69,4.74,-14.95,2.58
64330.7109,-0.70,4.78,-14.95,2.59
64330.7429,-0.71,4.81,-14.94,2.59
64330.7743,-0.73,4.81,-14.93,2.58
64330.8136,-0.76,4.82,-14.93,2.58
64330.8452,-0.78,4.82,-14.94,2.57
64330.8776,-0.80,4.83,-14.94,2.56
64330.9101,-0.82,4.83,-14.95,2.55
64330.9421,-0.83,4.84,-14.97,2.55
64330.9737,-0.85,4.85,-14.98,2.54
64330.9979,-0.86,4.85,-14.99,2.53
64331.0299,-0.87,4.85,-14.99,2.52
64331.0614,-0.88,4.86,-15.00,2.52
64331.0936,-0.89,4.87,-15.00,2.52
64331.1253,-0.89,4.88,-15.00,2.52
64331.1576,-0.88,4.89,-15.01,2.51
64331.1816,-0.88,4.89,-15.01,2.51
64331.2137,-0.88,4.90,-15.02,2.51
64331.2451,-0.88,4.90,-15.02,2.51
64331.2766,-0.89,4.91,-15.02,2.51
64331.3088,-0.89,4.92,-15.02,2.50
64331.3410,-0.90,4.92,-15.02,2.50
64331.3810,-0.91,4.93,-15.02,2.49
64331.4133,-0.91,4.94,-15.01,2.48
64331.4452,-0.92,4.96,-15.01,2.48
64331.4776,-0.91,4.97,-15.01,2.48
64331.5089,-0.91,4.98,-15.01,2.48
64331.5409,-0.91,4.99,-15.01,2.47
64331.5807,-0.90,4.99,-15.01,2.47
64331.6124,-0.89,4.99,-15.01,2.46
64331.6443,-0.90,5.01,-15.01,2.46
64331.6772,-0.90,5.03,-14.99,2.45
64331.7091,-0.91,5.05,-14.98,2.45
64331.7411,-0.91,5.08,-14.96,2.44
64331.7730,-0.91,5.11,-14.95,2.43
64331.8136,-0.90,5.12,-14.94,2.43
64331.8453,-0.90,5.13,-14.93,2.42
64331.8772,-0.89,5.13,-14.93,2.41
64331.9091,-0.90,5.12,-14.94,2.40
64331.9407,-0.90,5.11,-14.94,2.38
64331.9646,-0.90,5.10,-14.94,2.38
64331.9966,-0.90,5.10,-14.94,2.37
64332.0280,-0.90,5.10,-14.95,2.36
64332.0601,-0.90,5.10,-14.95,2.36
64332.0928,-0.90,5.10,-14.96,2.36
64332.1250,-0.90,5.10,-14.96,2.35
64332.1573,-0.90,5.10,-14.96,2.35
64332.1815,-0.90,5.11,-14.97,2.35
64332.2140,-0.90,5.10,-14.97,2.35
64332.2455,-0.89,5.10,-14.98,2.34
64332.2780,-0.89,5.09,-14.99,2.34
64332.3099,-0.89,5.09,-15.00,2.34
64332.3417,-0.89,5.08,-15.00,2.34
64332.3734,-0.90,5.08,-15.00,2.34
64332.4136,-0.91,5.09,-15.00,2.34
64332.4474,-0.93,5.10,-14.99,2.34
64332.4772,-0.94,5.09,-14.99,2.33
64332.5093,-0.96,5.10,-14.99,2.33
64332.5407,-0.97,5.10,-14.99,2.33
64332.5805,-0.96,5.10,-14.99,2.33
64332.6131,-0.95,5.11,-14.99,2.33
64332.6446,-0.93,5.11,-14.99,2.33
64332.6765,-0.92,5.11,-15.00,2.33
64332.7085,-0.92,5.12,-15.00,2.33
64332.7404,-0.91,5.13,-15.00,2.33
64332.7641,-0.91,5.13,-15.01,2.33
64332.7955,-0.90,5.12,-15.01,2.32
64332.8272,-0.91,5.11,-15.01,2.32
64332.8594,-0.93,5.11,-15.00,2.31
64332.8913,-0.94,5.12,-15.00,2.31
64332.9146,-0.95,5.12,-14.99,2.31
64332.9452,-0.94,5.13,-14.98,2.31
64332.9771,-0.94,5.14,-14.97,2.31
64333.0090,-0.92,5.15,-14.96,2.31
64333.0414,-0.91,5.16,-14.95,2.31
64333.0727,-0.89,5.16,-14.94,2.31
64333.1121,-0.89,5.16,-14.93,2.30
64333.1436,-0.90,5.15,-14.92,2.29
64333.1753,-0.92,5.14,-14.92,2.28
64333.2071,-0.93,5.11,-14.92,2.26
64333.2396,-0.94,5.10,-14.92,2.26
64333.2635,-0.95,5.09,-14.92,2.25
64333.2955,-0.95,5.07,-14.92,2.25
64333.3274,-0.95,5.06,-14.93,2.24
64333.3588,-0.95,5.05,-14.93,2.24
64333.3908,-0.95,5.05,-14.93,2.24
64333.4225,-0.94,5.04,-14.94,2.24
64333.4470,-0.93,5.03,-14.95,2.24
64333.4779,-0.91,5.02,-14.96,2.24
64333.5095,-0.90,5.02,-14.96,2.24
64333.5417,-0.90,5.02,-14.97,2.24
64333.5725,-0.89,5.03,-14.96,2.24
64333.6125,-0.89,5.05,-14.96,2.24
64333.6443,-0.88,5.07,-14.96,2.24
64333.6762,-0.88,5.09,-14.95,2.24
64333.7077,-0.88,5.10,-14.95,2.24
64333.7398,-0.88,5.11,-14.95,2.24
64333.7635,-0.88,5.12,-14.95,2.24
64333.7954,-0.88,5.12,-14.95,2.23
64333.8273,-0.88,5.11,-14.95,2.23
64333.8590,-0.89,5.10,-14.95,2.22
64333.8901,-0.92,5.10,-14.94,2.21
64333.9141,-0.93,5.09,-14.94,2.21
64333.9450,-0.94,5.09,-14.93,2.21
64333.9766,-0.95,5.10,-14.92,2.20
64334.0082,-0.95,5.10,-14.92,2.20
64334.0402,-0.96,5.11,-14.91,2.20
64334.0803,-0.97,5.10,-14.90,2.19
64334.1121,-0.98,5.09,-14.90,2.18
64334.1434,-0.99,5.08,-14.89,2.18
64334.1747,-1.00,5.08,-14.89,2.17
64334.2066,-1.01,5.07,-14.90,2.16
64334.2300,-1.01,5.06,-14.90,2.16
64334.2617,-1.01,5.05,-14.90,2.16
64334.2936,-1.00,5.05,-14.90,2.16
64334.3250,-0.99,5.05,-14.90,2.16
64334.3566,-0.98,5.05,-14.90,2.16
64334.3966,-0.96,5.05,-14.90,2.16
64334.4284,-0.95,5.05,-14.90,2.16
64334.4597,-0.94,5.04,-14.90,2.15
64334.4912,-0.94,5.05,-14.89,2.15
64334.5230,-0.95,5.05,-14.88,2.15
64334.5627,-0.95,5.05,-14.86,2.14
64334.5935,-0.95,5.06,-14.85,2.13
64334.6252,-0.95,5.06,-14.83,2.13
64334.6569,-0.94,5.07,-14.81,2.11
64334.6807,-0.95,5.06,-14.79,2.10
64334.7127,-0.96,5.06,-14.76,2.08
64334.7444,-0.98,5.05,-14.74,2.06
64334.7763,-1.00,5.03,-14.73,2.04
64334.8085,-1.02,5.01,-14.71,2.01
64334.8406,-1.06,4.98,-14.70,1.99
64334.8726,-1.10,4.95,-14.70,1.96
64334.9126,-1.14,4.90,-14.70,1.94
64334.9447,-1.18,4.87,-14.68,1.91
64334.9763,-1.23,4.83,-14.68,1.89
64335.0079,-1.27,4.78,-14.66,1.86
64335.0396,-1.31,4.74,-14.64,1.83
64335.0781,-1.36,4.70,-14.62,1.80
64335.1096,-1.40,4.64,-14.59,1.76
64335.1412,-1.43,4.57,-14.55,1.73
64335.1731,-1.45,4.51,-14.52,1.71
64335.1965,-1.47,4.46,-14.49,1.69
64335.2286,-1.47,4.42,-14.46,1.69
64335.2601,-1.48,4.39,-14.44,1.69
64335.2917,-1.47,4.37,-14.40,1.69
64335.3230,-1.45,4.36,-14.37,1.70
64335.3629,-1.43,4.34,-14.33,1.70
64335.3949,-1.38,4.32,-14.30,1.71
64335.4268,-1.33,4.29,-14.26,1.71
64335.4584,-1.28,4.27,-14.22,1.72
64335.4900,-1.26,4.28,-14.19,1.72
64335.5142,-1.24,4.29,-14.16,1.72
64335.5459,-1.22,4.30,-14.13,1.72
64335.5783,-1.19,4.31,-14.11,1.72
64335.6098,-1.17,4.32,-14.09,1.72
64335.6417,-1.14,4.34,-14.07,1.72
64335.6734,-1.12,4.36,-14.04,1.72
64335.6976,-1.10,4.39,-14.02,1.73
64335.7293,-1.09,4.41,-14.00,1.73
64335.7609,-1.09,4.42,-13.98,1.73
64335.7926,-1.09,4.43,-13.96,1.72
64335.8243,-1.09,4.44,-13.94,1.72
64335.8564,-1.11,4.43,-13.93,1.71
64335.8969,-1.12,4.43,-13.93,1.70
64335.9291,-1.12,4.44,-13.92,1.70
64335.9610,-1.10,4.45,-13.92,1.70
64335.9924,-1.09,4.45,-13.91,1.70
64336.0236,-1.10,4.45,-13.90,1.69
64336.0636,-1.10,4.45,-13.89,1.69
64336.0943,-1.10,4.45,-13.90,1.69
64336.1265,-1.07,4.45,-13.91,1.70
64336.1580,-1.05,4.45,-13.93,1.70
64336.1897,-1.05,4.44,-13.93,1.71
64336.2128,-1.05,4.43,-13.94,1.70
64336.2442,-1.07,4.42,-13.94,1.70
64336.2760,-1.08,4.40,-13.94,1.69
64336.3077,-1.10,4.39,-13.94,1.69
64336.3394,-1.12,4.39,-13.94,1.69
64336.3783,-1.11,4.41,-13.92,1.70
64336.4101,-1.11,4.43,-13.91,1.71
64336.4422,-1.11,4.44,-13.89,1.72
64336.4738,-1.11,4.45,-13.87,1.73
64336.4980,-1.12,4.45,-13.86,1.74
64336.5295,-1.13,4.45,-13.85,1.73
64336.5608,-1.14,4.44,-13.85,1.73
64336.5927,-1.15,4.43,-13.84,1.72
64336.6248,-1.15,4.41,-13.84,1.71
64336.6567,-1.16,4.37,-13.84,1.69
64336.6812,-1.13,4.29,-13.81,1.67
64336.7126,-1.10,4.20,-13.75,1.67
64336.7440,-0.98,4.14,-13.65,1.68
64336.7757,-0.81,4.07,-13.50,1.69
64336.8076,-0.48,3.99,-13.23,1.72
64336.8397,-0.07,3.93,-12.92,1.75
64336.8794,0.70,4.06,-12.45,1.95
64336.9113,1.47,4.25,-11.98,2.17
64336.9427,2.35,4.58,-11.55,2.43
64336.9735,3.16,4.93,-11.15,2.67
64336.9978,3.90,5.30,-10.80,2.82
64337.0287,4.51,5.70,-10.50,2.98
64337.0609,4.95,6.01,-10.26,3.04
64337.0927,5.28,6.26,-10.09,3.06
64337.1252,5.46,6.41,-10.01,3.03
64337.1569,5.55,6.51,-9.97,3.01
64337.1808,5.59,6.57,-9.96,2.97
64337.2127,5.59,6.60,-9.98,2.91
64337.2450,5.56,6.61,-10.02,2.85
64337.2769,5.54,6.60,-10.05,2.81
64337.3086,5.51,6.58,-10.10,2.76
64337.3394,5.43,6.53,-10.16,2.70
64337.3792,5.31,6.49,-10.22,2.65
64337.4111,5.18,6.45,-10.27,2.61
64337.4430,5.04,6.41,-10.32,2.57
64337.4745,4.91,6.39,-10.36,2.54
64337.5060,4.83,6.37,-10.40,2.51
64337.5302,4.77,6.35,-10.45,2.49
64337.5621,4.74,6.33,-10.51,2.47
64337.5939,4.73,6.33,-10.56,2.47
64337.6249,4.71,6.34,-10.59,2.45
64337.6569,4.68,6.33,-10.62,2.44
64337.6813,4.63,6.34,-10.63,2.43
64337.7131,4.58,6.33,-10.66,2.43
64337.7448,4.51,6.30,-10.68,2.41
64337.7762,4.43,6.26,-10.72,2.39
64337.8086,4.34,6.20,-10.76,2.37
64337.8379,4.26,6.14,-10.81,2.35
64337.8749,4.18,6.08,-10.85,2.33
64337.9101,4.11,6.02,-10.89,2.31
64337.9417,4.06,5.97,-10.93,2.30
64337.9735,4.03,5.93,-10.97,2.29
64337.9976,4.00,5.89,-11.00,2.29
64338.0291,3.98,5.87,-11.02,2.28
64338.0567,3.97,5.84,-11.05,2.28
64338.0901,3.95,5.82,-11.06,2.28
64338.1190,3.93,5.80,-11.08,2.29
64338.1608,3.91,5.77,-11.09,2.29
64338.1949,3.90,5.75,-11.10,2.30
64338.2266,3.89,5.73,-11.11,2.30
64338.2584,3.89,5.71,-11.13,2.32
64338.2903,3.88,5.69,-11.14,2.32
64338.3299,3.88,5.67,-11.15,2.33
64338.3619,3.87,5.64,-11.16,2.34
64338.3936,3.85,5.62,-11.17,2.34
64338.4250,3.85,5.61,-11.18,2.35
64338.4567,3.83,5.58,-11.19,2.36
64338.4808,3.82,5.55,-11.20,2.37
64338.5129,3.79,5.52,-11.22,2.37
64338.5447,3.76,5.48,-11.23,2.37
64338.5762,3.74,5.45,-11.25,2.38
64338.6145,3.71,5.38,-11.27,2.37
64338.6348,3.67,5.32,-11.30,2.36
64338.6789,3.62,5.24,-11.33,2.34
64338.7104,3.57,5.16,-11.36,2.33
64338.7420,3.50,5.06,-11.40,2.31
64338.7753,3.43,4.98,-11.43,2.30
64338.8140,3.37,4.88,-11.47,2.28
64338.8457,3.31,4.79,-11.51,2.26
64338.8774,3.26,4.70,-11.55,2.25
64338.9095,3.21,4.63,-11.58,2.24
64338.9410,3.17,4.57,-11.61,2.24
64338.9726,3.14,4.52,-11.63,2.24
64338.9965,3.11,4.48,-11.64,2.25
64339.0284,3.08,4.45,-11.66,2.25
64339.0603,3.07,4.42,-11.68,2.26
64339.0922,3.05,4.40,-11.68,2.25
64339.1246,3.05,4.37,-11.70,2.26
64339.1563,3.06,4.35,-11.71,2.27
64339.1800,3.07,4.34,-11.72,2.28
64339.2112,3.09,4.33,-11.73,2.30
64339.2428,3.11,4.31,-11.74,2.31
64339.2736,3.12,4.30,-11.75,2.33
64339.3131,3.12,4.29,-11.76,2.34
64339.3449,3.09,4.28,-11.77,2.34
64339.3761,3.06,4.26,-11.77,2.34
64339.4075,3.02,4.23,-11.78,2.34
64339.4389,2.99,4.22,-11.78,2.33
64339.4634,2.96,4.20,-11.79,2.33
64339.4951,2.94,4.19,-11.80,2.33
64339.5266,2.91,4.17,-11.80,2.32
64339.5581,2.88,4.17,-11.80,2.32
64339.5899,2.87,4.17,-11.80,2.32
64339.6298,2.86,4.18,-11.80,2.32
64339.6613,2.87,4.17,-11.81,2.31
64339.6931,2.86,4.16,-11.81,2.31
64339.7243,2.85,4.15,-11.81,2.30
64339.7494,2.84,4.14,-11.82,2.29
64339.7797,2.83,4.13,-11.82,2.28
64339.8116,2.82,4.12,-11.82,2.28
64339.8439,2.82,4.10,-11.82,2.26
64339.8756,2.81,4.10,-11.82,2.26
64339.9071,2.79,4.09,-11.82,2.25
64339.9305,2.78,4.09,-11.81,2.25
64339.9637,2.78,4.09,-11.81,2.25
64339.9952,2.80,4.10,-11.81,2.25
64340.0265,2.82,4.11,-11.80,2.25
64340.0583,2.84,4.12,-11.80,2.25
64340.0902,2.85,4.14,-11.80,2.24
64340.1303,2.86,4.14,-11.80,2.24
64340.1620,2.86,4.13,-11.80,2.23
64340.1937,2.86,4.12,-11.80,2.22
64340.2254,2.85,4.11,-11.80,2.21
64340.2576,2.84,4.10,-11.80,2.20
64340.2966,2.83,4.10,-11.79,2.18
64340.3277,2.83,4.09,-11.79,2.17
64340.3607,2.82,4.09,-11.79,2.17
64340.3921,2.82,4.09,-11.79,2.16
64340.4241,2.82,4.09,-11.80,2.15
64340.4473,2.82,4.07,-11.80,2.14
64340.4784,2.80,4.05,-11.81,2.12
64340.5098,2.78,4.03,-11.82,2.11
64340.5418,2.75,4.00,-11.82,2.09
64340.5737,2.73,3.97,-11.83,2.08
64340.6130,2.71,3.95,-11.84,2.07
64340.6446,2.70,3.94,-11.85,2.06
64340.6764,2.70,3.93,-11.86,2.06
64340.7084,2.70,3.93,-11.86,2.05
64340.7399,2.71,3.93,-11.87,2.06
64340.7644,2.71,3.93,-11.87,2.05
64340.7958,2.71,3.92,-11.87,2.05
64340.8278,2.69,3.91,-11.87,2.04
64340.8597,2.66,3.88,-11.87,2.02
64340.8915,2.64,3.86,-11.87,2.01
64340.9230,2.63,3.85,-11.86,2.00
64340.9465,2.63,3.86,-11.85,2.00
64340.9783,2.66,3.88,-11.84,2.01
64341.0106,2.70,3.91,-11.82,2.02
64341.0424,2.77,3.95,-11.79,2.04
64341.0741,2.84,4.01,-11.74,2.06
64341.1061,2.92,4.07,-11.69,2.07
64341.1458,3.03,4.14,-11.60,2.10
64341.1768,3.25,4.19,-11.43,2.13
64341.2090,3.49,4.25,-11.21,2.16
64341.2407,3.86,4.39,-10.87,2.26
64341.2644,4.29,4.55,-10.48,2.34
64341.2958,4.79,4.77,-10.03,2.38
64341.3274,5.54,5.14,-9.39,2.56
64341.3586,6.57,5.63,-8.50,2.78
64341.3903,7.73,6.14,-7.49,3.01
64341.4144,8.98,6.63,-6.40,3.22
64341.4457,10.56,7.16,-5.11,3.46
64341.4771,12.41,7.73,-3.76,3.81
64341.5089,14.50,8.32,-2.34,4.19
64341.5409,16.53,8.93,-1.01,4.55
64341.5728,18.50,9.57,0.20,4.83
64341.6113,20.59,10.30,1.38,5.15
64341.6431,22.74,11.07,2.49,5.49
64341.6747,24.89,11.80,3.52,5.82
64341.7065,26.87,12.50,4.42,6.07
64341.7307,28.67,13.15,5.22,6.27
64341.7621,30.40,13.77,5.91,6.45
64341.7941,31.93,14.34,6.52,6.59
64341.8256,33.27,14.86,7.04,6.68
64341.8571,34.39,15.32,7.50,6.73
64341.8963,35.31,15.72,7.87,6.74
64341.9282,36.07,16.06,8.20,6.74
64341.9596,36.69,16.37,8.48,6.73
64341.9916,37.15,16.64,8.73,6.72
64342.0232,37.50,16.86,8.95,6.71
64342.0632,37.70,17.00,9.15,6.67
64342.0944,37.71,17.06,9.31,6.62
64342.1259,37.62,17.07,9.41,6.58
64342.1572,37.30,16.96,9.43,6.53
64342.1891,36.89,16.80,9.37,6.47
64342.2131,36.36,16.57,9.24,6.41
64342.2449,35.49,16.16,8.96,6.34
64342.2767,34.53,15.69,8.65,6.27
64342.3082,33.27,15.03,8.19,6.18
64342.3399,31.70,14.20,7.60,6.09
64342.3803,29.91,13.27,6.88,6.01
64342.4121,27.91,12.34,5.96,6.10
64342.4438,25.97,11.54,4.99,6.10
64342.4754,23.84,10.85,3.88,6.31
64342.5075,21.82,10.27,2.86,6.39
64342.5391,19.75,9.73,1.94,6.57
64342.5791,17.70,9.23,1.09,6.65
64342.6108,15.76,8.72,0.39,6.75
64342.6426,14.05,8.26,-0.19,6.74
64342.6737,12.51,7.84,-0.78,6.70
64342.6975,11.17,7.49,-1.31,6.61
64342.7288,10.04,7.21,-1.77,6.44
64342.7603,9.02,6.95,-2.17,6.27
64342.7921,8.13,6.74,-2.54,6.08
64342.8231,7.35,6.57,-2.85,5.87
64342.8597,6.67,6.44,-3.11,5.67
64342.8961,6.07,6.35,-3.32,5.46
64342.9276,5.56,6.30,-3.48,5.26
64342.9511,5.11,6.25,-3.61,5.05
64342.9779,4.73,6.22,-3.72,4.84
64343.0139,4.39,6.18,-3.82,4.64
64343.0453,4.10,6.15,-3.90,4.44
64343.0775,3.86,6.12,-3.96,4.25
64343.1095,3.66,6.08,-4.01,4.07
64343.1414,3.50,6.05,-4.05,3.91
64343.1732,3.39,6.05,-4.09,3.74
64343.1973,3.32,6.05,-4.12,3.58
64343.2290,3.28,6.04,-4.14,3.46
64343.2604,3.34,6.06,-4.14,3.37
64343.2922,3.61,6.11,-4.05,3.19
64343.3240,3.98,6.20,-3.91,3.12
64343.3557,4.64,6.41,-3.66,2.96
64343.3960,5.66,6.73,-3.22,2.83
64343.4272,6.79,7.09,-2.71,2.89
64343.4590,8.42,7.57,-1.98,2.92
64343.4908,10.58,8.19,-1.02,3.10
64343.5154,12.80,8.82,-0.01,3.42
64343.5473,15.09,9.49,1.04,3.78
64343.5786,17.85,10.32,2.11,4.31
64343.6103,20.91,11.33,3.20,4.96
64343.6417,23.76,12.40,4.31,5.54
64343.6740,26.66,13.49,5.42,6.09
64343.6977,29.31,14.58,6.43,6.55
64343.7284,31.71,15.66,7.36,6.89
64343.7597,33.88,16.72,8.19,7.18
64343.7908,35.68,17.72,8.92,7.38
64343.8221,37.08,18.61,9.57,7.51
64343.8621,38.15,19.29,10.13,7.55
64343.8940,38.94,19.74,10.56,7.49
64343.9259,39.48,19.97,10.85,7.38
64343.9578,39.90,20.09,11.05,7.27
64343.9891,40.14,20.02,11.11,7.14
64344.0133,40.28,19.90,11.13,7.04
64344.0452,40.30,19.81,11.15,6.95
64344.0771,40.18,19.74,11.14,6.89
64344.1086,39.50,19.57,11.13,6.84
64344.1408,38.72,19.35,11.22,6.80
64344.1637,37.87,19.06,11.38,6.76
64344.1972,36.76,18.54,11.67,6.71
64344.2284,35.60,18.01,11.96,6.62
64344.2598,34.01,17.33,12.02,6.65
64344.2915,32.16,16.47,11.89,6.70
64344.3236,30.35,15.63,11.71,6.80
64344.3637,28.36,14.73,11.18,6.82
64344.3947,26.17,13.89,10.42,7.04
64344.4262,23.84,13.13,9.58,7.32
64344.4578,21.63,12.49,8.70,7.54
64344.4897,19.39,11.88,7.84,7.74
64344.5142,17.30,11.34,7.10,7.88
64344.5463,15.28,10.78,6.45,7.93
64344.5784,13.50,10.24,5.93,7.90
64344.6098,11.97,9.64,5.55,7.78
64344.6415,10.71,9.14,5.21,7.64
64344.6735,9.66,8.82,4.86,7.45
64344.6975,8.78,8.58,4.56,7.23
64344.7292,8.03,8.33,4.30,6.98
64344.7607,7.40,8.12,4.08,6.73
64344.7952,6.86,7.97,3.89,6.47
64344.8293,6.40,7.85,3.73,6.21
64344.8618,6.01,7.73,3.60,5.96
64344.8930,5.70,7.64,3.46,5.70
64344.9154,5.44,7.57,3.35,5.45
64344.9474,5.23,7.52,3.25,5.21
64344.9792,5.06,7.48,3.17,4.99
64345.0110,4.92,7.44,3.15,4.78
64345.0426,4.80,7.40,3.15,4.59
64345.0744,4.70,7.37,3.13,4.41
64345.1064,4.62,7.36,3.07,4.25
64345.1455,4.56,7.35,3.01,4.10
64345.1777,4.50,7.33,2.98,3.97
64345.2095,4.47,7.29,3.10,3.83
64345.2415,4.45,7.24,3.21,3.71
64345.2573,4.47,7.23,3.30,3.58
64345.2968,4.66,7.40,3.43,3.48
64345.3284,5.28,7.88,3.72,3.38
64345.3600,6.17,8.47,4.21,3.31
64345.3911,7.74,9.31,5.17,3.23
64345.4230,9.47,10.21,6.19,3.30
64345.4457,11.82,11.36,7.32,3.46
64345.4769,14.07,12.58,8.35,3.80
64345.5079,16.21,13.84,9.23,4.18
64345.5464,18.30,15.24,9.95,4.64
64345.5779,20.13,16.70,10.52,5.18
64345.6096,21.78,18.20,10.87,5.72
64345.6410,23.32,19.65,11.17,6.19
64345.6663,24.83,21.09,11.51,6.51
64345.6962,26.68,22.84,12.00,7.04
64345.7270,28.63,24.61,12.60,7.40
64345.7581,31.00,26.69,13.45,7.95
64345.7896,33.57,28.76,14.27,8.47
64345.8293,36.10,30.64,14.75,8.82
64345.8609,38.37,32.34,15.10,9.19
64345.8928,40.47,33.97,15.47,9.53
64345.9245,42.29,35.45,15.79,9.78
64345.9483,43.74,36.66,16.04,9.93
64345.9802,44.98,37.65,16.22,10.02
64346.0115,45.94,38.28,16.28,10.03
64346.0430,46.72,38.71,16.25,9.99
64346.0752,47.23,38.76,16.04,9.89
64346.1013,47.55,38.62,15.74,9.77
64346.1471,47.27,37.83,15.07,9.53
64346.1791,46.74,36.86,14.33,9.35
64346.2105,45.68,35.48,13.34,9.16
64346.2576,44.28,33.96,12.24,9.00
64346.2889,42.69,32.53,11.15,8.91
64346.3290,40.84,31.22,10.10,8.91
64346.3605,39.02,30.06,9.14,8.95
64346.3925,36.84,28.82,8.10,9.03
64346.4240,34.65,27.64,7.11,9.02
64346.4561,32.05,26.22,6.00,9.12
64346.4799,29.51,24.85,4.96,9.22
64346.5116,26.76,23.22,3.87,9.31
64346.5423,23.96,21.41,2.76,9.45
64346.5743,21.41,19.75,1.75,9.49
64346.6062,19.13,18.21,0.85,9.48
64346.6466,17.06,16.70,0.24,9.41
64346.6782,15.31,15.46,-0.23,9.29
64346.7101,13.82,14.41,-0.64,9.11
64346.7421,12.57,13.54,-0.98,8.90
64346.7739,11.50,12.83,-1.28,8.66
64346.8060,10.58,12.23,-1.54,8.40
64346.8458,9.82,11.73,-1.73,8.12
64346.8781,9.16,11.31,-1.89,7.84
64346.9091,8.62,10.96,-2.01,7.55
64346.9416,8.15,10.65,-2.11,7.27
64346.9734,7.76,10.39,-2.19,6.99
64346.9983,7.44,10.18,-2.28,6.73
64347.0302,7.15,10.00,-2.37,6.49
64347.0615,6.90,9.86,-2.45,6.26
64347.0926,6.69,9.74,-2.53,6.05
64347.1241,6.50,9.65,-2.61,5.85
64347.1634,6.29,9.59,-2.72,5.72
64347.1944,6.06,9.55,-2.84,5.58
64347.2260,5.83,9.55,-2.95,5.46
64347.2577,5.35,9.60,-3.17,5.42
64347.2898,4.58,9.71,-3.51,5.47
64347.3300,3.58,9.87,-3.87,5.61
64347.3617,2.62,10.06,-4.27,5.59
64347.3938,1.43,10.24,-4.76,5.76
64347.4258,0.07,10.34,-5.28,5.96
64347.4578,-1.24,10.44,-5.76,6.11
64347.4892,-2.67,10.54,-6.25,6.28
64347.5134,-4.03,10.66,-6.69,6.40
64347.5454,-5.32,10.81,-7.09,6.50
64347.5772,-6.43,10.97,-7.42,6.56
64347.6087,-7.42,11.12,-7.75,6.57
64347.6399,-8.27,11.25,-8.05,6.53
64347.6639,-8.99,11.40,-8.31,6.45
64347.6964,-9.62,11.52,-8.53,6.34
64347.7275,-10.15,11.64,-8.71,6.20
64347.7590,-10.61,11.75,-8.86,6.05
64347.7911,-11.00,11.86,-8.97,5.89
64347.8220,-11.33,11.96,-9.05,5.72
64347.8613,-11.61,12.04,-9.11,5.55
64347.8929,-11.85,12.11,-9.15,5.38
64347.9249,-12.06,12.17,-9.16,5.21
64347.9567,-12.24,12.23,-9.17,5.05
64347.9813,-12.39,12.28,-9.17,4.90
64348.0125,-12.52,12.32,-9.17,4.75
64348.0446,-12.62,12.35,-9.17,4.60
64348.0764,-12.70,12.38,-9.17,4.46
64348.1079,-12.74,12.41,-9.12,4.33
64348.1330,-12.71,12.43,-9.05,4.20
64348.1641,-12.48,12.43,-8.88,3.95
64348.1956,-12.11,12.43,-8.66,3.80
64348.2271,-11.40,12.45,-8.32,3.58
64348.2585,-10.62,12.46,-7.93,3.36
64348.2893,-9.66,12.43,-7.49,3.08
64348.3289,-8.64,12.36,-7.01,2.72
64348.3620,-7.62,12.28,-6.51,2.46
64348.3940,-6.69,12.22,-6.03,2.34
64348.4254,-5.76,12.16,-5.47,2.20
64348.4570,-4.86,12.12,-4.91,2.18
64348.4807,-3.83,12.08,-4.34,2.14
64348.5121,-2.91,12.04,-3.82,2.18
64348.5440,-1.88,11.96,-3.36,2.18
64348.5762,-0.91,11.90,-2.96,2.26
64348.6083,0.20,11.87,-2.63,2.37
64348.6397,1.25,11.87,-2.37,2.50
64348.6642,2.21,11.91,-2.15,2.63
64348.6955,3.15,12.01,-1.99,2.81
64348.7277,4.02,12.14,-1.84,2.97
64348.7595,4.78,12.27,-1.71,3.11
64348.7912,5.48,12.40,-1.59,3.25
64348.8221,6.12,12.53,-1.49,3.38
64348.8625,6.67,12.65,-1.43,3.51
64348.8942,7.15,12.75,-1.38,3.61
64348.9256,7.61,12.84,-1.34,3.72
64348.9575,8.13,12.98,-1.31,3.85
64348.9895,8.60,13.12,-1.29,3.98
64349.0134,9.03,13.26,-1.27,4.09
64349.0452,9.43,13.40,-1.25,4.21
64349.0773,9.82,13.57,-1.23,4.34
64349.1094,10.17,13.73,-1.21,4.46
64349.1407,10.50,13.90,-1.18,4.57
64349.1724,10.80,14.09,-1.18,4.68
64349.1965,11.12,14.38,-1.14,4.85
64349.2273,11.49,14.74,-1.07,5.05
64349.2593,12.01,15.41,-0.92,5.41
64349.2912,12.62,16.19,-0.70,5.63
64349.3226,13.64,17.29,-0.25,5.97
64349.3621,15.20,18.56,0.41,6.32
64349.3939,16.93,19.79,1.08,6.70
64349.4258,19.23,21.15,1.96,7.09
64349.4568,21.60,22.57,2.86,7.48
64349.4806,24.17,24.22,3.86,8.00
64349.5124,26.54,25.83,4.78,8.45
64349.5444,28.78,27.49,5.70,8.93
64349.5763,30.78,29.14,6.55,9.37
64349.6080,32.55,30.61,7.30,9.71
64349.6399,34.16,31.96,8.03,9.98
64349.6794,35.71,33.22,8.77,10.22
64349.7112,37.09,34.35,9.42,10.43
64349.7423,38.36,35.28,9.94,10.54
64349.7740,39.46,36.03,10.36,10.64
64349.8058,40.41,36.62,10.70,10.66
64349.8463,41.23,37.09,10.99,10.67
64349.8783,41.90,37.50,11.22,10.69
64349.9100,42.46,37.83,11.38,10.71
64349.9421,42.93,38.10,11.49,10.75
64349.9733,43.31,38.28,11.52,10.78
64349.9976,43.50,38.31,11.41,10.81
64350.0296,43.61,38.24,11.21,10.82
64350.0610,43.45,37.84,10.79,10.79
64350.0927,43.12,37.29,10.27,10.76
64350.1247,42.24,36.29,9.50,10.69
64350.1635,40.89,34.93,8.51,10.61
64350.1953,39.23,33.44,7.37,10.63
64350.2268,37.65,32.10,6.33,10.55
64350.2583,35.98,30.77,5.29,10.53
64350.2900,34.57,29.70,4.41,10.46
64350.3301,32.76,28.44,3.45,10.48
64350.3615,30.77,27.23,2.53,10.53
64350.3927,28.85,26.15,1.70,10.57
64350.4241,26.77,25.08,0.91,10.62
64350.4561,24.67,24.03,0.15,10.64
64350.4797,22.88,23.18,-0.49,10.55
64350.5116,21.19,22.33,-1.06,10.46
64350.5435,19.67,21.51,-1.60,10.32
64350.5753,18.29,20.76,-2.14,10.14
64350.6072,17.08,20.11,-2.63,9.94
64350.6392,16.03,19.57,-3.05,9.72
64350.6790,15.05,19.07,-3.48,9.50
64350.7106,14.17,18.62,-3.87,9.26
64350.7426,13.37,18.21,-4.22,9.04
64350.7745,12.67,17.85,-4.53,8.80
64350.8133,12.05,17.53,-4.82,8.57
64350.8450,11.48,17.25,-5.11,8.36
64350.8773,11.00,17.01,-5.35,8.15
64350.9084,10.59,16.82,-5.57,7.96
64350.9401,10.24,16.65,-5.79,7.76
64350.9642,9.94,16.49,-5.98,7.57
64350.9958,9.69,16.35,-6.14,7.39
64351.0275,9.47,16.23,-6.28,7.23
64351.0593,9.27,16.11,-6.41,7.07
64351.0914,9.08,15.96,-6.56,6.91
64351.1236,8.92,15.81,-6.69,6.76
64351.1635,8.78,15.66,-6.81,6.62
64351.1955,8.65,15.54,-6.92,6.49
64351.2273,8.54,15.42,-7.03,6.38
64351.2590,8.40,15.26,-7.18,6.26
64351.2907,8.26,15.09,-7.36,6.15
64351.3221,8.08,14.86,-7.60,6.05
64351.3626,7.84,14.57,-7.90,5.94
64351.3823,7.60,14.28,-8.20,5.84
64351.4136,7.35,13.99,-8.50,5.74
64351.4454,7.07,13.65,-8.82,5.64
64351.4773,6.82,13.33,-9.13,5.54
64351.5100,6.58,12.99,-9.44,5.43
64351.5421,6.35,12.62,-9.77,5.31
64351.5744,6.15,12.22,-10.12,5.17
64351.6062,5.99,11.88,-10.41,5.05
64351.6458,5.84,11.62,-10.65,4.96
64351.6771,5.71,11.41,-10.85,4.89
64351.7085,5.60,11.21,-11.02,4.82
64351.7403,5.51,11.04,-11.17,4.76
64351.7641,5.44,10.90,-11.30,4.71
64351.7954,5.38,10.79,-11.41,4.66
64351.8275,5.33,10.69,-11.51,4.63
64351.8594,5.33,10.62,-11.60,4.59
64351.8911,5.36,10.57,-11.68,4.57
64351.9225,5.51,10.59,-11.69,4.55
64351.9466,5.71,10.67,-11.66,4.54
64351.9783,6.14,10.90,-11.48,4.57
64352.0097,6.61,11.24,-11.23,4.63
64352.0418,7.41,11.84,-10.81,4.77
64352.0806,8.63,12.74,-10.13,5.01
64352.1118,10.40,13.90,-9.08,5.35
64352.1436,12.33,15.09,-7.96,5.72
64352.1743,14.90,16.43,-6.57,6.19
64352.2058,17.50,17.76,-5.28,6.67
64352.2293,20.08,19.06,-4.12,7.14
64352.2614,22.82,20.36,-3.11,7.62
64352.2931,25.52,21.60,-2.30,8.06
64352.3241,27.94,22.75,-1.65,8.45
64352.3628,30.18,23.83,-1.14,8.78
64352.3950,32.11,24.80,-0.72,9.03
64352.4273,33.73,25.63,-0.36,9.21
64352.4586,35.11,26.35,-0.06,9.33
64352.4899,36.24,26.97,0.22,9.40
64352.5141,37.19,27.48,0.45,9.45
64352.5449,37.96,27.88,0.64,9.48
64352.5768,38.59,28.16,0.76,9.48
64352.6089,39.12,28.39,0.85,9.48
64352.6399,39.58,28.61,0.92,9.49
64352.6713,39.98,28.80,0.98,9.51
64352.6957,40.30,28.96,1.04,9.53
64352.7379,40.47,29.02,1.06,9.54
64352.7598,40.62,29.08,1.08,9.57
64352.7914,40.43,28.88,0.86,9.55
64352.8228,40.08,28.58,0.54,9.52
64352.8622,39.18,27.97,0.01,9.46
64352.8942,37.72,27.07,-0.64,9.43
64352.9246,36.09,26.13,-1.31,9.36
64352.9565,33.99,24.99,-2.06,9.39
64352.9805,31.88,23.91,-2.81,9.36
64353.0129,29.46,22.74,-3.70,9.34
64353.0446,27.13,21.66,-4.55,9.33
64353.0764,24.74,20.53,-5.40,9.42
64353.1078,22.56,19.51,-6.20,9.40
64353.1393,20.47,18.44,-7.02,9.35
64353.1791,18.49,17.37,-7.80,9.25
64353.2116,16.76,16.41,-8.51,9.12
64353.2433,15.16,15.47,-9.18,8.95
64353.2748,13.72,14.59,-9.80,8.75
64353.3063,12.49,13.84,-10.35,8.52
64353.3462,11.40,13.18,-10.85,8.27
64353.3778,10.43,12.58,-11.32,8.02
64353.4093,9.60,12.07,-11.73,7.75
64353.4412,8.88,11.60,-12.09,7.46
64353.4730,8.29,11.20,-12.38,7.15
64353.4971,7.81,10.87,-12.61,6.86
64353.5616,7.36,10.62,-12.78,6.61
64353.5905,7.01,10.40,-12.92,6.36
64353.6214,6.72,10.23,-13.02,6.12
64353.6520,6.46,10.08,-13.10,5.90
64353.6830,6.24,9.95,-13.16,5.70
64353.7148,6.05,9.83,-13.20,5.51
64353.7456,5.88,9.72,-13.23,5.34
64353.7776,5.74,9.59,-13.26,5.17
64353.8080,5.63,9.44,-13.29,5.00
64353.8396,5.52,9.28,-13.31,4.85
64353.8698,5.43,9.12,-13.33,4.71
64353.9018,5.37,8.97,-13.33,4.58
64353.9323,5.32,8.85,-13.31,4.47
64353.9626,5.28,8.76,-13.26,4.38
64353.9941,5.32,8.71,-13.13,4.30
64354.0252,5.35,8.70,-12.96,4.24
64354.0571,5.56,8.80,-12.63,4.19
64354.0880,5.80,8.98,-12.23,4.17
64354.1194,6.33,9.34,-11.62,4.18
64354.1503,7.23,9.92,-10.91,4.26
64354.1970,8.38,10.71,-10.10,4.45
64354.2287,9.72,11.66,-9.18,4.75
64354.2595,11.03,12.61,-8.31,5.07
64354.2903,12.51,13.62,-7.40,5.42
64354.3367,14.05,14.61,-6.51,5.76
64354.3679,15.50,15.52,-5.71,6.05
64354.4149,17.47,16.49,-4.73,6.39
64354.4623,19.74,17.48,-3.58,6.75
64354.4939,22.10,18.46,-2.40,7.09
64354.5740,24.24,19.27,-1.43,7.34
64354.5931,26.01,19.97,-0.63,7.51
64354.6251,27.49,20.56,0.02,7.64
64354.6629,28.67,21.00,0.49,7.71
64354.6946,29.47,21.29,0.72,7.71
64354.7264,29.97,21.48,0.76,7.72
64354.7583,29.79,21.48,0.38,7.68
64354.7958,28.75,21.19,-0.40,7.58
64354.8276,26.85,20.52,-1.43,7.43
64354.8587,24.83,19.75,-2.43,7.32
64354.8906,22.76,18.85,-3.41,7.22
64354.9225,20.54,17.60,-4.40,7.10
64354.9464,18.50,16.41,-5.27,7.01
64354.9782,16.64,15.30,-5.92,6.96
64355.0101,15.07,14.38,-6.41,6.92
64355.0420,13.74,13.61,-6.83,6.86
64355.0736,12.64,12.98,-7.20,6.77
64355.1133,11.69,12.44,-7.51,6.68
64355.1449,10.87,11.98,-7.78,6.58
64355.1764,10.17,11.60,-7.99,6.47
64355.2080,9.58,11.28,-8.17,6.34
64355.2396,9.08,11.01,-8.31,6.21
64355.2631,8.65,10.77,-8.42,6.08
64355.2947,8.28,10.58,-8.52,5.95
64355.3266,7.98,10.41,-8.61,5.82
64355.3586,7.72,10.28,-8.68,5.70
64355.3909,7.52,10.16,-8.76,5.58
64355.4228,7.36,10.07,-8.82,5.46
64355.4460,7.23,9.99,-8.87,5.35
64355.4777,7.11,9.91,-8.91,5.25
64355.5097,7.01,9.84,-8.94,5.16
64355.5416,6.93,9.79,-8.96,5.08
64355.5732,6.86,9.74,-8.99,5.00
64355.6129,6.80,9.70,-9.00,4.94
64355.6449,6.75,9.66,-9.02,4.88
64355.6768,6.71,9.62,-9.03,4.83
64355.7088,6.68,9.59,-9.04,4.78
64355.7397,6.65,9.56,-9.04,4.74
64355.7644,6.63,9.54,-9.05,4.71
64355.7959,6.61,9.52,-9.06,4.69
64355.8281,6.59,9.50,-9.06,4.66
64355.8591,6.58,9.49,-9.06,4.64
64355.8912,6.57,9.48,-9.06,4.62
64355.9228,6.56,9.47,-9.07,4.61
64355.9462,6.56,9.46,-9.07,4.60
64355.9781,6.55,9.46,-9.08,4.59
64356.0095,6.55,9.46,-9.08,4.57
64356.0409,6.55,9.46,-9.08,4.56
64356.0730,6.55,9.46,-9.08,4.55
64356.1129,6.55,9.45,-9.08,4.54
64356.1448,6.54,9.45,-9.08,4.54
64356.1764,6.55,9.45,-9.08,4.53
64356.2085,6.55,9.45,-9.08,4.53
64356.2402,6.55,9.46,-9.09,4.52
64356.2641,6.55,9.46,-9.09,4.52
64356.2953,6.55,9.46,-9.08,4.52
64356.3272,6.56,9.46,-9.09,4.51
64356.3592,6.55,9.46,-9.09,4.51
64356.3907,6.55,9.46,-9.09,4.52
64356.4224,6.56,9.47,-9.07,4.51
64356.4462,6.59,9.48,-9.07,4.50
64356.4781,6.60,9.49,-9.07,4.50
64356.5101,6.61,9.49,-9.06,4.50
64356.5420,6.63,9.50,-9.06,4.50
64356.5738,6.63,9.50,-9.07,4.51
64356.6134,6.63,9.50,-9.08,4.52
64356.6446,6.64,9.48,-9.09,4.52
64356.6763,6.64,9.47,-9.10,4.52
64356.7085,6.66,9.47,-9.10,4.52
64356.7406,6.66,9.47,-9.10,4.51
64356.7646,6.67,9.48,-9.10,4.50
64356.7957,6.68,9.48,-9.10,4.50
64356.8275,6.68,9.48,-9.09,4.51
64356.8597,6.71,9.48,-9.07,4.50
64356.8909,6.71,9.50,-9.05,4.51
64356.9227,6.69,9.51,-9.00,4.52
64356.9464,6.68,9.52,-8.96,4.52
64356.9781,6.71,9.52,-8.91,4.52
64357.0099,6.73,9.52,-8.86,4.53
64357.0424,6.75,9.51,-8.82,4.52
64357.0735,6.76,9.51,-8.79,4.53
64357.1126,6.76,9.51,-8.76,4.53
64357.1441,6.77,9.50,-8.72,4.53
64357.1756,6.79,9.50,-8.69,4.53
64357.2077,6.80,9.49,-8.65,4.53
64357.2393,6.81,9.48,-8.63,4.53
64357.2634,6.82,9.48,-8.60,4.53
64357.2949,6.84,9.47,-8.58,4.54
64357.3261,6.84,9.47,-8.56,4.54
64357.3579,6.84,9.46,-8.54,4.54
64357.3895,6.84,9.45,-8.53,4.54
64357.4292,6.85,9.45,-8.52,4.54
64357.4609,6.84,9.43,-8.52,4.54
64357.4925,6.78,9.40,-8.53,4.54
64357.5247,6.67,9.37,-8.51,4.54
64357.5556,6.57,9.32,-8.53,4.54
64357.5959,6.45,9.26,-8.49,4.54
64357.6275,6.31,9.18,-8.46,4.56
64357.6588,6.13,9.04,-8.56,4.57
64357.6904,5.83,8.89,-8.49,4.60
64357.7140,5.52,8.72,-8.41,4.62
64357.7448,5.20,8.52,-8.33,4.66
64357.7763,4.94,8.33,-8.28,4.69
64357.8086,4.73,8.16,-8.28,4.71
64357.8400,4.55,8.02,-8.30,4.70
64357.8796,4.40,7.90,-8.34,4.70
64357.9113,4.29,7.80,-8.38,4.70
64357.9431,4.22,7.72,-8.43,4.69
64357.9745,4.16,7.64,-8.47,4.67
64358.0066,4.11,7.58,-8.50,4.65
64358.0296,4.06,7.53,-8.53,4.62
64358.0616,4.05,7.49,-8.55,4.60
64358.0932,4.04,7.46,-8.57,4.58
64358.1247,4.04,7.43,-8.58,4.55
64358.1564,4.03,7.42,-8.61,4.52
64358.1799,4.02,7.41,-8.63,4.50
64358.2117,4.02,7.40,-8.65,4.48
64358.2437,4.03,7.39,-8.66,4.45
64358.2755,4.05,7.39,-8.67,4.43
64358.3070,4.06,7.38,-8.67,4.40
64358.3388,4.08,7.38,-8.66,4.38
64358.3794,4.10,7.38,-8.64,4.36
64358.4110,4.13,7.38,-8.63,4.34
64358.4429,4.16,7.38,-8.61,4.33
64358.4748,4.19,7.37,-8.60,4.32
64358.5061,4.23,7.37,-8.60,4.31
64358.5297,4.26,7.36,-8.60,4.29
64358.5608,4.30,7.36,-8.60,4.29
64358.5930,4.33,7.35,-8.60,4.28
64358.6250,4.36,7.35,-8.59,4.27
64358.6566,4.38,7.34,-8.59,4.27
64358.6805,4.41,7.34,-8.58,4.26
64358.7124,4.42,7.34,-8.57,4.26
64358.7439,4.44,7.34,-8.57,4.26
64358.7756,4.47,7.34,-8.56,4.26
64358.8073,4.49,7.34,-8.55,4.26
64358.8392,4.51,7.34,-8.54,4.26
64358.8790,4.55,7.34,-8.53,4.26
64358.9106,4.57,7.35,-8.52,4.26
64358.9418,4.59,7.35,-8.51,4.26
64358.9735,4.62,7.36,-8.51,4.26
64358.9972,4.64,7.36,-8.50,4.26
64359.0288,4.66,7.37,-8.50,4.26
64359.0604,4.68,7.38,-8.50,4.26
64359.0923,4.70,7.39,-8.50,4.26
64359.1239,4.71,7.40,-8.50,4.27
64359.1560,4.72,7.40,-8.50,4.27
64359.1793,4.74,7.41,-8.50,4.27
64359.2108,4.75,7.42,-8.49,4.27
64359.2430,4.75,7.43,-8.49,4.27
64359.2747,4.76,7.44,-8.48,4.28
64359.3063,4.76,7.45,-8.48,4.28
64359.3462,4.77,7.45,-8.47,4.29
64359.3779,4.78,7.46,-8.46,4.29
64359.4094,4.79,7.47,-8.46,4.29
64359.4409,4.82,7.47,-8.45,4.29
64359.4730,4.84,7.48,-8.44,4.30
64359.4971,4.86,7.49,-8.44,4.30
64359.5288,4.87,7.50,-8.44,4.30
64359.5615,4.87,7.51,-8.44,4.31
64359.5931,4.88,7.52,-8.45,4.31
64359.6253,4.89,7.54,-8.45,4.31
64359.6565,4.90,7.55,-8.45,4.32
64359.6804,4.92,7.57,-8.46,4.32
64359.7118,4.93,7.58,-8.46,4.33
64359.7433,4.94,7.60,-8.46,4.33
64359.7754,4.95,7.61,-8.46,4.33
64359.8069,4.96,7.63,-8.46,4.34
64359.8377,4.97,7.64,-8.46,4.34
64359.8754,4.98,7.66,-8.46,4.35
64359.9101,4.99,7.67,-8.46,4.35
64359.9327,5.00,7.68,-8.46,4.35
64359.9663,5.01,7.69,-8.46,4.35
64359.9950,5.02,7.69,-8.46,4.35
64360.0291,5.03,7.70,-8.46,4.36
64360.0609,5.03,7.70,-8.46,4.36
64360.0926,5.04,7.71,-8.46,4.36
64360.1241,5.04,7.71,-8.45,4.36
64360.1559,5.04,7.71,-8.44,4.36
64360.1799,5.05,7.71,-8.44,4.36
64360.2114,5.05,7.71,-8.43,4.36
64360.2431,5.06,7.71,-8.43,4.36
64360.2753,5.06,7.71,-8.42,4.36
64360.3067,5.07,7.71,-8.42,4.36
64360.3420,5.07,7.71,-8.41,4.36
64360.3776,5.07,7.71,-8.40,4.36
64360.4093,5.07,7.71,-8.40,4.36
64360.4408,5.07,7.71,-8.39,4.36
64360.4722,5.08,7.71,-8.38,4.37
64360.4964,5.08,7.71,-8.38,4.37
64360.5279,5.08,7.71,-8.37,4.37
64360.5600,5.08,7.71,-8.37,4.37
64360.5916,5.07,7.71,-8.36,4.37
64360.6233,5.07,7.71,-8.36,4.37
64360.6628,5.08,7.71,-8.36,4.37
64360.6946,5.09,7.71,-8.35,4.37
64360.7264,5.09,7.71,-8.35,4.37
64360.7583,5.10,7.71,-8.34,4.37
64360.7901,5.10,7.71,-8.34,4.37
64360.8298,5.11,7.71,-8.34,4.37
64360.8616,5.12,7.71,-8.34,4.37
64360.8861,5.13,7.71,-8.34,4.37
64360.9162,5.13,7.71,-8.34,4.37
64360.9489,5.14,7.71,-8.34,4.37
64360.9804,5.14,7.71,-8.34,4.37
64361.0122,5.15,7.71,-8.34,4.37
64361.0435,5.15,7.71,-8.34,4.38
64361.0752,5.16,7.72,-8.33,4.38
64361.1070,5.16,7.72,-8.33,4.38
64361.1467,5.16,7.72,-8.33,4.38
64361.1788,5.17,7.73,-8.33,4.39
64361.2103,5.17,7.73,-8.32,4.39
64361.2417,5.17,7.73,-8.32,4.39
64361.2737,5.18,7.73,-8.32,4.39
64361.3134,5.18,7.74,-8.32,4.39
64361.3455,5.18,7.74,-8.31,4.39
64361.3778,5.19,7.74,-8.31,4.39
64361.4094,5.19,7.74,-8.31,4.39
64361.4415,5.20,7.75,-8.31,4.39
64361.4650,5.20,7.75,-8.31,4.39
64361.4972,5.20,7.75,-8.31,4.39
64361.5287,5.21,7.75,-8.31,4.39
64361.5610,5.21,7.75,-8.32,4.39
64361.5932,5.22,7.75,-8.32,4.39
64361.6257,5.22,7.75,-8.33,4.39
64361.6577,5.23,7.75,-8.33,4.39
64361.6892,5.23,7.75,-8.33,4.39
64361.7139,5.24,7.76,-8.33,4.38
64361.7458,5.24,7.76,-8.34,4.38
64361.7779,5.25,7.76,-8.34,4.38
64361.8099,5.25,7.76,-8.34,4.38
64361.8413,5.26,7.76,-8.34,4.38
64361.8725,5.26,7.76,-8.34,4.38
64361.9119,5.27,7.76,-8.34,4.38
64361.9389,5.27,7.76,-8.33,4.37
64361.9752,5.27,7.75,-8.33,4.37
64361.9993,5.27,7.75,-8.33,4.37
64362.0231,5.27,7.75,-8.33,4.37
64362.0633,5.28,7.75,-8.33,4.37
64362.0946,5.28,7.75,-8.33,4.37
64362.1270,5.28,7.75,-8.33,4.37
64362.1591,5.29,7.75,-8.33,4.36
64362.1907,5.29,7.75,-8.33,4.36
64362.2225,5.29,7.76,-8.32,4.37
64362.2467,5.29,7.76,-8.32,4.37
64362.2785,5.29,7.76,-8.32,4.37
64362.3088,5.29,7.76,-8.32,4.36
64362.3420,5.30,7.76,-8.32,4.36
64362.3729,5.30,7.76,-8.31,4.36
64362.4125,5.31,7.76,-8.31,4.36
64362.4443,5.31,7.75,-8.31,4.36
64362.4755,5.32,7.75,-8.30,4.36
64362.5071,5.32,7.75,-8.30,4.36
64362.5308,5.33,7.75,-8.30,4.36
64362.5619,5.33,7.75,-8.30,4.36
64362.5945,5.33,7.75,-8.30,4.36
64362.6258,5.33,7.76,-8.30,4.36
64362.6569,5.33,7.76,-8.30,4.36
64362.6806,5.33,7.76,-8.31,4.36
64362.7115,5.33,7.76,-8.31,4.36
64362.7431,5.33,7.76,-8.31,4.36
64362.7746,5.33,7.77,-8.31,4.37
64362.8059,5.33,7.77,-8.31,4.37
64362.8454,5.34,7.78,-8.31,4.37
64362.8770,5.34,7.78,-8.31,4.37
64362.9090,5.34,7.79,-8.31,4.37
64362.9409,5.35,7.79,-8.31,4.38
64362.9728,5.35,7.79,-8.31,4.38
64362.9962,5.35,7.80,-8.31,4.38
64363.0289,5.36,7.80,-8.31,4.38
64363.0610,5.36,7.80,-8.31,4.38
64363.0923,5.36,7.81,-8.31,4.38
64363.1240,5.37,7.81,-8.31,4.38
64363.1630,5.37,7.81,-8.31,4.38
64363.1948,5.38,7.81,-8.31,4.38
64363.2267,5.38,7.81,-8.31,4.38
64363.2580,5.39,7.81,-8.31,4.38
64363.2890,5.40,7.81,-8.30,4.38
64363.3285,5.40,7.81,-8.30,4.38
64363.3601,5.41,7.81,-8.30,4.38
64363.3915,5.41,7.81,-8.29,4.38
64363.4146,5.42,7.81,-8.29,4.38
64363.4474,5.42,7.81,-8.29,4.38
64363.4787,5.43,7.81,-8.29,4.38
64363.5106,5.43,7.81,-8.28,4.38
64363.5424,5.43,7.81,-8.28,4.38
64363.5738,5.44,7.81,-8.28,4.38
64363.6058,5.44,7.81,-8.27,4.38
64363.6458,5.45,7.81,-8.27,4.38
64363.6776,5.46,7.81,-8.26,4.38
64363.7093,5.46,7.81,-8.26,4.38
64363.7410,5.46,7.81,-8.26,4.38
64363.7729,5.47,7.81,-8.26,4.38
64363.8133,5.47,7.81,-8.25,4.38
64363.8448,5.48,7.81,-8.25,4.38
64363.8765,5.48,7.81,-8.25,4.38
64363.9079,5.48,7.81,-8.25,4.38
64363.9390,5.49,7.81,-8.25,4.37
64363.9631,5.49,7.81,-8.24,4.37
