timestamp_s,flexion,abduction,ext_rot,elbow
10350.1996,-9.31,2.89,170.00,6.80
10350.2241,-9.31,2.89,170.00,6.80
10350.2437,-9.30,2.90,170.00,6.80
10350.2842,-9.29,2.91,170.00,6.79
10350.3035,-9.29,2.93,170.00,6.79
10350.3372,-9.28,2.95,170.00,6.78
10350.3709,-9.27,2.97,170.00,6.78
10350.3964,-9.27,2.99,170.00,6.79
10350.4387,-9.27,3.01,170.00,6.79
10350.4699,-9.28,3.03,170.00,6.80
10350.5021,-9.29,3.06,170.00,6.80
10350.5261,-9.31,3.08,170.00,6.81
10350.5665,-9.34,3.11,170.00,6.82
10350.5922,-9.36,3.13,170.00,6.83
10350.6149,-9.39,3.15,170.00,6.84
10350.6460,-9.42,3.17,170.00,6.84
10350.6783,-9.45,3.19,170.00,6.85
10350.7108,-9.47,3.20,170.00,6.86
10350.7399,-9.50,3.21,170.00,6.86
10350.7744,-9.52,3.21,170.00,6.87
10350.8037,-9.54,3.21,170.00,6.87
10350.8356,-9.56,3.21,170.00,6.88
10350.8660,-9.56,3.21,170.00,6.88
10350.8973,-9.57,3.20,170.00,6.88
10350.9360,-9.57,3.19,170.00,6.88
10350.9671,-9.58,3.18,170.00,6.88
10351.0004,-9.58,3.17,170.00,6.88
10351.0324,-9.59,3.16,170.00,6.88
10351.0548,-9.60,3.15,170.00,6.88
10351.0855,-9.61,3.13,170.00,6.88
10351.1191,-9.62,3.12,170.00,6.88
10351.1502,-9.63,3.11,170.00,6.88
10351.1825,-9.63,3.11,170.00,6.88
10351.2142,-9.64,3.11,170.00,6.88
10351.2458,-9.64,3.11,170.00,6.88
10351.2730,-9.63,3.11,170.00,6.88
10351.3056,-9.62,3.11,170.00,6.87
10351.3341,-9.61,3.12,170.00,6.86
10351.3669,-9.58,3.12,170.00,6.86
10351.4006,-9.55,3.13,170.00,6.84
10351.4300,-9.51,3.14,170.00,6.84
10351.4696,-9.47,3.14,170.00,6.83
10351.5009,-9.42,3.15,170.00,6.82
10351.5284,-9.37,3.15,170.00,6.81
10351.5573,-9.33,3.16,170.00,6.80
10351.5918,-9.28,3.16,170.00,6.79
10351.6231,-9.23,3.16,170.00,6.78
10351.6571,-9.19,3.16,170.00,6.77
10351.6934,-9.16,3.15,170.00,6.77
10351.7247,-9.13,3.14,170.00,6.76
10351.7548,-9.10,3.12,170.00,6.76
10351.7887,-9.09,3.10,170.00,6.76
10351.8206,-9.07,3.07,170.00,6.76
10351.8523,-9.06,3.05,170.00,6.76
10351.8843,-9.05,3.02,170.00,6.76
10351.9162,-9.05,2.99,170.00,6.76
10351.9486,-9.04,2.96,170.00,6.76
10351.9804,-9.04,2.93,170.00,6.76
10352.0124,-9.05,2.90,170.00,6.75
10352.0443,-9.05,2.87,170.00,6.76
10352.0761,-9.05,2.85,170.00,6.75
10352.1085,-9.06,2.82,170.00,6.75
10352.1402,-9.07,2.78,170.00,6.76
10352.1721,-9.07,2.75,170.00,6.76
10352.2046,-9.08,2.72,170.00,6.76
10352.2370,-9.09,2.69,170.00,6.76
10352.2683,-9.10,2.66,170.00,6.76
10352.3017,-9.11,2.63,170.00,6.76
10352.3338,-9.12,2.61,170.00,6.76
10352.3673,-9.13,2.58,170.00,6.76
10352.3990,-9.14,2.56,170.00,6.76
10352.4303,-9.16,2.53,170.00,6.76
10352.4630,-9.18,2.50,170.00,6.76
10352.4972,-9.21,2.48,170.00,6.77
10352.5289,-9.24,2.46,170.00,6.77
10352.5603,-9.26,2.45,170.00,6.77
10352.5923,-9.30,2.43,170.00,6.77
10352.6273,-9.33,2.42,170.00,6.78
10352.6605,-9.36,2.42,170.00,6.78
10352.6934,-9.40,2.42,170.00,6.79
10352.7260,-9.44,2.42,170.00,6.79
10352.7585,-9.48,2.43,170.00,6.80
10352.7903,-9.53,2.44,170.00,6.80
10352.8219,-9.57,2.45,170.00,6.81
10352.8556,-9.62,2.48,170.00,6.82
10352.8876,-9.67,2.50,170.00,6.83
10352.9193,-9.71,2.54,170.00,6.84
10352.9509,-9.76,2.57,170.00,6.85
10352.9827,-9.80,2.61,170.00,6.86
10353.0219,-9.84,2.64,170.00,6.87
10353.0564,-9.88,2.68,170.00,6.88
10353.0880,-9.93,2.71,170.00,6.89
10353.1211,-9.96,2.74,170.00,6.90
10353.1530,-10.00,2.77,170.00,6.91
10353.1812,-10.04,2.80,170.00,6.92
10353.2158,-10.07,2.82,170.00,6.93
10353.2478,-10.09,2.84,170.00,6.94
10353.2795,-10.11,2.85,170.00,6.95
10353.3113,-10.13,2.86,170.00,6.96
10353.3452,-10.15,2.87,170.00,6.96
10353.3779,-10.17,2.87,170.00,6.97
10353.4104,-10.18,2.87,170.00,6.97
10353.4271,-10.20,2.87,170.00,6.97
10353.4607,-10.21,2.87,170.00,6.97
10353.4926,-10.23,2.87,170.00,6.97
10353.5234,-10.24,2.87,170.00,6.97
10353.5566,-10.25,2.87,170.00,6.97
10353.5873,-10.25,2.87,170.00,6.97
10353.6186,-10.26,2.87,170.00,6.96
10353.6496,-10.26,2.87,170.00,6.96
10353.6815,-10.25,2.88,170.00,6.96
10353.7158,-10.25,2.88,170.00,6.95
10353.7472,-10.24,2.89,170.00,6.95
10353.7791,-10.24,2.90,170.00,6.94
10353.8106,-10.23,2.91,170.00,6.94
10353.8445,-10.22,2.92,170.00,6.93
10353.8761,-10.20,2.93,170.00,6.93
10353.9088,-10.19,2.94,170.00,6.92
10353.9404,-10.16,2.94,170.00,6.92
10353.9721,-10.14,2.95,170.00,6.91
10354.0050,-10.11,2.96,170.00,6.90
10354.0384,-10.08,2.96,170.00,6.89
10354.0701,-10.05,2.96,170.00,6.88
10354.1018,-10.02,2.96,170.00,6.87
10354.1350,-9.98,2.96,170.00,6.87
10354.1663,-9.95,2.94,170.00,6.86
10354.1991,-9.92,2.93,170.00,6.86
10354.2314,-9.90,2.91,170.00,6.86
10354.2643,-9.87,2.89,170.00,6.85
10354.2962,-9.85,2.88,170.00,6.85
10354.3343,-9.84,2.86,170.00,6.85
10354.3662,-9.83,2.85,170.00,6.83
10354.3982,-9.85,2.84,170.00,6.81
10354.4299,-9.89,2.82,170.00,6.78
10354.4619,-9.96,2.80,170.00,6.73
10354.4937,-10.08,2.77,170.00,6.71
10354.5258,-10.21,2.73,170.00,6.68
10354.5587,-10.37,2.68,170.00,6.66
10354.5905,-10.54,2.60,170.00,6.62
10354.6229,-10.69,2.52,170.00,6.57
10354.6552,-10.83,2.43,170.00,6.51
10354.6853,-10.95,2.33,170.00,6.44
10354.7170,-11.05,2.21,170.00,6.37
10354.7490,-11.13,2.10,170.00,6.31
10354.7806,-11.18,2.00,170.00,6.24
10354.8121,-11.18,1.91,170.00,6.16
10354.8488,-11.18,1.85,170.00,6.10
10354.8806,-11.16,1.80,170.00,6.04
10354.9122,-11.12,1.76,170.00,6.01
10354.9440,-11.09,1.75,170.00,6.00
10354.9759,-11.05,1.74,170.00,5.99
10355.0080,-11.01,1.75,170.00,6.01
10355.0407,-10.97,1.77,170.00,6.03
10355.0713,-10.92,1.80,170.00,6.06
10355.1034,-10.88,1.83,170.00,6.09
10355.1352,-10.84,1.87,170.00,6.13
10355.1663,-10.80,1.92,170.00,6.16
10355.1983,-10.76,1.96,170.00,6.19
10355.2303,-10.72,2.01,170.00,6.22
10355.2632,-10.69,2.06,170.00,6.25
10355.2952,-10.65,2.10,170.00,6.27
10355.3275,-10.62,2.15,170.00,6.29
10355.3605,-10.59,2.20,170.00,6.31
10355.3928,-10.57,2.25,170.00,6.34
10355.4250,-10.55,2.29,170.00,6.36
10355.4561,-10.54,2.33,170.00,6.39
10355.4897,-10.54,2.37,170.00,6.42
10355.5216,-10.54,2.39,170.00,6.45
10355.5555,-10.54,2.41,170.00,6.49
10355.5871,-10.55,2.42,170.00,6.52
10355.6188,-10.56,2.42,170.00,6.56
10355.6541,-10.56,2.42,170.00,6.60
10355.6868,-10.58,2.41,170.00,6.63
10355.7185,-10.59,2.39,170.00,6.66
10355.7505,-10.61,2.38,170.00,6.69
10355.7826,-10.63,2.36,170.00,6.72
10355.8140,-10.65,2.34,170.00,6.75
10355.8502,-10.67,2.33,170.00,6.78
10355.8831,-10.69,2.32,170.00,6.80
10355.9148,-10.71,2.31,170.00,6.82
10355.9472,-10.73,2.30,170.00,6.84
10355.9795,-10.74,2.30,170.00,6.85
10356.0107,-10.75,2.30,170.00,6.87
10356.0425,-10.76,2.30,170.00,6.88
10356.0744,-10.76,2.31,170.00,6.90
10356.1062,-10.76,2.31,170.00,6.91
10356.1381,-10.75,2.32,170.00,6.92
10356.1712,-10.74,2.33,170.00,6.93
10356.2052,-10.73,2.34,170.00,6.94
10356.2372,-10.71,2.35,170.00,6.94
10356.2700,-10.69,2.36,170.00,6.95
10356.3021,-10.67,2.37,170.00,6.96
10356.3344,-10.64,2.38,170.00,6.96
10356.3664,-10.61,2.39,170.00,6.96
10356.3983,-10.57,2.40,170.00,6.96
10356.4304,-10.54,2.41,170.00,6.94
10356.4623,-10.48,2.43,170.00,6.92
10356.4936,-10.41,2.45,170.00,6.91
10356.5256,-10.33,2.46,170.00,6.90
10356.5575,-10.25,2.49,170.00,6.91
10356.5896,-10.19,2.52,170.00,6.92
10356.6214,-10.16,2.55,170.00,6.93
10356.6552,-10.16,2.57,170.00,6.97
10356.6865,-10.18,2.59,170.00,7.00
10356.7181,-10.23,2.60,170.00,7.03
10356.7507,-10.29,2.61,170.00,7.06
10356.7825,-10.36,2.61,170.00,7.09
10356.8144,-10.42,2.61,170.00,7.11
10356.8482,-10.48,2.61,170.00,7.13
10356.8644,-10.52,2.61,170.00,7.14
10356.8956,-10.55,2.61,170.00,7.15
10356.9277,-10.56,2.61,170.00,7.15
10356.9602,-10.56,2.61,170.00,7.15
10356.9914,-10.54,2.61,170.00,7.14
10357.0232,-10.51,2.61,170.00,7.14
10357.0561,-10.46,2.62,170.00,7.13
10357.0870,-10.41,2.63,170.00,7.13
10357.1191,-10.35,2.64,170.00,7.13
10357.1533,-10.30,2.64,170.00,7.13
10357.1856,-10.24,2.65,170.00,7.13
10357.2180,-10.19,2.65,170.00,7.13
10357.2514,-10.14,2.64,170.00,7.13
10357.2833,-10.10,2.63,170.00,7.14
10357.3156,-10.07,2.62,170.00,7.14
10357.3473,-10.04,2.61,170.00,7.14
10357.3777,-10.01,2.60,170.00,7.14
10357.4114,-9.99,2.59,170.00,7.13
10357.4443,-9.98,2.57,170.00,7.13
10357.4760,-9.96,2.56,170.00,7.13
10357.5192,-9.94,2.54,170.00,7.12
10357.5504,-9.91,2.53,170.00,7.12
10357.5824,-9.88,2.53,170.00,7.11
10357.6139,-9.86,2.52,170.00,7.11
10357.6306,-9.83,2.52,170.00,7.11
10357.6618,-9.80,2.52,170.00,7.10
10357.6941,-9.77,2.52,170.00,7.10
10357.7264,-9.73,2.53,170.00,7.09
10357.7586,-9.69,2.53,170.00,7.09
10357.7952,-9.64,2.54,170.00,7.08
10357.8270,-9.59,2.55,170.00,7.08
10357.8597,-9.54,2.55,170.00,7.07
10357.8902,-9.50,2.55,170.00,7.06
10357.9255,-9.46,2.56,170.00,7.06
10357.9574,-9.42,2.55,170.00,7.06
10357.9754,-9.39,2.55,170.00,7.05
10358.0073,-9.36,2.55,170.00,7.05
10358.0387,-9.33,2.55,170.00,7.04
10358.0713,-9.30,2.54,170.00,7.04
10358.1021,-9.28,2.54,170.00,7.04
10358.1339,-9.26,2.54,170.00,7.04
10358.1666,-9.24,2.53,170.00,7.03
10358.1987,-9.23,2.53,170.00,7.03
10358.2322,-9.22,2.52,170.00,7.03
10358.2645,-9.21,2.52,170.00,7.03
10358.2963,-9.20,2.52,170.00,7.03
10358.3282,-9.20,2.52,170.00,7.03
10358.3634,-9.20,2.52,170.00,7.04
10358.3991,-9.21,2.53,170.00,7.04
10358.4302,-9.22,2.54,170.00,7.05
10358.4631,-9.23,2.55,170.00,7.05
10358.4949,-9.24,2.56,170.00,7.06
10358.5261,-9.26,2.58,170.00,7.07
10358.5581,-9.28,2.59,170.00,7.08
10358.5901,-9.30,2.60,170.00,7.09
10358.6238,-9.33,2.61,170.00,7.10
10358.6560,-9.36,2.61,170.00,7.11
10358.6876,-9.39,2.61,170.00,7.12
10358.7185,-9.41,2.61,170.00,7.13
10358.7500,-9.44,2.61,170.00,7.14
10358.7817,-9.46,2.61,170.00,7.14
10358.8138,-9.49,2.61,170.00,7.15
10358.8454,-9.51,2.61,170.00,7.15
10358.8766,-9.53,2.60,170.00,7.15
10358.9104,-9.55,2.60,170.00,7.16
10358.9434,-9.57,2.59,170.00,7.16
10358.9754,-9.59,2.59,170.00,7.17
10359.0068,-9.62,2.59,170.00,7.17
10359.0401,-9.64,2.59,170.00,7.18
10359.0782,-9.66,2.59,170.00,7.18
10359.0987,-9.67,2.59,170.00,7.18
10359.1305,-9.69,2.60,170.00,7.19
10359.1620,-9.71,2.61,170.00,7.19
10359.1957,-9.73,2.63,170.00,7.20
10359.2312,-9.75,2.65,170.00,7.20
10359.2685,-9.78,2.67,170.00,7.21
10359.3006,-9.80,2.70,170.00,7.21
10359.3327,-9.82,2.72,170.00,7.22
10359.3654,-9.84,2.74,170.00,7.22
10359.3972,-9.85,2.76,170.00,7.22
10359.4291,-9.86,2.78,170.00,7.23
10359.4718,-9.87,2.79,170.00,7.23
10359.5050,-9.89,2.80,170.00,7.23
10359.5365,-9.90,2.80,170.00,7.23
10359.5688,-9.91,2.80,170.00,7.24
10359.6008,-9.92,2.80,170.00,7.24
10359.6322,-9.92,2.79,170.00,7.24
10359.6647,-9.92,2.79,170.00,7.23
10359.6961,-9.92,2.78,170.00,7.23
10359.7282,-9.91,2.77,170.00,7.23
10359.7609,-9.90,2.76,170.00,7.23
10359.7936,-9.88,2.75,170.00,7.22
10359.8255,-9.86,2.75,170.00,7.22
10359.8575,-9.84,2.75,170.00,7.22
10359.8902,-9.83,2.75,170.00,7.22
10359.9233,-9.81,2.75,170.00,7.22
10359.9558,-9.80,2.75,170.00,7.22
10359.9881,-9.78,2.75,170.00,7.22
10360.0203,-9.77,2.75,170.00,7.22
10360.0528,-9.77,2.75,170.00,7.22
10360.0850,-9.76,2.74,170.00,7.22
10360.1161,-9.76,2.74,170.00,7.22
10360.1501,-9.75,2.74,170.00,7.22
10360.1831,-9.75,2.73,170.00,7.22
10360.2154,-9.75,2.73,170.00,7.21
10360.2472,-9.74,2.72,170.00,7.21
10360.2796,-9.73,2.71,170.00,7.21
10360.3114,-9.73,2.70,170.00,7.21
10360.3449,-9.72,2.69,170.00,7.21
10360.3779,-9.71,2.67,170.00,7.21
10360.4099,-9.69,2.66,170.00,7.21
10360.4418,-9.67,2.64,170.00,7.20
10360.4581,-9.66,2.63,170.00,7.20
10360.5053,-9.64,2.62,170.00,7.20
10360.5430,-9.62,2.60,170.00,7.19
10360.5749,-9.60,2.59,170.00,7.19
10360.6064,-9.58,2.57,170.00,7.19
10360.6382,-9.56,2.55,170.00,7.18
10360.6777,-9.55,2.53,170.00,7.18
10360.7223,-9.54,2.51,170.00,7.18
10360.7543,-9.53,2.50,170.00,7.18
10360.7860,-9.53,2.48,170.00,7.18
10360.8184,-9.52,2.46,170.00,7.18
10360.8514,-9.52,2.45,170.00,7.18
10360.8826,-9.51,2.43,170.00,7.18
10360.9145,-9.50,2.41,170.00,7.18
10360.9467,-9.48,2.40,170.00,7.17
10360.9778,-9.47,2.38,170.00,7.17
10361.0113,-9.45,2.36,170.00,7.17
10361.0442,-9.44,2.35,170.00,7.16
10361.0810,-9.42,2.33,170.00,7.15
10361.1138,-9.40,2.32,170.00,7.15
10361.1461,-9.38,2.31,170.00,7.14
10361.1779,-9.37,2.30,170.00,7.14
10361.2113,-9.36,2.29,170.00,7.14
10361.2450,-9.36,2.29,170.00,7.14
10361.2765,-9.36,2.29,170.00,7.14
10361.3082,-9.37,2.28,170.00,7.15
10361.3395,-9.38,2.28,170.00,7.15
10361.3716,-9.40,2.28,170.00,7.16
10361.4046,-9.43,2.28,170.00,7.17
10361.4366,-9.46,2.29,170.00,7.18
10361.4678,-9.49,2.29,170.00,7.19
10361.5003,-9.52,2.30,170.00,7.19
10361.5337,-9.54,2.30,170.00,7.20
10361.5659,-9.56,2.30,170.00,7.21
10361.5971,-9.58,2.30,170.00,7.21
10361.6157,-9.60,2.30,170.00,7.21
10361.6478,-9.61,2.29,170.00,7.21
10361.6796,-9.62,2.27,170.00,7.21
10361.7117,-9.63,2.24,170.00,7.21
10361.7425,-9.64,2.20,170.00,7.21
10361.7752,-9.65,2.17,170.00,7.22
10361.8062,-9.67,2.14,170.00,7.23
10361.8380,-9.69,2.11,170.00,7.24
10361.8702,-9.72,2.10,170.00,7.25
10361.9032,-9.74,2.09,170.00,7.26
10361.9370,-9.74,2.10,170.00,7.27
10361.9842,-9.71,2.13,170.00,7.27
10362.0156,-9.64,2.18,170.00,7.26
10362.0478,-9.52,2.28,170.00,7.24
10362.0820,-9.33,2.43,170.00,7.18
10362.1154,-9.13,2.59,170.00,7.14
10362.1478,-8.88,2.81,170.00,7.08
10362.1800,-8.61,3.05,170.00,7.01
10362.2136,-8.32,3.33,170.00,6.94
10362.2465,-8.01,3.66,170.00,6.88
10362.2782,-7.69,4.00,170.00,6.81
10362.3104,-7.37,4.37,170.00,6.74
10362.3438,-7.05,4.75,170.00,6.69
10362.3759,-6.72,5.17,170.00,6.61
10362.4121,-6.41,5.59,170.00,6.51
10362.4496,-6.11,6.00,170.00,6.41
10362.4816,-5.82,6.39,170.00,6.34
10362.5141,-5.56,6.76,170.00,6.29
10362.5460,-5.31,7.12,170.00,6.24
10362.5827,-5.09,7.48,170.00,6.21
10362.6141,-4.89,7.81,170.00,6.18
10362.6340,-4.73,8.10,170.00,6.16
10362.6660,-4.58,8.38,170.00,6.15
10362.6985,-4.47,8.64,170.00,6.14
10362.7365,-4.38,8.87,170.00,6.14
10362.7681,-4.31,9.08,170.00,6.14
10362.8002,-4.26,9.26,170.00,6.15
10362.8314,-4.24,9.41,170.00,6.17
10362.8586,-4.25,9.56,170.00,6.20
10362.8876,-4.27,9.68,170.00,6.23
10362.9142,-4.32,9.78,170.00,6.27
10362.9464,-4.38,9.86,170.00,6.32
10362.9783,-4.46,9.91,170.00,6.37
10363.0107,-4.57,9.94,170.00,6.42
10363.0503,-4.72,9.95,170.00,6.48
10363.0825,-4.85,9.94,170.00,6.52
10363.1143,-5.01,9.91,170.00,6.57
10363.1463,-5.16,9.86,170.00,6.62
10363.1777,-5.33,9.80,170.00,6.66
10363.2201,-5.51,9.72,170.00,6.71
10363.2525,-5.69,9.64,170.00,6.76
10363.2842,-5.88,9.57,170.00,6.80
10363.3161,-6.05,9.50,170.00,6.84
10363.3486,-6.24,9.42,170.00,6.88
10363.3800,-6.41,9.34,170.00,6.93
10363.4199,-6.59,9.25,170.00,6.97
10363.4531,-6.75,9.17,170.00,7.01
10363.4857,-6.91,9.07,170.00,7.04
10363.5178,-7.05,8.98,170.00,7.07
10363.5493,-7.17,8.88,170.00,7.09
10363.5823,-7.28,8.78,170.00,7.10
10363.6138,-7.37,8.68,170.00,7.11
10363.6310,-7.45,8.59,170.00,7.11
10363.6703,-7.52,8.50,170.00,7.11
10363.7027,-7.58,8.41,170.00,7.11
10363.7346,-7.64,8.33,170.00,7.11
10363.7664,-7.69,8.26,170.00,7.10
10363.7973,-7.73,8.20,170.00,7.10
10363.8306,-7.76,8.15,170.00,7.10
10363.8544,-7.79,8.11,170.00,7.09
10363.8870,-7.82,8.07,170.00,7.09
10363.9197,-7.85,8.05,170.00,7.09
10363.9511,-7.88,8.02,170.00,7.08
10363.9840,-7.92,7.99,170.00,7.08
10364.0159,-7.96,7.97,170.00,7.08
10364.0374,-8.01,7.94,170.00,7.09
10364.0700,-8.06,7.92,170.00,7.10
10364.1013,-8.12,7.90,170.00,7.11
10364.1327,-8.19,7.87,170.00,7.12
10364.1652,-8.27,7.86,170.00,7.13
10364.1969,-8.35,7.84,170.00,7.14
10364.2303,-8.44,7.83,170.00,7.16
10364.2621,-8.52,7.82,170.00,7.16
10364.2940,-8.59,7.81,170.00,7.17
10364.3258,-8.66,7.80,170.00,7.18
10364.3606,-8.72,7.80,170.00,7.18
10364.3927,-8.76,7.80,170.00,7.19
10364.4245,-8.80,7.80,170.00,7.19
10364.4564,-8.83,7.81,170.00,7.19
10364.4885,-8.84,7.82,170.00,7.19
10364.5199,-8.84,7.83,170.00,7.19
10364.5523,-8.83,7.83,170.00,7.19
10364.5883,-8.82,7.84,170.00,7.18
10364.6195,-8.80,7.84,170.00,7.18
10364.6508,-8.79,7.84,170.00,7.17
10364.6833,-8.77,7.83,170.00,7.16
10364.7152,-8.76,7.82,170.00,7.16
10364.7472,-8.74,7.80,170.00,7.15
10364.7800,-8.73,7.78,170.00,7.14
10364.8138,-8.72,7.75,170.00,7.14
10364.8465,-8.71,7.72,170.00,7.14
10364.8782,-8.71,7.69,170.00,7.14
10364.9105,-8.71,7.66,170.00,7.13
10364.9425,-8.71,7.64,170.00,7.13
10364.9752,-8.70,7.61,170.00,7.13
10365.0129,-8.70,7.59,170.00,7.13
10365.0447,-8.69,7.57,170.00,7.12
10365.0763,-8.68,7.56,170.00,7.11
10365.1073,-8.67,7.56,170.00,7.10
10365.1453,-8.66,7.55,170.00,7.09
10365.1611,-8.65,7.55,170.00,7.09
10365.2034,-8.63,7.56,170.00,7.08
10365.2356,-8.62,7.58,170.00,7.07
10365.2671,-8.62,7.59,170.00,7.07
10365.3002,-8.62,7.61,170.00,7.07
10365.3328,-8.62,7.63,170.00,7.07
10365.3488,-8.63,7.65,170.00,7.07
10365.3799,-8.64,7.66,170.00,7.07
10365.4130,-8.66,7.67,170.00,7.07
10365.4451,-8.69,7.68,170.00,7.07
10365.4766,-8.71,7.68,170.00,7.07
10365.5083,-8.74,7.68,170.00,7.07
10365.5421,-8.78,7.68,170.00,7.08
10365.5729,-8.81,7.67,170.00,7.08
10365.6049,-8.86,7.67,170.00,7.08
10365.6364,-8.90,7.66,170.00,7.09
10365.6679,-8.92,7.66,170.00,7.09
10365.7040,-8.92,7.66,170.00,7.08
10365.7359,-8.91,7.65,170.00,7.07
10365.7766,-8.87,7.64,170.00,7.06
10365.8084,-8.84,7.63,170.00,7.06
10365.8467,-8.79,7.62,170.00,7.04
10365.8780,-8.74,7.60,170.00,7.03
10365.9110,-8.70,7.59,170.00,7.02
10365.9440,-8.65,7.58,170.00,7.01
10365.9760,-8.61,7.56,170.00,7.01
10366.0079,-8.57,7.55,170.00,7.00
10366.0400,-8.54,7.54,170.00,6.99
10366.0724,-8.52,7.52,170.00,6.99
10366.1047,-8.49,7.51,170.00,6.98
10366.1361,-8.47,7.49,170.00,6.98
10366.1700,-8.45,7.48,170.00,6.97
10366.2018,-8.43,7.47,170.00,6.97
10366.2337,-8.41,7.46,170.00,6.96
10366.2660,-8.39,7.44,170.00,6.96
10366.2986,-8.37,7.43,170.00,6.95
10366.3306,-8.34,7.42,170.00,6.95
10366.3634,-8.29,7.40,170.00,6.94
10366.3862,-8.26,7.37,170.00,6.93
10366.4185,-8.23,7.35,170.00,6.93
10366.4504,-8.21,7.32,170.00,6.92
10366.4818,-8.20,7.29,170.00,6.93
10366.5146,-8.19,7.25,170.00,6.93
10366.5459,-8.19,7.20,170.00,6.93
10366.5791,-8.19,7.16,170.00,6.94
10366.6104,-8.20,7.11,170.00,6.94
10366.6421,-8.21,7.06,170.00,6.94
10366.6740,-8.22,7.01,170.00,6.94
10366.7067,-8.23,6.97,170.00,6.95
10366.7383,-8.24,6.92,170.00,6.95
10366.7738,-8.25,6.88,170.00,6.95
10366.8064,-8.27,6.85,170.00,6.95
10366.8381,-8.27,6.82,170.00,6.95
10366.8700,-8.28,6.81,170.00,6.95
10366.9021,-8.29,6.80,170.00,6.94
10366.9347,-8.29,6.80,170.00,6.94
10366.9660,-8.29,6.81,170.00,6.94
10366.9979,-8.29,6.82,170.00,6.93
10367.0301,-8.29,6.82,170.00,6.93
10367.0621,-8.29,6.83,170.00,6.93
10367.0942,-8.27,6.83,170.00,6.92
10367.1257,-8.26,6.83,170.00,6.92
10367.1576,-8.24,6.82,170.00,6.92
10367.1918,-8.22,6.80,170.00,6.91
10367.2252,-8.20,6.78,170.00,6.91
10367.2570,-8.18,6.77,170.00,6.91
10367.2904,-8.17,6.74,170.00,6.90
10367.3225,-8.15,6.72,170.00,6.90
10367.3558,-8.13,6.71,170.00,6.90
10367.3872,-8.12,6.69,170.00,6.90
10367.4199,-8.11,6.67,170.00,6.89
10367.4549,-8.10,6.65,170.00,6.89
10367.4868,-8.09,6.63,170.00,6.89
10367.5201,-8.08,6.62,170.00,6.88
10367.5525,-8.07,6.61,170.00,6.88
10367.5860,-8.06,6.60,170.00,6.88
10367.6181,-8.05,6.59,170.00,6.87
10367.6577,-8.04,6.59,170.00,6.87
10367.6893,-8.03,6.59,170.00,6.87
10367.7215,-8.02,6.59,170.00,6.86
10367.7540,-8.02,6.59,170.00,6.86
10367.7853,-8.01,6.60,170.00,6.86
10367.8174,-8.02,6.61,170.00,6.85
10367.8511,-8.02,6.62,170.00,6.85
10367.8835,-8.01,6.63,170.00,6.84
10367.9152,-8.01,6.64,170.00,6.84
10367.9470,-8.00,6.65,170.00,6.84
10367.9787,-7.99,6.67,170.00,6.83
10368.0099,-7.99,6.68,170.00,6.83
10368.0401,-7.99,6.70,170.00,6.83
10368.0723,-7.99,6.72,170.00,6.83
10368.1022,-8.01,6.74,170.00,6.83
10368.1338,-8.02,6.75,170.00,6.84
10368.1736,-8.04,6.76,170.00,6.84
10368.2056,-8.07,6.77,170.00,6.85
10368.2377,-8.10,6.77,170.00,6.85
10368.2712,-8.12,6.78,170.00,6.86
10368.3035,-8.16,6.78,170.00,6.86
10368.3352,-8.19,6.78,170.00,6.87
10368.3665,-8.21,6.78,170.00,6.87
10368.4084,-8.24,6.77,170.00,6.88
10368.4302,-8.27,6.76,170.00,6.88
10368.4632,-8.29,6.75,170.00,6.89
10368.4918,-8.32,6.74,170.00,6.89
10368.5309,-8.35,6.73,170.00,6.90
10368.5623,-8.37,6.71,170.00,6.90
10368.5841,-8.40,6.70,170.00,6.90
10368.6161,-8.43,6.68,170.00,6.91
10368.6492,-8.46,6.66,170.00,6.91
10368.6800,-8.49,6.64,170.00,6.92
10368.7111,-8.54,6.62,170.00,6.93
10368.7402,-8.58,6.60,170.00,6.94
10368.7778,-8.64,6.57,170.00,6.95
10368.8102,-8.71,6.54,170.00,6.96
10368.8426,-8.79,6.51,170.00,6.98
10368.8749,-8.88,6.49,170.00,6.99
10368.9058,-8.97,6.47,170.00,7.00
10368.9380,-9.06,6.44,170.00,7.00
10368.9697,-9.12,6.41,170.00,7.02
10369.0015,-9.19,6.39,170.00,7.04
10369.0334,-9.25,6.39,170.00,7.05
10369.0728,-9.29,6.40,170.00,7.07
10369.0898,-9.33,6.40,170.00,7.08
10369.1301,-9.36,6.41,170.00,7.09
10369.1637,-9.39,6.42,170.00,7.10
10369.1967,-9.43,6.44,170.00,7.11
10369.2285,-9.47,6.47,170.00,7.12
10369.2603,-9.50,6.49,170.00,7.12
10369.2940,-9.55,6.53,170.00,7.13
10369.3260,-9.60,6.57,170.00,7.14
10369.3578,-9.66,6.63,170.00,7.16
10369.3879,-9.72,6.70,170.00,7.17
10369.4127,-9.79,6.77,170.00,7.19
10369.4497,-9.86,6.84,170.00,7.21
10369.4827,-9.93,6.92,170.00,7.23
10369.5130,-9.99,6.99,170.00,7.24
10369.5408,-10.05,7.05,170.00,7.26
10369.5823,-10.12,7.10,170.00,7.27
10369.6143,-10.17,7.14,170.00,7.28
10369.6556,-10.22,7.17,170.00,7.29
10369.6853,-10.27,7.19,170.00,7.30
10369.7177,-10.31,7.19,170.00,7.30
10369.7499,-10.33,7.20,170.00,7.31
10369.7833,-10.35,7.18,170.00,7.32
10369.8152,-10.36,7.15,170.00,7.32
10369.8471,-10.37,7.12,170.00,7.32
10369.8794,-10.38,7.08,170.00,7.33
10369.9115,-10.38,7.03,170.00,7.32
10369.9472,-10.37,6.98,170.00,7.32
10369.9803,-10.36,6.93,170.00,7.31
10370.0117,-10.35,6.87,170.00,7.31
10370.0440,-10.34,6.82,170.00,7.31
10370.0822,-10.33,6.77,170.00,7.30
10370.1145,-10.31,6.73,170.00,7.29
10370.1458,-10.29,6.68,170.00,7.29
10370.1802,-10.28,6.64,170.00,7.29
10370.2138,-10.28,6.60,170.00,7.28
10370.2463,-10.28,6.58,170.00,7.27
10370.2838,-10.27,6.55,170.00,7.27
10370.3162,-10.26,6.53,170.00,7.26
10370.3480,-10.25,6.51,170.00,7.25
10370.3801,-10.23,6.49,170.00,7.25
10370.4116,-10.22,6.48,170.00,7.24
10370.4437,-10.20,6.46,170.00,7.23
10370.4770,-10.18,6.45,170.00,7.22
10370.5103,-10.16,6.44,170.00,7.22
10370.5430,-10.12,6.42,170.00,7.21
10370.5754,-10.09,6.40,170.00,7.20
10370.6069,-10.06,6.38,170.00,7.20
10370.6406,-10.02,6.35,170.00,7.19
10370.6723,-9.98,6.32,170.00,7.18
10370.7001,-9.94,6.29,170.00,7.18
10370.7293,-9.91,6.25,170.00,7.17
10370.7590,-9.88,6.22,170.00,7.16
10370.7906,-9.86,6.18,170.00,7.15
10370.8200,-9.85,6.15,170.00,7.15
10370.8522,-9.84,6.12,170.00,7.15
10370.8802,-9.84,6.09,170.00,7.15
10370.9116,-9.84,6.07,170.00,7.15
10370.9438,-9.86,6.06,170.00,7.15
10370.9755,-9.88,6.05,170.00,7.15
10371.0077,-9.90,6.04,170.00,7.16
10371.0396,-9.92,6.03,170.00,7.17
10371.0734,-9.94,6.03,170.00,7.17
10371.1048,-9.96,6.03,170.00,7.18
10371.1359,-9.98,6.04,170.00,7.18
10371.1684,-10.00,6.04,170.00,7.18
10371.2001,-10.01,6.04,170.00,7.19
10371.2320,-10.02,6.04,170.00,7.19
10371.2637,-10.02,6.04,170.00,7.19
10371.2946,-10.03,6.04,170.00,7.19
10371.3260,-10.02,6.04,170.00,7.19
10371.3534,-10.02,6.04,170.00,7.18
10371.3806,-10.01,6.04,170.00,7.18
10371.4135,-10.00,6.04,170.00,7.19
10371.4549,-10.01,6.04,170.00,7.19
10371.4758,-10.01,6.04,170.00,7.18
10371.5093,-10.01,6.04,170.00,7.19
10371.5371,-10.02,6.03,170.00,7.19
10371.5700,-10.02,6.03,170.00,7.19
10371.6046,-10.03,6.02,170.00,7.19
10371.6369,-10.05,6.00,170.00,7.19
10371.6678,-10.07,5.99,170.00,7.20
10371.6998,-10.09,5.98,170.00,7.20
10371.7315,-10.11,5.97,170.00,7.20
10371.7600,-10.14,5.96,170.00,7.21
10371.7929,-10.17,5.96,170.00,7.22
10371.8235,-10.20,5.95,170.00,7.23
10371.8522,-10.22,5.95,170.00,7.23
10371.8849,-10.24,5.95,170.00,7.23
10371.9211,-10.25,5.96,170.00,7.24
10371.9502,-10.26,5.97,170.00,7.24
10371.9828,-10.26,5.98,170.00,7.23
10372.0077,-10.26,6.00,170.00,7.23
10372.0518,-10.25,6.03,170.00,7.22
10372.0839,-10.23,6.06,170.00,7.22
10372.1155,-10.20,6.09,170.00,7.21
10372.1558,-10.17,6.13,170.00,7.21
10372.1788,-10.14,6.17,170.00,7.21
10372.2144,-10.11,6.20,170.00,7.20
10372.2456,-10.08,6.23,170.00,7.20
10372.2791,-10.06,6.25,170.00,7.20
10372.3109,-10.02,6.27,170.00,7.19
10372.3420,-9.96,6.29,170.00,7.18
10372.3761,-9.90,6.31,170.00,7.17
10372.4080,-9.84,6.33,170.00,7.16
10372.4401,-9.78,6.35,170.00,7.15
10372.4733,-9.72,6.39,170.00,7.13
10372.5054,-9.65,6.43,170.00,7.11
10372.5382,-9.58,6.48,170.00,7.11
10372.5700,-9.51,6.54,170.00,7.09
10372.6013,-9.44,6.60,170.00,7.09
10372.6314,-9.38,6.68,170.00,7.08
10372.6660,-9.32,6.75,170.00,7.07
10372.6980,-9.27,6.83,170.00,7.07
10372.7308,-9.22,6.92,170.00,7.07
10372.7610,-9.18,7.00,170.00,7.07
10372.7918,-9.17,7.07,170.00,7.08
10372.8203,-9.17,7.14,170.00,7.09
10372.8555,-9.18,7.20,170.00,7.09
10372.8877,-9.21,7.26,170.00,7.11
10372.9202,-9.26,7.30,170.00,7.13
10372.9522,-9.31,7.32,170.00,7.14
10372.9812,-9.36,7.33,170.00,7.16
10373.0108,-9.41,7.33,170.00,7.17
10373.0398,-9.44,7.32,170.00,7.18
10373.0732,-9.46,7.31,170.00,7.18
10373.1002,-9.46,7.29,170.00,7.18
10373.1316,-9.46,7.26,170.00,7.17
10373.1642,-9.46,7.23,170.00,7.17
10373.2008,-9.43,7.19,170.00,7.16
10373.2319,-9.41,7.16,170.00,7.15
10373.2638,-9.37,7.12,170.00,7.14
10373.2958,-9.33,7.08,170.00,7.14
10373.3279,-9.29,7.04,170.00,7.13
10373.3600,-9.24,7.01,170.00,7.11
10373.3920,-9.20,6.97,170.00,7.10
10373.4237,-9.16,6.94,170.00,7.10
10373.4558,-9.13,6.91,170.00,7.09
10373.4878,-9.10,6.88,170.00,7.09
10373.5191,-9.07,6.85,170.00,7.08
10373.5515,-9.05,6.82,170.00,7.07
10373.5684,-9.03,6.80,170.00,7.07
10373.6002,-9.01,6.78,170.00,7.07
10373.6312,-9.00,6.76,170.00,7.06
10373.6634,-8.99,6.75,170.00,7.05
10373.6955,-8.98,6.74,170.00,7.05
10373.7278,-8.97,6.73,170.00,7.04
10373.7589,-8.95,6.73,170.00,7.03
10373.7906,-8.93,6.73,170.00,7.03
10373.8221,-8.91,6.72,170.00,7.02
10373.8538,-8.89,6.71,170.00,7.02
10373.8871,-8.88,6.68,170.00,7.01
10373.9188,-8.86,6.66,170.00,7.01
10373.9500,-8.86,6.63,170.00,7.00
10373.9833,-8.87,6.60,170.00,7.00
10374.0152,-8.88,6.57,170.00,7.00
10374.0478,-8.89,6.54,170.00,7.00
10374.0815,-8.91,6.51,170.00,7.00
10374.1143,-8.93,6.48,170.00,7.01
10374.1459,-8.96,6.45,170.00,7.01
10374.1776,-8.99,6.43,170.00,7.02
10374.2096,-9.02,6.42,170.00,7.02
10374.2399,-9.06,6.41,170.00,7.03
10374.2750,-9.10,6.40,170.00,7.04
10374.3075,-9.13,6.41,170.00,7.04
10374.3388,-9.16,6.41,170.00,7.05
10374.3707,-9.19,6.41,170.00,7.05
10374.4021,-9.22,6.42,170.00,7.06
10374.4369,-9.24,6.43,170.00,7.06
10374.4687,-9.27,6.43,170.00,7.06
10374.5000,-9.30,6.44,170.00,7.07
10374.5332,-9.33,6.44,170.00,7.07
10374.5579,-9.36,6.44,170.00,7.08
10374.5924,-9.40,6.45,170.00,7.08
10374.6166,-9.43,6.44,170.00,7.09
10374.6493,-9.47,6.43,170.00,7.10
10374.6776,-9.50,6.42,170.00,7.11
10374.7114,-9.54,6.41,170.00,7.12
10374.7437,-9.58,6.39,170.00,7.12
10374.7755,-9.63,6.37,170.00,7.13
10374.8078,-9.68,6.37,170.00,7.14
10374.8447,-9.74,6.36,170.00,7.14
10374.8759,-9.79,6.36,170.00,7.14
10374.9082,-9.83,6.36,170.00,7.15
10374.9400,-9.88,6.38,170.00,7.16
10374.9722,-9.91,6.41,170.00,7.17
10375.0047,-9.95,6.43,170.00,7.19
10375.0364,-9.98,6.45,170.00,7.20
10375.0694,-10.00,6.48,170.00,7.21
10375.1001,-10.01,6.51,170.00,7.21
10375.1325,-10.02,6.53,170.00,7.22
10375.1643,-10.02,6.55,170.00,7.22
10375.1955,-10.02,6.57,170.00,7.21
10375.2323,-10.00,6.59,170.00,7.21
10375.2642,-9.99,6.61,170.00,7.21
10375.2960,-9.98,6.63,170.00,7.21
10375.3351,-9.97,6.66,170.00,7.21
10375.3676,-9.95,6.68,170.00,7.20
10375.4134,-9.92,6.70,170.00,7.21
10375.4454,-9.89,6.72,170.00,7.21
10375.4775,-9.86,6.74,170.00,7.21
10375.5112,-9.84,6.75,170.00,7.21
10375.5435,-9.81,6.76,170.00,7.21
10375.5753,-9.78,6.76,170.00,7.21
10375.6071,-9.75,6.76,170.00,7.21
10375.6388,-9.73,6.75,170.00,7.21
10375.6700,-9.71,6.73,170.00,7.21
10375.7038,-9.69,6.73,170.00,7.20
10375.7348,-9.67,6.72,170.00,7.20
10375.7667,-9.64,6.71,170.00,7.19
10375.7987,-9.62,6.71,170.00,7.19
10375.8302,-9.60,6.71,170.00,7.18
10375.8628,-9.57,6.72,170.00,7.17
10375.8952,-9.54,6.73,170.00,7.17
10375.9275,-9.51,6.73,170.00,7.17
10375.9595,-9.48,6.75,170.00,7.17
10375.9911,-9.46,6.77,170.00,7.16
10376.0231,-9.42,6.81,170.00,7.16
10376.0571,-9.38,6.86,170.00,7.15
10376.0889,-9.34,6.91,170.00,7.15
10376.1198,-9.31,7.00,170.00,7.14
10376.1521,-9.30,7.13,170.00,7.12
10376.1844,-9.30,7.27,170.00,7.11
10376.2160,-9.30,7.43,170.00,7.11
10376.2482,-9.30,7.69,170.00,7.11
10376.2800,-9.28,8.04,170.00,7.12
10376.3121,-9.25,8.44,170.00,7.13
10376.3438,-9.24,8.97,170.00,7.14
10376.3812,-9.24,9.69,170.00,7.17
10376.4137,-9.26,10.59,170.00,7.21
10376.4463,-9.28,11.53,170.00,7.29
10376.4801,-9.29,12.65,170.00,7.43
10376.5143,-9.30,13.77,170.00,7.62
10376.5458,-9.32,15.06,170.00,7.89
10376.5784,-9.32,16.36,170.00,8.20
10376.6033,-9.34,17.80,170.00,8.57
10376.6353,-9.37,19.20,170.00,9.00
10376.6720,-9.42,20.73,170.00,9.50
10376.7039,-9.50,22.39,170.00,10.00
10376.7361,-9.61,23.98,170.00,10.59
10376.7601,-9.77,25.65,170.00,11.24
10376.7871,-9.94,27.24,170.00,11.89
10376.8205,-10.17,28.91,170.00,12.57
10376.8518,-10.39,30.46,170.00,13.22
10376.8839,-10.64,32.00,170.00,13.87
10376.9158,-10.91,33.49,170.00,14.49
10376.9533,-11.16,34.82,170.00,15.06
10376.9893,-11.40,36.03,170.00,15.59
10377.0213,-11.60,37.09,170.00,16.05
10377.0549,-11.75,37.98,170.00,16.45
10377.0858,-11.86,38.67,170.00,16.78
10377.1181,-11.93,39.17,170.00,17.05
10377.1541,-12.00,39.56,170.00,17.29
10377.1855,-12.04,39.84,170.00,17.51
10377.2170,-12.09,40.06,170.00,17.73
10377.2500,-12.17,40.27,170.00,17.95
10377.2821,-12.28,40.48,170.00,18.18
10377.3038,-12.39,40.67,170.00,18.40
10377.3362,-12.59,40.96,170.00,18.63
10377.3699,-12.82,41.28,170.00,18.87
10377.4016,-13.11,41.71,170.00,19.11
10377.4329,-13.43,42.22,170.00,19.34
10377.4647,-13.73,42.75,170.00,19.58
10377.4969,-14.01,43.30,170.00,19.81
10377.5362,-14.32,44.05,170.00,20.06
10377.5676,-14.59,44.81,170.00,20.31
10377.5996,-14.87,45.65,170.00,20.59
10377.6319,-15.14,46.54,170.00,20.85
10377.6639,-15.38,47.40,170.00,21.13
10377.6961,-15.60,48.30,170.00,21.40
10377.7369,-15.83,49.21,170.00,21.69
10377.7686,-16.03,50.09,170.00,21.99
10377.7999,-16.26,50.99,170.00,22.29
10377.8319,-16.50,51.85,170.00,22.61
10377.8654,-16.77,52.75,170.00,22.92
10377.8973,-17.06,53.68,170.00,23.22
10377.9300,-17.35,54.54,170.00,23.50
10377.9619,-17.67,55.40,170.00,23.78
10378.0024,-18.01,56.22,170.00,24.05
10378.0354,-18.34,56.96,170.00,24.29
10378.0654,-18.64,57.61,170.00,24.51
10378.0984,-18.89,58.15,170.00,24.71
10378.1300,-19.10,58.59,170.00,24.88
10378.1630,-19.24,58.86,170.00,25.03
10378.1944,-19.30,58.96,170.00,25.16
10378.2255,-19.33,58.95,170.00,25.25
10378.2581,-19.26,58.74,170.00,25.34
10378.2897,-19.10,58.32,170.00,25.40
10378.3223,-18.91,57.79,170.00,25.41
10378.3543,-18.71,57.16,170.00,25.39
10378.3853,-18.41,56.33,170.00,25.33
10378.4171,-18.03,55.27,170.00,25.26
10378.4488,-17.57,54.01,170.00,25.16
10378.4810,-17.16,52.71,170.00,25.00
10378.5129,-16.71,51.20,170.00,24.86
10378.5450,-16.30,49.72,170.00,24.64
10378.5778,-15.82,48.07,170.00,24.44
10378.6087,-15.39,46.47,170.00,24.16
10378.6399,-14.95,44.67,170.00,23.93
10378.6721,-14.49,42.74,170.00,23.68
10378.7040,-14.08,40.86,170.00,23.33
10378.7358,-13.68,38.83,170.00,23.04
10378.7682,-13.32,36.88,170.00,22.67
10378.8001,-12.95,34.81,170.00,22.28
10378.8229,-12.60,32.86,170.00,21.86
10378.8488,-12.28,31.03,170.00,21.43
10378.8809,-11.96,29.16,170.00,21.03
10378.9146,-11.66,27.30,170.00,20.62
10378.9455,-11.41,25.60,170.00,20.16
10378.9789,-11.19,23.97,170.00,19.75
10379.0109,-11.00,22.46,170.00,19.32
10379.0474,-10.85,21.03,170.00,18.89
10379.0792,-10.74,19.75,170.00,18.48
10379.1099,-10.65,18.60,170.00,18.06
10379.1418,-10.58,17.53,170.00,17.69
10379.1738,-10.54,16.54,170.00,17.33
10379.2056,-10.51,15.67,170.00,16.95
10379.2380,-10.48,14.87,170.00,16.60
10379.2692,-10.46,14.16,170.00,16.25
10379.3017,-10.44,13.51,170.00,15.92
10379.3361,-10.42,12.93,170.00,15.61
10379.3686,-10.39,12.42,170.00,15.33
10379.4000,-10.37,12.00,170.00,15.05
10379.4317,-10.34,11.63,170.00,14.80
10379.4651,-10.31,11.32,170.00,14.56
10379.4972,-10.28,11.07,170.00,14.34
10379.5289,-10.24,10.86,170.00,14.15
10379.5603,-10.21,10.68,170.00,13.97
10379.5994,-10.16,10.54,170.00,13.82
10379.6305,-10.12,10.42,170.00,13.69
10379.6624,-10.05,10.32,170.00,13.60
10379.6940,-9.95,10.26,170.00,13.52
10379.7266,-9.83,10.22,170.00,13.45
10379.7593,-9.67,10.20,170.00,13.34
10379.7914,-9.49,10.21,170.00,13.22
10379.8232,-9.33,10.24,170.00,13.10
10379.8551,-9.20,10.28,170.00,12.98
10379.8813,-9.10,10.32,170.00,12.89
10379.9122,-9.04,10.38,170.00,12.87
10379.9445,-9.02,10.49,170.00,12.89
10379.9755,-9.08,10.75,170.00,12.91
10380.0077,-9.20,11.16,170.00,12.95
10380.0399,-9.33,11.59,170.00,12.98
10380.0726,-9.51,12.07,170.00,13.04
10380.1045,-9.72,12.51,170.00,13.11
10380.1354,-9.99,12.97,170.00,13.23
10380.1672,-10.32,13.44,170.00,13.37
10380.1984,-10.65,13.90,170.00,13.51
10380.2299,-10.97,14.35,170.00,13.65
10380.2617,-11.34,14.81,170.00,13.82
10380.2934,-11.70,15.24,170.00,14.01
10380.3259,-12.02,15.64,170.00,14.20
10380.3578,-12.29,15.99,170.00,14.41
10380.3896,-12.51,16.30,170.00,14.62
10380.4212,-12.69,16.58,170.00,14.81
10380.4530,-12.79,16.88,170.00,14.99
10380.4846,-12.86,17.16,170.00,15.15
10380.5181,-12.89,17.50,170.00,15.32
10380.5497,-12.91,17.85,170.00,15.53
10380.5815,-12.91,18.24,170.00,15.70
10380.6129,-12.90,18.67,170.00,15.90
10380.6445,-12.90,19.10,170.00,16.11
10380.6614,-12.89,19.51,170.00,16.32
10380.6925,-12.88,19.95,170.00,16.53
10380.7240,-12.87,20.36,170.00,16.72
10380.7558,-12.84,20.76,170.00,16.88
10380.7873,-12.78,21.10,170.00,17.00
10380.8186,-12.70,21.38,170.00,17.09
10380.8498,-12.58,21.57,170.00,17.15
10380.8827,-12.47,21.69,170.00,17.20
10380.9148,-12.35,21.73,170.00,17.23
10380.9462,-12.25,21.72,170.00,17.26
10380.9797,-12.15,21.66,170.00,17.26
10381.0132,-12.07,21.56,170.00,17.25
10381.0380,-12.00,21.45,170.00,17.23
10381.0777,-11.96,21.35,170.00,17.20
10381.1098,-11.94,21.25,170.00,17.18
10381.1417,-11.94,21.13,170.00,17.18
10381.1731,-11.95,21.00,170.00,17.17
10381.1994,-11.97,20.88,170.00,17.17
10381.2312,-11.99,20.75,170.00,17.16
10381.2634,-12.01,20.62,170.00,17.14
10381.2956,-12.04,20.50,170.00,17.12
10381.3281,-12.07,20.39,170.00,17.09
10381.3532,-12.10,20.29,170.00,17.06
10381.3858,-12.14,20.20,170.00,17.04
10381.4180,-12.19,20.13,170.00,17.01
10381.4513,-12.25,20.07,170.00,16.99
10381.4830,-12.31,20.03,170.00,16.98
10381.5165,-12.39,20.00,170.00,16.97
10381.5495,-12.46,19.98,170.00,16.97
10381.5805,-12.53,19.97,170.00,16.97
10381.6149,-12.58,19.95,170.00,16.97
10381.6463,-12.63,19.92,170.00,16.97
10381.6798,-12.67,19.87,170.00,16.97
10381.7200,-12.70,19.78,170.00,16.95
10381.7524,-12.75,19.68,170.00,16.93
10381.7864,-12.81,19.58,170.00,16.90
10381.8180,-12.87,19.49,170.00,16.86
10381.8497,-12.93,19.41,170.00,16.79
10381.8815,-12.98,19.36,170.00,16.72
10381.9150,-13.03,19.33,170.00,16.62
10381.9479,-13.10,19.31,170.00,16.55
10381.9795,-13.18,19.31,170.00,16.51
10382.0194,-13.28,19.33,170.00,16.50
10382.0519,-13.39,19.33,170.00,16.54
10382.0848,-13.49,19.32,170.00,16.61
10382.1167,-13.58,19.30,170.00,16.67
10382.1498,-13.65,19.27,170.00,16.73
10382.1804,-13.72,19.23,170.00,16.77
10382.2186,-13.79,19.18,170.00,16.80
10382.2496,-13.85,19.11,170.00,16.80
10382.2853,-13.91,19.05,170.00,16.78
10382.3169,-13.97,18.99,170.00,16.74
10382.3496,-14.00,18.94,170.00,16.68
10382.3826,-14.01,18.90,170.00,16.62
10382.4142,-14.00,18.87,170.00,16.55
10382.4470,-13.99,18.85,170.00,16.49
10382.4792,-13.97,18.82,170.00,16.44
10382.5116,-13.95,18.79,170.00,16.40
10382.5450,-13.91,18.76,170.00,16.35
10382.5769,-13.86,18.71,170.00,16.30
10382.6088,-13.79,18.66,170.00,16.24
10382.6403,-13.70,18.61,170.00,16.16
10382.6719,-13.62,18.54,170.00,16.06
10382.7073,-13.51,18.42,170.00,15.94
10382.7410,-13.40,18.28,170.00,15.83
10382.7745,-13.28,18.07,170.00,15.70
10382.8096,-13.14,17.79,170.00,15.59
10382.8431,-12.97,17.44,170.00,15.45
10382.8750,-12.77,17.07,170.00,15.26
10382.9069,-12.54,16.66,170.00,15.08
10382.9405,-12.32,16.25,170.00,14.89
10382.9722,-12.10,15.80,170.00,14.73
10383.0050,-11.91,15.36,170.00,14.56
10383.0368,-11.70,14.87,170.00,14.32
10383.0694,-11.46,14.27,170.00,14.00
10383.1009,-11.23,13.67,170.00,13.64
10383.1346,-10.94,12.99,170.00,13.19
10383.1664,-10.60,12.30,170.00,12.70
10383.1979,-10.27,11.66,170.00,12.07
10383.2299,-9.89,11.00,170.00,11.38
10383.2620,-9.49,10.30,170.00,10.59
10383.2943,-9.13,9.64,170.00,9.82
10383.3258,-8.81,8.94,170.00,9.07
10383.3577,-8.56,8.30,170.00,8.36
10383.3929,-8.40,7.67,170.00,7.78
10383.4304,-8.38,7.08,170.00,7.32
10383.4633,-8.42,6.55,170.00,6.92
10383.5002,-8.60,6.04,170.00,6.64
10383.5338,-8.85,5.53,170.00,6.46
10383.5656,-9.11,5.02,170.00,6.33
10383.5977,-9.40,4.49,170.00,6.26
10383.6318,-9.67,3.95,170.00,6.20
10383.6630,-9.91,3.42,170.00,6.16
10383.6941,-10.12,2.91,170.00,6.10
10383.7260,-10.28,2.42,170.00,6.05
10383.7577,-10.42,1.96,170.00,6.00
10383.7943,-10.53,1.52,170.00,5.95
10383.8258,-10.61,1.13,170.00,5.89
10383.8584,-10.68,0.78,170.00,5.85
10383.8907,-10.74,0.47,170.00,5.82
10383.9219,-10.79,0.20,170.00,5.80
10383.9542,-10.83,-0.04,170.00,5.79
10383.9892,-10.85,-0.24,170.00,5.77
10384.0196,-10.86,-0.43,170.00,5.75
10384.0531,-10.86,-0.59,170.00,5.73
10384.0854,-10.85,-0.74,170.00,5.70
10384.1176,-10.84,-0.88,170.00,5.66
10384.1498,-10.83,-1.01,170.00,5.62
10384.1836,-10.82,-1.12,170.00,5.58
10384.2152,-10.81,-1.23,170.00,5.55
10384.2468,-10.80,-1.31,170.00,5.52
10384.2788,-10.80,-1.38,170.00,5.49
10384.3105,-10.80,-1.44,170.00,5.46
10384.3423,-10.80,-1.48,170.00,5.43
10384.3739,-10.81,-1.52,170.00,5.40
10384.3982,-10.82,-1.55,170.00,5.36
10384.4380,-10.85,-1.59,170.00,5.33
10384.4652,-10.91,-1.63,170.00,5.29
10384.5027,-11.01,-1.70,170.00,5.26
10384.5344,-11.14,-1.80,170.00,5.24
10384.5664,-11.35,-1.92,170.00,5.24
10384.5982,-11.62,-2.06,170.00,5.25
10384.6323,-12.04,-2.18,170.00,5.29
10384.6663,-12.65,-2.31,170.00,5.39
10384.6991,-13.30,-2.43,170.00,5.46
10384.7316,-14.19,-2.55,170.00,5.64
10384.7647,-15.13,-2.69,170.00,5.76
10384.7967,-16.34,-2.83,170.00,6.01
10384.8279,-17.60,-2.97,170.00,6.22
10384.8605,-19.44,-3.11,170.00,6.71
10384.8937,-21.30,-3.28,170.00,7.15
10384.9262,-23.44,-3.45,170.00,7.78
10384.9577,-25.85,-3.66,170.00,8.56
10384.9975,-28.21,-3.90,170.00,9.30
10385.0292,-30.79,-4.21,170.00,10.23
10385.0606,-33.55,-4.55,170.00,11.25
10385.0924,-36.15,-4.89,170.00,12.13
10385.1245,-38.87,-5.23,170.00,13.10
10385.1569,-41.44,-5.54,170.00,13.93
10385.1892,-44.05,-5.85,170.00,14.82
10385.2197,-46.68,-6.12,170.00,15.67
10385.2519,-49.12,-6.33,170.00,16.40
10385.2881,-51.54,-6.51,170.00,17.08
10385.3200,-53.92,-6.64,170.00,17.72
10385.3532,-56.11,-6.74,170.00,18.28
10385.3846,-58.28,-6.78,170.00,18.82
10385.4161,-60.28,-6.71,170.00,19.25
10385.4498,-62.28,-6.53,170.00,19.68
10385.4819,-64.26,-6.28,170.00,20.07
10385.5142,-66.08,-5.87,170.00,20.36
10385.5461,-67.90,-5.37,170.00,20.65
10385.5778,-69.72,-4.67,170.00,20.91
10385.6171,-71.40,-3.90,170.00,21.06
10385.6487,-73.10,-2.90,170.00,21.21
10385.6891,-74.84,-1.63,170.00,21.33
10385.7207,-76.49,-0.11,170.00,21.36
10385.7536,-78.12,1.80,170.00,21.34
10385.7855,-79.73,4.28,170.00,21.31
10385.8176,-81.28,7.79,170.00,21.21
10385.8496,-82.80,12.50,170.00,21.13
10385.8820,-84.33,19.43,170.00,21.04
10385.9136,-85.79,29.55,170.00,20.91
10385.9457,-87.23,44.74,170.00,20.80
10385.9787,-88.67,66.86,170.00,20.67
10386.0204,-90.03,90.55,170.00,20.50
10386.0390,-91.35,109.64,170.00,20.33
10386.0705,-92.54,122.05,170.00,20.13
10386.1034,-93.71,130.40,170.00,19.90
10386.1347,-94.82,136.11,170.00,19.65
10386.1673,-95.84,140.05,170.00,19.40
10386.1971,-96.80,143.02,170.00,19.14
10386.2267,-97.73,145.38,170.00,18.89
10386.2585,-98.65,147.36,170.00,18.65
10386.3033,-99.54,148.99,170.00,18.42
10386.3353,-100.37,150.29,170.00,18.20
10386.3667,-101.17,151.35,170.00,17.97
10386.3998,-101.94,152.23,170.00,17.74
10386.4335,-102.66,153.02,170.00,17.50
10386.4655,-103.35,153.74,170.00,17.26
10386.4992,-103.99,154.39,170.00,17.01
10386.5308,-104.60,154.93,170.00,16.77
10386.5644,-105.15,155.42,170.00,16.54
10386.5958,-105.66,155.88,170.00,16.33
10386.6195,-106.13,156.32,170.00,16.14
10386.6530,-106.58,156.74,170.00,15.98
10386.6849,-107.02,157.12,170.00,15.81
10386.7179,-107.45,157.44,170.00,15.63
10386.7502,-107.86,157.69,170.00,15.44
10386.7823,-108.24,157.87,170.00,15.25
10386.8030,-108.61,158.04,170.00,15.08
10386.8350,-108.96,158.19,170.00,14.93
10386.8673,-109.30,158.33,170.00,14.80
10386.9033,-109.63,158.43,170.00,14.67
10386.9360,-109.94,158.51,170.00,14.56
10386.9681,-110.22,158.56,170.00,14.44
10386.9996,-110.47,158.54,170.00,14.32
10387.0322,-110.68,158.49,170.00,14.20
10387.0563,-110.85,158.44,170.00,14.09
10387.0864,-110.98,158.38,170.00,14.00
10387.1192,-111.08,158.29,170.00,13.92
10387.1494,-111.15,158.20,170.00,13.85
10387.1797,-111.17,158.07,170.00,13.78
10387.2135,-111.15,157.93,170.00,13.73
10387.2501,-111.09,157.75,170.00,13.67
10387.2820,-110.96,157.47,170.00,13.59
10387.3141,-110.80,157.19,170.00,13.53
10387.3462,-110.54,156.80,170.00,13.47
10387.3776,-110.24,156.36,170.00,13.41
10387.4101,-109.82,155.73,170.00,13.33
10387.4417,-109.27,154.92,170.00,13.24
10387.4734,-108.70,154.07,170.00,13.16
10387.4897,-108.09,153.18,170.00,13.09
10387.5211,-107.45,152.24,170.00,13.04
10387.5547,-106.68,151.04,170.00,13.00
10387.5867,-105.78,149.56,170.00,12.98
10387.6178,-104.89,147.99,170.00,12.98
10387.6496,-103.88,146.05,170.00,12.97
10387.6814,-102.75,143.62,170.00,12.96
10387.7153,-101.66,140.99,170.00,12.93
10387.7470,-100.44,137.67,170.00,12.88
10387.7796,-99.26,134.04,170.00,12.84
10387.8150,-97.79,128.80,170.00,12.80
10387.8461,-96.35,123.02,170.00,12.76
10387.8702,-94.94,116.65,170.00,12.71
10387.9034,-93.35,108.61,170.00,12.62
10387.9365,-91.58,98.92,170.00,12.50
10387.9705,-89.85,89.14,170.00,12.38
10388.0033,-87.89,78.38,170.00,12.27
10388.0360,-85.74,67.61,170.00,12.16
10388.0684,-83.66,58.52,170.00,12.08
10388.0996,-81.36,50.04,170.00,12.03
10388.1321,-79.14,43.24,170.00,11.98
10388.1638,-76.70,37.13,170.00,11.95
10388.2023,-74.09,31.81,170.00,11.94
10388.2339,-71.31,27.27,170.00,11.95
10388.2656,-68.63,23.54,170.00,11.95
10388.2984,-65.77,20.09,170.00,12.06
10388.3222,-63.06,17.26,170.00,12.11
10388.3521,-60.46,14.83,170.00,12.14
10388.3842,-57.74,12.69,170.00,12.24
10388.4169,-54.93,10.80,170.00,12.23
10388.4498,-52.25,9.11,170.00,12.19
10388.4820,-49.44,7.48,170.00,12.15
10388.5166,-46.76,6.05,170.00,12.09
10388.5498,-44.04,4.81,170.00,11.98
10388.5831,-41.30,3.73,170.00,11.81
10388.6135,-38.77,2.82,170.00,11.59
10388.6460,-36.24,2.05,170.00,11.28
10388.6782,-33.87,1.38,170.00,10.85
10388.7096,-31.49,0.79,170.00,10.47
10388.7429,-29.13,0.33,170.00,10.02
10388.7854,-26.81,-0.05,170.00,9.50
10388.8167,-24.50,-0.41,170.00,9.06
10388.8484,-22.38,-0.72,170.00,8.54
10388.8794,-20.31,-0.95,170.00,8.06
10388.9114,-18.34,-1.09,170.00,7.56
10388.9455,-16.53,-1.18,170.00,7.04
10388.9785,-14.82,-1.22,170.00,6.53
10389.0126,-13.21,-1.22,170.00,6.06
10389.0448,-11.79,-1.21,170.00,5.62
10389.0778,-10.50,-1.16,170.00,5.23
10389.1098,-9.38,-1.12,170.00,4.89
10389.1418,-8.39,-1.08,170.00,4.63
10389.1736,-7.52,-1.05,170.00,4.44
10389.2051,-6.77,-1.02,170.00,4.32
10389.2377,-6.13,-1.02,170.00,4.28
10389.2694,-5.60,-1.07,170.00,4.32
10389.3011,-5.15,-1.12,170.00,4.41
10389.3348,-4.78,-1.22,170.00,4.53
10389.3666,-4.46,-1.32,170.00,4.67
10389.3990,-4.19,-1.45,170.00,4.82
10389.4310,-3.95,-1.58,170.00,4.97
10389.4633,-3.76,-1.73,170.00,5.14
10389.4945,-3.61,-1.89,170.00,5.31
10389.5268,-3.49,-2.04,170.00,5.48
10389.5604,-3.39,-2.19,170.00,5.64
10389.5941,-3.32,-2.35,170.00,5.82
10389.6258,-3.28,-2.51,170.00,5.98
10389.6577,-3.27,-2.67,170.00,6.16
10389.6903,-3.27,-2.82,170.00,6.31
10389.7233,-3.31,-2.98,170.00,6.46
10389.7567,-3.40,-3.13,170.00,6.61
10389.7887,-3.52,-3.28,170.00,6.74
10389.8198,-3.71,-3.42,170.00,6.88
10389.8523,-3.99,-3.54,170.00,7.03
10389.8839,-4.27,-3.66,170.00,7.07
10389.9158,-4.62,-3.77,170.00,7.13
10389.9483,-5.01,-3.88,170.00,7.11
10389.9792,-5.50,-3.99,170.00,7.16
10390.0108,-6.10,-4.11,170.00,7.22
10390.0498,-6.72,-4.22,170.00,7.22
10390.0818,-7.50,-4.31,170.00,7.34
10390.1214,-8.44,-4.39,170.00,7.45
10390.1527,-9.54,-4.45,170.00,7.68
10390.1845,-10.65,-4.49,170.00,7.81
10390.2165,-11.92,-4.50,170.00,8.08
10390.2495,-13.23,-4.50,170.00,8.27
10390.2816,-14.70,-4.48,170.00,8.59
10390.3147,-16.33,-4.44,170.00,8.98
10390.3459,-17.90,-4.42,170.00,9.27
10390.3778,-19.60,-4.38,170.00,9.69
10390.4102,-21.40,-4.33,170.00,10.16
10390.4429,-23.13,-4.30,170.00,10.61
10390.4744,-24.82,-4.27,170.00,10.97
10390.5053,-26.65,-4.22,170.00,11.40
10390.5383,-28.61,-4.15,170.00,11.89
10390.5702,-30.49,-4.07,170.00,12.33
10390.6018,-32.50,-3.97,170.00,12.91
10390.6333,-34.44,-3.86,170.00,13.39
10390.6653,-36.47,-3.75,170.00,13.91
10390.6967,-38.58,-3.61,170.00,14.52
10390.7280,-40.58,-3.42,170.00,15.00
10390.7594,-42.67,-3.20,170.00,15.58
10390.7962,-44.83,-2.94,170.00,16.17
10390.8279,-46.88,-2.62,170.00,16.68
10390.8630,-49.02,-2.20,170.00,17.18
10390.8955,-51.23,-1.71,170.00,17.75
10390.9268,-53.51,-1.07,170.00,18.33
10390.9602,-55.65,-0.32,170.00,18.82
10390.9921,-57.64,0.48,170.00,19.23
10391.0268,-59.52,1.42,170.00,19.50
10391.0598,-61.63,2.59,170.00,19.95
10391.0924,-63.76,3.99,170.00,20.38
10391.1256,-65.75,5.53,170.00,20.68
10391.1590,-67.75,7.21,170.00,21.04
10391.1904,-69.62,9.07,170.00,21.27
10391.2251,-71.50,11.12,170.00,21.54
10391.2616,-73.38,13.56,170.00,21.73
10391.2998,-75.25,16.49,170.00,21.92
10391.3332,-77.10,19.98,170.00,22.07
10391.3652,-78.81,23.88,170.00,22.10
10391.3972,-80.52,28.74,170.00,22.13
10391.4288,-82.06,34.15,170.00,22.10
10391.4598,-83.58,40.92,170.00,21.98
10391.4939,-85.11,49.61,170.00,21.88
10391.5259,-86.49,59.31,170.00,21.70
10391.5580,-87.83,70.25,170.00,21.54
10391.5891,-89.11,81.77,170.00,21.34
10391.6204,-90.32,92.95,170.00,21.11
10391.6530,-91.49,103.09,170.00,20.85
10391.6850,-92.55,111.38,170.00,20.56
10391.7168,-93.59,118.52,170.00,20.29
10391.7408,-94.54,124.24,170.00,20.01
10391.7809,-95.50,129.20,170.00,19.72
10391.8108,-96.40,133.20,170.00,19.37
10391.8362,-97.31,136.70,170.00,19.04
10391.8697,-98.16,139.56,170.00,18.66
10391.9011,-99.03,142.15,170.00,18.30
10391.9350,-99.92,144.46,170.00,17.91
10391.9674,-100.75,146.38,170.00,17.49
10391.9939,-101.56,148.05,170.00,17.08
10392.0254,-102.32,149.45,170.00,16.66
10392.0658,-103.04,150.62,170.00,16.19
10392.0980,-103.71,151.62,170.00,15.66
10392.1295,-104.35,152.46,170.00,15.10
10392.1542,-104.95,153.20,170.00,14.54
10392.1855,-105.49,153.81,170.00,13.97
10392.2197,-106.00,154.32,170.00,13.43
10392.2514,-106.46,154.77,170.00,12.91
10392.2835,-106.92,155.22,170.00,12.45
10392.3153,-107.35,155.63,170.00,12.01
10392.3475,-107.75,155.97,170.00,11.60
10392.3701,-108.10,156.25,170.00,11.21
10392.4030,-108.43,156.49,170.00,10.84
10392.4346,-108.71,156.71,170.00,10.50
10392.4707,-108.98,156.91,170.00,10.19
10392.5032,-109.22,157.08,170.00,9.90
10392.5352,-109.44,157.24,170.00,9.64
10392.5667,-109.63,157.35,170.00,9.39
10392.5841,-109.79,157.42,170.00,9.14
10392.6159,-109.89,157.40,170.00,8.88
10392.6515,-109.92,157.35,170.00,8.63
10392.6871,-109.91,157.32,170.00,8.41
10392.7196,-109.79,157.17,170.00,8.22
10392.7514,-109.54,156.84,170.00,8.04
10392.7795,-109.24,156.42,170.00,7.89
10392.8156,-108.76,155.73,170.00,7.76
10392.8367,-108.24,154.92,170.00,7.66
10392.8655,-107.64,154.00,170.00,7.59
10392.8977,-106.79,152.62,170.00,7.55
10392.9315,-105.70,150.73,170.00,7.56
10392.9626,-104.58,148.61,170.00,7.60
10392.9954,-103.22,145.79,170.00,7.70
10393.0290,-101.66,142.08,170.00,7.85
10393.0615,-100.10,137.88,170.00,8.02
10393.0942,-98.35,132.39,170.00,8.23
10393.1254,-96.47,125.35,170.00,8.50
10393.1534,-94.65,117.14,170.00,8.76
10393.1863,-92.91,107.94,170.00,8.97
10393.2181,-91.06,96.76,170.00,9.20
10393.2500,-89.12,84.29,170.00,9.42
10393.2819,-87.24,72.51,170.00,9.55
10393.3037,-85.45,62.24,170.00,9.70
10393.3364,-83.53,52.75,170.00,9.86
10393.3692,-81.48,44.48,170.00,10.02
10393.4015,-79.52,38.15,170.00,10.15
10393.4335,-77.44,32.75,170.00,10.28
10393.4657,-75.42,28.48,170.00,10.33
10393.4973,-73.26,24.78,170.00,10.43
10393.5298,-70.89,21.52,170.00,10.57
10393.5530,-68.63,18.94,170.00,10.66
10393.5866,-66.44,16.84,170.00,10.63
10393.6197,-64.07,14.91,170.00,10.70
10393.6532,-61.49,13.07,170.00,10.79
10393.6864,-59.04,11.55,170.00,10.84
10393.7186,-56.47,10.19,170.00,10.88
10393.7518,-53.79,8.95,170.00,10.92
10393.7838,-51.02,7.82,170.00,11.00
10393.8162,-48.41,6.88,170.00,11.02
10393.8482,-45.69,6.11,170.00,10.96
10393.8800,-43.09,5.46,170.00,10.84
10393.9198,-40.31,4.88,170.00,10.71
10393.9518,-37.44,4.39,170.00,10.55
10393.9784,-34.71,3.97,170.00,10.33
10394.0156,-31.88,3.68,170.00,10.05
10394.0482,-28.95,3.55,170.00,9.72
10394.0800,-26.15,3.50,170.00,9.34
10394.1113,-23.20,3.53,170.00,8.95
10394.1445,-20.18,3.60,170.00,8.54
10394.1770,-17.30,3.71,170.00,8.10
10394.2273,-14.13,3.92,170.00,7.64
10394.2654,-10.96,4.23,170.00,7.11
10394.2982,-8.00,4.62,170.00,6.50
10394.3301,-5.05,5.20,170.00,5.78
10394.3617,-2.33,5.85,170.00,5.00
10394.3862,0.40,6.77,170.00,4.13
10394.4193,2.93,7.75,170.00,3.22
10394.4514,5.46,8.96,170.00,2.24
10394.4857,7.98,10.36,170.00,1.32
10394.5109,10.31,11.74,170.00,0.99
10394.5444,12.59,13.24,170.00,1.77
10394.5677,14.75,14.73,170.00,2.86
10394.5995,16.77,16.18,170.00,3.99
10394.6312,18.83,17.72,170.00,5.14
10394.6643,20.85,19.34,170.00,6.27
10394.6956,22.77,20.96,170.00,7.40
10394.7301,24.61,22.63,170.00,8.52
10394.7680,26.33,24.27,170.00,9.60
10394.7998,27.97,25.97,170.00,10.65
10394.8315,29.53,27.67,170.00,11.65
10394.8633,30.94,29.23,170.00,12.58
10394.8986,32.22,30.73,170.00,13.44
10394.9326,33.35,32.12,170.00,14.25
10394.9640,34.32,33.32,170.00,15.00
10395.0024,35.13,34.35,170.00,15.67
10395.0344,35.75,35.14,170.00,16.27
10395.0658,36.22,35.76,170.00,16.81
10395.0971,36.48,36.12,170.00,17.29
10395.1287,36.53,36.24,170.00,17.68
10395.1520,36.44,36.20,170.00,18.03
10395.1857,36.25,36.03,170.00,18.33
10395.2196,35.84,35.61,170.00,18.56
10395.2530,35.19,34.94,170.00,18.72
10395.2848,34.33,34.08,170.00,18.81
10395.3172,33.40,33.12,170.00,18.88
10395.3511,32.25,31.96,170.00,18.87
10395.3831,30.92,30.69,170.00,18.91
10395.4147,29.59,29.40,170.00,18.78
10395.4467,28.07,28.01,170.00,18.74
10395.4785,26.54,26.62,170.00,18.52
10395.5183,24.75,25.08,170.00,18.30
10395.5499,22.75,23.47,170.00,18.10
10395.5819,20.81,21.96,170.00,17.88
10395.6142,18.66,20.38,170.00,17.87
10395.6506,16.36,18.80,170.00,17.63
10395.6854,13.91,17.21,170.00,17.61
10395.7198,11.35,15.67,170.00,17.60
10395.7446,8.95,14.23,170.00,17.55
10395.7771,6.70,12.93,170.00,17.27
10395.8086,4.34,11.68,170.00,17.18
10395.8408,2.12,10.54,170.00,16.81
10395.8730,-0.22,9.48,170.00,16.42
10395.9053,-2.67,8.56,170.00,16.22
10395.9391,-5.02,7.72,170.00,15.79
10395.9711,-7.50,6.99,170.00,15.57
10396.0039,-9.90,6.33,170.00,15.19
10396.0360,-12.52,5.74,170.00,14.94
10396.0672,-15.34,5.22,170.00,14.85
10396.0995,-18.02,4.75,170.00,14.79
10396.1311,-20.92,4.35,170.00,14.99
10396.1647,-23.97,4.01,170.00,15.32
10396.1968,-26.88,3.75,170.00,15.48
10396.2288,-30.02,3.56,170.00,15.90
10396.2599,-33.29,3.44,170.00,16.35
10396.2951,-36.45,3.43,170.00,16.56
10396.3268,-39.74,3.52,170.00,16.80
10396.3586,-42.87,3.77,170.00,16.95
10396.3911,-46.15,4.24,170.00,17.13
10396.4225,-49.24,4.82,170.00,17.26
10396.4542,-52.43,5.55,170.00,17.54
10396.4850,-55.72,6.59,170.00,17.83
10396.5164,-58.80,7.92,170.00,17.93
10396.5490,-61.93,9.67,170.00,18.10
10396.5808,-64.82,11.69,170.00,18.09
10396.6153,-67.72,14.28,170.00,18.08
10396.6469,-70.61,17.52,170.00,18.12
10396.6808,-73.44,21.41,170.00,18.12
10396.7130,-76.06,26.16,170.00,17.98
10396.7451,-78.62,32.22,170.00,17.86
10396.7768,-80.93,39.23,170.00,17.58
10396.8084,-83.15,47.95,170.00,17.24
10396.8398,-85.29,58.79,170.00,16.91
10396.8716,-87.30,71.24,170.00,16.48
10396.9029,-89.20,84.38,170.00,16.07
10396.9361,-90.93,96.46,170.00,15.60
10396.9699,-92.59,107.39,170.00,15.17
10397.0007,-94.11,116.27,170.00,14.74
10397.0331,-95.53,123.49,170.00,14.33
10397.0577,-96.82,129.15,170.00,13.94
10397.0862,-98.01,133.77,170.00,13.58
10397.1169,-99.11,137.53,170.00,13.19
10397.1483,-100.12,140.69,170.00,12.83
10397.1795,-101.06,143.31,170.00,12.43
10397.2112,-101.92,145.49,170.00,12.02
10397.2521,-102.70,147.32,170.00,11.60
10397.2829,-103.40,148.87,170.00,11.20
10397.3148,-104.02,150.16,170.00,10.82
10397.3475,-104.56,151.27,170.00,10.48
10397.3798,-105.04,152.19,170.00,10.16
10397.4197,-105.45,152.96,170.00,9.87
10397.4531,-105.80,153.57,170.00,9.61
10397.4846,-106.11,154.03,170.00,9.36
10397.5167,-106.37,154.38,170.00,9.15
10397.5485,-106.58,154.63,170.00,8.95
10397.5800,-106.75,154.79,170.00,8.78
10397.6006,-106.90,154.93,170.00,8.64
10397.6360,-107.00,154.99,170.00,8.51
10397.6680,-107.08,154.99,170.00,8.38
10397.7003,-107.13,154.99,170.00,8.28
10397.7319,-107.17,154.99,170.00,8.20
10397.7689,-107.20,154.97,170.00,8.13
10397.8009,-107.21,154.94,170.00,8.08
10397.8347,-107.23,154.93,170.00,8.04
10397.8671,-107.24,154.92,170.00,8.01
10397.9016,-107.27,154.91,170.00,8.00
10397.9367,-107.29,154.91,170.00,7.99
10397.9682,-107.31,154.91,170.00,7.98
10397.9994,-107.32,154.90,170.00,7.99
10398.0285,-107.33,154.87,170.00,7.99
10398.0658,-107.32,154.81,170.00,8.00
10398.1008,-107.30,154.72,170.00,8.03
10398.1329,-107.28,154.60,170.00,8.06
10398.1688,-107.24,154.47,170.00,8.10
10398.2004,-107.20,154.32,170.00,8.16
10398.2329,-107.17,154.15,170.00,8.21
10398.2643,-107.13,153.95,170.00,8.26
10398.2953,-107.08,153.72,170.00,8.30
10398.3292,-107.03,153.48,170.00,8.32
10398.3608,-106.97,153.24,170.00,8.36
10398.3949,-106.91,153.02,170.00,8.39
10398.4167,-106.84,152.80,170.00,8.42
10398.4534,-106.75,152.55,170.00,8.45
10398.4863,-106.64,152.25,170.00,8.48
10398.5177,-106.51,151.87,170.00,8.50
10398.5496,-106.36,151.48,170.00,8.52
10398.5824,-106.20,151.05,170.00,8.53
10398.6138,-105.95,150.44,170.00,8.52
10398.6453,-105.62,149.58,170.00,8.49
10398.6623,-105.24,148.62,170.00,8.45
10398.6996,-104.72,147.27,170.00,8.37
10398.7314,-104.17,145.79,170.00,8.29
10398.7646,-103.45,143.78,170.00,8.20
10398.7964,-102.67,141.58,170.00,8.11
10398.8199,-101.85,139.17,170.00,8.02
10398.8525,-100.64,135.43,170.00,7.96
10398.8852,-99.42,131.37,170.00,7.94
10398.9156,-97.97,126.22,170.00,7.96
10398.9534,-96.49,120.51,170.00,7.97
10398.9858,-94.82,113.42,170.00,8.06
10399.0194,-92.96,104.76,170.00,8.19
10399.0408,-91.14,95.76,170.00,8.32
10399.0716,-89.37,86.80,170.00,8.41
10399.1057,-87.41,77.10,170.00,8.57
10399.1363,-85.50,68.23,170.00,8.68
10399.1646,-83.47,59.77,170.00,8.85
10399.1961,-81.53,52.67,170.00,8.95
10399.2289,-79.43,46.06,170.00,9.11
10399.2609,-77.18,40.02,170.00,9.27
10399.2934,-75.05,35.17,170.00,9.41
10399.3254,-72.99,31.09,170.00,9.44
10399.3568,-70.62,27.24,170.00,9.58
10399.3899,-68.36,24.03,170.00,9.69
10399.4221,-66.22,21.38,170.00,9.69
10399.4535,-63.95,18.93,170.00,9.77
10399.4848,-61.59,16.79,170.00,9.84
10399.5199,-59.15,14.86,170.00,9.93
10399.5387,-56.85,13.24,170.00,9.96
10399.5857,-54.41,11.67,170.00,9.92
10399.6180,-51.93,10.32,170.00,9.93
10399.6500,-49.57,9.14,170.00,9.81
10399.6820,-47.15,8.08,170.00,9.77
10399.7144,-44.90,7.17,170.00,9.62
10399.7456,-42.60,6.37,170.00,9.54
10399.7865,-40.27,5.70,170.00,9.35
10399.8183,-38.08,5.13,170.00,9.10
10399.8498,-35.84,4.67,170.00,8.83
10399.8812,-33.51,4.28,170.00,8.63
10399.9129,-31.32,3.96,170.00,8.30
10399.9521,-29.05,3.72,170.00,7.96
10399.9845,-26.70,3.54,170.00,7.69
10400.0193,-24.47,3.42,170.00,7.29
10400.0502,-22.17,3.37,170.00,6.95
10400.0820,-19.83,3.40,170.00,6.56
10400.1137,-17.44,3.48,170.00,6.14
10400.1506,-15.21,3.58,170.00,5.59
10400.1842,-12.92,3.80,170.00,5.00
10400.2161,-10.63,4.10,170.00,4.46
10400.2476,-8.52,4.42,170.00,3.83
10400.2778,-6.38,4.86,170.00,3.24
10400.3029,-4.40,5.31,170.00,2.60
10400.3340,-2.54,5.81,170.00,2.01
10400.3695,-0.67,6.40,170.00,1.47
10400.4034,1.25,7.14,170.00,1.02
10400.4352,3.04,7.90,170.00,1.06
10400.4669,4.81,8.77,170.00,1.47
10400.4916,6.48,9.67,170.00,2.25
10400.5306,8.14,10.74,170.00,3.17
10400.5675,9.57,11.72,170.00,4.29
10400.6031,11.01,12.85,170.00,5.43
10400.6357,12.48,14.09,170.00,6.49
10400.6673,14.00,15.46,170.00,7.57
10400.6997,15.45,16.80,170.00,8.63
10400.7322,16.97,18.23,170.00,9.71
10400.7636,18.53,19.75,170.00,10.72
10400.7954,20.12,21.29,170.00,11.73
10400.8280,21.73,22.86,170.00,12.72
10400.8598,23.32,24.40,170.00,13.61
10400.8855,24.82,25.86,170.00,14.45
10400.9196,26.29,27.27,170.00,15.25
10400.9530,27.73,28.71,170.00,16.04
10400.9845,29.04,30.05,170.00,16.83
10401.0185,30.30,31.43,170.00,17.58
10401.0495,31.49,32.78,170.00,18.30
10401.0820,32.62,34.10,170.00,18.98
10401.1137,33.68,35.36,170.00,19.63
10401.1378,34.67,36.58,170.00,20.24
10401.1694,35.59,37.74,170.00,20.82
10401.2013,36.46,38.84,170.00,21.36
10401.2326,37.29,39.88,170.00,21.88
10401.2678,38.15,40.93,170.00,22.37
10401.2865,38.89,41.83,170.00,22.82
10401.3184,39.64,42.71,170.00,23.26
10401.3497,40.33,43.53,170.00,23.68
10401.3815,40.97,44.29,170.00,24.08
10401.4153,41.56,44.99,170.00,24.44
10401.4471,42.07,45.60,170.00,24.76
10401.4797,42.51,46.12,170.00,25.05
10401.5135,42.85,46.51,170.00,25.30
10401.5458,43.11,46.81,170.00,25.52
10401.5701,43.28,46.98,170.00,25.71
10401.6016,43.38,47.07,170.00,25.87
10401.6338,43.43,47.10,170.00,26.00
10401.6656,43.41,47.06,170.00,26.11
10401.6981,43.31,46.93,170.00,26.21
10401.7344,43.16,46.77,170.00,26.29
10401.7665,42.99,46.61,170.00,26.36
10401.7990,42.78,46.42,170.00,26.42
10401.8307,42.53,46.22,170.00,26.48
10401.8617,42.29,46.03,170.00,26.53
10401.8936,42.06,45.83,170.00,26.55
10401.9257,41.84,45.62,170.00,26.55
10401.9581,41.60,45.39,170.00,26.54
10401.9896,41.36,45.12,170.00,26.51
10402.0223,41.13,44.87,170.00,26.48
10402.0551,40.91,44.64,170.00,26.43
10402.0868,40.69,44.40,170.00,26.37
10402.1208,40.47,44.17,170.00,26.31
10402.1520,40.21,43.92,170.00,26.26
10402.1837,39.88,43.63,170.00,26.20
10402.2159,39.55,43.34,170.00,26.10
10402.2478,39.13,43.00,170.00,25.98
10402.2802,38.69,42.63,170.00,25.84
10402.3113,38.03,42.07,170.00,25.73
10402.3432,37.37,41.50,170.00,25.61
10402.3757,36.68,40.90,170.00,25.41
10402.4071,35.84,40.18,170.00,25.26
10402.4411,34.86,39.35,170.00,25.09
10402.4746,33.73,38.40,170.00,24.87
10402.5066,32.60,37.45,170.00,24.64
10402.5395,31.49,36.51,170.00,24.29
10402.5730,30.22,35.46,170.00,24.02
10402.6048,28.85,34.34,170.00,23.71
10402.6361,27.51,33.23,170.00,23.29
10402.6693,26.05,32.05,170.00,22.96
10402.6999,24.53,30.86,170.00,22.60
10402.7315,23.08,29.75,170.00,22.23
10402.7653,21.50,28.58,170.00,21.85
10402.7982,19.98,27.45,170.00,21.32
10402.8298,18.32,26.26,170.00,20.95
10402.8626,16.72,25.08,170.00,20.47
10402.8863,15.21,24.01,170.00,19.99
10402.9177,13.56,22.87,170.00,19.67
10402.9431,11.99,21.79,170.00,19.21
10402.9851,10.45,20.70,170.00,18.63
10403.0177,8.57,19.47,170.00,18.28
10403.0497,6.58,18.25,170.00,18.12
10403.0727,4.67,17.05,170.00,17.93
10403.1103,2.83,15.88,170.00,17.53
10403.1449,0.87,14.75,170.00,17.15
10403.1608,-0.79,13.72,170.00,16.56
10403.1943,-2.65,12.69,170.00,16.20
10403.2266,-4.67,11.67,170.00,15.87
10403.2684,-7.01,10.71,170.00,15.76
10403.2933,-9.44,9.81,170.00,15.64
10403.3246,-11.74,8.98,170.00,15.49
10403.3569,-14.14,8.18,170.00,15.41
10403.3906,-16.64,7.43,170.00,15.51
10403.4246,-19.00,6.75,170.00,15.48
10403.4567,-21.51,6.11,170.00,15.53
10403.4857,-23.89,5.54,170.00,15.57
10403.5180,-26.41,5.00,170.00,15.68
10403.5503,-29.06,4.49,170.00,15.88
10403.5817,-31.59,4.04,170.00,16.05
10403.6136,-34.21,3.63,170.00,16.29
10403.6455,-36.72,3.28,170.00,16.50
10403.6864,-39.30,2.98,170.00,16.75
10403.7176,-41.97,2.77,170.00,17.05
10403.7496,-44.48,2.66,170.00,17.28
10403.7815,-47.03,2.62,170.00,17.54
10403.8133,-49.60,2.70,170.00,17.80
10403.8450,-51.99,2.86,170.00,18.00
10403.8688,-54.21,3.09,170.00,18.15
10403.9007,-56.45,3.39,170.00,18.30
10403.9328,-58.68,3.80,170.00,18.44
10403.9644,-60.76,4.33,170.00,18.53
10403.9964,-62.81,4.97,170.00,18.61
10404.0293,-64.85,5.79,170.00,18.68
10404.0533,-66.72,6.68,170.00,18.75
10404.0859,-68.45,7.67,170.00,18.72
10404.1169,-70.17,8.87,170.00,18.68
10404.1493,-71.87,10.26,170.00,18.61
10404.1818,-73.43,11.85,170.00,18.50
10404.2139,-74.94,13.57,170.00,18.35
10404.2532,-76.40,15.62,170.00,18.20
10404.2785,-77.73,17.87,170.00,17.96
10404.3034,-78.96,20.41,170.00,17.69
10404.3355,-80.16,23.37,170.00,17.37
10404.3675,-81.27,26.73,170.00,17.04
10404.3999,-82.35,30.59,170.00,16.66
10404.4315,-83.40,35.18,170.00,16.28
10404.4656,-84.41,40.46,170.00,15.92
10404.4986,-85.35,46.41,170.00,15.56
10404.5296,-86.29,53.43,170.00,15.23
10404.5631,-87.17,60.95,170.00,14.92
10404.5945,-88.06,69.53,170.00,14.62
10404.6267,-88.89,78.14,170.00,14.34
10404.6526,-89.71,86.98,170.00,14.08
10404.6853,-90.47,94.90,170.00,13.79
10404.7208,-91.21,102.19,170.00,13.51
10404.7525,-91.93,108.89,170.00,13.25
10404.7778,-92.59,114.42,170.00,13.01
10404.8109,-93.23,119.33,170.00,12.79
10404.8362,-93.80,123.39,170.00,12.60
10404.8741,-94.34,126.98,170.00,12.42
10404.8992,-94.82,129.92,170.00,12.27
10404.9304,-95.28,132.50,170.00,12.14
10404.9643,-95.67,134.65,170.00,12.04
10404.9898,-96.01,136.48,170.00,11.96
10405.0267,-96.31,137.97,170.00,11.89
10405.0598,-96.57,139.17,170.00,11.84
10405.0934,-96.78,140.09,170.00,11.79
10405.1286,-96.94,140.76,170.00,11.75
10405.1688,-97.06,141.14,170.00,11.74
10405.2008,-97.14,141.37,170.00,11.75
10405.2324,-97.18,141.36,170.00,11.75
10405.2646,-97.20,141.24,170.00,11.77
10405.2965,-97.16,140.89,170.00,11.79
10405.3205,-97.10,140.46,170.00,11.82
10405.3530,-96.99,139.80,170.00,11.86
10405.3848,-96.86,139.04,170.00,11.90
10405.4163,-96.74,138.35,170.00,11.94
10405.4533,-96.58,137.54,170.00,11.99
10405.4850,-96.38,136.53,170.00,12.04
10405.5190,-96.17,135.45,170.00,12.10
10405.5510,-95.89,134.01,170.00,12.16
10405.5831,-95.60,132.48,170.00,12.23
10405.6151,-95.24,130.48,170.00,12.29
10405.6467,-94.88,128.35,170.00,12.35
10405.6868,-94.38,125.17,170.00,12.39
10405.7189,-93.88,121.82,170.00,12.44
10405.7508,-93.31,117.71,170.00,12.49
10405.7756,-92.75,113.41,170.00,12.55
10405.8099,-92.11,108.26,170.00,12.59
10405.8489,-91.38,102.15,170.00,12.65
10405.8849,-90.67,95.92,170.00,12.70
10405.9164,-89.86,88.79,170.00,12.75
10405.9494,-88.97,80.92,170.00,12.80
10405.9818,-88.11,73.58,170.00,12.85
10406.0077,-87.15,66.08,170.00,12.88
10406.0402,-86.22,59.51,170.00,12.91
10406.0720,-85.18,53.09,170.00,12.93
10406.1042,-84.17,47.69,170.00,12.95
10406.1357,-83.06,42.60,170.00,12.95
10406.1676,-81.84,37.93,170.00,12.95
10406.1995,-80.68,34.15,170.00,12.94
10406.2312,-79.40,30.65,170.00,12.92
10406.2640,-78.03,27.48,170.00,12.90
10406.2862,-76.71,24.89,170.00,12.88
10406.3340,-75.29,22.59,170.00,12.84
10406.3655,-73.92,20.64,170.00,12.78
10406.3989,-72.44,18.82,170.00,12.71
10406.4305,-70.88,17.19,170.00,12.64
10406.4622,-69.38,15.72,170.00,12.54
10406.5028,-67.77,14.37,170.00,12.43
10406.5348,-66.11,13.16,170.00,12.30
10406.5675,-64.39,12.06,170.00,12.18
10406.6004,-62.78,11.12,170.00,12.03
10406.6318,-61.13,10.24,170.00,11.90
10406.6638,-59.59,9.47,170.00,11.76
10406.6954,-58.02,8.78,170.00,11.61
10406.7277,-56.44,8.15,170.00,11.47
10406.7678,-54.83,7.56,170.00,11.33
10406.8019,-53.31,7.01,170.00,11.17
10406.8353,-51.73,6.50,170.00,10.99
10406.8676,-50.22,6.06,170.00,10.80
10406.8996,-48.67,5.66,170.00,10.59
10406.9310,-47.06,5.26,170.00,10.42
10406.9630,-45.44,4.90,170.00,10.26
10407.0006,-43.90,4.56,170.00,10.06
10407.0306,-42.33,4.23,170.00,9.89
10407.0625,-40.84,3.91,170.00,9.70
10407.0934,-39.30,3.59,170.00,9.54
10407.1255,-37.83,3.29,170.00,9.36
10407.1575,-36.33,3.00,170.00,9.20
10407.1895,-34.80,2.73,170.00,9.04
10407.2210,-33.34,2.47,170.00,8.86
10407.2549,-31.87,2.22,170.00,8.68
10407.2864,-30.40,1.96,170.00,8.52
10407.3185,-29.05,1.73,170.00,8.36
10407.3505,-27.70,1.52,170.00,8.21
10407.3817,-26.40,1.34,170.00,8.05
10407.4136,-25.19,1.17,170.00,7.88
10407.4461,-24.02,1.03,170.00,7.72
10407.4793,-22.95,0.90,170.00,7.54
10407.5130,-21.91,0.77,170.00,7.39
10407.5449,-20.94,0.66,170.00,7.28
10407.5769,-20.02,0.56,170.00,7.24
10407.6091,-19.18,0.48,170.00,7.25
10407.6408,-18.39,0.41,170.00,7.33
10407.6752,-17.66,0.34,170.00,7.48
10407.7066,-16.97,0.30,170.00,7.66
10407.7396,-16.35,0.27,170.00,7.86
10407.7713,-15.78,0.27,170.00,8.04
10407.8028,-15.24,0.29,170.00,8.21
10407.8345,-14.76,0.33,170.00,8.36
10407.8665,-14.33,0.38,170.00,8.49
10407.9000,-13.94,0.43,170.00,8.61
10407.9316,-13.61,0.49,170.00,8.72
10407.9641,-13.33,0.54,170.00,8.81
10407.9953,-13.08,0.58,170.00,8.89
10408.0272,-12.87,0.61,170.00,8.95
10408.0683,-12.70,0.63,170.00,9.00
10408.0996,-12.55,0.65,170.00,9.04
10408.1321,-12.43,0.64,170.00,9.08
10408.1640,-12.33,0.62,170.00,9.12
10408.1953,-12.24,0.59,170.00,9.16
10408.2284,-12.16,0.55,170.00,9.20
10408.2596,-12.08,0.50,170.00,9.25
10408.2909,-12.02,0.44,170.00,9.28
10408.3256,-11.96,0.38,170.00,9.32
10408.3574,-11.90,0.32,170.00,9.34
10408.3902,-11.85,0.25,170.00,9.37
10408.4238,-11.79,0.18,170.00,9.39
10408.4559,-11.74,0.12,170.00,9.40
10408.4877,-11.68,0.05,170.00,9.41
10408.5222,-11.62,-0.01,170.00,9.41
10408.5538,-11.57,-0.07,170.00,9.41
10408.5852,-11.51,-0.13,170.00,9.41
10408.6192,-11.46,-0.18,170.00,9.41
10408.6507,-11.41,-0.22,170.00,9.40
10408.6831,-11.35,-0.26,170.00,9.39
10408.7147,-11.30,-0.30,170.00,9.39
10408.7473,-11.25,-0.34,170.00,9.38
10408.7812,-11.20,-0.37,170.00,9.37
10408.8129,-11.15,-0.41,170.00,9.36
10408.8446,-11.10,-0.44,170.00,9.35
10408.8766,-11.06,-0.46,170.00,9.34
10408.9090,-11.01,-0.49,170.00,9.34
10408.9400,-10.97,-0.52,170.00,9.33
10408.9733,-10.94,-0.55,170.00,9.32
10408.9893,-10.90,-0.57,170.00,9.32
10409.0208,-10.88,-0.60,170.00,9.31
10409.0524,-10.85,-0.63,170.00,9.30
10409.0853,-10.83,-0.66,170.00,9.30
10409.1168,-10.81,-0.70,170.00,9.29
10409.1482,-10.80,-0.74,170.00,9.29
10409.1793,-10.79,-0.78,170.00,9.28
10409.2111,-10.78,-0.82,170.00,9.28
10409.2498,-10.78,-0.87,170.00,9.28
10409.2837,-10.79,-0.92,170.00,9.27
10409.3158,-10.80,-0.97,170.00,9.27
10409.3477,-10.83,-1.02,170.00,9.28
10409.3792,-10.86,-1.09,170.00,9.28
10409.4115,-10.89,-1.16,170.00,9.28
10409.4434,-10.93,-1.23,170.00,9.28
10409.4756,-10.97,-1.30,170.00,9.28
10409.5070,-11.00,-1.37,170.00,9.28
10409.5388,-11.04,-1.44,170.00,9.27
10409.5710,-11.07,-1.52,170.00,9.26
10409.6046,-11.11,-1.58,170.00,9.26
10409.6372,-11.14,-1.64,170.00,9.25
10409.6695,-11.17,-1.69,170.00,9.24
10409.7025,-11.20,-1.73,170.00,9.23
10409.7348,-11.22,-1.76,170.00,9.22
10409.7718,-11.23,-1.78,170.00,9.21
10409.8032,-11.24,-1.80,170.00,9.20
10409.8363,-11.24,-1.82,170.00,9.18
10409.8697,-11.22,-1.82,170.00,9.16
10409.9017,-11.19,-1.81,170.00,9.14
10409.9392,-11.14,-1.80,170.00,9.10
10409.9714,-11.09,-1.79,170.00,9.08
10410.0045,-11.02,-1.76,170.00,9.04
10410.0357,-10.94,-1.74,170.00,9.01
10410.0678,-10.83,-1.70,170.00,8.96
10410.0994,-10.70,-1.65,170.00,8.90
10410.1312,-10.55,-1.59,170.00,8.83
10410.1633,-10.34,-1.50,170.00,8.71
10410.1954,-10.12,-1.40,170.00,8.59
10410.2274,-9.82,-1.26,170.00,8.40
10410.2593,-9.44,-1.09,170.00,8.15
10410.2923,-9.05,-0.91,170.00,7.92
10410.3238,-8.57,-0.71,170.00,7.66
10410.3548,-8.08,-0.51,170.00,7.42
10410.3873,-7.50,-0.27,170.00,7.14
10410.4195,-6.83,0.00,170.00,6.83
10410.4519,-6.16,0.27,170.00,6.54
10410.4840,-5.40,0.58,170.00,6.24
10410.5153,-4.65,0.87,170.00,5.98
10410.5476,-3.82,1.17,170.00,5.72
10410.5796,-2.91,1.51,170.00,5.49
10410.6113,-2.04,1.84,170.00,5.32
10410.6466,-1.09,2.19,170.00,5.19
10410.6784,-0.08,2.60,170.00,5.01
10410.7194,0.89,3.00,170.00,4.97
10410.7514,1.91,3.47,170.00,4.95
10410.7830,2.97,3.99,170.00,4.97
10410.8146,3.96,4.50,170.00,5.07
10410.8393,4.98,5.06,170.00,5.12
10410.8691,5.95,5.62,170.00,5.30
10410.9006,6.94,6.23,170.00,5.52
10410.9326,7.87,6.83,170.00,5.78
10410.9642,8.81,7.49,170.00,6.09
10410.9950,9.68,8.13,170.00,6.44
10411.0316,10.55,8.77,170.00,6.82
10411.0516,11.36,9.39,170.00,7.20
10411.0855,12.17,10.00,170.00,7.55
10411.1181,12.96,10.59,170.00,7.92
10411.1493,13.69,11.12,170.00,8.35
10411.1816,14.42,11.62,170.00,8.75
10411.2137,15.14,12.10,170.00,9.15
10411.2453,15.80,12.54,170.00,9.59
10411.2847,16.45,12.94,170.00,10.01
10411.3170,17.04,13.31,170.00,10.40
10411.3494,17.63,13.66,170.00,10.77
10411.3813,18.19,13.98,170.00,11.14
10411.4137,18.68,14.28,170.00,11.51
10411.4527,19.13,14.57,170.00,11.87
10411.4844,19.51,14.83,170.00,12.22
10411.5171,19.82,15.06,170.00,12.56
10411.5491,20.06,15.26,170.00,12.86
10411.5814,20.20,15.40,170.00,13.15
10411.6132,20.28,15.52,170.00,13.39
10411.6448,20.23,15.56,170.00,13.58
10411.6694,20.12,15.56,170.00,13.76
10411.7010,19.87,15.46,170.00,13.91
10411.7352,19.57,15.31,170.00,14.02
10411.7665,19.12,15.05,170.00,14.07
10411.7981,18.55,14.68,170.00,14.15
10411.8294,17.97,14.27,170.00,14.06
10411.8681,17.25,13.76,170.00,13.89
10411.8994,16.51,13.24,170.00,13.71
10411.9315,15.61,12.61,170.00,13.53
10411.9634,14.55,11.89,170.00,13.48
10411.9960,13.34,11.08,170.00,13.45
10412.0295,12.16,10.28,170.00,13.28
10412.0519,10.99,9.50,170.00,13.11
10412.0859,9.66,8.68,170.00,13.00
10412.1174,8.35,7.86,170.00,12.89
10412.1491,6.87,7.01,170.00,12.85
10412.1813,5.21,6.12,170.00,13.01
10412.2134,3.62,5.30,170.00,12.99
10412.2456,1.89,4.51,170.00,12.99
10412.2782,0.08,3.80,170.00,13.10
10412.3095,-1.64,3.16,170.00,12.99
10412.3419,-3.50,2.58,170.00,13.03
10412.3737,-5.28,2.06,170.00,12.87
10412.4052,-7.23,1.64,170.00,12.89
10412.4386,-9.39,1.32,170.00,13.01
10412.4705,-11.48,1.03,170.00,13.01
10412.5035,-13.81,0.81,170.00,13.19
10412.5382,-16.07,0.61,170.00,13.37
10412.5694,-18.55,0.42,170.00,13.74
10412.6019,-21.25,0.24,170.00,14.24
10412.6337,-24.13,0.07,170.00,14.94
10412.6651,-26.85,-0.10,170.00,15.45
10412.6970,-29.70,-0.27,170.00,16.12
10412.7288,-32.38,-0.42,170.00,16.69
10412.7607,-34.92,-0.56,170.00,17.10
10412.7936,-37.57,-0.69,170.00,17.54
10412.8305,-40.29,-0.77,170.00,18.00
10412.8625,-43.02,-0.76,170.00,18.50
10412.8975,-45.71,-0.70,170.00,18.95
10412.9292,-48.18,-0.54,170.00,19.24
10412.9614,-50.61,-0.32,170.00,19.56
10412.9937,-53.00,-0.04,170.00,19.81
10413.0252,-55.19,0.39,170.00,19.92
10413.0589,-57.32,0.87,170.00,20.03
10413.0929,-59.29,1.42,170.00,20.02
10413.1254,-61.21,2.06,170.00,20.01
10413.1566,-63.06,2.73,170.00,19.96
10413.1802,-64.75,3.41,170.00,19.85
10413.2135,-66.30,4.17,170.00,19.67
10413.2457,-67.84,4.97,170.00,19.51
10413.2779,-69.32,5.70,170.00,19.33
10413.3096,-70.69,6.47,170.00,19.07
10413.3416,-71.95,7.30,170.00,18.78
10413.3733,-73.15,8.13,170.00,18.45
10413.4052,-74.32,8.98,170.00,18.08
10413.4374,-75.43,9.85,170.00,17.72
10413.4695,-76.45,10.77,170.00,17.31
10413.5016,-77.43,11.78,170.00,16.92
10413.5341,-78.35,12.80,170.00,16.51
10413.5694,-79.18,13.78,170.00,16.09
10413.6013,-79.92,14.81,170.00,15.70
10413.6341,-80.58,15.83,170.00,15.30
10413.6652,-81.20,16.92,170.00,14.93
10413.7043,-81.74,17.93,170.00,14.58
10413.7363,-82.20,18.90,170.00,14.27
10413.7761,-82.57,19.74,170.00,14.00
10413.8085,-82.89,20.53,170.00,13.77
10413.8405,-83.12,21.22,170.00,13.60
10413.8742,-83.28,21.85,170.00,13.47
10413.9056,-83.35,22.40,170.00,13.36
10413.9383,-83.33,22.79,170.00,13.28
10413.9712,-83.25,22.98,170.00,13.22
10414.0016,-83.07,22.90,170.00,13.19
10414.0337,-82.84,22.72,170.00,13.17
10414.0651,-82.48,22.24,170.00,13.16
10414.0975,-82.00,21.54,170.00,13.15
10414.1292,-81.49,20.68,170.00,13.16
10414.1638,-80.84,19.56,170.00,13.19
10414.1953,-80.07,18.40,170.00,13.23
10414.2277,-79.29,17.24,170.00,13.27
10414.2599,-78.41,16.08,170.00,13.34
10414.2918,-77.55,14.97,170.00,13.42
10414.3238,-76.60,13.86,170.00,13.50
10414.3559,-75.69,12.89,170.00,13.58
10414.3876,-74.70,11.91,170.00,13.66
10414.4277,-73.68,10.97,170.00,13.75
10414.4596,-72.63,10.11,170.00,13.83
10414.4927,-71.65,9.36,170.00,13.89
10414.5250,-70.63,8.67,170.00,13.94
10414.5570,-69.68,8.07,170.00,13.97
10414.5882,-68.57,7.51,170.00,13.99
10414.6210,-67.53,7.04,170.00,14.00
10414.6512,-66.45,6.67,170.00,14.00
10414.6838,-65.42,6.34,170.00,13.97
10414.7200,-64.32,6.06,170.00,13.93
10414.7517,-63.27,5.80,170.00,13.87
10414.7838,-62.11,5.58,170.00,13.80
10414.8159,-60.83,5.41,170.00,13.71
10414.8477,-59.59,5.26,170.00,13.60
10414.8794,-58.21,5.12,170.00,13.48
10414.9115,-56.88,4.98,170.00,13.37
10414.9448,-55.42,4.84,170.00,13.25
10414.9767,-53.86,4.71,170.00,13.11
10415.0082,-52.36,4.56,170.00,12.98
10415.0391,-50.76,4.45,170.00,12.81
10415.0777,-49.06,4.33,170.00,12.63
10415.1084,-47.31,4.21,170.00,12.45
10415.1402,-45.81,4.06,170.00,12.24
10415.1722,-44.21,3.92,170.00,12.04
10415.2035,-42.53,3.82,170.00,11.82
10415.2344,-40.78,3.74,170.00,11.60
10415.2665,-39.12,3.65,170.00,11.38
10415.2995,-37.37,3.56,170.00,11.17
10415.3314,-35.72,3.47,170.00,10.93
10415.3636,-34.01,3.37,170.00,10.72
10415.3996,-32.28,3.31,170.00,10.49
10415.4319,-30.53,3.24,170.00,10.27
10415.4634,-28.89,3.16,170.00,10.04
10415.4956,-27.27,3.11,170.00,9.78
10415.5279,-25.77,3.07,170.00,9.50
10415.5595,-24.28,3.07,170.00,9.22
10415.5907,-22.88,3.06,170.00,8.93
10415.6296,-21.47,3.07,170.00,8.64
10415.6626,-20.07,3.08,170.00,8.33
10415.6950,-18.67,3.11,170.00,8.02
10415.7270,-17.38,3.14,170.00,7.72
10415.7595,-16.08,3.21,170.00,7.40
10415.7919,-14.87,3.29,170.00,7.09
10415.8366,-13.52,3.45,170.00,6.75
10415.8685,-12.26,3.63,170.00,6.42
10415.9006,-10.99,3.85,170.00,6.09
10415.9286,-9.81,4.08,170.00,5.80
10415.9692,-8.64,4.33,170.00,5.56
10415.9905,-7.56,4.58,170.00,5.34
10416.0297,-6.40,4.90,170.00,5.12
10416.0618,-5.34,5.21,170.00,4.95
10416.0958,-4.30,5.53,170.00,4.82
10416.1304,-3.36,5.84,170.00,4.79
10416.1549,-2.47,6.15,170.00,4.80
10416.1797,-1.67,6.43,170.00,4.89
10416.2118,-0.91,6.72,170.00,5.06
10416.2445,-0.23,6.98,170.00,5.28
10416.2754,0.44,7.25,170.00,5.51
10416.3072,1.08,7.51,170.00,5.76
10416.3367,1.67,7.74,170.00,6.04
10416.3682,2.22,7.97,170.00,6.29
10416.4001,2.72,8.17,170.00,6.56
10416.4322,3.19,8.37,170.00,6.88
10416.4634,3.64,8.56,170.00,7.18
10416.4954,4.05,8.74,170.00,7.50
10416.5355,4.44,8.92,170.00,7.82
10416.5671,4.80,9.09,170.00,8.12
10416.5997,5.14,9.27,170.00,8.41
10416.6333,5.47,9.45,170.00,8.70
10416.6660,5.77,9.62,170.00,8.98
10416.6986,6.06,9.78,170.00,9.25
10416.7386,6.34,9.93,170.00,9.52
10416.7630,6.59,10.07,170.00,9.78
10416.7952,6.81,10.19,170.00,10.03
10416.8201,7.00,10.30,170.00,10.27
10416.8527,7.16,10.39,170.00,10.50
10416.8848,7.29,10.46,170.00,10.71
10416.9170,7.37,10.50,170.00,10.91
10416.9488,7.38,10.50,170.00,11.11
10416.9809,7.36,10.49,170.00,11.24
10417.0200,7.25,10.42,170.00,11.37
10417.0525,7.05,10.28,170.00,11.50
10417.0839,6.82,10.10,170.00,11.61
10417.1157,6.50,9.87,170.00,11.70
10417.1471,6.09,9.56,170.00,11.76
10417.1839,5.59,9.19,170.00,11.87
10417.2088,5.08,8.81,170.00,11.96
10417.2406,4.56,8.43,170.00,11.96
10417.2718,3.95,7.98,170.00,12.04
10417.3055,3.33,7.53,170.00,12.04
10417.3377,2.61,7.05,170.00,12.07
10417.3701,1.80,6.53,170.00,12.19
10417.4034,1.01,6.02,170.00,12.22
10417.4416,0.13,5.50,170.00,12.26
10417.4737,-0.82,4.96,170.00,12.30
10417.5050,-1.74,4.45,170.00,12.31
10417.5436,-2.81,3.92,170.00,12.40
10417.5756,-3.82,3.42,170.00,12.33
10417.6077,-4.77,2.96,170.00,12.22
10417.6393,-5.77,2.50,170.00,12.08
10417.6765,-6.85,2.04,170.00,11.95
10417.7007,-7.88,1.62,170.00,11.81
10417.7318,-9.00,1.24,170.00,11.68
10417.7667,-10.21,0.93,170.00,11.62
10417.7984,-11.37,0.65,170.00,11.52
10417.8301,-12.60,0.43,170.00,11.32
10417.8635,-13.79,0.23,170.00,11.11
10417.8955,-15.07,0.07,170.00,10.95
10417.9274,-16.42,-0.08,170.00,10.88
10417.9592,-17.69,-0.22,170.00,10.74
10417.9914,-19.05,-0.35,170.00,10.71
10418.0233,-20.49,-0.48,170.00,10.71
10418.0573,-21.84,-0.61,170.00,10.66
10418.0899,-23.27,-0.73,170.00,10.70
10418.1227,-24.62,-0.86,170.00,10.70
10418.1567,-26.02,-1.00,170.00,10.76
10418.1883,-27.49,-1.13,170.00,10.90
10418.2194,-28.86,-1.26,170.00,11.00
10418.2532,-30.31,-1.38,170.00,11.14
10418.2854,-31.67,-1.51,170.00,11.28
10418.3175,-33.10,-1.63,170.00,11.46
10418.3591,-34.59,-1.76,170.00,11.69
10418.3907,-36.14,-1.88,170.00,11.98
10418.4224,-37.74,-2.01,170.00,12.30
10418.4549,-39.25,-2.13,170.00,12.55
10418.4896,-40.81,-2.24,170.00,12.85
10418.5218,-42.26,-2.35,170.00,13.08
10418.5538,-43.75,-2.44,170.00,13.36
10418.5889,-45.26,-2.52,170.00,13.64
10418.6210,-46.65,-2.56,170.00,13.85
10418.6537,-48.06,-2.60,170.00,14.09
10418.6845,-49.48,-2.62,170.00,14.32
10418.7194,-50.89,-2.58,170.00,14.54
10418.7513,-52.19,-2.53,170.00,14.72
10418.7835,-53.50,-2.44,170.00,14.88
10418.8153,-54.70,-2.35,170.00,14.99
10418.8471,-55.91,-2.23,170.00,15.12
10418.8794,-57.02,-2.08,170.00,15.20
10418.9116,-58.14,-1.91,170.00,15.29
10418.9437,-59.17,-1.72,170.00,15.35
10418.9805,-60.23,-1.50,170.00,15.40
10419.0129,-61.30,-1.27,170.00,15.47
10419.0458,-62.37,-1.01,170.00,15.51
10419.0776,-63.37,-0.73,170.00,15.51
10419.1096,-64.36,-0.44,170.00,15.50
10419.1414,-65.36,-0.12,170.00,15.46
10419.1761,-66.29,0.20,170.00,15.37
10419.2077,-67.21,0.56,170.00,15.29
10419.2412,-68.13,0.97,170.00,15.20
10419.2748,-68.98,1.38,170.00,15.10
10419.3064,-69.82,1.85,170.00,15.01
10419.3392,-70.62,2.36,170.00,14.90
10419.3711,-71.40,2.87,170.00,14.81
10419.4029,-72.14,3.43,170.00,14.72
10419.4350,-72.89,3.95,170.00,14.64
10419.4748,-73.64,4.48,170.00,14.58
10419.5061,-74.34,5.01,170.00,14.51
10419.5433,-75.09,5.56,170.00,14.47
10419.5877,-75.84,6.09,170.00,14.43
10419.6360,-76.57,6.60,170.00,14.37
10419.6667,-77.30,7.13,170.00,14.32
10419.6984,-77.95,7.66,170.00,14.24
10419.7301,-78.58,8.21,170.00,14.15
10419.7612,-79.16,8.77,170.00,14.05
10419.7965,-79.72,9.28,170.00,13.94
10419.8282,-80.25,9.74,170.00,13.84
10419.8621,-80.75,10.21,170.00,13.74
10419.8982,-81.22,10.71,170.00,13.62
10419.9303,-81.64,11.18,170.00,13.50
10419.9643,-82.04,11.55,170.00,13.40
10419.9960,-82.42,12.04,170.00,13.30
10420.0336,-82.81,12.67,170.00,13.20
10420.0659,-83.19,13.43,170.00,13.12
10420.0838,-83.55,14.20,170.00,13.05
10420.1152,-83.88,15.00,170.00,12.98
10420.1552,-84.22,15.89,170.00,12.92
10420.1952,-84.57,17.04,170.00,12.85
10420.2426,-84.91,18.41,170.00,12.78
10420.2740,-85.22,19.82,170.00,12.71
10420.3054,-85.51,21.34,170.00,12.65
10420.3374,-85.78,22.98,170.00,12.58
10420.3695,-86.02,24.74,170.00,12.52
10420.4003,-86.24,26.52,170.00,12.48
10420.4339,-86.44,28.31,170.00,12.43
10420.4658,-86.61,30.11,170.00,12.38
10420.4967,-86.76,31.89,170.00,12.34
10420.5313,-86.89,33.52,170.00,12.30
10420.5630,-86.99,35.03,170.00,12.29
10420.5983,-87.08,36.63,170.00,12.27
10420.6310,-87.16,38.10,170.00,12.26
10420.6628,-87.22,39.49,170.00,12.26
10420.6945,-87.28,40.96,170.00,12.27
10420.7264,-87.34,42.35,170.00,12.27
10420.7594,-87.40,43.65,170.00,12.29
10420.7923,-87.45,45.00,170.00,12.28
10420.8252,-87.50,46.15,170.00,12.29
10420.8589,-87.55,47.25,170.00,12.29
10420.8908,-87.59,48.24,170.00,12.29
10420.9250,-87.62,49.11,170.00,12.29
10420.9584,-87.64,49.83,170.00,12.30
10420.9895,-87.65,50.44,170.00,12.30
10421.0210,-87.64,50.88,170.00,12.30
10421.0525,-87.62,51.16,170.00,12.30
10421.0852,-87.57,51.17,170.00,12.31
10421.1177,-87.51,51.01,170.00,12.31
10421.1493,-87.42,50.51,170.00,12.32
10421.1814,-87.29,49.68,170.00,12.32
10421.2134,-87.14,48.74,170.00,12.33
10421.2455,-86.96,47.53,170.00,12.34
10421.2777,-86.77,46.38,170.00,12.35
10421.3095,-86.55,45.02,170.00,12.36
10421.3450,-86.27,43.36,170.00,12.38
10421.3769,-85.99,41.79,170.00,12.40
10421.4097,-85.66,39.99,170.00,12.42
10421.4436,-85.27,38.01,170.00,12.43
10421.4751,-84.88,36.17,170.00,12.46
10421.5085,-84.41,34.18,170.00,12.48
10421.5405,-83.87,32.10,170.00,12.50
10421.5743,-83.34,30.24,170.00,12.53
10421.6054,-82.75,28.36,170.00,12.57
10421.6394,-82.12,26.55,170.00,12.61
10421.6714,-81.51,24.93,170.00,12.66
10421.7036,-80.92,23.49,170.00,12.71
10421.7356,-80.30,22.14,170.00,12.76
10421.7673,-79.64,20.84,170.00,12.81
10421.8005,-78.97,19.55,170.00,12.86
10421.8333,-78.33,18.41,170.00,12.90
10421.8651,-77.66,17.29,170.00,12.94
10421.8973,-77.01,16.29,170.00,12.98
10421.9300,-76.34,15.33,170.00,13.01
10421.9615,-75.63,14.41,170.00,13.04
10422.0018,-74.90,13.56,170.00,13.06
10422.0233,-74.21,12.83,170.00,13.07
10422.0551,-73.56,12.20,170.00,13.08
10422.0875,-72.86,11.59,170.00,13.08
10422.1279,-72.12,11.03,170.00,13.07
10422.1597,-71.35,10.51,170.00,13.07
10422.1910,-70.62,10.06,170.00,13.06
10422.2228,-69.85,9.64,170.00,13.04
10422.2555,-69.11,9.26,170.00,13.01
10422.2883,-68.33,8.89,170.00,12.98
10422.3193,-67.58,8.52,170.00,12.95
10422.3517,-66.79,8.17,170.00,12.91
10422.3848,-65.97,7.84,170.00,12.87
10422.4167,-65.20,7.56,170.00,12.83
10422.4489,-64.39,7.26,170.00,12.79
10422.4880,-63.55,6.96,170.00,12.75
10422.5207,-62.67,6.66,170.00,12.71
10422.5676,-61.75,6.37,170.00,12.66
10422.6046,-60.79,6.05,170.00,12.61
10422.6367,-59.79,5.74,170.00,12.56
10422.6706,-58.85,5.41,170.00,12.50
10422.7023,-57.86,5.07,170.00,12.45
10422.7358,-56.92,4.76,170.00,12.40
10422.7670,-55.94,4.44,170.00,12.33
10422.7990,-54.91,4.12,170.00,12.27
10422.8313,-53.95,3.83,170.00,12.19
10422.8631,-52.95,3.54,170.00,12.11
10422.8952,-52.09,3.27,170.00,12.02
10422.9111,-51.20,3.04,170.00,11.92
10422.9430,-50.27,2.83,170.00,11.82
10422.9753,-49.41,2.63,170.00,11.72
10423.0075,-48.52,2.44,170.00,11.61
10423.0397,-47.62,2.28,170.00,11.50
10423.0713,-46.78,2.13,170.00,11.40
10423.1062,-45.91,1.99,170.00,11.28
10423.1391,-45.00,1.85,170.00,11.15
10423.1710,-44.14,1.73,170.00,11.02
10423.2026,-43.24,1.59,170.00,10.89
10423.2340,-42.38,1.46,170.00,10.77
10423.2651,-41.46,1.33,170.00,10.66
10423.3033,-40.50,1.22,170.00,10.51
10423.3354,-39.51,1.13,170.00,10.37
10423.3759,-38.57,1.04,170.00,10.22
10423.4080,-37.61,0.98,170.00,10.06
10423.4386,-36.63,0.94,170.00,9.89
10423.4704,-35.71,0.91,170.00,9.73
10423.5041,-34.79,0.90,170.00,9.56
10423.5364,-33.86,0.91,170.00,9.38
10423.5693,-32.99,0.93,170.00,9.20
10423.6006,-32.12,0.96,170.00,9.02
10423.6340,-31.24,1.01,170.00,8.84
10423.6659,-30.41,1.04,170.00,8.65
10423.6976,-29.63,1.07,170.00,8.47
10423.7350,-28.83,1.11,170.00,8.29
10423.7680,-28.01,1.17,170.00,8.09
10423.8011,-27.17,1.26,170.00,7.89
10423.8333,-26.36,1.36,170.00,7.68
10423.8653,-25.52,1.50,170.00,7.47
10423.9036,-24.65,1.66,170.00,7.25
10423.9353,-23.83,1.81,170.00,7.04
10423.9670,-22.99,1.98,170.00,6.84
10423.9986,-22.12,2.17,170.00,6.65
10424.0307,-21.31,2.36,170.00,6.46
10424.0641,-20.48,2.59,170.00,6.28
10424.0952,-19.62,2.88,170.00,6.07
10424.1274,-18.81,3.17,170.00,5.88
10424.1593,-17.95,3.47,170.00,5.68
10424.1921,-17.13,3.75,170.00,5.49
10424.2243,-16.26,4.03,170.00,5.30
10424.2550,-15.43,4.30,170.00,5.10
10424.2885,-14.53,4.59,170.00,4.89
10424.3231,-13.55,4.91,170.00,4.66
10424.3527,-12.61,5.21,170.00,4.43
10424.3861,-11.60,5.54,170.00,4.16
10424.4186,-10.52,5.89,170.00,3.92
10424.4436,-9.51,6.23,170.00,3.66
10424.4779,-8.46,6.58,170.00,3.35
10424.5184,-7.38,6.98,170.00,3.00
10424.5532,-6.39,7.36,170.00,2.62
10424.5851,-5.38,7.78,170.00,2.28
10424.6170,-4.38,8.23,170.00,2.00
10424.6569,-3.46,8.65,170.00,1.90
10424.6974,-2.51,9.12,170.00,1.96
10424.7288,-1.63,9.58,170.00,2.26
10424.7602,-0.74,10.05,170.00,2.62
10424.7927,0.09,10.50,170.00,3.14
10424.8244,0.94,10.95,170.00,3.71
10424.8514,1.72,11.36,170.00,4.31
10424.8838,2.52,11.78,170.00,4.92
10424.9157,3.26,12.17,170.00,5.52
10424.9486,3.99,12.52,170.00,6.12
10424.9866,4.71,12.86,170.00,6.68
10425.0182,5.41,13.19,170.00,7.19
10425.0496,6.04,13.50,170.00,7.69
10425.0814,6.60,13.78,170.00,8.18
10425.1139,7.13,14.05,170.00,8.62
10425.1391,7.60,14.29,170.00,9.04
10425.1694,8.01,14.50,170.00,9.46
10425.2000,8.36,14.69,170.00,9.84
10425.2368,8.65,14.86,170.00,10.21
10425.2702,8.89,15.02,170.00,10.56
10425.3016,9.07,15.16,170.00,10.91
10425.3177,9.22,15.29,170.00,11.22
10425.3487,9.33,15.40,170.00,11.50
10425.3870,9.44,15.50,170.00,11.76
10425.4189,9.51,15.57,170.00,12.00
10425.4527,9.53,15.61,170.00,12.24
10425.4846,9.52,15.62,170.00,12.43
10425.5174,9.47,15.56,170.00,12.60
10425.5500,9.38,15.49,170.00,12.71
10425.5831,9.23,15.36,170.00,12.78
10425.6151,9.02,15.21,170.00,12.86
10425.6498,8.81,15.05,170.00,12.85
10425.6844,8.52,14.84,170.00,12.81
10425.7159,8.22,14.62,170.00,12.75
10425.7492,7.79,14.31,170.00,12.74
10425.7834,7.35,13.98,170.00,12.71
10425.8156,6.85,13.61,170.00,12.66
10425.8495,6.34,13.23,170.00,12.54
10425.8812,5.75,12.80,170.00,12.50
10425.9128,5.16,12.38,170.00,12.39
10425.9456,4.48,11.91,170.00,12.32
10425.9793,3.71,11.41,170.00,12.34
10426.0105,2.87,10.90,170.00,12.36
10426.0424,2.07,10.41,170.00,12.28
10426.0744,1.21,9.92,170.00,12.29
10426.1066,0.37,9.46,170.00,12.21
10426.1392,-0.53,9.01,170.00,12.23
10426.1712,-1.47,8.57,170.00,12.23
10426.2031,-2.37,8.16,170.00,12.19
10426.2358,-3.33,7.75,170.00,12.17
10426.2680,-4.25,7.35,170.00,12.06
10426.2995,-5.27,6.97,170.00,12.06
10426.3309,-6.24,6.60,170.00,11.97
10426.3623,-7.31,6.24,170.00,12.00
10426.3942,-8.48,5.88,170.00,12.04
10426.4323,-9.61,5.53,170.00,11.99
10426.4641,-10.84,5.17,170.00,11.97
10426.5023,-12.15,4.81,170.00,12.06
10426.5344,-13.52,4.44,170.00,12.17
10426.5666,-14.82,4.08,170.00,12.19
10426.5977,-16.20,3.71,170.00,12.32
10426.6384,-17.65,3.35,170.00,12.49
10426.6703,-19.03,3.01,170.00,12.58
10426.7033,-20.48,2.70,170.00,12.72
10426.7352,-22.00,2.42,170.00,12.94
10426.7692,-23.45,2.16,170.00,13.14
10426.8009,-24.99,1.95,170.00,13.40
10426.8335,-26.47,1.77,170.00,13.61
10426.8651,-27.88,1.61,170.00,13.79
10426.8981,-29.52,1.53,170.00,14.10
10426.9296,-31.20,1.47,170.00,14.43
10426.9600,-32.78,1.42,170.00,14.72
10426.9917,-34.26,1.38,170.00,14.94
10427.0251,-35.80,1.35,170.00,15.20
10427.0578,-37.37,1.33,170.00,15.50
10427.0900,-38.84,1.32,170.00,15.73
10427.1229,-40.33,1.32,170.00,16.00
10427.1554,-41.83,1.34,170.00,16.27
10427.1873,-43.24,1.36,170.00,16.51
10427.2189,-44.66,1.41,170.00,16.74
10427.2582,-46.11,1.48,170.00,16.97
10427.2983,-47.58,1.60,170.00,17.20
10427.3295,-48.94,1.73,170.00,17.36
10427.3619,-50.33,1.90,170.00,17.55
10427.3933,-51.74,2.11,170.00,17.72
10427.4257,-53.06,2.33,170.00,17.86
10427.4571,-54.41,2.60,170.00,17.99
10427.4895,-55.67,2.87,170.00,18.08
10427.5216,-56.94,3.17,170.00,18.16
10427.5567,-58.12,3.51,170.00,18.17
10427.5886,-59.39,3.91,170.00,18.25
10427.6204,-60.56,4.32,170.00,18.26
10427.6529,-61.72,4.71,170.00,18.27
10427.6898,-62.79,5.13,170.00,18.25
10427.7227,-63.88,5.59,170.00,18.23
10427.7542,-64.97,6.05,170.00,18.21
10427.7859,-66.00,6.55,170.00,18.16
10427.8182,-66.97,7.10,170.00,18.07
10427.8494,-68.00,7.65,170.00,18.01
10427.8833,-68.96,8.24,170.00,17.91
10427.9135,-69.89,8.84,170.00,17.79
10427.9451,-70.73,9.44,170.00,17.65
10427.9763,-71.56,10.08,170.00,17.48
10428.0104,-72.36,10.73,170.00,17.30
10428.0442,-73.10,11.34,170.00,17.12
10428.0765,-73.85,11.92,170.00,16.97
10428.1088,-74.57,12.53,170.00,16.79
10428.1407,-75.31,13.23,170.00,16.64
10428.1723,-76.06,14.09,170.00,16.45
10428.2034,-76.74,15.06,170.00,16.24
10428.2358,-77.42,16.14,170.00,15.98
10428.2692,-78.08,17.32,170.00,15.70
10428.3028,-78.71,18.51,170.00,15.42
10428.3344,-79.34,19.78,170.00,15.14
10428.3692,-79.96,21.15,170.00,14.86
10428.4029,-80.55,22.62,170.00,14.58
10428.4351,-81.15,24.21,170.00,14.31
10428.4754,-81.76,26.07,170.00,14.06
10428.5074,-82.36,28.16,170.00,13.80
10428.5390,-82.95,30.59,170.00,13.53
10428.5722,-83.54,33.17,170.00,13.28
10428.6045,-84.09,35.95,170.00,13.07
10428.6359,-84.64,38.89,170.00,12.88
10428.6692,-85.14,42.00,170.00,12.71
10428.7020,-85.63,45.25,170.00,12.57
10428.7341,-86.07,48.51,170.00,12.45
10428.7664,-86.47,51.79,170.00,12.33
10428.8007,-86.82,54.97,170.00,12.23
10428.8330,-87.11,57.90,170.00,12.13
10428.8651,-87.35,60.46,170.00,12.04
10428.8974,-87.51,62.42,170.00,11.95
10428.9293,-87.61,63.74,170.00,11.88
10428.9611,-87.66,64.56,170.00,11.81
10428.9927,-87.64,64.70,170.00,11.76
10429.0240,-87.59,64.52,170.00,11.72
10429.0561,-87.48,63.83,170.00,11.71
10429.0895,-87.32,62.66,170.00,11.70
10429.1213,-87.14,61.29,170.00,11.71
10429.1547,-86.94,59.79,170.00,11.72
10429.1863,-86.60,57.35,170.00,11.73
10429.2180,-86.26,54.96,170.00,11.74
10429.2492,-85.85,52.18,170.00,11.76
10429.2813,-85.43,49.55,170.00,11.79
10429.3129,-84.95,46.80,170.00,11.82
10429.3452,-84.49,44.29,170.00,11.85
10429.3771,-83.95,41.72,170.00,11.90
10429.4096,-83.44,39.42,170.00,11.96
10429.4415,-82.88,37.21,170.00,12.03
10429.4582,-82.33,35.30,170.00,12.09
10429.4896,-81.74,33.52,170.00,12.13
10429.5216,-81.17,31.90,170.00,12.18
10429.5536,-80.56,30.33,170.00,12.23
10429.5847,-79.97,28.95,170.00,12.27
10429.6172,-79.35,27.53,170.00,12.31
10429.6493,-78.71,26.21,170.00,12.36
10429.6806,-78.11,25.03,170.00,12.40
10429.7128,-77.48,23.88,170.00,12.44
10429.7442,-76.88,22.89,170.00,12.46
10429.7765,-76.25,21.90,170.00,12.49
10429.8080,-75.57,20.93,170.00,12.51
10429.8397,-74.93,20.05,170.00,12.53
10429.8711,-74.23,19.19,170.00,12.54
10429.9044,-73.48,18.33,170.00,12.54
10429.9365,-72.77,17.53,170.00,12.54
10429.9687,-72.01,16.76,170.00,12.54
10430.0003,-71.21,16.00,170.00,12.54
10430.0311,-70.44,15.32,170.00,12.53
10430.0656,-69.70,14.70,170.00,12.50
10430.0972,-68.92,14.06,170.00,12.47
10430.1289,-68.11,13.44,170.00,12.45
10430.1681,-67.26,12.83,170.00,12.43
10430.1992,-66.46,12.27,170.00,12.40
10430.2313,-65.71,11.76,170.00,12.36
10430.2632,-64.85,11.23,170.00,12.33
10430.2947,-64.04,10.75,170.00,12.28
10430.3306,-63.18,10.24,170.00,12.23
10430.3640,-62.29,9.72,170.00,12.19
10430.3959,-61.43,9.25,170.00,12.13
10430.4277,-60.53,8.76,170.00,12.07
10430.4590,-59.67,8.30,170.00,11.99
10430.4910,-58.76,7.84,170.00,11.91
10430.5229,-57.89,7.42,170.00,11.83
10430.5554,-56.98,7.00,170.00,11.74
10430.5872,-56.13,6.63,170.00,11.65
10430.6194,-55.23,6.28,170.00,11.56
10430.6505,-54.38,5.96,170.00,11.46
10430.6834,-53.41,5.65,170.00,11.39
10430.7155,-52.48,5.38,170.00,11.29
10430.7482,-51.60,5.12,170.00,11.18
10430.7831,-50.66,4.86,170.00,11.06
10430.8157,-49.66,4.63,170.00,10.93
10430.8492,-48.71,4.43,170.00,10.80
10430.8839,-47.72,4.23,170.00,10.67
10430.9153,-46.68,4.05,170.00,10.56
10430.9534,-45.58,3.92,170.00,10.42
10430.9850,-44.46,3.79,170.00,10.28
10431.0181,-43.38,3.67,170.00,10.12
10431.0493,-42.26,3.60,170.00,9.96
10431.0814,-41.20,3.55,170.00,9.78
10431.1128,-40.08,3.54,170.00,9.58
10431.1447,-39.01,3.55,170.00,9.38
10431.1768,-37.89,3.58,170.00,9.20
10431.1923,-36.83,3.62,170.00,9.01
10431.2243,-35.72,3.68,170.00,8.81
10431.2565,-34.66,3.75,170.00,8.61
10431.2885,-33.53,3.84,170.00,8.40
10431.3204,-32.43,3.93,170.00,8.18
10431.3524,-31.24,4.05,170.00,7.94
10431.3850,-30.08,4.17,170.00,7.69
10431.4179,-28.80,4.31,170.00,7.43
10431.4512,-27.45,4.45,170.00,7.18
10431.4832,-26.17,4.58,170.00,6.95
10431.5197,-24.83,4.74,170.00,6.67
10431.5386,-23.46,4.95,170.00,6.38
10431.5709,-22.19,5.15,170.00,6.09
10431.6026,-20.88,5.38,170.00,5.78
10431.6344,-19.64,5.59,170.00,5.48
10431.6664,-18.39,5.79,170.00,5.18
10431.6996,-17.21,5.97,170.00,4.86
10431.7380,-16.01,6.14,170.00,4.55
10431.7690,-14.79,6.32,170.00,4.25
10431.7868,-13.66,6.48,170.00,3.96
10431.8349,-12.48,6.65,170.00,3.67
10431.8666,-11.29,6.82,170.00,3.40
10431.9010,-10.09,7.01,170.00,3.12
10431.9294,-8.98,7.20,170.00,2.86
10431.9632,-7.94,7.39,170.00,2.63
10431.9957,-6.87,7.59,170.00,2.41
10432.0371,-5.81,7.80,170.00,2.25
10432.0692,-4.74,8.02,170.00,2.11
10432.1024,-3.76,8.23,170.00,2.03
10432.1359,-2.77,8.44,170.00,2.00
10432.1802,-1.80,8.65,170.00,2.01
10432.2154,-0.84,8.87,170.00,2.05
10432.2472,0.09,9.08,170.00,2.10
10432.2790,0.94,9.28,170.00,2.25
10432.3045,1.76,9.48,170.00,2.38
10432.3351,2.52,9.67,170.00,2.61
10432.3672,3.26,9.87,170.00,2.82
10432.4029,3.97,10.08,170.00,3.08
10432.4350,4.62,10.27,170.00,3.42
10432.4661,5.26,10.49,170.00,3.74
10432.4991,5.85,10.70,170.00,4.11
10432.5325,6.46,10.93,170.00,4.43
10432.5649,7.03,11.18,170.00,4.76
10432.5985,7.54,11.43,170.00,5.10
10432.6307,7.99,11.65,170.00,5.46
10432.6694,8.35,11.85,170.00,5.82
10432.7013,8.64,12.03,170.00,6.15
10432.7336,8.84,12.17,170.00,6.46
10432.7645,8.95,12.26,170.00,6.78
10432.7965,8.99,12.32,170.00,7.06
10432.8196,8.99,12.35,170.00,7.28
10432.8514,8.95,12.36,170.00,7.47
10432.8837,8.77,12.29,170.00,7.72
10432.9152,8.56,12.19,170.00,7.91
10432.9475,8.24,12.04,170.00,8.10
10432.9786,7.82,11.83,170.00,8.29
10433.0181,7.27,11.57,170.00,8.55
10433.0536,6.71,11.30,170.00,8.69
10433.0847,6.01,10.99,170.00,8.83
10433.1169,5.29,10.65,170.00,8.85
10433.1493,4.42,10.23,170.00,9.00
10433.1814,3.54,9.80,170.00,9.03
10433.2131,2.50,9.31,170.00,9.09
10433.2450,1.32,8.79,170.00,9.28
10433.2772,0.15,8.28,170.00,9.42
10433.3089,-1.16,7.76,170.00,9.53
10433.3408,-2.58,7.22,170.00,9.59
10433.3728,-3.95,6.69,170.00,9.58
10433.4051,-5.27,6.19,170.00,9.41
10433.4369,-6.72,5.68,170.00,9.39
10433.4690,-8.27,5.19,170.00,9.35
10433.5029,-9.76,4.73,170.00,9.16
10433.5338,-11.36,4.29,170.00,9.01
10433.5654,-13.07,3.88,170.00,9.00
10433.5978,-14.69,3.49,170.00,8.89
10433.6299,-16.43,3.13,170.00,8.94
10433.6650,-18.27,2.78,170.00,9.08
10433.6974,-20.03,2.45,170.00,9.21
10433.7292,-21.86,2.13,170.00,9.43
10433.7611,-23.76,1.81,170.00,9.73
10433.7935,-25.53,1.50,170.00,10.02
10433.8253,-27.37,1.17,170.00,10.41
10433.8567,-29.27,0.84,170.00,10.89
10433.8892,-31.04,0.52,170.00,11.34
10433.9224,-32.87,0.20,170.00,11.85
10433.9552,-34.58,-0.10,170.00,12.31
10433.9873,-36.36,-0.42,170.00,12.87
10434.0191,-38.03,-0.70,170.00,13.36
10434.0517,-39.74,-0.97,170.00,13.90
10434.0836,-41.34,-1.18,170.00,14.34
10434.1156,-42.99,-1.36,170.00,14.82
10434.1497,-44.70,-1.49,170.00,15.28
10434.1823,-46.42,-1.57,170.00,15.72
10434.2142,-48.02,-1.62,170.00,16.09
10434.2463,-49.65,-1.61,170.00,16.44
10434.2778,-51.32,-1.55,170.00,16.78
10434.3093,-52.86,-1.47,170.00,17.05
10434.3420,-54.30,-1.34,170.00,17.21
10434.3738,-55.75,-1.15,170.00,17.34
10434.4051,-57.22,-0.93,170.00,17.49
10434.4375,-58.57,-0.72,170.00,17.58
10434.4692,-59.94,-0.45,170.00,17.67
10434.5006,-61.30,-0.12,170.00,17.76
10434.5311,-62.56,0.21,170.00,17.77
10434.5627,-63.81,0.60,170.00,17.74
10434.5955,-64.96,0.98,170.00,17.68
10434.6276,-66.11,1.40,170.00,17.60
10434.6591,-67.25,1.84,170.00,17.50
10434.6929,-68.30,2.26,170.00,17.38
10434.7242,-69.36,2.68,170.00,17.25
10434.7556,-70.40,3.10,170.00,17.10
10434.7875,-71.37,3.57,170.00,16.93
10434.8191,-72.33,4.16,170.00,16.71
10434.8516,-73.22,4.77,170.00,16.48
10434.8833,-74.11,5.45,170.00,16.22
10434.9153,-74.97,6.12,170.00,15.98
10434.9472,-75.78,6.85,170.00,15.70
10434.9789,-76.58,7.67,170.00,15.45
10435.0106,-77.33,8.50,170.00,15.16
10435.0430,-78.06,9.40,170.00,14.89
10435.0753,-78.75,10.33,170.00,14.63
10435.1085,-79.43,11.36,170.00,14.39
10435.1406,-80.11,12.54,170.00,14.17
10435.1743,-80.75,13.82,170.00,13.97
10435.2072,-81.36,15.25,170.00,13.79
10435.2410,-81.96,16.93,170.00,13.62
10435.2777,-82.53,18.76,170.00,13.47
10435.3092,-83.05,20.71,170.00,13.33
10435.3410,-83.51,22.70,170.00,13.20
10435.3731,-83.95,24.89,170.00,13.06
10435.4053,-84.36,27.23,170.00,12.94
10435.4390,-84.76,29.75,170.00,12.82
10435.4733,-85.11,32.27,170.00,12.72
10435.4903,-85.44,34.77,170.00,12.62
10435.5231,-85.75,37.45,170.00,12.53
10435.5715,-86.09,40.44,170.00,12.44
10435.6032,-86.41,43.54,170.00,12.35
10435.6355,-86.72,46.74,170.00,12.25
10435.6686,-87.02,50.07,170.00,12.14
10435.7005,-87.32,53.47,170.00,12.04
10435.7346,-87.59,56.78,170.00,11.95
10435.7668,-87.85,60.15,170.00,11.87
10435.7986,-88.10,63.43,170.00,11.79
10435.8308,-88.31,66.33,170.00,11.71
10435.8625,-88.47,68.67,170.00,11.63
10435.8941,-88.59,70.49,170.00,11.56
10435.9265,-88.65,71.47,170.00,11.50
10435.9521,-88.66,71.85,170.00,11.46
10435.9848,-88.63,71.70,170.00,11.43
10436.0169,-88.52,70.61,170.00,11.40
10436.0507,-88.32,68.69,170.00,11.38
10436.0743,-88.10,66.52,170.00,11.36
10436.1100,-87.80,63.74,170.00,11.34
10436.1330,-87.48,61.04,170.00,11.32
10436.1651,-87.06,57.80,170.00,11.30
10436.1975,-86.56,54.19,170.00,11.28
10436.2284,-86.05,50.97,170.00,11.27
10436.2687,-85.46,47.55,170.00,11.27
10436.2925,-84.86,44.49,170.00,11.27
10436.3180,-84.18,41.38,170.00,11.28
10436.3500,-83.50,38.63,170.00,11.29
10436.3833,-82.73,35.83,170.00,11.30
10436.4154,-81.87,33.09,170.00,11.32
10436.4473,-81.03,30.74,170.00,11.34
10436.4808,-80.10,28.46,170.00,11.36
10436.5190,-79.08,26.32,170.00,11.37
10436.5509,-78.10,24.52,170.00,11.38
10436.5830,-77.03,22.85,170.00,11.38
10436.6151,-75.84,21.24,170.00,11.38
10436.6472,-74.70,19.86,170.00,11.37
10436.6796,-73.48,18.54,170.00,11.37
10436.7184,-72.18,17.28,170.00,11.39
10436.7499,-70.94,16.20,170.00,11.42
10436.7813,-69.65,15.20,170.00,11.46
10436.8131,-68.29,14.26,170.00,11.50
10436.8347,-67.01,13.44,170.00,11.54
10436.8667,-65.79,12.68,170.00,11.58
10436.8988,-64.49,11.96,170.00,11.62
10436.9329,-63.26,11.30,170.00,11.65
10436.9649,-61.94,10.63,170.00,11.67
10436.9968,-60.69,9.99,170.00,11.67
10437.0216,-59.49,9.42,170.00,11.65
10437.0522,-58.20,8.85,170.00,11.61
10437.0844,-56.96,8.32,170.00,11.56
10437.1165,-55.63,7.80,170.00,11.49
10437.1504,-54.23,7.27,170.00,11.41
10437.1837,-52.78,6.75,170.00,11.32
10437.2159,-51.27,6.22,170.00,11.24
10437.2488,-49.83,5.74,170.00,11.15
10437.2742,-48.36,5.31,170.00,11.05
10437.3141,-46.82,4.89,170.00,10.93
10437.3458,-45.37,4.51,170.00,10.79
10437.3795,-43.86,4.15,170.00,10.64
10437.4114,-42.43,3.83,170.00,10.47
10437.4435,-40.96,3.52,170.00,10.27
10437.4751,-39.56,3.24,170.00,10.08
10437.5072,-38.15,2.99,170.00,9.88
10437.5389,-36.74,2.76,170.00,9.68
10437.5721,-35.33,2.58,170.00,9.45
10437.6043,-34.01,2.43,170.00,9.22
10437.6371,-32.68,2.31,170.00,8.98
10437.6690,-31.45,2.22,170.00,8.72
10437.7014,-30.20,2.15,170.00,8.47
10437.7327,-28.94,2.11,170.00,8.20
10437.7651,-27.77,2.09,170.00,7.94
10437.7978,-26.59,2.12,170.00,7.65
10437.8331,-25.41,2.15,170.00,7.37
10437.8649,-24.31,2.19,170.00,7.11
10437.8984,-23.20,2.24,170.00,6.84
10437.9343,-22.09,2.30,170.00,6.57
10437.9655,-21.06,2.35,170.00,6.32
10438.0043,-20.06,2.41,170.00,6.08
10438.0358,-19.10,2.47,170.00,5.85
10438.0694,-18.22,2.53,170.00,5.64
10438.1015,-17.37,2.59,170.00,5.43
10438.1326,-16.55,2.64,170.00,5.22
10438.1647,-15.82,2.69,170.00,5.04
10438.1965,-15.15,2.72,170.00,4.88
10438.2273,-14.50,2.76,170.00,4.72
10438.2591,-13.88,2.79,170.00,4.58
10438.2907,-13.27,2.81,170.00,4.44
10438.3227,-12.72,2.83,170.00,4.33
10438.3553,-12.17,2.84,170.00,4.23
10438.3868,-11.66,2.85,170.00,4.17
10438.4184,-11.14,2.86,170.00,4.11
10438.4503,-10.67,2.87,170.00,4.09
10438.4835,-10.20,2.90,170.00,4.09
10438.5138,-9.73,2.95,170.00,4.08
10438.5454,-9.28,3.02,170.00,4.10
10438.5784,-8.81,3.12,170.00,4.08
10438.6098,-8.32,3.24,170.00,4.03
10438.6420,-7.86,3.37,170.00,4.00
10438.6742,-7.38,3.51,170.00,3.95
10438.7056,-6.92,3.66,170.00,3.92
10438.7370,-6.44,3.81,170.00,3.88
10438.7775,-5.94,3.98,170.00,3.84
10438.8094,-5.47,4.13,170.00,3.84
10438.8410,-4.98,4.29,170.00,3.81
10438.8732,-4.47,4.45,170.00,3.77
10438.9054,-3.98,4.60,170.00,3.78
10438.9377,-3.49,4.74,170.00,3.76
10438.9692,-2.98,4.88,170.00,3.74
10439.0009,-2.51,5.00,170.00,3.75
10439.0289,-2.07,5.12,170.00,3.78
10439.0527,-1.61,5.24,170.00,3.77
10439.0828,-1.17,5.35,170.00,3.77
10439.1188,-0.73,5.46,170.00,3.76
10439.1525,-0.31,5.56,170.00,3.79
10439.1844,0.12,5.65,170.00,3.82
10439.2137,0.57,5.72,170.00,3.81
10439.2499,1.01,5.79,170.00,3.83
10439.2843,1.41,5.85,170.00,3.88
10439.3148,1.81,5.92,170.00,3.95
10439.3558,2.19,5.99,170.00,4.01
10439.3860,2.53,6.06,170.00,4.10
10439.4129,2.84,6.13,170.00,4.21
10439.4439,3.12,6.20,170.00,4.32
10439.4751,3.37,6.26,170.00,4.43
10439.5074,3.59,6.32,170.00,4.54
10439.5517,3.77,6.36,170.00,4.66
10439.5858,3.91,6.38,170.00,4.79
10439.6180,4.00,6.39,170.00,4.93
10439.6491,4.06,6.38,170.00,5.06
10439.6810,4.07,6.35,170.00,5.19
10439.7143,4.02,6.30,170.00,5.31
10439.7462,3.95,6.23,170.00,5.40
10439.7847,3.83,6.12,170.00,5.52
10439.8185,3.64,5.97,170.00,5.64
10439.8506,3.39,5.78,170.00,5.80
10439.8829,3.12,5.59,170.00,5.95
10439.9154,2.75,5.37,170.00,6.12
10439.9463,2.37,5.14,170.00,6.27
10439.9856,1.89,4.88,170.00,6.38
10440.0176,1.30,4.59,170.00,6.56
10440.0529,0.60,4.26,170.00,6.75
10440.0852,-0.10,3.94,170.00,6.91
10440.1170,-0.91,3.60,170.00,7.03
10440.1490,-1.81,3.28,170.00,7.11
10440.1832,-2.70,2.98,170.00,7.14
10440.2152,-3.71,2.68,170.00,7.17
10440.2467,-4.86,2.40,170.00,7.31
10440.2792,-5.98,2.12,170.00,7.34
10440.3032,-7.07,1.86,170.00,7.35
10440.3349,-8.28,1.62,170.00,7.38
10440.3794,-9.61,1.41,170.00,7.41
10440.4004,-10.90,1.21,170.00,7.40
10440.4325,-12.15,1.04,170.00,7.27
10440.4695,-13.71,0.91,170.00,7.29
10440.5009,-15.20,0.80,170.00,7.30
10440.5221,-16.65,0.70,170.00,7.30
10440.5545,-18.27,0.62,170.00,7.45
10440.5859,-19.84,0.54,170.00,7.48
10440.6167,-21.58,0.47,170.00,7.69
10440.6490,-23.45,0.40,170.00,7.99
10440.6829,-25.22,0.33,170.00,8.27
10440.7142,-27.12,0.27,170.00,8.63
10440.7460,-28.92,0.21,170.00,8.96
10440.7799,-30.80,0.16,170.00,9.33
10440.8140,-32.74,0.13,170.00,9.72
10440.8472,-34.71,0.10,170.00,10.11
10440.8794,-36.55,0.08,170.00,10.45
10440.9120,-38.43,0.07,170.00,10.81
10440.9441,-40.18,0.07,170.00,11.13
10440.9760,-41.96,0.07,170.00,11.46
10441.0084,-43.76,0.06,170.00,11.83
10441.0429,-45.43,0.08,170.00,12.11
10441.0742,-47.10,0.11,170.00,12.37
10441.1063,-48.66,0.15,170.00,12.58
10441.1385,-50.22,0.22,170.00,12.78
10441.1708,-51.77,0.28,170.00,12.97
10441.2045,-53.20,0.37,170.00,13.12
10441.2356,-54.62,0.48,170.00,13.26
10441.2672,-56.03,0.58,170.00,13.39
10441.2995,-57.33,0.70,170.00,13.48
10441.3379,-58.62,0.83,170.00,13.56
10441.3692,-59.82,0.99,170.00,13.61
10441.4027,-61.02,1.15,170.00,13.65
10441.4338,-62.21,1.30,170.00,13.67
10441.4651,-63.31,1.49,170.00,13.67
10441.4967,-64.39,1.70,170.00,13.66
10441.5293,-65.39,1.93,170.00,13.64
10441.5619,-66.39,2.20,170.00,13.62
10441.5975,-67.37,2.46,170.00,13.60
10441.6314,-68.32,2.77,170.00,13.57
10441.6637,-69.23,3.03,170.00,13.56
10441.6948,-70.05,3.31,170.00,13.52
10441.7304,-70.86,3.56,170.00,13.49
10441.7641,-71.59,3.78,170.00,13.44
10441.7952,-72.31,3.99,170.00,13.40
10441.8272,-73.02,4.14,170.00,13.38
10441.8594,-73.67,4.35,170.00,13.32
10441.8916,-74.31,4.55,170.00,13.28
10441.9233,-74.91,4.81,170.00,13.19
10441.9552,-75.49,5.08,170.00,13.07
10441.9868,-76.05,5.46,170.00,12.92
10442.0210,-76.57,5.89,170.00,12.75
10442.0541,-77.06,6.32,170.00,12.59
10442.0867,-77.50,6.71,170.00,12.43
10442.1191,-77.90,7.07,170.00,12.29
10442.1507,-78.26,7.43,170.00,12.18
10442.1846,-78.59,7.74,170.00,12.10
10442.2167,-78.88,8.03,170.00,12.04
10442.2486,-79.14,8.36,170.00,12.01
10442.2793,-79.38,8.75,170.00,11.97
10442.3108,-79.59,9.15,170.00,11.94
10442.3439,-79.77,9.53,170.00,11.91
10442.3763,-79.91,9.85,170.00,11.88
10442.4086,-80.01,10.08,170.00,11.86
10442.4402,-80.07,10.29,170.00,11.84
10442.4709,-80.07,10.41,170.00,11.82
10442.5042,-80.01,10.44,170.00,11.81
10442.5365,-79.92,10.43,170.00,11.81
10442.5683,-79.77,10.38,170.00,11.79
10442.6004,-79.59,10.29,170.00,11.79
10442.6333,-79.40,10.17,170.00,11.80
10442.6662,-79.09,10.04,170.00,11.80
10442.6981,-78.78,9.92,170.00,11.80
10442.7299,-78.40,9.79,170.00,11.79
10442.7629,-78.01,9.63,170.00,11.78
10442.7954,-77.52,9.42,170.00,11.77
10442.8293,-76.93,9.19,170.00,11.75
10442.8612,-76.33,8.94,170.00,11.74
10442.8966,-75.62,8.67,170.00,11.71
10442.9290,-74.79,8.39,170.00,11.68
10442.9628,-73.96,8.12,170.00,11.66
10442.9941,-73.01,7.87,170.00,11.63
10443.0258,-71.92,7.64,170.00,11.60
10443.0576,-70.86,7.39,170.00,11.56
10443.0888,-69.68,7.18,170.00,11.51
10443.1204,-68.52,6.95,170.00,11.47
10443.1535,-67.22,6.71,170.00,11.41
10443.1857,-65.81,6.51,170.00,11.37
10443.2166,-64.45,6.27,170.00,11.32
10443.2478,-63.14,6.05,170.00,11.26
10443.2787,-61.70,5.85,170.00,11.19
10443.3109,-60.13,5.62,170.00,11.14
10443.3438,-58.44,5.36,170.00,11.09
10443.3747,-56.83,5.11,170.00,11.01
10443.4069,-55.13,4.84,170.00,10.96
10443.4388,-53.50,4.58,170.00,10.87
10443.4713,-51.79,4.35,170.00,10.79
10443.5026,-50.02,4.14,170.00,10.70
10443.5340,-48.33,3.93,170.00,10.59
10443.5661,-46.60,3.75,170.00,10.48
10443.5963,-44.98,3.58,170.00,10.35
10443.6274,-43.32,3.41,170.00,10.21
10443.6587,-41.76,3.24,170.00,10.01
10443.6905,-40.18,3.08,170.00,9.86
10443.7231,-38.70,2.92,170.00,9.65
10443.7550,-37.18,2.76,170.00,9.44
10443.7919,-35.64,2.61,170.00,9.28
10443.8237,-34.12,2.48,170.00,9.11
10443.8555,-32.69,2.34,170.00,8.89
10443.8882,-31.24,2.19,170.00,8.73
10443.9202,-29.89,2.06,170.00,8.52
10443.9522,-28.51,1.95,170.00,8.35
10443.9837,-27.09,1.88,170.00,8.16
10444.0153,-25.76,1.83,170.00,7.92
10444.0476,-24.37,1.82,170.00,7.71
10444.0795,-23.06,1.83,170.00,7.44
10444.1111,-21.82,1.85,170.00,7.12
10444.1422,-20.51,1.92,170.00,6.83
10444.1780,-19.12,2.02,170.00,6.55
10444.2091,-17.67,2.16,170.00,6.30
10444.2408,-16.29,2.31,170.00,6.03
10444.2748,-14.82,2.51,170.00,5.75
10444.3188,-13.25,2.77,170.00,5.45
10444.3526,-11.60,3.04,170.00,5.19
10444.3848,-10.04,3.28,170.00,4.86
10444.4171,-8.38,3.52,170.00,4.60
10444.4438,-6.65,3.77,170.00,4.38
10444.4761,-5.03,4.01,170.00,4.09
10444.5174,-3.34,4.33,170.00,3.76
10444.5487,-1.61,4.73,170.00,3.36
10444.5809,-0.02,5.13,170.00,2.94
10444.6153,1.63,5.63,170.00,2.51
10444.6473,3.30,6.21,170.00,2.14
10444.6791,4.84,6.78,170.00,1.95
10444.7107,6.38,7.42,170.00,1.99
10444.7425,7.81,8.05,170.00,2.39
10444.7740,9.25,8.74,170.00,2.84
10444.8064,10.67,9.47,170.00,3.42
10444.8351,11.98,10.17,170.00,4.08
10444.8668,13.27,10.89,170.00,4.80
10444.8997,14.45,11.56,170.00,5.64
10444.9313,15.64,12.26,170.00,6.40
10444.9632,16.82,12.99,170.00,7.17
10444.9945,17.90,13.67,170.00,8.01
10445.0340,18.96,14.40,170.00,8.83
10445.0665,19.98,15.14,170.00,9.59
10445.1049,20.97,15.92,170.00,10.33
10445.1343,21.87,16.67,170.00,11.02
10445.1666,22.68,17.39,170.00,11.69
10445.1987,23.43,18.11,170.00,12.38
10445.2304,24.14,18.82,170.00,13.02
10445.2696,24.79,19.51,170.00,13.65
10445.3009,25.39,20.19,170.00,14.25
10445.3329,25.92,20.82,170.00,14.83
10445.3651,26.39,21.39,170.00,15.38
10445.3974,26.82,21.96,170.00,15.90
10445.4291,27.22,22.51,170.00,16.38
10445.4689,27.59,23.05,170.00,16.85
10445.5021,27.95,23.57,170.00,17.30
10445.5355,28.28,24.04,170.00,17.73
10445.5679,28.59,24.49,170.00,18.14
10445.5990,28.88,24.90,170.00,18.52
10445.6325,29.13,25.27,170.00,18.87
10445.6755,29.37,25.60,170.00,19.18
10445.6995,29.58,25.89,170.00,19.47
10445.7312,29.76,26.13,170.00,19.73
10445.7633,29.93,26.33,170.00,19.96
10445.7952,30.08,26.50,170.00,20.17
10445.8273,30.22,26.65,170.00,20.36
10445.8588,30.33,26.77,170.00,20.54
10445.8908,30.40,26.88,170.00,20.70
10445.9228,30.43,26.97,170.00,20.87
10445.9551,30.42,27.04,170.00,20.97
10445.9868,30.34,27.05,170.00,21.08
10446.0203,30.23,27.03,170.00,21.14
10446.0532,30.04,26.93,170.00,21.20
10446.0851,29.79,26.73,170.00,21.24
10446.1176,29.52,26.52,170.00,21.26
10446.1532,29.19,26.24,170.00,21.25
10446.1846,28.80,25.90,170.00,21.21
10446.2162,28.35,25.50,170.00,21.15
10446.2481,27.90,25.11,170.00,21.08
10446.2792,27.41,24.69,170.00,21.03
10446.3129,26.92,24.27,170.00,20.92
10446.3441,26.38,23.81,170.00,20.79
10446.3757,25.85,23.35,170.00,20.59
10446.4086,25.27,22.84,170.00,20.43
10446.4410,24.65,22.31,170.00,20.25
10446.4732,24.05,21.80,170.00,20.05
10446.4959,23.47,21.31,170.00,19.81
10446.5278,22.84,20.80,170.00,19.62
10446.5595,22.22,20.29,170.00,19.37
10446.5916,21.56,19.74,170.00,19.17
10446.6239,20.86,19.17,170.00,18.96
10446.6554,20.20,18.63,170.00,18.75
10446.6889,19.53,18.08,170.00,18.54
10446.7211,18.82,17.53,170.00,18.34
10446.7543,18.16,17.02,170.00,18.13
10446.7863,17.48,16.51,170.00,17.92
10446.8178,16.78,16.01,170.00,17.71
10446.8499,16.12,15.56,170.00,17.49
10446.8811,15.42,15.10,170.00,17.29
10446.9136,14.71,14.65,170.00,17.13
10446.9451,14.05,14.24,170.00,16.90
10446.9764,13.42,13.85,170.00,16.59
10447.0085,12.77,13.45,170.00,16.34
10447.0406,12.09,13.04,170.00,16.11
10447.0740,11.45,12.65,170.00,15.89
10447.1058,10.79,12.23,170.00,15.67
10447.1431,10.12,11.81,170.00,15.45
10447.1747,9.50,11.40,170.00,15.22
10447.2072,8.85,10.97,170.00,14.99
10447.2386,8.18,10.51,170.00,14.75
10447.2702,7.54,10.09,170.00,14.51
10447.3010,6.87,9.63,170.00,14.28
10447.3352,6.16,9.14,170.00,14.05
10447.3668,5.48,8.68,170.00,13.82
10447.4035,4.77,8.19,170.00,13.59
10447.4350,4.10,7.74,170.00,13.36
10447.4673,3.37,7.28,170.00,13.17
10447.4988,2.60,6.80,170.00,13.02
10447.5329,1.87,6.35,170.00,12.87
10447.5646,1.08,5.90,170.00,12.74
10447.6024,0.26,5.44,170.00,12.60
10447.6340,-0.53,5.02,170.00,12.43
10447.6665,-1.38,4.58,170.00,12.25
10447.6992,-2.27,4.14,170.00,12.13
10447.7241,-3.12,3.73,170.00,11.87
10447.7630,-4.01,3.31,170.00,11.55
10447.8033,-4.84,2.90,170.00,11.21
10447.8351,-5.72,2.47,170.00,10.86
10447.8675,-6.64,2.05,170.00,10.54
10447.8997,-7.61,1.66,170.00,10.31
10447.9334,-8.63,1.31,170.00,10.10
10447.9651,-9.61,1.01,170.00,9.85
10447.9976,-10.56,0.73,170.00,9.62
10448.0316,-11.61,0.49,170.00,9.46
10448.0650,-12.77,0.29,170.00,9.38
10448.0968,-13.88,0.12,170.00,9.31
10448.1289,-15.12,-0.02,170.00,9.30
10448.1529,-16.31,-0.14,170.00,9.30
10448.1846,-17.64,-0.23,170.00,9.35
10448.2186,-19.09,-0.32,170.00,9.45
10448.2493,-20.49,-0.40,170.00,9.54
10448.2810,-22.00,-0.49,170.00,9.68
10448.3132,-23.46,-0.58,170.00,9.81
10448.3381,-25.02,-0.69,170.00,10.03
10448.3689,-26.51,-0.80,170.00,10.20
10448.4008,-28.08,-0.93,170.00,10.40
10448.4333,-29.42,-1.04,170.00,10.50
10448.4651,-31.00,-1.17,170.00,10.72
10448.4968,-32.64,-1.32,170.00,10.99
10448.5332,-34.33,-1.46,170.00,11.27
10448.5649,-35.91,-1.58,170.00,11.49
10448.5968,-37.54,-1.69,170.00,11.74
10448.6214,-39.07,-1.78,170.00,11.95
10448.6522,-40.63,-1.87,170.00,12.17
10448.6842,-42.09,-1.94,170.00,12.32
10448.7167,-43.58,-2.00,170.00,12.48
10448.7488,-44.97,-2.05,170.00,12.58
10448.7809,-46.27,-2.07,170.00,12.68
10448.8122,-47.71,-2.09,170.00,12.81
10448.8443,-49.04,-2.08,170.00,12.89
10448.8682,-50.28,-2.09,170.00,12.94
10448.9024,-51.53,-2.07,170.00,13.00
10448.9429,-52.80,-2.01,170.00,13.08
10448.9850,-54.06,-1.93,170.00,13.17
10449.0170,-55.32,-1.81,170.00,13.24
10449.0552,-56.55,-1.67,170.00,13.30
10449.0874,-57.67,-1.47,170.00,13.30
10449.1188,-58.77,-1.24,170.00,13.27
10449.1499,-59.78,-0.98,170.00,13.20
10449.1824,-60.77,-0.71,170.00,13.12
10449.2145,-61.68,-0.42,170.00,13.04
10449.2471,-62.57,-0.14,170.00,12.97
10449.2788,-63.45,0.15,170.00,12.91
10449.3103,-64.26,0.45,170.00,12.84
10449.3435,-65.04,0.74,170.00,12.77
10449.3771,-65.80,1.04,170.00,12.72
10449.4091,-66.50,1.37,170.00,12.65
10449.4274,-67.14,1.67,170.00,12.57
10449.4592,-67.77,2.03,170.00,12.49
10449.4910,-68.36,2.38,170.00,12.41
10449.5228,-68.94,2.79,170.00,12.33
10449.5547,-69.50,3.23,170.00,12.25
10449.5887,-70.06,3.69,170.00,12.18
10449.6224,-70.62,4.17,170.00,12.11
10449.6537,-71.18,4.66,170.00,12.06
10449.6856,-71.71,5.18,170.00,12.00
10449.7186,-72.24,5.72,170.00,11.94
10449.7511,-72.78,6.30,170.00,11.89
10449.7830,-73.27,6.87,170.00,11.82
10449.8151,-73.78,7.47,170.00,11.77
10449.8470,-74.25,8.02,170.00,11.72
10449.8790,-74.74,8.53,170.00,11.69
10449.9119,-75.27,8.97,170.00,11.68
10449.9477,-75.75,9.32,170.00,11.66
10449.9810,-76.25,9.58,170.00,11.67
10450.0132,-76.72,9.79,170.00,11.66
10450.0440,-77.19,9.97,170.00,11.65
10450.0761,-77.67,10.18,170.00,11.63
10450.1090,-78.13,10.41,170.00,11.61
10450.1431,-78.57,10.68,170.00,11.58
10450.1750,-79.02,10.99,170.00,11.56
10450.2070,-79.45,11.28,170.00,11.55
10450.2391,-79.90,11.56,170.00,11.56
10450.2711,-80.31,11.80,170.00,11.55
10450.3033,-80.71,12.02,170.00,11.56
10450.3366,-81.11,12.29,170.00,11.52
10450.3682,-81.48,12.58,170.00,11.45
10450.4003,-81.84,12.94,170.00,11.39
10450.4343,-82.20,13.43,170.00,11.31
10450.4660,-82.53,13.95,170.00,11.25
10450.4995,-82.86,14.61,170.00,11.18
10450.5339,-83.18,15.50,170.00,11.12
10450.5647,-83.48,16.52,170.00,11.07
10450.5979,-83.75,17.74,170.00,11.00
10450.6324,-83.99,19.05,170.00,10.93
10450.6643,-84.19,20.32,170.00,10.89
10450.6970,-84.35,21.61,170.00,10.84
10450.7283,-84.49,22.78,170.00,10.80
10450.7610,-84.57,23.84,170.00,10.77
10450.7960,-84.62,24.76,170.00,10.75
10450.8276,-84.64,25.49,170.00,10.73
10450.8592,-84.62,26.05,170.00,10.71
10450.8921,-84.55,26.26,170.00,10.69
10450.9157,-84.47,26.30,170.00,10.68
10450.9482,-84.38,26.22,170.00,10.68
10450.9795,-84.25,25.98,170.00,10.68
10451.0115,-84.09,25.55,170.00,10.68
10451.0434,-83.92,25.08,170.00,10.69
10451.0751,-83.75,24.54,170.00,10.70
10451.1064,-83.55,23.98,170.00,10.71
10451.1382,-83.32,23.35,170.00,10.73
10451.1704,-83.09,22.76,170.00,10.76
10451.2039,-82.83,22.17,170.00,10.79
10451.2346,-82.54,21.53,170.00,10.82
10451.2678,-82.25,20.95,170.00,10.85
10451.2994,-81.91,20.32,170.00,10.89
10451.3308,-81.58,19.71,170.00,10.92
10451.3627,-81.20,19.05,170.00,10.96
10451.3940,-80.77,18.37,170.00,11.00
10451.4254,-80.34,17.75,170.00,11.03
10451.4584,-79.86,17.17,170.00,11.07
10451.4905,-79.36,16.62,170.00,11.11
10451.5251,-78.81,15.98,170.00,11.16
10451.5567,-78.30,15.38,170.00,11.21
10451.5892,-77.76,14.77,170.00,11.26
10451.6219,-77.26,14.24,170.00,11.31
10451.6532,-76.73,13.76,170.00,11.34
10451.6844,-76.24,13.35,170.00,11.36
10451.7179,-75.73,12.96,170.00,11.39
10451.7529,-75.18,12.57,170.00,11.41
10451.7851,-74.67,12.22,170.00,11.42
10451.8165,-74.18,11.88,170.00,11.43
10451.8509,-73.60,11.54,170.00,11.45
10451.8862,-73.05,11.24,170.00,11.45
10451.9184,-72.46,10.95,170.00,11.46
10451.9491,-71.83,10.65,170.00,11.46
10451.9811,-71.24,10.38,170.00,11.47
10452.0127,-70.61,10.11,170.00,11.47
10452.0448,-70.00,9.86,170.00,11.45
10452.0768,-69.36,9.62,170.00,11.45
10452.1092,-68.74,9.38,170.00,11.43
10452.1414,-68.09,9.16,170.00,11.42
10452.1730,-67.40,8.93,170.00,11.41
10452.2056,-66.74,8.70,170.00,11.39
10452.2371,-66.12,8.48,170.00,11.36
10452.2686,-65.39,8.22,170.00,11.34
10452.3009,-64.71,7.98,170.00,11.32
10452.3350,-63.98,7.74,170.00,11.31
10452.3671,-63.22,7.51,170.00,11.28
10452.3997,-62.50,7.28,170.00,11.26
10452.4309,-61.75,7.04,170.00,11.23
10452.4621,-61.03,6.82,170.00,11.20
10452.4968,-60.29,6.59,170.00,11.17
10452.5291,-59.58,6.35,170.00,11.13
10452.5613,-58.85,6.14,170.00,11.10
10452.5930,-58.09,5.93,170.00,11.07
10452.6299,-57.31,5.72,170.00,11.03
10452.6618,-56.56,5.51,170.00,10.99
10452.6936,-55.80,5.32,170.00,10.96
10452.7248,-55.07,5.15,170.00,10.91
10452.7641,-54.24,4.98,170.00,10.85
10452.7958,-53.46,4.79,170.00,10.80
10452.8411,-52.63,4.57,170.00,10.74
10452.8729,-51.79,4.37,170.00,10.69
10452.9062,-51.00,4.18,170.00,10.62
10452.9398,-50.17,3.99,170.00,10.55
10452.9719,-49.30,3.79,170.00,10.48
10453.0039,-48.48,3.61,170.00,10.41
10453.0348,-47.62,3.42,170.00,10.33
10453.0683,-46.71,3.23,170.00,10.28
10453.1000,-45.87,3.04,170.00,10.23
10453.1311,-45.07,2.85,170.00,10.12
10453.1624,-44.22,2.67,170.00,10.04
10453.1940,-43.33,2.49,170.00,9.95
10453.2257,-42.50,2.33,170.00,9.86
10453.2574,-41.63,2.17,170.00,9.77
10453.2892,-40.74,2.00,170.00,9.67
10453.3210,-39.90,1.86,170.00,9.57
10453.3527,-39.02,1.71,170.00,9.48
10453.3851,-38.20,1.57,170.00,9.38
10453.4244,-37.35,1.45,170.00,9.26
10453.4576,-36.55,1.33,170.00,9.14
10453.5030,-35.65,1.22,170.00,9.04
10453.5347,-34.75,1.13,170.00,8.94
10453.5682,-33.85,1.04,170.00,8.83
10453.5999,-33.00,0.97,170.00,8.73
10453.6330,-32.13,0.92,170.00,8.62
10453.6647,-31.25,0.89,170.00,8.50
10453.6969,-30.40,0.87,170.00,8.38
10453.7293,-29.59,0.86,170.00,8.24
10453.7620,-28.74,0.86,170.00,8.12
10453.7980,-27.86,0.89,170.00,8.00
10453.8300,-26.96,0.93,170.00,7.87
10453.8631,-26.10,0.98,170.00,7.74
10453.8943,-25.29,1.03,170.00,7.57
10453.9262,-24.42,1.08,170.00,7.41
10453.9593,-23.53,1.13,170.00,7.27
10453.9934,-22.63,1.19,170.00,7.13
10454.0248,-21.73,1.27,170.00,7.00
10454.0566,-20.88,1.34,170.00,6.85
10454.0890,-20.04,1.42,170.00,6.70
10454.1206,-19.27,1.51,170.00,6.53
10454.1524,-18.52,1.60,170.00,6.36
10454.1858,-17.82,1.67,170.00,6.20
10454.2170,-17.14,1.74,170.00,6.05
10454.2487,-16.50,1.80,170.00,5.92
10454.2819,-15.92,1.85,170.00,5.77
10454.3145,-15.34,1.89,170.00,5.62
10454.3467,-14.78,1.92,170.00,5.48
10454.3642,-14.26,1.95,170.00,5.35
10454.3962,-13.77,1.98,170.00,5.20
10454.4300,-13.31,2.01,170.00,5.05
10454.4693,-12.81,2.06,170.00,4.89
10454.5012,-12.27,2.14,170.00,4.71
10454.5251,-11.74,2.23,170.00,4.54
10454.5522,-11.14,2.37,170.00,4.34
10454.6000,-10.46,2.56,170.00,4.11
10454.6327,-9.79,2.75,170.00,3.83
10454.6649,-8.95,2.98,170.00,3.62
10454.6970,-8.11,3.21,170.00,3.36
10454.7287,-7.19,3.46,170.00,3.12
10454.7611,-6.27,3.71,170.00,2.88
10454.7935,-5.25,3.99,170.00,2.66
10454.8247,-4.25,4.27,170.00,2.45
10454.8568,-3.14,4.60,170.00,2.22
10454.8888,-1.95,4.98,170.00,1.97
10454.9183,-0.81,5.37,170.00,1.72
10454.9506,0.39,5.82,170.00,1.48
10454.9840,1.61,6.32,170.00,1.24
10455.0165,2.75,6.84,170.00,1.22
10455.0480,3.90,7.42,170.00,1.31
10455.0677,4.89,7.94,170.00,1.78
10455.0991,5.88,8.50,170.00,2.26
10455.1312,6.89,9.12,170.00,2.72
10455.1632,7.90,9.79,170.00,3.26
10455.1998,8.86,10.45,170.00,3.91
10455.2334,9.81,11.13,170.00,4.57
10455.2665,10.77,11.84,170.00,5.15
10455.2982,11.67,12.53,170.00,5.78
10455.3302,12.55,13.23,170.00,6.36
10455.3646,13.35,13.88,170.00,7.01
10455.3965,14.12,14.54,170.00,7.70
10455.4341,14.87,15.20,170.00,8.40
10455.4687,15.63,15.88,170.00,9.04
10455.5009,16.39,16.55,170.00,9.67
10455.5332,17.11,17.20,170.00,10.28
10455.5570,17.78,17.81,170.00,10.92
10455.5969,18.47,18.46,170.00,11.57
10455.6289,19.17,19.13,170.00,12.18
10455.6687,19.85,19.78,170.00,12.81
10455.7012,20.54,20.43,170.00,13.43
10455.7288,21.21,21.09,170.00,14.01
10455.7664,21.85,21.71,170.00,14.58
10455.7988,22.51,22.34,170.00,15.12
10455.8302,23.16,23.00,170.00,15.60
10455.8637,23.77,23.61,170.00,16.09
10455.8951,24.40,24.24,170.00,16.57
10455.9271,25.04,24.86,170.00,17.01
10455.9590,25.64,25.45,170.00,17.46
10455.9912,26.21,26.01,170.00,17.90
10456.0232,26.75,26.59,170.00,18.31
10456.0550,27.25,27.13,170.00,18.71
10456.0873,27.73,27.66,170.00,19.08
10456.1187,28.18,28.17,170.00,19.44
10456.1503,28.59,28.66,170.00,19.79
10456.1827,28.95,29.11,170.00,20.15
10456.2144,29.30,29.56,170.00,20.50
10456.2465,29.65,30.01,170.00,20.83
10456.2787,29.98,30.43,170.00,21.16
10456.3110,30.30,30.85,170.00,21.46
10456.3424,30.58,31.24,170.00,21.74
10456.3754,30.84,31.59,170.00,21.99
10456.4077,31.05,31.90,170.00,22.21
10456.4395,31.18,32.14,170.00,22.41
10456.4714,31.24,32.31,170.00,22.58
10456.5035,31.26,32.43,170.00,22.73
10456.5344,31.19,32.47,170.00,22.85
10456.5731,31.04,32.42,170.00,22.97
10456.6043,30.82,32.30,170.00,23.06
10456.6370,30.55,32.13,170.00,23.09
10456.6689,30.20,31.89,170.00,23.15
10456.7012,29.77,31.57,170.00,23.18
10456.7330,29.32,31.22,170.00,23.14
10456.7646,28.80,30.79,170.00,23.13
10456.7971,28.28,30.35,170.00,23.09
10456.8287,27.71,29.85,170.00,23.02
10456.8606,27.15,29.34,170.00,22.88
10456.8940,26.54,28.80,170.00,22.72
10456.9262,25.89,28.22,170.00,22.60
10456.9592,25.28,27.70,170.00,22.46
10456.9911,24.63,27.16,170.00,22.33
10457.0268,23.96,26.63,170.00,22.17
10457.0590,23.33,26.14,170.00,21.96
10457.0955,22.67,25.63,170.00,21.75
10457.1287,21.97,25.11,170.00,21.58
10457.1607,21.27,24.58,170.00,21.40
10457.1948,20.60,24.07,170.00,21.21
10457.2262,19.89,23.53,170.00,21.03
10457.2579,19.15,22.97,170.00,20.84
10457.2892,18.45,22.44,170.00,20.65
10457.3217,17.73,21.88,170.00,20.44
10457.3541,17.05,21.35,170.00,20.18
10457.3861,16.33,20.80,170.00,19.97
10457.4203,15.66,20.28,170.00,19.76
10457.4518,14.95,19.75,170.00,19.55
10457.4838,14.22,19.23,170.00,19.36
10457.5154,13.52,18.73,170.00,19.12
10457.5470,12.77,18.21,170.00,18.94
10457.5790,12.00,17.71,170.00,18.75
10457.6111,11.29,17.24,170.00,18.55
10457.6426,10.55,16.76,170.00,18.36
10457.6747,9.87,16.30,170.00,18.15
10457.7082,9.18,15.81,170.00,17.96
10457.7402,8.47,15.33,170.00,17.77
10457.7740,7.81,14.86,170.00,17.53
10457.8062,7.12,14.38,170.00,17.35
10457.8384,6.46,13.92,170.00,17.12
10457.8707,5.84,13.48,170.00,16.89
10457.9032,5.18,13.04,170.00,16.72
10457.9346,4.54,12.62,170.00,16.42
10457.9583,3.87,12.18,170.00,16.18
10458.0010,3.19,11.73,170.00,15.92
10458.0331,2.48,11.25,170.00,15.70
10458.0575,1.83,10.79,170.00,15.48
10458.0968,1.14,10.31,170.00,15.25
10458.1308,0.42,9.83,170.00,15.02
10458.1623,-0.32,9.33,170.00,14.84
10458.1942,-1.00,8.85,170.00,14.50
10458.2260,-1.73,8.36,170.00,14.23
10458.2584,-2.42,7.90,170.00,13.85
10458.3009,-3.14,7.45,170.00,13.44
10458.3345,-3.88,7.01,170.00,13.08
10458.3672,-4.66,6.60,170.00,12.68
10458.3991,-5.42,6.22,170.00,12.27
10458.4322,-6.21,5.87,170.00,11.83
10458.4639,-7.05,5.54,170.00,11.38
10458.4949,-7.85,5.23,170.00,10.89
10458.5349,-8.74,4.93,170.00,10.44
10458.5683,-9.72,4.63,170.00,10.13
10458.6001,-10.77,4.34,170.00,9.90
10458.6312,-11.77,4.05,170.00,9.70
10458.6639,-12.85,3.76,170.00,9.56
10458.6954,-13.89,3.48,170.00,9.45
10458.7356,-15.00,3.18,170.00,9.37
10458.7674,-16.16,2.87,170.00,9.39
10458.7995,-17.26,2.58,170.00,9.41
10458.8309,-18.42,2.27,170.00,9.50
10458.8628,-19.64,1.93,170.00,9.66
10458.8958,-20.81,1.60,170.00,9.82
10458.9195,-21.92,1.27,170.00,9.96
10458.9522,-23.11,0.93,170.00,10.20
10458.9850,-24.35,0.60,170.00,10.48
10459.0169,-25.55,0.27,170.00,10.76
10459.0502,-26.83,-0.06,170.00,11.09
10459.0841,-28.16,-0.39,170.00,11.44
10459.1191,-29.56,-0.72,170.00,11.82
10459.1508,-30.87,-1.04,170.00,12.17
10459.1837,-32.25,-1.35,170.00,12.53
10459.2187,-33.54,-1.65,170.00,12.83
10459.2500,-34.87,-1.94,170.00,13.18
10459.2748,-36.24,-2.24,170.00,13.55
10459.3126,-37.53,-2.51,170.00,13.87
10459.3449,-38.86,-2.76,170.00,14.19
10459.3767,-40.11,-2.99,170.00,14.47
10459.4112,-41.40,-3.22,170.00,14.76
10459.4435,-42.61,-3.42,170.00,14.98
10459.4747,-43.84,-3.61,170.00,15.23
10459.5067,-45.10,-3.79,170.00,15.48
10459.5387,-46.27,-3.95,170.00,15.69
10459.5706,-47.47,-4.11,170.00,15.91
10459.6027,-48.68,-4.24,170.00,16.13
10459.6391,-49.87,-4.37,170.00,16.35
10459.6711,-50.99,-4.47,170.00,16.51
10459.7029,-52.11,-4.59,170.00,16.67
10459.7349,-53.16,-4.68,170.00,16.80
10459.7671,-54.21,-4.77,170.00,16.91
10459.7996,-55.26,-4.86,170.00,17.02
10459.8326,-56.23,-4.93,170.00,17.10
10459.8646,-57.21,-5.00,170.00,17.18
10459.8962,-58.11,-5.06,170.00,17.25
10459.9383,-59.10,-5.12,170.00,17.35
10459.9698,-60.00,-5.17,170.00,17.42
10460.0030,-60.90,-5.24,170.00,17.49
10460.0348,-61.72,-5.30,170.00,17.54
10460.0687,-62.54,-5.37,170.00,17.58
10460.1008,-63.35,-5.44,170.00,17.62
10460.1328,-64.09,-5.51,170.00,17.64
10460.1648,-64.82,-5.59,170.00,17.67
10460.1974,-65.54,-5.66,170.00,17.68
10460.2289,-66.19,-5.71,170.00,17.67
10460.2626,-66.84,-5.74,170.00,17.68
10460.2973,-67.48,-5.79,170.00,17.71
10460.3289,-68.06,-5.81,170.00,17.73
10460.3613,-68.65,-5.84,170.00,17.74
10460.3948,-69.24,-5.85,170.00,17.76
10460.4262,-69.78,-5.85,170.00,17.75
10460.4581,-70.33,-5.81,170.00,17.75
10460.4906,-70.84,-5.70,170.00,17.72
10460.5233,-71.37,-5.56,170.00,17.69
10460.5550,-71.85,-5.42,170.00,17.66
10460.5865,-72.35,-5.26,170.00,17.64
10460.6181,-72.85,-5.14,170.00,17.62
10460.6499,-73.33,-4.97,170.00,17.60
10460.6831,-73.81,-4.76,170.00,17.58
10460.7154,-74.27,-4.56,170.00,17.56
10460.7488,-74.73,-4.33,170.00,17.54
10460.7817,-75.17,-4.10,170.00,17.50
10460.8181,-75.61,-3.88,170.00,17.46
10460.8500,-76.05,-3.60,170.00,17.42
10460.8820,-76.48,-3.29,170.00,17.36
10460.9138,-76.88,-2.96,170.00,17.30
10460.9460,-77.26,-2.61,170.00,17.25
10460.9791,-77.62,-2.25,170.00,17.19
10461.0104,-77.95,-1.90,170.00,17.14
10461.0442,-78.28,-1.53,170.00,17.09
10461.0763,-78.59,-1.12,170.00,17.03
10461.1089,-78.88,-0.71,170.00,16.97
10461.1408,-79.16,-0.27,170.00,16.91
10461.1749,-79.44,0.18,170.00,16.85
10461.2071,-79.71,0.69,170.00,16.80
10461.2390,-79.97,1.23,170.00,16.76
10461.2719,-80.22,1.80,170.00,16.71
10461.3041,-80.46,2.42,170.00,16.65
10461.3363,-80.69,3.03,170.00,16.60
10461.3678,-80.90,3.69,170.00,16.54
10461.3997,-81.10,4.34,170.00,16.49
10461.4318,-81.30,4.99,170.00,16.44
10461.4633,-81.47,5.62,170.00,16.39
10461.4983,-81.64,6.21,170.00,16.35
10461.5288,-81.79,6.75,170.00,16.31
10461.5606,-81.92,7.27,170.00,16.28
10461.5940,-82.03,7.79,170.00,16.23
10461.6261,-82.11,8.29,170.00,16.18
10461.6594,-82.16,8.74,170.00,16.13
10461.6938,-82.20,9.09,170.00,16.09
10461.7260,-82.19,9.39,170.00,16.05
10461.7634,-82.15,9.62,170.00,16.00
10461.7948,-82.06,9.79,170.00,15.95
10461.8265,-81.95,9.88,170.00,15.91
10461.8587,-81.78,9.96,170.00,15.86
10461.8904,-81.59,10.00,170.00,15.81
10461.9237,-81.33,10.06,170.00,15.73
10461.9555,-81.05,10.11,170.00,15.65
10461.9873,-80.69,10.10,170.00,15.56
10462.0187,-80.26,10.05,170.00,15.47
10462.0507,-79.82,9.92,170.00,15.40
10462.0848,-79.31,9.77,170.00,15.33
10462.1165,-78.72,9.65,170.00,15.24
10462.1488,-78.22,9.46,170.00,15.20
10462.1822,-77.56,9.28,170.00,15.12
10462.2133,-76.91,9.06,170.00,15.06
10462.2447,-76.19,8.86,170.00,14.99
10462.2772,-75.42,8.66,170.00,14.91
10462.3091,-74.67,8.42,170.00,14.84
10462.3414,-73.89,8.22,170.00,14.77
10462.3782,-73.14,8.01,170.00,14.71
10462.4091,-72.35,7.78,170.00,14.63
10462.4425,-71.50,7.56,170.00,14.55
10462.4823,-70.59,7.34,170.00,14.47
10462.5145,-69.64,7.12,170.00,14.37
10462.5486,-68.72,6.90,170.00,14.29
10462.5815,-67.75,6.73,170.00,14.20
10462.6131,-66.80,6.54,170.00,14.12
10462.6452,-65.81,6.36,170.00,14.02
10462.6785,-64.86,6.20,170.00,13.95
10462.7107,-63.79,6.09,170.00,13.86
10462.7421,-62.79,5.96,170.00,13.77
10462.7739,-61.77,5.82,170.00,13.66
10462.8060,-60.82,5.69,170.00,13.56
10462.8381,-59.84,5.51,170.00,13.45
10462.8724,-58.83,5.33,170.00,13.33
10462.9103,-57.81,5.13,170.00,13.22
10462.9421,-56.86,4.92,170.00,13.11
10462.9739,-55.90,4.72,170.00,12.99
10463.0063,-54.99,4.50,170.00,12.87
10463.0385,-54.05,4.28,170.00,12.75
10463.0716,-53.15,4.06,170.00,12.63
10463.1035,-52.22,3.84,170.00,12.50
10463.1349,-51.25,3.66,170.00,12.36
10463.1667,-50.25,3.50,170.00,12.20
10463.1986,-49.29,3.35,170.00,12.04
10463.2322,-48.37,3.21,170.00,11.89
10463.2638,-47.37,3.09,170.00,11.72
10463.2957,-46.33,2.99,170.00,11.54
10463.3325,-45.32,2.90,170.00,11.36
10463.3650,-44.26,2.83,170.00,11.16
10463.3971,-43.15,2.78,170.00,10.95
10463.4284,-41.99,2.74,170.00,10.73
10463.4604,-40.91,2.70,170.00,10.53
10463.4926,-39.78,2.66,170.00,10.32
10463.5248,-38.62,2.62,170.00,10.10
10463.5563,-37.54,2.58,170.00,9.90
10463.5885,-36.51,2.53,170.00,9.71
10463.6202,-35.47,2.49,170.00,9.53
10463.6522,-34.48,2.44,170.00,9.35
10463.6848,-33.47,2.40,170.00,9.16
10463.7216,-32.44,2.37,170.00,8.97
10463.7458,-31.47,2.35,170.00,8.78
10463.7774,-30.47,2.33,170.00,8.59
10463.8091,-29.52,2.29,170.00,8.42
10463.8407,-28.53,2.26,170.00,8.25
10463.8726,-27.50,2.23,170.00,8.07
10463.9044,-26.52,2.20,170.00,7.88
10463.9380,-25.53,2.18,170.00,7.70
10463.9700,-24.53,2.15,170.00,7.52
10464.0016,-23.60,2.14,170.00,7.36
10464.0342,-22.67,2.11,170.00,7.22
10464.0654,-21.82,2.10,170.00,7.10
10464.0971,-20.98,2.08,170.00,6.99
10464.1287,-20.13,2.07,170.00,6.89
10464.1603,-19.33,2.06,170.00,6.80
10464.1924,-18.58,2.05,170.00,6.74
10464.2080,-17.86,2.03,170.00,6.70
10464.2550,-17.05,2.01,170.00,6.68
10464.2866,-16.27,1.98,170.00,6.69
10464.3188,-15.49,1.97,170.00,6.70
10464.3562,-14.70,1.98,170.00,6.71
10464.3825,-13.96,2.00,170.00,6.73
10464.4147,-13.22,2.03,170.00,6.75
10464.4469,-12.55,2.07,170.00,6.80
10464.4784,-11.87,2.13,170.00,6.83
10464.5155,-11.26,2.20,170.00,6.88
10464.5389,-10.65,2.27,170.00,6.91
10464.5829,-10.07,2.37,170.00,6.93
10464.6148,-9.53,2.48,170.00,6.95
10464.6467,-9.03,2.60,170.00,6.96
10464.6789,-8.59,2.70,170.00,7.00
10464.7131,-8.20,2.80,170.00,7.04
10464.7470,-7.87,2.90,170.00,7.10
10464.7785,-7.58,2.98,170.00,7.17
10464.8130,-7.33,3.05,170.00,7.24
10464.8506,-7.12,3.12,170.00,7.31
10464.8821,-6.95,3.18,170.00,7.39
10464.9151,-6.82,3.23,170.00,7.45
10464.9471,-6.72,3.26,170.00,7.50
10464.9862,-6.64,3.29,170.00,7.54
10465.0314,-6.59,3.29,170.00,7.58
10465.0633,-6.56,3.29,170.00,7.62
10465.0949,-6.54,3.28,170.00,7.66
10465.1190,-6.52,3.26,170.00,7.69
10465.1515,-6.49,3.23,170.00,7.72
10465.1832,-6.47,3.20,170.00,7.75
10465.2147,-6.45,3.17,170.00,7.78
10465.2473,-6.43,3.15,170.00,7.80
10465.2791,-6.42,3.14,170.00,7.82
10465.3109,-6.41,3.13,170.00,7.85
10465.3430,-6.39,3.12,170.00,7.87
10465.3769,-6.39,3.12,170.00,7.89
10465.4086,-6.38,3.13,170.00,7.91
10465.4411,-6.38,3.13,170.00,7.92
10465.4670,-6.37,3.14,170.00,7.94
10465.4994,-6.36,3.15,170.00,7.95
10465.5336,-6.35,3.15,170.00,7.96
10465.5651,-6.34,3.16,170.00,7.96
10465.5966,-6.34,3.16,170.00,7.97
10465.6286,-6.33,3.16,170.00,7.97
10465.6604,-6.32,3.16,170.00,7.97
10465.6850,-6.32,3.16,170.00,7.97
10465.7178,-6.31,3.15,170.00,7.98
10465.7484,-6.30,3.14,170.00,7.97
10465.7710,-6.30,3.12,170.00,7.97
10465.8028,-6.29,3.11,170.00,7.96
10465.8349,-6.28,3.09,170.00,7.95
10465.8668,-6.26,3.06,170.00,7.94
10465.9005,-6.24,3.04,170.00,7.93
10465.9349,-6.22,3.01,170.00,7.91
10465.9667,-6.20,2.97,170.00,7.90
10465.9989,-6.18,2.93,170.00,7.88
10466.0320,-6.15,2.89,170.00,7.86
10466.0643,-6.13,2.86,170.00,7.85
10466.0962,-6.12,2.82,170.00,7.83
10466.1278,-6.10,2.79,170.00,7.82
10466.1587,-6.09,2.76,170.00,7.80
10466.1905,-6.08,2.73,170.00,7.79
10466.2224,-6.07,2.71,170.00,7.78
10466.2414,-6.06,2.70,170.00,7.77
10466.2740,-6.07,2.68,170.00,7.76
10466.3131,-6.07,2.68,170.00,7.76
10466.3442,-6.09,2.67,170.00,7.75
10466.3788,-6.10,2.67,170.00,7.75
10466.4109,-6.11,2.66,170.00,7.75
10466.4425,-6.13,2.66,170.00,7.74
10466.4749,-6.14,2.66,170.00,7.74
10466.5069,-6.15,2.66,170.00,7.73
10466.5390,-6.16,2.67,170.00,7.73
10466.5705,-6.16,2.67,170.00,7.72
10466.6028,-6.17,2.68,170.00,7.72
10466.6345,-6.17,2.69,170.00,7.72
10466.6677,-6.16,2.70,170.00,7.71
10466.7035,-6.16,2.71,170.00,7.71
10466.7350,-6.15,2.72,170.00,7.70
10466.7672,-6.14,2.73,170.00,7.70
10466.7990,-6.13,2.75,170.00,7.70
10466.8312,-6.11,2.76,170.00,7.69
10466.8546,-6.09,2.78,170.00,7.69
10466.8951,-6.07,2.79,170.00,7.68
10466.9174,-6.05,2.80,170.00,7.68
10466.9574,-6.04,2.81,170.00,7.68
10466.9888,-6.02,2.82,170.00,7.68
10467.0200,-6.02,2.82,170.00,7.68
10467.0539,-6.02,2.82,170.00,7.68
10467.0854,-6.02,2.81,170.00,7.68
10467.1184,-6.02,2.80,170.00,7.69
10467.1501,-6.03,2.80,170.00,7.69
10467.1821,-6.04,2.79,170.00,7.69
10467.2147,-6.05,2.78,170.00,7.69
10467.2475,-6.07,2.78,170.00,7.69
10467.2788,-6.09,2.77,170.00,7.70
10467.3135,-6.10,2.77,170.00,7.70
10467.3498,-6.12,2.76,170.00,7.71
10467.3868,-6.15,2.75,170.00,7.71
10467.4208,-6.17,2.75,170.00,7.72
10467.4531,-6.18,2.74,170.00,7.73
10467.4846,-6.20,2.74,170.00,7.73
10467.5239,-6.21,2.74,170.00,7.74
10467.5625,-6.22,2.74,170.00,7.74
10467.5932,-6.23,2.75,170.00,7.75
10467.6242,-6.25,2.75,170.00,7.76
10467.6562,-6.26,2.76,170.00,7.76
10467.6882,-6.28,2.77,170.00,7.76
10467.7202,-6.29,2.78,170.00,7.77
10467.7537,-6.31,2.79,170.00,7.77
10467.7858,-6.32,2.80,170.00,7.77
10467.8186,-6.32,2.80,170.00,7.77
10467.8522,-6.32,2.81,170.00,7.77
10467.8840,-6.31,2.81,170.00,7.77
10467.9161,-6.30,2.82,170.00,7.76
10467.9480,-6.27,2.83,170.00,7.75
10467.9793,-6.23,2.84,170.00,7.74
10468.0109,-6.19,2.84,170.00,7.74
10468.0428,-6.16,2.86,170.00,7.74
10468.0738,-6.15,2.87,170.00,7.73
10468.1060,-6.15,2.88,170.00,7.74
10468.1383,-6.17,2.90,170.00,7.74
10468.1696,-6.20,2.91,170.00,7.74
10468.2046,-6.23,2.93,170.00,7.75
10468.2373,-6.27,2.94,170.00,7.76
10468.2689,-6.31,2.96,170.00,7.77
10468.3002,-6.34,2.97,170.00,7.77
10468.3336,-6.37,2.97,170.00,7.78
10468.3658,-6.40,2.97,170.00,7.79
10468.3975,-6.43,2.97,170.00,7.79
10468.4297,-6.44,2.97,170.00,7.79
10468.4624,-6.46,2.96,170.00,7.78
10468.4981,-6.46,2.95,170.00,7.77
10468.5299,-6.46,2.94,170.00,7.77
10468.5635,-6.45,2.94,170.00,7.76
10468.5947,-6.44,2.93,170.00,7.74
10468.6268,-6.43,2.92,170.00,7.73
10468.6588,-6.41,2.92,170.00,7.72
10468.6801,-6.38,2.91,170.00,7.71
10468.7133,-6.35,2.89,170.00,7.70
10468.7454,-6.32,2.87,170.00,7.69
10468.7782,-6.28,2.85,170.00,7.68
10468.8133,-6.23,2.81,170.00,7.67
10468.8484,-6.18,2.77,170.00,7.66
10468.8807,-6.12,2.71,170.00,7.65
10468.9155,-6.07,2.66,170.00,7.64
10468.9464,-6.03,2.60,170.00,7.62
10468.9797,-5.98,2.55,170.00,7.61
10469.0113,-5.94,2.49,170.00,7.59
10469.0436,-5.92,2.44,170.00,7.58
10469.0748,-5.90,2.39,170.00,7.57
10469.1068,-5.91,2.35,170.00,7.56
10469.1429,-5.94,2.31,170.00,7.55
10469.1742,-5.97,2.27,170.00,7.54
10469.2024,-6.02,2.24,170.00,7.54
10469.2273,-6.07,2.23,170.00,7.54
10469.2596,-6.12,2.22,170.00,7.55
10469.2893,-6.16,2.21,170.00,7.55
10469.3227,-6.20,2.21,170.00,7.55
10469.3555,-6.23,2.21,170.00,7.56
10469.3911,-6.25,2.21,170.00,7.56
10469.4121,-6.26,2.21,170.00,7.56
10469.4445,-6.27,2.20,170.00,7.56
10469.4767,-6.27,2.20,170.00,7.55
10469.5081,-6.25,2.20,170.00,7.54
10469.5402,-6.23,2.19,170.00,7.53
10469.5688,-6.21,2.18,170.00,7.51
10469.6073,-6.17,2.18,170.00,7.49
10469.6394,-6.13,2.19,170.00,7.48
10469.6707,-6.09,2.19,170.00,7.46
10469.7023,-6.03,2.19,170.00,7.46
10469.7346,-5.99,2.20,170.00,7.45
10469.7666,-5.94,2.20,170.00,7.45
10469.8006,-5.89,2.20,170.00,7.44
10469.8319,-5.85,2.21,170.00,7.44
10469.8616,-5.80,2.20,170.00,7.44
10469.8833,-5.76,2.19,170.00,7.43
10469.9139,-5.71,2.18,170.00,7.42
10469.9458,-5.67,2.16,170.00,7.41
10469.9773,-5.63,2.13,170.00,7.40
10470.0101,-5.59,2.09,170.00,7.39
10470.0386,-5.56,2.06,170.00,7.38
10470.0689,-5.54,2.03,170.00,7.37
10470.1048,-5.53,2.00,170.00,7.36
10470.1444,-5.52,1.98,170.00,7.36
10470.1712,-5.51,1.97,170.00,7.35
10470.1927,-5.51,1.96,170.00,7.35
10470.2253,-5.52,1.96,170.00,7.35
10470.2565,-5.52,1.96,170.00,7.36
10470.2890,-5.52,1.97,170.00,7.36
10470.3205,-5.53,1.99,170.00,7.37
10470.3526,-5.54,2.00,170.00,7.38
10470.3848,-5.55,2.01,170.00,7.39
10470.4168,-5.56,2.02,170.00,7.40
10470.4501,-5.56,2.04,170.00,7.40
10470.4834,-5.57,2.05,170.00,7.41
10470.5153,-5.57,2.06,170.00,7.42
10470.5487,-5.58,2.07,170.00,7.42
10470.5815,-5.59,2.08,170.00,7.43
10470.6133,-5.60,2.09,170.00,7.44
10470.6446,-5.62,2.10,170.00,7.44
10470.6763,-5.64,2.11,170.00,7.45
10470.7087,-5.66,2.12,170.00,7.46
10470.7403,-5.69,2.14,170.00,7.47
10470.7722,-5.71,2.16,170.00,7.48
10470.8044,-5.74,2.17,170.00,7.49
10470.8377,-5.77,2.20,170.00,7.50
10470.8702,-5.80,2.22,170.00,7.51
10470.9021,-5.82,2.25,170.00,7.52
10470.9326,-5.85,2.27,170.00,7.54
10470.9637,-5.88,2.30,170.00,7.55
10470.9957,-5.92,2.33,170.00,7.56
10471.0260,-5.95,2.36,170.00,7.57
10471.0568,-5.97,2.39,170.00,7.58
10471.0889,-6.00,2.42,170.00,7.58
10471.1195,-6.00,2.46,170.00,7.59
10471.1496,-6.01,2.49,170.00,7.59
10471.1806,-6.01,2.52,170.00,7.60
10471.2119,-6.00,2.55,170.00,7.60
10471.2427,-5.99,2.58,170.00,7.60
10471.2739,-5.97,2.60,170.00,7.59
10471.3047,-5.95,2.62,170.00,7.59
10471.3335,-5.93,2.63,170.00,7.58
10471.3650,-5.90,2.65,170.00,7.58
10471.3957,-5.88,2.66,170.00,7.57
10471.4286,-5.85,2.67,170.00,7.56
10471.4583,-5.83,2.67,170.00,7.56
10471.4894,-5.81,2.68,170.00,7.55
10471.5207,-5.78,2.69,170.00,7.54
10471.5667,-5.76,2.70,170.00,7.54
10471.5980,-5.74,2.70,170.00,7.53
10471.6290,-5.72,2.71,170.00,7.52
10471.6609,-5.70,2.72,170.00,7.52
10471.6918,-5.70,2.72,170.00,7.51
10471.7222,-5.69,2.73,170.00,7.51
10471.7529,-5.69,2.73,170.00,7.51
10471.7826,-5.69,2.73,170.00,7.50
10471.8069,-5.69,2.73,170.00,7.50
10471.8357,-5.70,2.73,170.00,7.50
10471.8658,-5.71,2.73,170.00,7.50
10471.9268,-5.74,2.72,170.00,7.50
10471.9633,-5.77,2.72,170.00,7.50
10471.9958,-5.81,2.71,170.00,7.51
10472.0288,-5.85,2.69,170.00,7.51
10472.0611,-5.89,2.67,170.00,7.52
10472.0929,-5.93,2.65,170.00,7.52
10472.1241,-5.96,2.62,170.00,7.53
10472.1559,-5.99,2.60,170.00,7.53
10472.1887,-6.02,2.58,170.00,7.53
10472.2222,-6.04,2.54,170.00,7.53
10472.2549,-6.06,2.51,170.00,7.53
10472.2867,-6.08,2.48,170.00,7.53
10472.3244,-6.10,2.44,170.00,7.53
10472.3560,-6.12,2.41,170.00,7.53
10472.3885,-6.14,2.38,170.00,7.52
10472.4202,-6.16,2.35,170.00,7.52
10472.4522,-6.18,2.32,170.00,7.51
10472.4842,-6.20,2.29,170.00,7.51
10472.5179,-6.22,2.27,170.00,7.52
10472.5499,-6.24,2.25,170.00,7.52
10472.5832,-6.26,2.23,170.00,7.52
10472.6143,-6.27,2.21,170.00,7.52
10472.6590,-6.29,2.19,170.00,7.52
10472.6901,-6.31,2.17,170.00,7.52
10472.7217,-6.33,2.14,170.00,7.52
10472.7518,-6.34,2.11,170.00,7.51
10472.7803,-6.35,2.09,170.00,7.51
10472.8052,-6.36,2.06,170.00,7.50
10472.8331,-6.36,2.03,170.00,7.50
10472.8643,-6.37,2.01,170.00,7.49
10472.8969,-6.38,1.98,170.00,7.49
10472.9293,-6.40,1.96,170.00,7.48
10472.9617,-6.41,1.94,170.00,7.48
10472.9933,-6.43,1.92,170.00,7.48
10473.0244,-6.44,1.91,170.00,7.48
10473.0565,-6.46,1.88,170.00,7.48
10473.0884,-6.47,1.86,170.00,7.48
10473.1189,-6.47,1.84,170.00,7.48
10473.1525,-6.47,1.82,170.00,7.47
10473.1926,-6.45,1.80,170.00,7.47
10473.2253,-6.43,1.77,170.00,7.46
10473.2558,-6.42,1.74,170.00,7.45
10473.2877,-6.40,1.72,170.00,7.44
10473.3324,-6.39,1.70,170.00,7.43
10473.3545,-6.37,1.69,170.00,7.43
10473.3868,-6.35,1.69,170.00,7.42
10473.4185,-6.34,1.71,170.00,7.42
10473.4506,-6.33,1.74,170.00,7.42
10473.4827,-6.33,1.78,170.00,7.43
10473.5146,-6.34,1.84,170.00,7.44
10473.5469,-6.35,1.90,170.00,7.46
10473.5791,-6.36,1.98,170.00,7.47
10473.6108,-6.37,2.06,170.00,7.49
10473.6471,-6.38,2.14,170.00,7.50
10473.6784,-6.40,2.21,170.00,7.52
10473.7162,-6.41,2.29,170.00,7.53
10473.7462,-6.42,2.37,170.00,7.54
10473.7795,-6.43,2.44,170.00,7.55
10473.8029,-6.45,2.50,170.00,7.56
10473.8335,-6.46,2.56,170.00,7.57
10473.8675,-6.47,2.61,170.00,7.58
10473.8983,-6.48,2.66,170.00,7.59
10473.9270,-6.49,2.70,170.00,7.60
10473.9619,-6.50,2.72,170.00,7.61
10473.9927,-6.52,2.75,170.00,7.62
10474.0258,-6.55,2.76,170.00,7.63
10474.0586,-6.58,2.77,170.00,7.64
10474.0925,-6.61,2.78,170.00,7.65
10474.1243,-6.64,2.78,170.00,7.66
10474.1575,-6.68,2.79,170.00,7.67
10474.1887,-6.71,2.79,170.00,7.68
10474.2207,-6.76,2.81,170.00,7.68
10474.2518,-6.80,2.82,170.00,7.69
10474.2878,-6.84,2.84,170.00,7.70
10474.3196,-6.89,2.86,170.00,7.70
10474.3524,-6.94,2.88,170.00,7.71
10474.3842,-6.99,2.90,170.00,7.72
10474.4176,-7.02,2.92,170.00,7.72
10474.4486,-7.07,2.95,170.00,7.72
10474.4792,-7.11,2.98,170.00,7.71
10474.5120,-7.16,3.01,170.00,7.71
10474.5371,-7.21,3.05,170.00,7.70
10474.5704,-7.26,3.08,170.00,7.71
10474.6144,-7.30,3.11,170.00,7.71
10474.6565,-7.34,3.14,170.00,7.72
10474.6884,-7.38,3.17,170.00,7.73
10474.7197,-7.43,3.19,170.00,7.75
10474.7527,-7.51,3.20,170.00,7.77
10474.7845,-7.60,3.22,170.00,7.78
10474.8162,-7.69,3.25,170.00,7.79
10474.8499,-7.76,3.29,170.00,7.79
10474.8848,-7.82,3.35,170.00,7.80
10474.9166,-7.87,3.40,170.00,7.82
10474.9484,-7.91,3.44,170.00,7.84
10474.9801,-7.94,3.49,170.00,7.85
10475.0128,-7.96,3.54,170.00,7.86
10475.0484,-7.96,3.56,170.00,7.86
10475.0822,-7.95,3.55,170.00,7.88
10475.1144,-7.93,3.53,170.00,7.88
10475.1526,-7.89,3.49,170.00,7.87
10475.1843,-7.84,3.44,170.00,7.86
10475.2105,-7.78,3.39,170.00,7.84
10475.2482,-7.70,3.33,170.00,7.82
10475.2797,-7.63,3.28,170.00,7.80
10475.3091,-7.55,3.23,170.00,7.77
10475.3464,-7.47,3.19,170.00,7.75
10475.3667,-7.40,3.15,170.00,7.73
10475.4087,-7.32,3.13,170.00,7.71
10475.4284,-7.25,3.11,170.00,7.68
10475.4592,-7.18,3.10,170.00,7.67
10475.4905,-7.12,3.09,170.00,7.65
10475.5229,-7.08,3.08,170.00,7.64
10475.5538,-7.05,3.08,170.00,7.64
10475.5877,-7.04,3.08,170.00,7.64
10475.6228,-7.07,3.06,170.00,7.64
10475.6586,-7.12,3.03,170.00,7.64
10475.6902,-7.18,3.00,170.00,7.64
10475.7220,-7.23,2.96,170.00,7.64
10475.7543,-7.29,2.92,170.00,7.65
10475.7877,-7.34,2.87,170.00,7.66
10475.8195,-7.39,2.81,170.00,7.67
10475.8485,-7.44,2.75,170.00,7.67
10475.8834,-7.48,2.69,170.00,7.67
10475.9148,-7.51,2.62,170.00,7.67
10475.9461,-7.51,2.55,170.00,7.67
10475.9775,-7.51,2.48,170.00,7.66
10476.0096,-7.49,2.42,170.00,7.66
10476.0426,-7.46,2.37,170.00,7.65
10476.0715,-7.42,2.32,170.00,7.64
10476.1061,-7.38,2.28,170.00,7.63
10476.1428,-7.33,2.25,170.00,7.61
10476.1745,-7.27,2.23,170.00,7.59
10476.2061,-7.22,2.22,170.00,7.58
10476.2387,-7.16,2.22,170.00,7.56
10476.2716,-7.10,2.23,170.00,7.55
