timestamp_s,flexion,abduction,ext_rot,elbow
7132.0678,0.06,0.01,-0.13,0.12
7132.0943,0.06,0.01,-0.13,0.12
7132.1128,0.06,0.01,-0.13,0.12
7132.1435,0.06,0.01,-0.13,0.12
7132.1763,0.06,0.01,-0.13,0.12
7132.1957,0.06,0.01,-0.13,0.12
7132.2249,0.06,0.01,-0.13,0.12
7132.2564,0.06,0.01,-0.13,0.12
7132.2882,0.06,0.00,-0.13,0.12
7132.3198,0.06,0.00,-0.13,0.11
7132.3532,0.05,0.00,-0.13,0.11
7132.3817,0.05,0.00,-0.13,0.11
7132.4154,0.05,0.00,-0.13,0.11
7132.4473,0.05,0.00,-0.13,0.12
7132.4791,0.05,0.00,-0.13,0.12
7132.5108,0.05,0.00,-0.14,0.12
7132.5429,0.05,0.00,-0.14,0.12
7132.5747,0.05,0.00,-0.15,0.12
7132.6030,0.05,0.00,-0.15,0.11
7132.6320,0.04,0.00,-0.16,0.11
7132.6646,0.03,0.01,-0.17,0.11
7132.6986,0.03,0.01,-0.17,0.11
7132.7265,0.02,0.01,-0.18,0.10
7132.7550,0.01,0.01,-0.18,0.10
7132.7954,0.01,0.01,-0.18,0.09
7132.8270,-0.00,0.02,-0.19,0.09
7132.8590,-0.01,0.02,-0.19,0.09
7132.8910,-0.01,0.02,-0.20,0.08
7132.9230,-0.02,0.02,-0.20,0.08
7132.9550,-0.02,0.02,-0.20,0.08
7132.9789,-0.03,0.02,-0.20,0.08
7133.0107,-0.03,0.02,-0.20,0.08
7133.0426,-0.03,0.02,-0.20,0.08
7133.0747,-0.04,0.02,-0.21,0.08
7133.1068,-0.04,0.02,-0.21,0.08
7133.1390,-0.04,0.02,-0.21,0.08
7133.1707,-0.04,0.02,-0.21,0.08
7133.1956,-0.04,0.02,-0.22,0.08
7133.2271,-0.05,0.02,-0.22,0.08
7133.2595,-0.05,0.02,-0.22,0.08
7133.2913,-0.05,0.02,-0.22,0.08
7133.3237,-0.05,0.02,-0.22,0.08
7133.3557,-0.05,0.02,-0.22,0.08
7133.3877,-0.04,0.02,-0.22,0.08
7133.4121,-0.04,0.02,-0.22,0.08
7133.4446,-0.04,0.01,-0.22,0.08
7133.4783,-0.04,0.02,-0.22,0.08
7133.5102,-0.04,0.02,-0.22,0.08
7133.5421,-0.03,0.02,-0.22,0.08
7133.5740,-0.03,0.02,-0.22,0.07
7133.6062,-0.03,0.02,-0.22,0.07
7133.6387,-0.03,0.02,-0.22,0.07
7133.6712,-0.03,0.02,-0.22,0.07
7133.7035,-0.02,0.01,-0.22,0.07
7133.7358,-0.02,0.01,-0.22,0.08
7133.7674,-0.02,0.01,-0.22,0.08
7133.7995,-0.01,0.01,-0.22,0.08
7133.8319,-0.01,0.01,-0.22,0.08
7133.8643,-0.00,0.01,-0.22,0.08
7133.8963,0.00,0.01,-0.22,0.08
7133.9284,0.01,0.01,-0.22,0.08
7133.9613,0.01,0.01,-0.22,0.08
7133.9935,0.01,0.01,-0.22,0.08
7134.0255,0.02,0.01,-0.22,0.09
7134.0583,0.02,0.01,-0.22,0.09
7134.0903,0.02,0.01,-0.22,0.09
7134.1223,0.02,0.01,-0.22,0.09
7134.1544,0.02,0.02,-0.22,0.09
7134.1864,0.02,0.02,-0.22,0.09
7134.2184,0.03,0.02,-0.21,0.09
7134.2505,0.03,0.01,-0.21,0.08
7134.2834,0.03,0.01,-0.21,0.09
7134.3156,-0.03,0.10,-0.20,0.09
7134.3476,-0.07,0.09,-0.18,0.13
7134.3800,-0.10,0.08,-0.16,0.02
7134.4126,-0.13,0.07,-0.15,0.09
7134.4443,-0.18,0.07,-0.12,0.19
7134.4761,0.02,-0.04,-0.24,0.30
7134.5079,0.18,-0.14,-0.33,0.45
7134.5407,0.32,-0.22,-0.42,0.60
7134.5726,1.63,-0.17,-1.19,0.52
7134.6051,2.74,-0.15,-1.85,1.43
7134.6371,3.68,-0.14,-2.40,2.20
7134.6692,4.49,-0.14,-2.88,2.15
7134.7009,6.49,-0.10,-3.42,3.37
7134.7344,8.19,-0.08,-3.89,4.37
7134.7645,9.63,-0.08,-4.28,5.18
7134.7965,10.85,-0.06,-4.62,4.96
7134.8282,13.22,-0.06,-4.43,6.04
7134.8597,15.23,-0.05,-4.28,6.89
7134.8917,16.94,-0.04,-4.14,7.55
7134.9237,18.40,-0.03,-4.03,6.67
7134.9557,21.03,-0.08,-3.07,7.21
7134.9879,23.28,-0.07,-2.22,7.56
7135.0199,25.19,-0.03,-1.49,6.68
7135.0518,28.21,0.17,-0.20,7.19
7135.0839,30.77,0.41,0.92,7.50
7135.1162,32.96,0.69,1.88,7.65
7135.1487,34.83,0.98,2.71,6.92
7135.1805,37.76,1.19,4.03,7.49
7135.2128,40.25,1.51,5.25,7.87
7135.2446,42.36,1.86,6.29,8.09
7135.2770,44.16,2.22,7.19,8.18
7135.3090,46.73,2.75,8.28,9.21
7135.3409,48.89,3.29,9.23,9.25
7135.3733,50.72,3.83,10.05,9.18
7135.4045,52.28,4.35,10.76,9.02
7135.4364,54.46,4.95,11.84,9.63
7135.4681,56.28,5.55,12.79,10.07
7135.5001,57.84,6.15,13.60,9.78
7135.5324,59.87,6.81,14.69,10.13
7135.5649,61.59,7.49,15.63,10.33
7135.5967,63.05,8.18,16.44,10.44
7135.6286,64.29,8.86,17.14,9.77
7135.6606,66.00,9.63,18.08,9.71
7135.6769,67.45,10.43,18.90,9.59
7135.7086,68.68,11.23,19.60,9.40
7135.7402,69.73,12.01,20.21,8.62
7135.7722,71.16,13.11,21.03,8.36
7135.8041,72.37,14.22,21.73,8.07
7135.8365,73.40,15.31,22.33,7.75
7135.8687,74.28,16.36,22.86,7.14
7135.9003,75.47,17.55,23.46,6.90
7135.9327,76.49,18.75,23.98,6.64
7135.9653,77.35,19.93,24.43,6.37
7135.9971,78.10,21.09,24.82,6.01
7136.0290,78.90,22.24,25.20,5.76
7136.0609,79.58,23.37,25.53,5.51
7136.0934,80.15,24.44,25.81,5.27
7136.1250,80.66,25.50,26.05,5.05
7136.1570,81.10,26.34,26.25,4.82
7136.1893,81.47,27.11,26.42,4.62
7136.2208,81.79,27.82,26.57,4.44
7136.2530,82.05,28.37,26.69,4.26
7136.2850,82.28,28.85,26.79,4.11
7136.3173,82.47,29.30,26.88,3.98
7136.3490,82.63,29.70,26.95,3.89
7136.3813,82.72,29.67,26.99,3.76
7136.4131,82.79,29.65,27.02,3.66
7136.4451,82.86,29.63,27.05,3.59
7136.4770,82.91,29.61,27.08,3.54
7136.5097,82.92,29.38,27.09,3.49
7136.5415,82.93,29.18,27.09,3.46
7136.5739,82.94,29.01,27.10,3.45
7136.6059,82.95,28.87,27.10,3.44
7136.6380,82.93,28.60,27.10,3.45
7136.6703,82.91,28.38,27.10,3.46
7136.7025,82.90,28.18,27.10,3.48
7136.7342,82.87,27.93,27.09,3.51
7136.7658,82.84,27.71,27.09,3.54
7136.7979,82.81,27.53,27.09,3.58
7136.8303,82.79,27.39,27.09,3.61
7136.8617,82.76,27.13,27.08,3.64
7136.8932,82.74,26.94,27.08,3.67
7136.9251,82.72,26.77,27.07,3.69
7136.9571,82.70,26.62,27.07,3.72
7136.9888,82.68,26.46,27.06,3.75
7137.0213,82.65,26.33,27.06,3.78
7137.0534,82.63,26.22,27.06,3.81
7137.0857,82.62,26.13,27.06,3.84
7137.1182,82.60,25.99,27.05,3.86
7137.1501,82.58,25.86,27.05,3.88
7137.1825,82.57,25.75,27.04,3.90
7137.2153,82.55,25.61,27.04,3.93
7137.2473,82.53,25.50,27.03,3.95
7137.2795,82.52,25.43,27.03,3.97
7137.3119,82.51,25.37,27.03,3.99
7137.3439,82.50,25.32,27.03,4.01
7137.3753,82.49,25.27,27.03,4.03
7137.4076,82.48,25.20,27.02,4.04
7137.4401,82.48,25.14,27.02,4.06
7137.4711,82.47,25.10,27.02,4.07
7137.5034,82.47,25.06,27.03,4.08
7137.5352,82.46,25.00,27.02,4.10
7137.5671,82.45,24.95,27.02,4.11
7137.5830,82.45,24.91,27.02,4.12
7137.6153,82.44,24.85,27.01,4.13
7137.6473,82.41,25.16,27.06,4.21
7137.6787,82.38,25.43,27.11,4.25
7137.7116,82.36,25.65,27.15,4.29
7137.7440,82.37,25.38,27.10,4.33
7137.7765,82.35,28.41,27.55,4.45
7137.8083,82.34,30.85,27.93,4.54
7137.8407,82.33,32.83,28.26,4.60
7137.8721,82.43,38.56,29.24,5.22
7137.9045,82.52,42.93,30.08,5.26
7137.9367,82.60,46.28,30.80,5.25
7137.9691,82.66,48.90,31.40,5.21
7138.0011,82.75,54.16,32.94,6.03
7138.0327,82.82,57.88,34.25,6.13
7138.0648,82.88,60.60,35.36,6.15
7138.0973,82.95,62.68,36.31,6.12
7138.1297,82.87,65.33,38.06,6.94
7138.1616,82.79,67.20,39.56,7.60
7138.1941,82.73,68.58,40.82,7.53
7138.2264,82.65,69.58,41.91,7.39
7138.2580,82.59,70.36,42.83,7.22
7138.2897,82.53,70.96,43.62,7.02
7138.3217,82.38,72.10,45.31,6.86
7138.3615,82.25,72.96,46.75,6.63
7138.3937,82.14,73.61,47.98,6.36
7138.4261,81.88,74.69,50.43,7.31
7138.4497,81.64,75.47,52.51,7.57
7138.4933,81.43,76.07,54.28,7.70
7138.5251,81.24,76.53,55.78,7.74
7138.5570,80.78,76.80,57.82,8.03
7138.5888,80.36,77.00,59.54,8.19
7138.6210,79.97,77.15,61.01,8.26
7138.6537,79.31,77.12,62.84,8.82
7138.6865,78.71,77.08,64.39,8.88
7138.7187,78.17,77.04,65.71,8.86
7138.7508,77.71,77.01,66.81,8.77
7138.7829,77.02,76.88,68.15,9.05
7138.8149,76.40,76.76,69.29,8.95
7138.8447,75.86,76.66,70.25,8.79
7138.8766,75.37,76.57,71.07,8.61
7138.9086,74.72,76.43,72.07,8.72
7138.9405,74.14,76.31,72.92,8.77
7138.9636,73.64,76.21,73.64,8.77
7138.9954,73.20,76.13,74.25,8.54
7139.0278,72.64,76.02,74.98,8.53
7139.0601,72.16,75.93,75.61,8.49
7139.0924,71.74,75.86,76.14,8.28
7139.1245,71.37,75.80,76.59,8.07
7139.1572,70.90,75.71,77.16,8.05
7139.1891,70.48,75.64,77.65,8.00
7139.2214,70.12,75.58,78.06,7.80
7139.2453,69.81,75.53,78.41,7.60
7139.2781,69.47,75.49,78.83,7.51
7139.3100,69.16,75.45,79.18,7.42
7139.3349,68.90,75.42,79.48,7.31
7139.3782,68.58,75.39,79.86,7.32
7139.4092,68.31,75.36,80.19,7.23
7139.4389,68.07,75.33,80.46,7.14
7139.4711,67.86,75.31,80.70,7.05
7139.5039,67.62,75.29,81.01,7.01
7139.5359,67.43,75.28,81.27,6.91
7139.5684,67.26,75.26,81.49,6.81
7139.6002,67.12,75.25,81.68,6.71
7139.6317,66.99,75.26,81.89,6.65
7139.6639,66.87,75.26,82.07,6.55
7139.6958,66.78,75.27,82.23,6.45
7139.7282,66.69,75.27,82.36,6.36
7139.7600,66.61,75.28,82.53,6.28
7139.7920,66.54,75.29,82.67,6.21
7139.8241,66.49,75.30,82.80,6.14
7139.8565,66.44,75.31,82.90,6.07
7139.8888,66.40,75.32,82.99,5.99
7139.9125,66.34,75.33,83.11,5.94
7139.9440,66.28,75.33,83.21,5.90
7139.9763,66.24,75.33,83.30,5.85
7140.0089,66.20,75.34,83.37,5.80
7140.0414,66.18,75.35,83.45,5.76
7140.0741,66.16,75.35,83.52,5.72
7140.1066,66.14,75.36,83.58,5.68
7140.1384,66.13,75.37,83.62,5.65
7140.1622,66.11,75.37,83.68,5.62
7140.1942,66.10,75.37,83.73,5.58
7140.2268,66.09,75.37,83.77,5.55
7140.2585,66.08,75.37,83.81,5.56
7140.2910,66.14,75.38,83.79,5.47
7140.3228,66.20,75.38,83.77,5.40
7140.3524,66.25,75.38,83.75,5.43
7140.3942,66.34,75.39,83.74,5.33
7140.4264,66.41,75.39,83.72,5.25
7140.4500,66.47,75.40,83.71,5.18
7140.4777,66.53,75.41,83.70,5.19
7140.5100,66.57,75.43,83.74,5.21
7140.5427,66.65,75.44,83.72,5.15
7140.5753,66.72,75.45,83.71,5.11
7140.6072,66.78,75.46,83.69,5.15
7140.6393,66.99,75.50,83.56,5.05
7140.6712,67.17,75.54,83.44,4.97
7140.7040,67.33,75.57,83.34,4.91
7140.7360,67.44,75.58,83.26,4.97
7140.7677,67.69,75.62,83.06,4.90
7140.7996,67.89,75.65,82.89,4.84
7140.8317,68.07,75.68,82.75,4.80
7140.8618,68.24,75.72,82.63,4.79
7140.8938,68.31,75.72,82.55,4.81
7140.9257,68.37,75.72,82.48,4.84
7140.9572,68.42,75.72,82.42,4.86
7140.9888,68.47,75.72,82.37,4.88
7141.0127,68.53,75.73,82.31,4.90
7141.0431,68.58,75.75,82.27,4.92
7141.0754,68.63,75.76,82.23,4.94
7141.1071,68.66,75.76,82.20,4.96
7141.1392,68.71,75.78,82.16,4.96
7141.1714,68.74,75.78,82.13,4.97
7141.1961,68.77,75.79,82.11,5.06
7141.2278,68.80,75.79,82.09,5.14
7141.2596,69.01,75.83,81.87,5.01
7141.2916,69.19,75.87,81.69,4.90
7141.3223,69.35,75.89,81.54,5.08
7141.3618,69.93,75.99,80.93,4.73
7141.3940,70.40,76.06,80.42,4.45
7141.4256,70.79,76.12,79.97,4.23
7141.4581,71.12,76.18,79.60,4.48
7141.5031,71.86,76.24,78.54,4.02
7141.5356,72.47,76.29,77.63,3.65
7141.5517,72.96,76.33,76.86,3.37
7141.5840,73.38,76.37,76.21,3.64
7141.6161,73.72,76.41,75.65,3.91
7141.6482,74.01,76.44,75.18,4.18
7141.6802,74.72,76.56,74.00,4.17
7141.7130,75.29,76.66,72.99,4.21
7141.7447,75.76,76.74,72.13,4.30
7141.7779,76.79,77.02,70.34,3.46
7141.8098,77.61,77.25,68.80,3.20
7141.8418,78.26,77.44,67.49,3.05
7141.8736,78.79,77.60,66.37,2.97
7141.9058,79.50,77.80,64.80,2.41
7141.9374,80.08,77.98,63.45,2.32
7141.9615,80.54,78.13,62.30,2.30
7141.9937,80.92,78.25,61.33,2.33
7142.0259,81.40,78.40,60.09,2.07
7142.0583,81.80,78.54,59.02,2.10
7142.0901,82.12,78.65,58.11,2.17
7142.1218,82.38,78.74,57.34,2.26
7142.1455,82.69,78.87,56.47,2.22
7142.1776,82.95,78.98,55.74,2.28
7142.2092,83.16,79.08,55.11,2.36
7142.2414,83.34,79.16,54.57,2.45
7142.2740,83.48,79.22,54.14,2.57
7142.3058,83.59,79.28,53.77,2.69
7142.3378,83.69,79.33,53.45,2.80
7142.3780,83.77,79.37,53.19,2.92
7142.4120,83.84,79.40,52.97,3.04
7142.4455,83.90,79.43,52.79,3.16
7142.4769,83.94,79.44,52.63,3.27
7142.5207,83.98,79.46,52.49,3.37
7142.5614,84.01,79.48,52.37,3.47
7142.5933,84.03,79.48,52.27,3.58
7142.6258,84.05,79.49,52.19,3.67
7142.6585,84.07,79.49,52.12,3.77
7142.6899,84.09,79.51,52.03,3.83
7142.7219,84.11,79.51,51.95,3.90
7142.7544,84.13,79.52,51.89,3.96
7142.7713,84.14,79.52,51.83,4.03
7142.8031,84.15,79.52,51.76,4.07
7142.8352,84.17,79.53,51.70,4.11
7142.8675,84.18,79.54,51.65,4.14
7142.8995,84.19,79.54,51.61,4.17
7142.9279,84.20,79.55,51.57,4.21
7142.9602,84.20,79.55,51.54,4.24
7142.9922,84.20,79.54,51.52,4.26
7143.0245,84.20,79.54,51.50,4.29
7143.0563,84.21,79.56,51.49,4.30
7143.0880,84.21,79.58,51.49,4.31
7143.1274,84.22,79.60,51.49,4.33
7143.1594,84.19,79.60,51.60,4.45
7143.1914,84.17,79.61,51.70,4.45
7143.2232,84.15,79.61,51.78,4.45
7143.2395,84.13,79.62,51.85,4.44
7143.2712,84.05,79.60,52.11,4.67
7143.3116,83.99,79.59,52.34,4.68
7143.3438,83.94,79.58,52.52,4.68
7143.3757,83.90,79.57,52.67,4.66
7143.4080,83.81,79.64,53.21,4.97
7143.4322,83.74,79.70,53.67,5.02
7143.4616,83.68,79.75,54.07,5.04
7143.4937,83.62,79.77,54.40,5.04
7143.5207,83.58,79.89,54.92,5.21
7143.5542,83.54,79.99,55.37,5.23
7143.5867,83.50,80.07,55.75,5.24
7143.6189,83.48,80.14,56.08,5.23
7143.6509,83.42,80.18,56.46,5.30
7143.6831,83.37,80.22,56.79,5.29
7143.7151,83.32,80.24,57.07,5.27
7143.7465,83.29,80.28,57.30,5.24
7143.7784,83.27,80.30,57.50,5.17
7143.8106,83.24,80.33,57.67,5.09
7143.8423,83.19,80.32,57.86,5.07
7143.8742,83.15,80.32,58.03,5.04
7143.9063,83.12,80.32,58.17,4.98
7143.9389,83.10,80.34,58.34,4.96
7143.9707,83.08,80.36,58.48,4.93
7143.9947,83.06,80.38,58.60,4.90
7144.0268,83.05,80.39,58.70,4.83
7144.0584,83.03,80.42,58.87,4.83
7144.0900,83.02,80.44,59.01,4.82
7144.1221,83.01,80.47,59.14,4.81
7144.1460,83.00,80.49,59.25,4.78
7144.1781,83.00,80.51,59.36,4.76
7144.2097,83.00,80.54,59.46,4.74
7144.2419,83.00,80.56,59.55,4.72
7144.2741,82.99,80.58,59.62,4.68
7144.3061,83.00,80.60,59.71,4.67
7144.3382,83.00,80.63,59.79,4.66
7144.3782,83.00,80.65,59.85,4.62
7144.4103,83.01,80.67,59.91,4.58
7144.4429,83.01,80.70,60.01,4.58
7144.4752,83.01,80.72,60.10,4.58
7144.5078,83.01,80.75,60.17,4.58
7144.5378,83.03,80.79,60.29,4.60
7144.5698,83.04,80.84,60.39,4.60
7144.6025,83.05,80.87,60.48,4.60
7144.6351,83.06,80.90,60.55,4.59
7144.6670,83.06,80.94,60.67,4.63
7144.6990,83.07,80.97,60.77,4.62
7144.7314,83.07,81.00,60.85,4.62
7144.7631,83.08,81.03,60.93,4.61
7144.7950,83.08,81.06,61.03,4.60
7144.8266,83.09,81.08,61.12,4.59
7144.8584,83.09,81.10,61.19,4.58
7144.8904,83.09,81.12,61.26,4.57
7144.9226,83.14,81.19,61.30,4.56
7144.9554,83.18,81.25,61.34,4.55
7144.9881,83.22,81.31,61.37,4.55
7145.0118,83.44,81.58,61.35,4.45
7145.0448,83.63,81.82,61.33,4.42
7145.0765,83.78,82.02,61.32,4.40
7145.1091,83.92,82.19,61.30,4.38
7145.1414,84.33,82.72,61.24,4.26
7145.1737,84.68,83.16,61.19,4.23
7145.2058,84.98,83.54,61.14,4.20
7145.2379,85.24,83.88,61.12,4.18
7145.2610,85.28,83.90,61.03,4.13
7145.2929,85.30,83.91,60.95,4.10
7145.3251,85.32,83.92,60.88,4.09
7145.3574,85.40,84.01,60.81,4.08
7145.3900,85.02,83.47,60.69,4.11
7145.4219,84.69,83.00,60.60,4.14
7145.4461,84.42,82.60,60.52,4.17
7145.4776,84.21,82.30,60.45,4.20
7145.5101,83.83,81.72,60.18,4.17
7145.5375,83.50,81.21,59.95,4.20
7145.5776,83.23,80.78,59.76,4.23
7145.6096,83.00,80.41,59.59,4.26
7145.6417,82.79,80.07,59.36,4.23
7145.6745,82.61,79.75,59.15,4.21
7145.7066,82.46,79.49,58.98,4.22
7145.7392,82.38,79.33,58.86,4.23
7145.7555,82.31,79.20,58.75,4.23
7145.7874,82.23,79.06,58.64,4.24
7145.8193,82.17,78.94,58.56,4.25
7145.8513,82.16,78.92,58.50,4.26
7145.8834,82.16,78.91,58.46,4.28
7145.9156,82.13,78.86,58.42,4.29
7145.9478,82.10,78.82,58.39,4.28
7145.9774,82.07,78.77,58.39,4.31
7146.0097,82.03,78.73,58.39,4.33
7146.0422,82.01,78.69,58.40,4.35
7146.0741,81.99,78.67,58.39,4.35
7146.1060,81.99,78.68,58.41,4.37
7146.1387,81.99,78.69,58.42,4.39
7146.1706,81.99,78.70,58.44,4.40
7146.1950,81.98,78.70,58.45,4.44
7146.2271,82.00,78.71,58.41,4.42
7146.2583,82.01,78.71,58.37,4.40
7146.2908,82.02,78.72,58.34,4.39
7146.3235,82.05,78.75,58.31,4.40
7146.3550,82.04,78.72,58.28,4.41
7146.3951,82.04,78.70,58.26,4.42
7146.4270,82.03,78.69,58.24,4.42
7146.4625,82.04,78.70,58.23,4.42
7146.4942,82.05,78.71,58.22,4.42
7146.5266,82.06,78.72,58.22,4.42
7146.5531,82.06,78.72,58.22,4.42
7146.5939,82.05,78.71,58.22,4.43
7146.6262,82.04,78.69,58.22,4.44
7146.6583,82.03,78.69,58.23,4.43
7146.6903,82.04,78.69,58.23,4.43
7146.7226,82.01,78.66,58.24,4.44
7146.7551,81.99,78.64,58.24,4.45
7146.7870,81.98,78.62,58.25,4.46
7146.8193,81.96,78.60,58.26,4.47
7146.8514,81.95,78.58,58.26,4.48
7146.8839,81.94,78.57,58.27,4.48
7146.9168,81.93,78.55,58.27,4.49
7146.9479,81.92,78.54,58.28,4.49
7146.9786,81.92,78.54,58.28,4.50
7147.0115,81.91,78.54,58.29,4.50
7147.0432,81.91,78.53,58.30,4.50
7147.0748,81.89,78.52,58.30,4.50
7147.1071,81.88,78.50,58.29,4.49
7147.1395,81.88,78.49,58.29,4.50
7147.1707,81.87,78.48,58.29,4.50
7147.1947,81.86,78.47,58.28,4.50
7147.2270,81.86,78.46,58.28,4.50
7147.2591,81.85,78.45,58.27,4.49
7147.2910,81.86,78.46,58.27,4.50
7147.3225,81.86,78.47,58.28,4.50
7147.3540,81.87,78.48,58.28,4.50
7147.3931,81.87,78.47,58.28,4.48
7147.4251,81.84,78.47,58.34,4.53
7147.4571,81.82,78.46,58.39,4.56
7147.4806,81.81,78.46,58.42,4.59
7147.5108,81.79,78.46,58.46,4.49
7147.5429,81.75,78.55,58.81,4.70
7147.5698,81.71,78.62,59.10,4.87
7147.6104,81.68,78.69,59.35,5.01
7147.6420,81.67,78.76,59.57,4.73
7147.6739,81.49,78.90,60.58,5.19
7147.7060,81.33,79.01,61.44,5.57
7147.7381,81.19,79.11,62.16,5.27
7147.7703,81.07,79.19,62.78,4.96
7147.7871,80.62,79.21,64.38,5.64
7147.8193,80.21,79.23,65.74,6.19
7147.8516,79.85,79.23,66.88,6.61
7147.8834,79.51,79.22,67.86,6.34
7147.9152,78.69,78.99,69.59,6.90
7147.9469,77.94,78.80,71.06,7.33
7147.9792,77.27,78.63,72.30,7.26
7148.0108,76.68,78.50,73.34,7.13
7148.0423,76.12,78.52,74.67,7.37
7148.0743,75.61,78.54,75.81,7.53
7148.1060,75.16,78.54,76.77,7.60
7148.1450,76.25,79.69,77.50,7.41
7148.1768,77.17,80.61,78.14,7.26
7148.2089,77.97,81.38,78.69,7.12
7148.2403,78.67,82.03,79.17,7.07
7148.2729,81.97,84.38,78.51,6.62
7148.3043,84.86,86.43,78.12,6.31
7148.3451,87.35,88.17,77.78,5.97
7148.3771,91.67,91.15,76.82,5.71
7148.4090,95.30,93.69,75.96,5.56
7148.4414,98.34,95.85,75.21,5.46
7148.4731,100.87,97.67,74.55,4.98
7148.4906,102.99,99.23,73.97,4.55
7148.5286,106.68,102.10,72.87,4.45
7148.5602,109.62,104.50,71.91,4.43
7148.5876,112.02,106.55,71.05,3.96
7148.6199,115.24,109.35,69.99,4.09
7148.6523,117.85,111.73,69.05,4.20
7148.6843,119.97,113.75,68.21,4.25
7148.7166,121.71,115.46,67.48,3.78
7148.7486,124.05,117.73,66.51,3.96
7148.7810,125.96,119.64,65.64,4.05
7148.8121,127.51,121.25,64.87,4.07
7148.8449,128.79,122.62,64.19,3.68
7148.8773,130.59,124.25,63.81,3.80
7148.9097,132.08,125.61,63.46,3.85
7148.9415,133.31,126.77,63.16,3.58
7148.9739,134.90,127.95,63.44,3.63
7149.0059,136.24,128.94,63.69,3.62
7149.0384,137.36,129.79,63.92,3.56
7149.0702,138.31,130.50,64.11,3.45
7149.1026,139.58,131.19,64.97,3.60
7149.1345,140.65,131.79,65.71,3.51
7149.1666,141.57,132.28,66.36,3.39
7149.1982,142.34,132.70,66.92,3.26
7149.2306,143.45,133.20,68.06,3.42
7149.2616,144.38,133.60,69.07,3.23
7149.2936,145.17,133.93,69.95,3.01
7149.3255,145.85,134.22,70.71,2.79
7149.3576,146.86,134.68,71.83,2.64
7149.3897,147.73,135.06,72.81,2.46
7149.4210,148.46,135.38,73.67,2.26
7149.4524,149.54,135.91,74.70,2.43
7149.4844,150.45,136.35,75.59,2.33
7149.5085,151.23,136.73,76.37,2.21
7149.5451,151.88,137.05,77.05,2.07
7149.5771,152.44,137.32,77.63,1.92
7149.6044,152.91,137.54,78.13,1.56
7149.6451,153.58,138.06,78.54,1.53
7149.6685,154.15,138.50,78.90,1.46
7149.7010,154.64,138.87,79.21,1.38
7149.7341,155.02,139.16,79.47,1.21
7149.7656,155.30,139.86,79.18,1.16
7149.7981,155.53,140.46,78.92,1.15
7149.8301,155.73,140.96,78.70,1.14
7149.8618,155.91,141.43,78.48,1.10
7149.8946,155.62,141.95,77.73,1.02
7149.9261,155.38,142.40,77.08,1.05
7149.9580,155.19,142.78,76.52,0.79
7149.9903,155.08,143.17,76.06,0.60
7150.0222,154.26,143.89,73.96,0.77
7150.0540,153.59,144.53,72.16,1.10
7150.0863,153.03,145.08,70.61,0.76
7150.1273,152.17,146.17,68.24,1.21
7150.1591,151.48,147.13,66.20,1.54
7150.1910,150.93,147.97,64.43,1.78
7150.2233,150.50,148.67,62.99,1.73
7150.2553,150.41,149.68,62.95,1.69
7150.2878,150.36,150.55,62.91,1.60
7150.3198,150.35,151.31,62.88,1.64
7150.3511,150.93,151.94,66.44,1.18
7150.3943,151.46,152.47,69.56,0.84
7150.4263,151.93,152.90,72.29,0.69
7150.4580,152.34,153.26,74.67,1.19
7150.4900,153.48,153.84,78.66,1.15
7150.5290,154.44,154.28,82.22,1.34
7150.5613,155.26,154.61,85.39,1.99
7150.5929,156.84,155.56,89.32,1.98
7150.6175,158.20,156.30,92.97,2.10
7150.6506,159.36,156.89,96.29,2.28
7150.6828,160.34,157.37,99.29,2.68
7150.7150,161.90,158.30,103.20,2.78
7150.7469,163.23,159.04,106.87,2.91
7150.7797,164.36,159.65,110.28,3.05
7150.8114,165.32,160.12,113.42,3.20
7150.8430,166.56,160.83,117.27,3.24
7150.8745,167.61,161.41,120.87,3.28
7150.9070,168.51,161.88,124.18,3.31
7150.9393,169.29,162.31,127.14,3.52
7150.9727,170.21,163.14,129.94,3.39
7151.0045,171.00,163.84,132.59,3.29
7151.0286,171.67,164.43,135.06,3.20
7151.0602,172.25,164.89,137.44,3.34
7151.0926,172.91,165.47,140.24,3.37
7151.1247,173.48,165.95,142.85,3.42
7151.1567,173.97,166.36,145.24,3.41
7151.1892,174.38,166.72,147.40,3.45
7151.2212,174.93,166.87,151.29,3.66
7151.2453,175.39,167.00,154.74,3.86
7151.2775,175.79,167.11,157.77,3.94
7151.3099,176.13,167.22,160.44,4.01
7151.3421,176.54,167.15,164.09,4.24
7151.3742,176.88,167.09,167.21,4.44
7151.4067,177.17,167.04,169.86,4.62
7151.4390,177.43,166.97,172.27,4.81
7151.4629,177.65,166.91,174.31,4.94
7151.4939,177.84,166.86,176.03,5.05
7151.5257,178.00,166.81,177.50,5.15
7151.5578,178.16,166.79,178.94,5.21
7151.5948,178.30,166.77,180.17,5.28
7151.6196,178.41,166.76,181.21,5.34
7151.6605,178.51,166.73,182.06,5.40
7151.6923,178.66,166.70,183.42,5.46
7151.7251,178.79,166.67,184.57,5.52
7151.7559,178.90,166.64,185.54,5.57
7151.7886,179.00,166.62,186.39,5.61
7151.8207,179.19,166.50,188.08,5.71
7151.8527,179.35,166.41,189.50,5.79
7151.8847,179.49,166.33,190.69,5.86
7151.9174,179.61,166.26,191.71,5.92
7151.9494,179.71,166.20,192.56,5.99
7151.9819,179.91,166.17,194.23,5.99
7152.0135,179.91,166.15,195.61,5.99
7152.0442,179.91,166.12,196.79,6.00
7152.0762,179.91,166.10,197.78,6.10
7152.1088,179.91,166.23,199.73,6.02
7152.1409,179.91,166.34,201.47,5.96
7152.1737,179.91,166.44,202.96,6.03
7152.2055,179.91,166.52,204.25,6.10
7152.2291,179.91,166.76,207.00,5.94
7152.2608,179.91,166.98,209.41,5.82
7152.2927,179.91,167.16,211.52,5.80
7152.3247,179.91,167.31,213.35,5.80
7152.3570,179.91,167.57,216.12,5.64
7152.3888,179.91,167.80,218.63,5.52
7152.4128,179.91,168.00,220.82,5.52
7152.4445,179.91,168.17,222.73,5.53
7152.4764,179.91,168.50,225.23,5.37
7152.5083,179.91,168.77,227.43,5.23
7152.5454,179.91,169.01,229.37,5.13
7152.5777,179.91,169.39,232.01,4.88
7152.6099,179.91,169.71,234.38,4.75
7152.6349,179.91,169.99,236.50,4.66
7152.6751,179.91,170.22,238.37,4.59
7152.7069,179.91,170.62,241.21,4.35
7152.7393,179.91,170.95,243.71,4.29
7152.7708,179.91,171.22,245.94,4.25
7152.8024,179.91,171.46,247.92,4.22
7152.8345,179.91,171.74,250.43,4.24
7152.8666,179.91,171.97,252.51,4.26
7152.8986,179.91,172.17,254.35,4.30
7152.9307,179.91,172.34,255.96,4.34
7152.9622,179.91,172.49,257.76,4.36
7152.9946,179.91,172.63,259.34,4.39
7153.0268,179.91,172.75,260.72,4.43
7153.0525,179.91,172.88,262.22,4.45
7153.0940,179.91,172.98,263.54,4.47
7153.1262,179.91,173.07,264.68,4.50
7153.1582,179.91,173.15,265.65,4.58
7153.1899,179.91,173.22,266.56,4.65
7153.2224,179.91,173.29,267.40,4.72
7153.2540,179.91,173.35,268.12,4.80
7153.2780,179.91,173.40,268.73,4.89
7153.3103,179.91,173.44,269.25,4.96
7153.3426,179.91,173.48,269.79,5.04
7153.3748,179.91,173.52,270.25,5.11
7153.4064,179.91,173.54,270.65,5.17
7153.4383,179.91,173.58,271.03,5.23
7153.4621,179.91,173.61,271.37,5.29
7153.4937,179.91,173.63,271.66,5.34
7153.5257,179.91,173.65,271.92,5.39
7153.5619,179.91,173.68,272.21,5.48
7153.5935,179.91,173.70,272.46,5.56
7153.6253,179.91,173.72,272.68,5.64
7153.6578,179.91,173.75,273.06,5.69
7153.6899,179.91,173.78,273.38,5.76
7153.7225,179.91,173.79,273.60,5.83
7153.7544,179.91,173.80,273.78,5.89
7153.7866,179.91,173.82,274.06,5.94
7153.8189,179.91,173.83,274.33,6.00
7153.8508,179.91,173.85,274.56,6.04
7153.8833,179.91,173.86,274.75,6.09
7153.9154,179.91,173.87,274.91,6.13
7153.9471,179.91,173.88,275.10,6.17
7153.9792,179.91,173.88,275.34,6.20
7154.0112,179.91,173.89,275.55,6.23
7154.0437,179.91,173.90,275.72,6.26
7154.0683,179.91,173.90,275.90,6.28
7154.1108,179.91,173.91,276.09,6.30
7154.1426,179.91,173.91,276.26,6.32
7154.1748,179.91,173.93,276.44,6.33
7154.2068,179.91,173.91,276.49,6.36
7154.2392,179.91,173.90,276.53,6.38
7154.2711,179.91,173.89,276.57,6.40
7154.3110,179.91,173.88,276.57,6.42
7154.3435,179.91,173.88,276.67,6.43
7154.3751,179.91,173.88,276.75,6.44
7154.4071,179.91,173.87,276.81,6.45
7154.4394,179.91,173.87,276.88,6.47
7154.4705,179.91,173.86,276.93,6.48
7154.4945,179.91,173.85,276.95,6.49
7154.5265,179.91,173.85,276.97,6.50
7154.5586,179.91,173.84,276.94,6.51
7154.5905,179.91,173.84,276.92,6.52
7154.6160,179.91,173.84,276.94,6.52
7154.6600,179.91,173.83,276.96,6.53
7154.6841,179.91,173.83,276.97,6.53
7154.7163,179.91,173.84,277.06,6.54
7154.7482,179.91,173.84,277.13,6.54
7154.7804,179.91,173.84,277.19,6.55
7154.8123,179.91,173.84,277.12,6.55
7154.8440,179.91,173.83,277.12,6.56
7154.8760,179.91,173.83,277.11,6.57
7154.9084,179.91,173.82,277.11,6.57
7154.9407,179.91,173.82,277.04,6.58
7154.9731,179.91,173.82,276.99,6.58
7154.9896,179.91,173.82,276.95,6.58
7155.0219,179.91,173.81,276.92,6.58
7155.0539,179.91,173.76,276.37,6.60
7155.0941,179.91,173.73,276.14,6.62
7155.1266,179.91,173.71,275.94,6.63
7155.1584,179.91,173.63,275.24,6.69
7155.1900,179.91,173.57,274.65,6.72
7155.2228,179.91,173.52,274.24,6.73
7155.2547,179.91,173.48,273.89,6.74
7155.2796,179.91,173.39,272.88,6.81
7155.3106,179.91,173.32,272.04,6.82
7155.3431,179.91,173.25,271.25,6.82
7155.3752,179.91,173.20,270.58,6.82
7155.4071,179.91,173.04,268.57,6.94
7155.4390,179.91,172.91,266.84,6.95
7155.4626,179.91,172.79,265.40,6.95
7155.4943,179.91,172.70,264.19,6.95
7155.5264,179.91,172.49,260.69,7.11
7155.5588,179.91,172.32,257.85,7.10
7155.5907,179.91,172.18,255.47,7.08
7155.6228,179.91,172.06,253.48,7.06
7155.6465,179.91,171.85,247.69,7.26
7155.6782,179.91,171.68,242.91,7.28
7155.7183,179.91,171.54,238.87,7.28
7155.7500,179.91,171.41,235.45,7.27
7155.7820,179.91,171.31,232.57,7.16
7155.8138,179.91,171.23,225.97,7.19
7155.8462,179.91,171.17,220.29,7.20
7155.8783,179.91,171.11,215.44,7.20
7155.9105,179.91,171.07,211.32,7.07
7155.9431,179.91,170.94,201.03,7.27
7155.9750,179.46,170.83,192.47,7.42
7156.0073,178.86,170.74,185.40,7.54
7156.0398,178.34,170.67,179.45,7.36
7156.0720,177.66,170.20,172.98,7.65
7156.1040,177.08,169.80,168.07,7.87
7156.1441,176.58,169.47,164.26,7.67
7156.1623,176.16,169.18,161.19,7.47
7156.2080,175.57,168.39,158.76,7.85
7156.2403,175.08,167.71,156.96,8.14
7156.2715,174.66,167.13,155.65,8.01
7156.3116,174.04,166.17,154.29,8.38
7156.3437,173.51,165.36,153.28,8.66
7156.3752,173.06,164.67,152.51,8.52
7156.4066,172.67,164.07,151.90,8.35
7156.4387,172.09,163.06,151.48,8.71
7156.4624,171.59,162.20,151.16,8.99
7156.4943,171.16,161.47,150.92,8.82
7156.5263,170.79,160.85,150.69,8.62
7156.5582,170.29,159.72,151.13,9.01
7156.5903,169.85,158.76,151.47,9.29
7156.6144,169.48,157.94,151.73,9.17
7156.6601,169.16,157.24,151.95,9.01
7156.6922,168.89,156.65,152.13,8.83
7156.7435,168.41,155.66,152.33,8.86
7156.7754,168.00,154.81,152.48,8.83
7156.8074,167.64,154.09,152.60,8.76
7156.8399,166.93,152.82,152.55,9.36
7156.8713,166.32,151.75,152.51,9.56
7156.9033,165.79,150.83,152.48,9.68
7156.9359,165.33,150.05,152.45,9.74
7156.9677,164.72,149.01,152.37,10.14
7156.9998,164.19,148.13,152.31,10.18
7157.0323,163.74,147.38,152.26,10.18
7157.0640,163.34,146.74,152.23,10.14
7157.0965,162.74,145.82,152.03,10.22
7157.1284,162.22,145.04,151.87,10.24
7157.1602,161.77,144.37,151.73,10.22
7157.1928,161.02,143.43,151.01,10.57
7157.2248,160.38,142.62,150.42,10.56
7157.2570,159.83,141.93,149.94,10.51
7157.2893,159.35,141.35,149.55,10.43
7157.3210,158.42,140.49,147.96,10.75
7157.3616,157.63,139.75,146.66,10.64
7157.3931,156.95,139.11,145.60,10.50
7157.4251,156.33,138.59,144.65,10.34
7157.4573,155.25,138.02,141.84,10.22
7157.4894,154.34,137.51,139.53,10.09
7157.5216,153.57,137.07,137.61,9.93
7157.5620,152.43,136.93,133.16,9.63
7157.5939,151.47,136.78,129.43,9.35
7157.6255,150.64,136.63,126.31,9.09
7157.6614,149.95,136.49,123.68,8.84
7157.6928,148.97,136.31,120.14,8.60
7157.7446,148.15,136.12,117.18,8.37
7157.7764,147.45,135.96,114.69,8.15
7157.8081,146.59,135.80,110.75,7.99
7157.8398,145.85,135.63,107.46,7.69
7157.8717,145.23,135.46,104.69,7.40
7157.9038,144.69,135.30,102.38,7.13
7157.9364,143.80,135.01,98.64,6.82
7157.9677,143.05,134.72,95.51,6.52
7157.9988,142.41,134.46,92.90,6.24
7158.0304,141.87,134.24,90.70,5.97
7158.0625,140.86,133.65,88.07,5.83
7158.0943,140.00,133.12,85.88,5.68
7158.1262,139.27,132.66,84.06,5.52
7158.1584,138.13,131.96,82.04,5.60
7158.1898,137.15,131.35,80.37,5.49
7158.2220,136.32,130.81,78.98,5.37
7158.2462,135.62,130.34,77.82,5.23
7158.2770,135.01,129.92,76.85,5.09
7158.3081,134.49,129.56,76.03,4.86
7158.3395,133.53,128.95,74.95,4.83
7158.3716,132.72,128.42,74.05,4.78
7158.3956,132.02,127.96,73.29,4.72
7158.4267,131.43,127.56,72.66,4.56
7158.4590,130.16,126.78,71.56,4.62
7158.4907,129.08,126.11,70.64,4.66
7158.5229,128.16,125.52,69.88,4.68
7158.5552,127.39,125.02,69.25,4.69
7158.5869,126.73,124.60,68.72,4.69
7158.6271,126.18,124.23,68.28,4.70
7158.6594,124.96,123.70,67.07,4.80
7158.6911,123.94,123.23,66.07,4.88
7158.7224,123.08,122.83,65.24,4.96
7158.7395,122.35,122.47,64.54,5.04
7158.7709,120.55,122.08,61.99,4.56
7158.8027,119.06,121.73,59.85,4.51
7158.8346,117.82,121.41,58.07,4.49
7158.8656,116.79,121.13,56.59,4.47
7158.8971,115.20,121.13,53.58,4.32
7158.9284,113.93,121.10,51.14,4.23
7158.9607,112.87,121.06,49.09,4.19
7158.9927,111.51,121.19,46.28,4.15
7159.0257,110.39,121.29,43.93,4.17
7159.0575,109.47,121.41,41.93,4.17
7159.0897,108.71,121.51,40.25,4.15
7159.1218,107.49,121.88,37.50,4.34
7159.1537,106.48,122.24,35.21,4.38
7159.1780,105.64,122.56,33.29,4.37
7159.2101,104.94,122.86,31.69,4.33
7159.2421,103.64,123.03,29.17,4.93
7159.2741,102.58,123.22,27.09,4.98
7159.3067,101.69,123.40,25.35,4.97
7159.3383,100.94,123.58,23.89,4.90
7159.3780,99.62,123.02,21.91,4.93
7159.4101,98.50,122.39,20.26,4.88
7159.4421,97.56,121.72,18.89,4.76
7159.4735,95.76,118.16,17.03,5.64
7159.5057,94.25,114.00,15.50,5.61
7159.5450,92.95,109.13,14.25,5.50
7159.5779,91.86,103.65,13.22,5.34
7159.6100,89.69,87.31,11.79,6.38
7159.6418,87.84,69.67,10.62,6.48
7159.6740,86.28,53.96,9.65,6.48
7159.7059,84.94,41.76,8.86,6.40
7159.7379,82.23,27.71,7.82,6.72
7159.7623,79.93,20.30,6.98,6.87
7159.7945,77.97,15.94,6.28,6.90
7159.8263,76.31,13.16,5.70,6.83
7159.8577,73.13,10.47,4.95,7.30
7159.8896,70.42,8.92,4.34,7.57
7159.9210,68.12,7.94,3.84,7.69
7159.9451,66.16,7.28,3.42,7.67
7159.9773,63.33,6.38,2.81,7.98
7160.0101,60.92,5.79,2.31,8.11
7160.0426,58.88,5.38,1.90,8.12
7160.0747,55.96,4.84,1.42,9.17
7160.1064,53.49,4.47,1.02,9.20
7160.1385,51.38,4.21,0.69,9.10
7160.1707,49.59,4.02,0.42,8.91
7160.2025,46.85,3.65,0.14,9.84
7160.2347,44.52,3.38,-0.09,10.55
7160.2668,42.54,3.17,-0.28,11.07
7160.2990,40.82,3.02,-0.38,10.63
7160.3306,38.30,2.78,-0.48,11.20
7160.3627,36.16,2.58,-0.57,11.59
7160.3949,34.33,2.42,-0.64,10.51
7160.4259,32.78,2.25,-0.69,9.44
7160.4579,30.22,2.25,-0.57,9.64
7160.4734,28.05,2.24,-0.48,9.70
7160.5058,26.20,2.23,-0.40,9.65
7160.5378,24.64,2.26,-0.35,9.02
7160.5705,22.76,2.03,-0.72,8.91
7160.6028,21.16,1.85,-1.04,8.71
7160.6350,19.80,1.71,-1.30,8.47
7160.6670,18.64,1.58,-1.52,8.19
7160.6989,17.67,1.47,-1.71,7.86
7160.7316,16.84,1.37,-1.88,7.52
7160.7637,16.13,1.30,-2.02,7.09
7160.7967,14.95,1.12,-2.43,7.22
7160.8283,13.95,0.98,-2.77,7.28
7160.8601,13.09,0.87,-3.06,7.29
7160.8923,12.37,0.79,-3.29,6.63
7160.9243,11.09,2.45,-3.46,6.85
7160.9568,10.01,3.85,-3.60,7.09
7160.9893,9.09,5.05,-3.72,7.31
7161.0216,8.31,6.09,-3.83,6.40
7161.0539,7.21,9.87,-3.71,7.07
7161.0970,6.26,13.06,-3.62,7.82
7161.1281,5.44,15.77,-3.54,7.05
7161.1599,4.79,20.99,-3.16,8.20
7161.1921,4.20,25.42,-2.83,9.27
7161.2084,3.65,29.18,-2.55,10.15
7161.2556,3.15,32.35,-2.30,9.31
7161.2882,2.95,37.07,-2.24,10.17
7161.3201,2.77,41.07,-2.20,10.80
7161.3516,2.61,44.48,-2.16,11.21
7161.3836,2.46,47.37,-2.13,10.31
7161.4162,2.67,51.10,-2.21,10.58
7161.4482,2.88,54.25,-2.25,10.68
7161.4805,3.09,56.93,-2.30,10.64
7161.5130,3.58,60.21,-2.40,11.51
7161.5449,4.08,63.00,-2.50,11.50
7161.5761,4.60,65.41,-2.55,11.37
7161.6107,5.12,67.45,-2.60,11.16
7161.6404,5.96,69.92,-2.61,11.62
7161.6652,6.83,72.03,-2.62,11.14
7161.6981,7.69,73.81,-2.61,10.64
7161.7301,8.57,75.32,-2.60,10.12
7161.7580,9.66,76.87,-2.58,9.85
7161.7953,10.78,78.18,-2.56,9.00
7161.8231,11.92,79.29,-2.54,8.23
7161.8617,13.09,80.24,-2.53,7.55
7161.8909,14.13,81.04,-2.45,6.96
7161.9179,15.07,81.72,-2.37,6.30
7161.9581,15.99,82.30,-2.31,5.83
7161.9905,16.87,82.80,-2.25,5.56
7162.0223,17.86,83.26,-2.18,5.47
7162.0544,18.80,83.64,-2.13,5.55
7162.0952,19.68,83.97,-2.08,5.75
7162.1279,20.65,84.38,-1.96,5.97
7162.1598,21.58,84.72,-1.86,6.34
7162.1876,22.47,85.02,-1.77,6.76
7162.2119,23.29,85.27,-1.70,7.18
7162.2438,24.09,85.63,-1.52,7.48
7162.2754,25.03,85.93,-1.38,7.87
7162.3073,25.93,86.19,-1.26,8.25
7162.3393,26.78,86.41,-1.16,8.62
7162.3712,26.94,86.63,-0.98,8.89
7162.4039,27.36,86.83,-0.84,9.18
7162.4362,27.75,87.00,-0.72,9.46
7162.4684,28.12,87.14,-0.61,9.72
7162.5012,27.77,87.23,-0.50,9.96
7162.5334,27.61,87.32,-0.41,10.19
7162.5656,27.47,87.39,-0.32,10.39
7162.5978,27.03,87.43,-0.25,10.60
7162.6146,26.65,87.46,-0.19,10.77
7162.6607,26.31,87.49,-0.14,10.93
7162.6923,26.05,87.52,-0.10,11.07
7162.7244,24.61,87.48,-0.02,11.23
7162.7566,23.40,87.45,0.04,11.34
7162.7883,22.37,87.43,0.10,11.44
7162.8202,21.57,87.42,0.15,11.53
7162.8604,18.65,87.34,0.31,11.61
7162.8923,16.23,87.27,0.45,11.68
7162.9236,14.24,87.20,0.56,11.75
7162.9558,12.51,87.14,0.65,11.81
7162.9878,11.08,87.08,0.72,11.85
7163.0115,8.74,87.00,0.88,11.89
7163.0430,6.83,86.93,1.01,11.92
7163.0758,5.26,86.87,1.13,11.95
7163.1075,3.96,86.82,1.22,11.97
7163.1452,3.07,86.70,1.62,12.07
7163.1769,2.37,86.60,1.96,12.12
7163.2220,1.82,86.51,2.24,12.16
7163.2427,1.39,86.44,2.48,12.20
7163.2744,2.21,86.31,3.20,12.23
7163.3064,2.88,86.19,3.81,12.24
7163.3387,3.44,86.09,4.33,12.25
7163.3705,3.91,86.00,4.77,12.25
7163.4027,4.31,85.92,5.14,12.20
7163.4347,5.79,85.88,5.77,12.18
7163.4670,7.02,85.85,6.32,12.16
7163.4994,8.24,85.83,6.78,12.13
7163.5316,9.27,85.82,7.17,12.07
7163.5636,9.53,85.73,7.52,12.05
7163.5962,9.74,85.67,7.83,12.02
7163.6277,9.92,85.62,8.09,12.00
7163.6601,10.07,85.57,8.32,11.97
7163.6921,7.42,85.40,8.56,11.90
7163.7243,5.23,85.25,8.80,11.86
7163.7569,3.47,85.12,9.00,11.81
7163.7888,2.04,85.01,9.17,11.77
7163.8202,-3.79,84.74,9.05,11.68
7163.8611,-8.29,84.52,8.94,11.60
7163.8930,-11.79,84.34,8.86,11.53
7163.9247,-16.47,84.06,8.52,11.44
7163.9568,-19.98,83.82,8.21,11.38
7163.9885,-22.69,83.62,7.95,11.32
7164.0198,-24.81,83.46,7.73,11.28
7164.0445,-27.59,83.29,7.44,11.17
7164.0767,-29.77,83.14,7.19,11.10
7164.1014,-31.50,83.02,6.98,11.04
7164.1433,-32.90,82.93,6.79,10.99
7164.1758,-34.04,82.84,6.64,10.93
7164.2031,-35.00,82.79,6.52,10.87
7164.2360,-35.87,82.67,6.39,10.85
7164.2681,-36.59,82.58,6.28,10.84
7164.3003,-37.18,82.50,6.19,10.81
7164.3329,-37.69,82.41,6.07,10.79
7164.3651,-38.11,82.34,5.98,10.78
7164.3968,-38.47,82.28,5.89,10.77
7164.4289,-38.76,82.22,5.82,10.73
7164.4605,-38.55,82.12,5.69,10.77
7164.4924,-38.37,82.03,5.59,10.81
7164.5245,-38.22,81.95,5.50,10.84
7164.5567,-38.04,81.87,5.42,10.87
7164.5887,-37.99,81.84,5.35,10.86
7164.6209,-37.94,81.81,5.29,10.85
7164.6604,-37.90,81.79,5.24,10.84
7164.6927,-37.86,81.76,5.20,10.83
7164.7250,-37.82,81.73,5.17,10.83
7164.7574,-37.80,81.70,5.14,10.83
7164.7894,-37.78,81.68,5.11,10.83
7164.8214,-37.70,81.68,5.07,10.82
7164.8615,-37.66,81.68,5.03,10.82
7164.8933,-37.62,81.68,5.00,10.83
7164.9258,-37.59,81.69,4.98,10.83
7164.9578,-37.39,81.75,4.88,10.83
7164.9899,-37.17,81.80,4.79,10.83
7165.0220,-36.99,81.83,4.72,10.81
7165.0617,-36.83,81.86,4.66,10.80
7165.0937,-36.69,81.89,4.61,10.79
7165.1258,-35.72,82.03,4.30,10.83
7165.1579,-34.85,82.14,4.03,10.78
7165.1818,-34.08,82.24,3.80,10.73
7165.2195,-33.39,82.32,3.61,10.69
7165.2519,-30.32,82.41,3.08,10.90
7165.2837,-27.52,82.50,2.63,10.98
7165.3157,-24.97,82.58,2.24,11.05
7165.3474,-22.68,82.64,1.92,11.10
7165.3806,-18.40,82.72,1.38,11.32
7165.4129,-14.52,82.78,0.93,11.51
7165.4449,-11.06,82.83,0.54,11.56
7165.4771,-6.31,82.90,0.02,11.73
7165.5091,-2.14,82.95,-0.42,11.86
7165.5412,1.47,82.99,-0.79,11.96
7165.5731,4.56,83.03,-1.11,11.94
7165.6050,8.35,83.06,-1.51,12.01
7165.6375,11.54,83.09,-1.85,12.06
7165.6654,14.22,83.11,-2.14,12.09
7165.6931,16.41,83.12,-2.38,12.07
7165.7252,18.90,83.12,-2.67,12.10
7165.7577,20.96,83.12,-2.91,12.11
7165.7895,22.67,83.12,-3.12,12.12
7165.8212,24.09,83.13,-3.30,12.12
7165.8618,25.27,83.13,-3.46,12.09
7165.8936,26.48,83.13,-3.62,12.08
7165.9254,27.48,83.13,-3.76,12.06
7165.9578,28.31,83.13,-3.88,12.04
7165.9896,29.00,83.12,-3.98,12.02
7166.0213,29.83,83.14,-4.11,12.00
7166.0617,30.54,83.15,-4.21,11.98
7166.0939,31.13,83.17,-4.30,11.95
7166.1287,31.64,83.18,-4.38,11.93
7166.1606,32.06,83.18,-4.46,11.91
7166.1925,32.41,83.18,-4.53,11.89
7166.2244,32.71,83.18,-4.58,11.88
7166.2569,32.99,83.20,-4.63,11.86
7166.2884,33.24,83.21,-4.67,11.85
7166.3201,33.43,83.21,-4.71,11.83
7166.3520,33.60,83.22,-4.74,11.81
7166.3840,33.59,83.22,-4.75,11.79
7166.4164,33.63,83.22,-4.76,11.77
7166.4497,33.67,83.23,-4.77,11.75
7166.4815,33.70,83.23,-4.78,11.75
7166.5133,32.83,83.19,-4.67,11.71
7166.5452,32.26,83.16,-4.59,11.67
7166.5777,31.77,83.14,-4.53,11.66
7166.6099,31.35,83.12,-4.47,11.65
7166.6420,29.19,82.98,-4.27,11.60
7166.6742,27.33,82.87,-4.07,11.57
7166.7063,25.76,82.77,-3.90,11.51
7166.7385,24.42,82.68,-3.76,11.47
7166.7626,23.28,82.61,-3.64,11.43
7166.7937,20.05,82.37,-3.34,11.38
7166.8255,17.35,82.17,-3.08,11.39
7166.8573,15.11,82.00,-2.87,11.39
7166.8897,13.24,81.85,-2.68,11.40
7166.9214,9.20,81.66,-2.22,11.26
7166.9451,5.84,81.49,-1.83,11.22
7166.9773,3.06,81.35,-1.49,11.19
7167.0089,0.75,81.24,-1.21,11.17
7167.0417,-2.47,81.19,-0.82,11.02
7167.0740,-5.18,81.15,-0.49,10.98
7167.1058,-7.44,81.12,-0.21,10.95
7167.1452,-9.33,81.10,0.03,10.93
7167.1772,-11.95,81.10,0.36,10.87
7167.2098,-14.15,81.11,0.64,10.82
7167.2395,-15.98,81.12,0.87,10.79
7167.2713,-18.10,81.10,1.18,10.73
7167.3038,-19.87,81.09,1.45,10.71
7167.3363,-21.33,81.09,1.67,10.69
7167.3682,-22.55,81.08,1.87,10.68
7167.3997,-24.08,81.07,2.13,10.63
7167.4320,-25.35,81.07,2.35,10.61
7167.4641,-26.41,81.07,2.54,10.59
7167.4968,-27.30,81.06,2.70,10.58
7167.5284,-28.38,81.06,2.90,10.54
7167.5598,-29.29,81.07,3.07,10.52
7167.5921,-30.05,81.07,3.22,10.51
7167.6237,-30.68,81.07,3.34,10.50
7167.6553,-31.38,81.09,3.47,10.48
7167.6791,-31.97,81.11,3.58,10.47
7167.7104,-32.47,81.12,3.67,10.46
7167.7421,-32.87,81.13,3.75,10.46
7167.7744,-33.29,81.15,3.83,10.44
7167.8065,-33.65,81.16,3.91,10.43
7167.8383,-33.95,81.17,3.97,10.43
7167.8781,-34.24,81.18,4.03,10.42
7167.9101,-34.48,81.19,4.08,10.41
7167.9419,-34.68,81.20,4.12,10.41
7167.9743,-34.82,81.21,4.15,10.41
7168.0063,-34.99,81.21,4.18,10.40
7168.0384,-35.14,81.22,4.21,10.40
7168.0781,-35.26,81.23,4.23,10.40
7168.1105,-35.36,81.23,4.25,10.39
7168.1344,-35.48,81.24,4.26,10.39
7168.1612,-35.58,81.25,4.28,10.39
7168.1928,-35.67,81.25,4.29,10.39
7168.2381,-35.75,81.26,4.30,10.38
7168.2718,-35.82,81.27,4.30,10.37
7168.2868,-35.88,81.28,4.31,10.37
7168.3177,-35.93,81.29,4.32,10.37
7168.3496,-35.97,81.29,4.32,10.37
7168.3816,-35.97,81.30,4.32,10.36
7168.4137,-35.98,81.31,4.31,10.36
7168.4457,-35.98,81.31,4.31,10.36
7168.4780,-35.81,81.33,4.27,10.38
7168.5107,-35.66,81.35,4.23,10.38
7168.5429,-35.54,81.37,4.21,10.39
7168.5752,-35.44,81.39,4.19,10.39
7168.6073,-34.86,81.61,4.00,10.38
7168.6390,-34.27,81.78,3.83,10.37
7168.6707,-33.74,81.93,3.68,10.37
7168.6947,-33.27,82.05,3.56,10.36
7168.7268,-30.65,82.42,3.11,10.52
7168.7590,-28.14,82.75,2.74,10.56
7168.7907,-25.73,83.04,2.42,10.58
7168.8226,-23.44,83.28,2.15,10.60
7168.8549,-16.37,83.66,1.39,10.75
7168.8958,-9.35,84.00,0.77,10.86
7168.9272,-2.46,84.30,0.25,10.94
7168.9590,10.07,84.50,-0.71,11.47
7168.9910,20.73,84.67,-1.53,11.62
7169.0227,29.12,84.82,-2.21,11.73
7169.0547,35.65,84.95,-2.78,11.80
7169.0949,42.76,84.96,-3.64,11.99
7169.1273,47.80,84.97,-4.36,12.13
7169.1551,51.46,84.98,-4.98,12.23
7169.1806,54.19,84.99,-5.50,12.28
7169.2110,56.77,84.93,-6.15,12.52
7169.2433,58.66,84.89,-6.71,12.59
7169.2937,60.11,84.84,-7.18,12.63
7169.3252,61.56,84.77,-7.75,12.80
7169.3571,62.65,84.71,-8.23,12.83
7169.3893,63.50,84.65,-8.64,12.84
7169.4215,64.17,84.61,-8.99,12.83
7169.4529,64.79,84.54,-9.37,12.85
7169.4851,65.30,84.49,-9.69,12.85
7169.5174,65.72,84.44,-9.96,12.83
7169.5498,66.06,84.40,-10.19,12.81
7169.5817,66.41,84.37,-10.43,12.79
7169.6141,66.66,84.33,-10.63,12.77
7169.6299,66.86,84.30,-10.79,12.74
7169.6616,67.03,84.27,-10.94,12.71
7169.6930,67.20,84.25,-11.06,12.66
7169.7253,67.33,84.24,-11.17,12.62
7169.7579,67.44,84.22,-11.27,12.57
7169.7908,67.53,84.21,-11.35,12.53
7169.8220,67.33,84.14,-11.36,12.39
7169.8618,67.22,84.10,-11.39,12.26
7169.8927,67.13,84.07,-11.41,12.15
7169.9246,63.53,83.07,-11.13,12.66
7169.9566,60.58,82.23,-10.89,12.34
7169.9885,58.16,81.51,-10.68,12.03
7170.0212,56.17,80.90,-10.50,11.72
7170.0609,47.15,77.72,-9.59,11.76
7170.0930,40.90,75.02,-8.86,11.70
7170.1255,36.44,72.73,-8.26,11.56
7170.1575,28.54,67.32,-6.92,14.30
7170.1898,23.77,62.73,-5.85,14.36
7170.2224,20.65,58.81,-4.98,14.24
7170.2461,18.50,55.48,-4.27,13.97
7170.2781,15.25,48.96,-3.01,17.08
7170.3097,13.20,43.42,-1.99,17.34
7170.3414,11.86,38.71,-1.20,17.32
7170.3737,10.91,34.71,-0.55,17.09
7170.4052,9.82,29.14,-0.69,18.83
7170.4372,8.99,24.42,-0.80,19.18
7170.4614,8.34,20.42,-0.90,19.27
7170.4937,7.85,16.96,-1.08,19.16
7170.5287,7.32,14.18,-1.31,18.76
7170.5590,6.87,11.81,-1.50,18.37
7170.5902,6.49,9.81,-1.67,17.90
7170.6220,6.14,8.16,-1.82,17.39
7170.6544,5.91,6.78,-1.98,16.81
7170.6866,5.71,5.61,-2.11,16.23
7170.7189,5.53,4.62,-2.22,15.65
7170.7506,5.37,3.76,-2.30,15.08
7170.7831,5.26,3.06,-2.40,14.49
7170.8155,5.16,2.46,-2.48,13.92
7170.8489,5.08,1.95,-2.56,13.38
7170.8806,4.94,1.47,-2.64,13.02
7170.9138,4.82,1.05,-2.71,12.54
7170.9448,4.71,0.70,-2.78,12.09
7170.9772,4.60,0.49,-2.85,11.67
7171.0095,4.50,0.25,-2.90,11.33
7171.0414,4.41,0.05,-2.95,10.99
7171.0737,4.34,-0.12,-2.99,10.68
7171.1064,4.26,-0.33,-3.02,10.39
7171.1388,4.22,-0.43,-3.05,10.03
7171.1710,4.18,-0.52,-3.07,9.71
7171.2036,4.14,-0.60,-3.10,9.47
7171.2355,4.11,-0.67,-3.11,9.26
7171.2685,4.09,-0.73,-3.13,9.07
7171.3000,4.06,-0.78,-3.14,8.89
7171.3318,4.05,-0.82,-3.15,8.71
7171.3642,4.03,-0.84,-3.16,8.55
7171.3966,4.02,-0.87,-3.17,8.40
7171.4281,4.00,-0.89,-3.18,8.26
7171.4604,4.00,-0.91,-3.18,8.15
7171.4922,3.99,-0.93,-3.19,8.05
7171.5237,3.98,-0.94,-3.19,7.95
7171.5553,3.98,-0.96,-3.19,7.86
7171.5877,3.97,-0.96,-3.20,7.77
7171.6177,3.97,-0.98,-3.20,7.71
7171.6513,3.97,-0.99,-3.20,7.65
7171.6835,3.98,-1.00,-3.20,7.59
7171.7160,3.98,-1.02,-3.20,7.54
7171.7479,3.99,-1.04,-3.20,7.50
7171.7800,4.00,-1.06,-3.20,7.47
7171.8117,4.00,-1.06,-3.20,7.44
7171.8444,4.01,-1.08,-3.20,7.42
7171.8762,4.02,-1.09,-3.19,7.40
7171.9082,4.02,-1.10,-3.19,7.38
7171.9399,4.03,-1.11,-3.19,7.36
7171.9811,4.03,-1.13,-3.19,7.35
7172.0147,4.04,-1.14,-3.18,7.34
7172.0315,4.04,-1.15,-3.18,7.33
7172.0645,4.05,-1.16,-3.18,7.33
7172.0979,4.05,-1.17,-3.18,7.33
7172.1315,4.06,-1.18,-3.18,7.32
7172.1479,4.06,-1.19,-3.18,7.32
7172.1811,4.06,-1.20,-3.17,7.32
7172.2138,4.06,-1.21,-3.17,7.33
7172.2411,4.07,-1.22,-3.17,7.33
7172.2733,4.07,-1.23,-3.17,7.33
7172.3048,4.07,-1.24,-3.17,7.33
7172.3472,4.07,-1.25,-3.17,7.34
7172.3813,4.08,-1.26,-3.17,7.34
7172.4132,4.08,-1.26,-3.17,7.35
7172.4466,4.09,-1.28,-3.17,7.36
7172.4650,4.09,-1.29,-3.17,7.37
7172.4981,4.09,-1.29,-3.17,7.37
7172.5313,4.10,-1.30,-3.17,7.38
7172.5644,4.10,-1.31,-3.17,7.39
7172.5931,4.10,-1.32,-3.17,7.40
7172.6250,4.10,-1.33,-3.17,7.40
7172.6575,4.10,-1.33,-3.17,7.41
7172.6896,4.11,-1.34,-3.16,7.42
7172.7222,4.11,-1.35,-3.16,7.42
7172.7531,4.11,-1.35,-3.16,7.43
7172.7853,4.11,-1.35,-3.16,7.43
7172.8177,4.11,-1.36,-3.16,7.44
7172.8499,4.11,-1.36,-3.16,7.45
7172.8815,4.11,-1.37,-3.15,7.45
7172.9131,4.11,-1.37,-3.15,7.46
7172.9450,4.12,-1.38,-3.15,7.46
7172.9775,4.12,-1.38,-3.15,7.47
7173.0093,4.12,-1.39,-3.15,7.47
7173.0414,4.13,-1.39,-3.15,7.47
7173.0729,4.13,-1.39,-3.15,7.48
7173.1046,4.13,-1.39,-3.15,7.48
7173.1368,4.13,-1.39,-3.15,7.48
7173.1690,4.13,-1.40,-3.14,7.49
7173.2018,4.13,-1.40,-3.14,7.49
7173.2341,4.14,-1.40,-3.14,7.49
7173.2662,4.14,-1.40,-3.14,7.49
7173.2984,4.14,-1.40,-3.14,7.49
7173.3299,4.14,-1.40,-3.14,7.49
7173.3617,4.14,-1.40,-3.14,7.49
7173.3942,4.14,-1.40,-3.14,7.50
7173.4262,4.14,-1.40,-3.14,7.50
7173.4577,4.14,-1.40,-3.14,7.50
7173.4740,4.14,-1.40,-3.14,7.50
7173.5060,4.14,-1.40,-3.14,7.50
7173.5371,4.14,-1.40,-3.13,7.50
7173.5696,4.14,-1.40,-3.13,7.50
7173.6012,4.14,-1.41,-3.13,7.50
7173.6331,4.14,-1.41,-3.13,7.50
7173.6652,4.14,-1.41,-3.13,7.50
7173.6966,4.14,-1.41,-3.13,7.50
7173.7284,4.15,-1.41,-3.13,7.50
7173.7609,4.15,-1.41,-3.13,7.50
7173.7923,4.15,-1.41,-3.13,7.50
7173.8239,4.15,-1.42,-3.13,7.50
7173.8559,4.15,-1.42,-3.13,7.51
7173.8881,4.15,-1.42,-3.13,7.51
7173.9206,4.15,-1.42,-3.13,7.51
7173.9524,4.15,-1.42,-3.13,7.51
7173.9843,4.15,-1.43,-3.13,7.51
7174.0166,4.15,-1.43,-3.13,7.51
7174.0491,4.15,-1.43,-3.13,7.51
7174.0813,4.15,-1.43,-3.13,7.51
7174.1131,4.15,-1.43,-3.13,7.51
7174.1459,4.15,-1.43,-3.13,7.51
7174.1779,4.15,-1.43,-3.13,7.51
7174.2088,4.15,-1.43,-3.13,7.51
7174.2405,4.15,-1.43,-3.13,7.51
7174.2727,4.15,-1.43,-3.13,7.51
7174.3044,4.15,-1.43,-3.13,7.51
7174.3355,4.16,-1.44,-3.13,7.52
7174.3676,4.16,-1.44,-3.13,7.52
7174.3990,4.16,-1.44,-3.13,7.52
7174.4309,4.16,-1.44,-3.13,7.52
7174.4636,4.16,-1.44,-3.13,7.52
7174.4942,4.16,-1.44,-3.13,7.53
7174.5267,4.16,-1.44,-3.13,7.53
7174.5579,4.16,-1.45,-3.13,7.53
7174.5900,4.16,-1.45,-3.13,7.53
7174.6209,4.16,-1.45,-3.13,7.54
7174.6530,4.16,-1.45,-3.13,7.54
7174.6851,4.16,-1.45,-3.13,7.54
7174.7167,4.16,-1.45,-3.13,7.54
7174.7491,4.16,-1.45,-3.13,7.54
7174.7810,4.16,-1.45,-3.13,7.54
7174.8141,4.16,-1.45,-3.13,7.55
7174.8464,4.16,-1.45,-3.13,7.55
7174.8804,4.16,-1.45,-3.13,7.55
7174.9148,4.16,-1.45,-3.13,7.55
7174.9314,4.16,-1.45,-3.13,7.55
7174.9705,4.16,-1.45,-3.13,7.55
7175.0022,4.16,-1.46,-3.13,7.55
7175.0333,4.16,-1.46,-3.13,7.55
7175.0653,4.16,-1.46,-3.13,7.55
7175.0971,4.16,-1.46,-3.13,7.56
7175.1290,4.16,-1.46,-3.13,7.56
7175.1613,4.16,-1.46,-3.13,7.56
7175.1937,4.16,-1.46,-3.13,7.56
7175.2263,4.16,-1.46,-3.13,7.56
7175.2591,4.16,-1.47,-3.13,7.57
7175.2917,4.16,-1.47,-3.13,7.57
7175.3235,4.16,-1.47,-3.13,7.57
7175.3556,4.16,-1.47,-3.13,7.57
7175.3875,4.16,-1.47,-3.13,7.57
7175.4200,4.16,-1.47,-3.13,7.57
7175.4518,4.16,-1.47,-3.13,7.57
7175.4836,4.16,-1.47,-3.13,7.58
7175.5157,4.16,-1.47,-3.13,7.58
7175.5479,4.16,-1.47,-3.13,7.58
7175.5799,4.16,-1.47,-3.13,7.58
7175.6116,4.16,-1.48,-3.13,7.58
7175.6439,4.16,-1.48,-3.13,7.58
7175.6753,4.16,-1.48,-3.13,7.58
7175.7080,4.16,-1.48,-3.13,7.58
7175.7397,4.16,-1.48,-3.13,7.58
7175.7715,4.16,-1.48,-3.13,7.59
7175.8036,4.16,-1.49,-3.13,7.59
7175.8348,4.16,-1.49,-3.13,7.59
7175.8667,4.16,-1.49,-3.13,7.59
7175.8992,4.16,-1.49,-3.13,7.59
7175.9311,4.16,-1.49,-3.13,7.59
7175.9622,4.16,-1.49,-3.13,7.59
7175.9945,4.16,-1.49,-3.13,7.59
7176.0261,4.15,-1.49,-3.13,7.59
7176.0588,4.15,-1.49,-3.13,7.59
7176.0904,4.15,-1.49,-3.13,7.59
7176.1230,4.16,-1.49,-3.13,7.59
7176.1553,4.16,-1.49,-3.13,7.59
7176.1870,4.16,-1.49,-3.13,7.59
7176.2192,4.16,-1.49,-3.12,7.59
7176.2508,4.16,-1.49,-3.12,7.59
7176.2816,4.15,-1.49,-3.12,7.59
7176.3135,4.15,-1.49,-3.12,7.59
7176.3458,4.15,-1.49,-3.12,7.59
7176.3776,4.15,-1.48,-3.12,7.59
7176.4098,4.15,-1.48,-3.13,7.59
7176.4420,4.15,-1.48,-3.13,7.59
7176.4744,4.15,-1.48,-3.13,7.59
7176.5065,4.15,-1.48,-3.13,7.59
7176.5380,4.15,-1.47,-3.13,7.59
7176.5708,4.15,-1.47,-3.13,7.58
7176.6026,4.15,-1.47,-3.13,7.58
7176.6345,4.15,-1.47,-3.13,7.58
7176.6661,4.15,-1.46,-3.13,7.58
7176.6975,4.15,-1.46,-3.13,7.58
7176.7295,4.15,-1.46,-3.13,7.58
7176.7613,4.15,-1.46,-3.13,7.58
7176.7933,4.14,-1.46,-3.13,7.58
7176.8247,4.14,-1.45,-3.14,7.58
7176.8513,4.14,-1.45,-3.14,7.58
7176.8815,4.14,-1.45,-3.14,7.58
7176.9148,4.14,-1.45,-3.14,7.58
7176.9442,4.14,-1.45,-3.14,7.58
7176.9829,4.14,-1.45,-3.14,7.58
7177.0149,4.14,-1.45,-3.14,7.58
7177.0389,4.14,-1.45,-3.14,7.57
7177.0750,4.14,-1.45,-3.14,7.57
7177.1042,4.14,-1.45,-3.14,7.57
7177.1411,4.14,-1.46,-3.14,7.57
7177.1633,4.14,-1.46,-3.14,7.57
7177.1990,4.14,-1.46,-3.14,7.57
7177.2282,4.14,-1.46,-3.13,7.57
7177.2612,4.14,-1.46,-3.13,7.57
7177.2947,4.15,-1.46,-3.13,7.57
7177.3200,4.15,-1.46,-3.13,7.57
7177.3526,4.15,-1.46,-3.13,7.57
7177.3999,4.15,-1.46,-3.13,7.57
7177.4229,4.15,-1.46,-3.13,7.57
7177.4425,4.15,-1.46,-3.13,7.57
7177.4736,4.15,-1.46,-3.13,7.57
7177.5050,4.15,-1.46,-3.13,7.56
7177.5462,4.15,-1.46,-3.13,7.56
7177.5688,4.15,-1.46,-3.13,7.56
7177.5990,4.15,-1.46,-3.13,7.56
7177.6323,4.15,-1.46,-3.13,7.56
7177.6656,4.15,-1.46,-3.13,7.56
7177.6959,4.15,-1.45,-3.13,7.56
7177.7278,4.15,-1.45,-3.13,7.56
7177.7602,4.15,-1.45,-3.13,7.56
7177.7915,4.14,-1.45,-3.13,7.56
7177.8234,4.14,-1.45,-3.13,7.55
7177.8558,4.14,-1.45,-3.13,7.55
7177.8877,4.14,-1.45,-3.13,7.55
7177.9199,4.14,-1.45,-3.13,7.56
7177.9520,4.14,-1.46,-3.13,7.56
7177.9828,4.14,-1.46,-3.13,7.56
7178.0153,4.14,-1.46,-3.13,7.56
7178.0469,4.14,-1.46,-3.13,7.56
7178.0778,4.14,-1.46,-3.13,7.56
7178.1090,4.14,-1.46,-3.13,7.56
7178.1407,4.13,-1.46,-3.13,7.57
7178.1634,4.13,-1.46,-3.13,7.57
7178.1970,4.13,-1.46,-3.13,7.57
7178.2362,4.13,-1.46,-3.13,7.57
7178.2682,4.13,-1.46,-3.13,7.57
7178.3001,4.13,-1.46,-3.13,7.57
7178.3321,4.13,-1.46,-3.13,7.57
7178.3641,4.13,-1.46,-3.13,7.58
7178.3956,4.13,-1.46,-3.13,7.58
7178.4281,4.13,-1.46,-3.13,7.58
7178.4601,4.13,-1.46,-3.13,7.58
7178.4923,4.13,-1.46,-3.13,7.58
7178.5234,4.13,-1.46,-3.13,7.58
7178.5550,4.13,-1.46,-3.13,7.58
7178.5868,4.13,-1.46,-3.13,7.58
7178.6187,4.12,-1.46,-3.13,7.58
7178.6501,4.12,-1.46,-3.13,7.58
7178.6821,4.12,-1.46,-3.13,7.58
7178.7139,4.12,-1.46,-3.13,7.58
7178.7453,4.12,-1.46,-3.13,7.57
7178.7771,4.12,-1.46,-3.13,7.57
7178.8082,4.12,-1.45,-3.13,7.57
7178.8399,4.12,-1.45,-3.13,7.57
7178.8725,4.12,-1.45,-3.13,7.57
7178.9040,4.12,-1.45,-3.13,7.57
7178.9361,4.12,-1.45,-3.13,7.57
7178.9679,4.12,-1.45,-3.13,7.57
7179.0005,4.12,-1.45,-3.13,7.57
7179.0317,4.12,-1.45,-3.13,7.56
7179.0636,4.12,-1.45,-3.13,7.56
7179.0952,4.12,-1.45,-3.13,7.56
7179.1277,4.12,-1.45,-3.13,7.56
7179.1597,4.12,-1.45,-3.13,7.56
7179.1912,4.13,-1.45,-3.13,7.56
7179.2226,4.13,-1.45,-3.13,7.56
7179.2550,4.13,-1.45,-3.13,7.56
7179.2883,4.13,-1.45,-3.12,7.56
7179.3237,4.13,-1.45,-3.12,7.56
7179.3505,4.13,-1.45,-3.12,7.56
7179.3822,4.13,-1.44,-3.12,7.55
7179.4140,4.13,-1.44,-3.12,7.55
7179.4456,4.13,-1.44,-3.12,7.55
7179.4775,4.13,-1.44,-3.12,7.55
7179.5093,4.13,-1.44,-3.12,7.55
7179.5414,4.12,-1.44,-3.13,7.55
7179.5727,4.12,-1.44,-3.13,7.55
7179.6005,4.12,-1.44,-3.13,7.55
7179.6359,4.12,-1.44,-3.13,7.55
7179.6649,4.12,-1.44,-3.13,7.56
7179.7004,4.11,-1.44,-3.13,7.56
7179.7322,4.11,-1.44,-3.13,7.56
7179.7633,4.11,-1.44,-3.13,7.56
7179.7916,4.11,-1.44,-3.13,7.56
7179.8281,4.11,-1.44,-3.13,7.56
7179.8593,4.11,-1.44,-3.13,7.56
7179.8812,4.11,-1.44,-3.13,7.56
7179.9113,4.11,-1.44,-3.13,7.56
7179.9542,4.11,-1.44,-3.13,7.56
7179.9744,4.11,-1.44,-3.13,7.56
7180.0188,4.11,-1.44,-3.13,7.56
7180.0488,4.11,-1.44,-3.13,7.56
7180.0804,4.11,-1.44,-3.13,7.56
7180.1112,4.11,-1.44,-3.13,7.56
7180.1427,4.11,-1.44,-3.12,7.56
7180.1747,4.11,-1.44,-3.12,7.56
7180.2060,4.11,-1.44,-3.12,7.56
7180.2373,4.11,-1.44,-3.12,7.56
7180.2690,4.11,-1.44,-3.12,7.56
7180.2973,4.12,-1.44,-3.12,7.56
7180.3197,4.12,-1.44,-3.12,7.56
7180.3633,4.12,-1.44,-3.12,7.56
7180.3953,4.11,-1.44,-3.12,7.56
7180.4270,4.11,-1.44,-3.12,7.56
7180.4584,4.11,-1.45,-3.12,7.56
7180.4899,4.11,-1.45,-3.12,7.56
7180.5220,4.11,-1.45,-3.12,7.56
7180.5534,4.11,-1.45,-3.11,7.56
7180.5866,4.11,-1.45,-3.11,7.56
7180.6180,4.11,-1.46,-3.11,7.56
7180.6471,4.11,-1.46,-3.11,7.56
7180.6811,4.11,-1.46,-3.11,7.56
7180.7122,4.11,-1.46,-3.11,7.56
7180.7440,4.11,-1.47,-3.11,7.57
7180.7761,4.11,-1.47,-3.12,7.57
7180.8077,4.10,-1.47,-3.12,7.57
7180.8392,4.10,-1.47,-3.12,7.57
7180.8703,4.10,-1.47,-3.12,7.57
7180.9022,4.10,-1.47,-3.12,7.57
7180.9334,4.10,-1.47,-3.12,7.57
7180.9647,4.10,-1.47,-3.12,7.57
7180.9961,4.10,-1.47,-3.12,7.57
7181.0273,4.10,-1.47,-3.11,7.57
7181.0544,4.10,-1.47,-3.11,7.57
7181.0948,4.09,-1.47,-3.11,7.57
7181.1266,4.09,-1.47,-3.11,7.57
7181.1574,4.09,-1.47,-3.11,7.57
7181.1812,4.09,-1.47,-3.11,7.57
7181.2183,4.09,-1.47,-3.11,7.57
7181.2423,4.09,-1.47,-3.11,7.57
7181.2770,4.09,-1.47,-3.12,7.57
7181.3095,4.09,-1.47,-3.12,7.57
7181.3412,4.09,-1.47,-3.12,7.57
7181.3654,4.09,-1.46,-3.12,7.57
7181.4062,4.09,-1.46,-3.12,7.57
7181.4346,4.09,-1.46,-3.12,7.57
7181.4700,4.09,-1.46,-3.12,7.57
7181.4969,4.09,-1.46,-3.12,7.56
7181.5288,4.09,-1.46,-3.12,7.56
7181.5571,4.09,-1.46,-3.12,7.56
7181.5906,4.09,-1.46,-3.12,7.56
7181.6149,4.09,-1.46,-3.12,7.56
7181.6547,4.09,-1.46,-3.12,7.56
7181.6781,4.09,-1.45,-3.12,7.56
7181.7104,4.09,-1.45,-3.12,7.56
7181.7422,4.09,-1.45,-3.12,7.56
7181.7771,4.09,-1.45,-3.12,7.56
7181.8029,4.09,-1.45,-3.12,7.56
7181.8436,4.09,-1.45,-3.12,7.56
7181.8656,4.09,-1.45,-3.12,7.56
7181.9094,4.09,-1.45,-3.12,7.56
7181.9410,4.09,-1.45,-3.12,7.56
7181.9611,4.09,-1.45,-3.12,7.56
7181.9944,4.09,-1.45,-3.12,7.56
7182.0267,4.09,-1.45,-3.12,7.56
7182.0586,4.09,-1.45,-3.12,7.56
7182.0950,4.09,-1.45,-3.12,7.56
7182.1163,4.09,-1.45,-3.12,7.56
7182.1607,4.09,-1.45,-3.12,7.56
7182.1838,4.09,-1.45,-3.12,7.56
7182.2111,4.09,-1.45,-3.12,7.56
7182.2433,4.09,-1.45,-3.12,7.56
7182.2710,4.09,-1.45,-3.12,7.56
7182.3046,4.09,-1.45,-3.12,7.56
7182.3331,4.09,-1.45,-3.12,7.56
7182.3652,4.09,-1.45,-3.12,7.56
7182.3980,4.09,-1.45,-3.12,7.56
7182.4313,4.09,-1.45,-3.12,7.56
7182.4602,4.09,-1.46,-3.12,7.56
7182.4901,4.09,-1.46,-3.12,7.56
7182.5227,4.09,-1.46,-3.12,7.56
7182.5526,4.09,-1.46,-3.12,7.56
7182.5848,4.09,-1.46,-3.12,7.56
7182.6145,4.09,-1.46,-3.12,7.56
7182.6510,4.09,-1.46,-3.12,7.56
7182.6825,4.09,-1.46,-3.12,7.56
7182.7245,4.09,-1.46,-3.12,7.56
7182.7647,4.09,-1.46,-3.12,7.56
7182.7973,4.09,-1.46,-3.12,7.56
7182.8293,4.09,-1.46,-3.12,7.56
7182.8549,4.09,-1.46,-3.12,7.56
7182.8867,4.09,-1.46,-3.12,7.56
7182.9137,4.09,-1.46,-3.12,7.56
7182.9432,4.10,-1.46,-3.12,7.56
7182.9831,4.10,-1.46,-3.12,7.56
7183.0152,4.10,-1.46,-3.11,7.56
7183.0466,4.10,-1.46,-3.11,7.56
7183.0786,4.10,-1.47,-3.11,7.56
7183.1097,4.10,-1.47,-3.11,7.56
7183.1406,4.10,-1.47,-3.11,7.56
7183.1717,4.10,-1.47,-3.11,7.56
7183.2022,4.10,-1.47,-3.11,7.56
7183.2342,4.10,-1.47,-3.11,7.56
7183.2642,4.10,-1.47,-3.11,7.56
7183.2953,4.11,-1.47,-3.11,7.56
7183.3263,4.11,-1.47,-3.11,7.56
7183.3575,4.11,-1.47,-3.11,7.56
7183.3853,4.11,-1.47,-3.11,7.56
7183.4158,4.11,-1.47,-3.11,7.56
7183.4484,4.11,-1.47,-3.11,7.56
7183.4810,4.11,-1.47,-3.11,7.56
7183.5049,4.11,-1.47,-3.11,7.56
7183.5380,4.12,-1.48,-3.11,7.56
7183.5786,4.12,-1.48,-3.11,7.56
7183.6101,4.12,-1.48,-3.11,7.56
7183.6367,4.12,-1.48,-3.11,7.56
7183.6616,4.12,-1.48,-3.11,7.56
7183.6953,4.12,-1.48,-3.11,7.56
7183.7362,4.12,-1.48,-3.11,7.56
7183.7561,4.12,-1.48,-3.11,7.56
7183.7891,4.12,-1.48,-3.11,7.56
7183.8194,4.12,-1.48,-3.11,7.56
7183.8492,4.12,-1.48,-3.11,7.56
7183.8919,4.12,-1.49,-3.11,7.56
7183.9164,4.12,-1.49,-3.12,7.56
7183.9537,4.11,-1.49,-3.12,7.56
7183.9820,4.11,-1.49,-3.12,7.56
7184.0160,4.11,-1.49,-3.12,7.56
7184.0478,4.11,-1.49,-3.11,7.57
7184.0790,4.11,-1.49,-3.11,7.57
7184.1102,4.11,-1.49,-3.11,7.57
7184.1321,4.11,-1.49,-3.11,7.57
7184.1725,4.11,-1.49,-3.11,7.57
7184.2032,4.11,-1.49,-3.11,7.57
7184.2337,4.10,-1.49,-3.11,7.57
7184.2658,4.10,-1.49,-3.11,7.57
7184.2970,4.10,-1.49,-3.11,7.57
7184.3283,4.10,-1.49,-3.11,7.57
7184.3583,4.10,-1.49,-3.11,7.57
7184.3808,4.10,-1.49,-3.11,7.57
7184.4113,4.10,-1.49,-3.11,7.57
7184.4518,4.10,-1.49,-3.11,7.57
7184.4828,4.10,-1.49,-3.11,7.57
7184.5134,4.10,-1.49,-3.11,7.57
7184.5449,4.09,-1.49,-3.11,7.57
7184.5765,4.09,-1.49,-3.11,7.57
7184.6090,4.09,-1.49,-3.11,7.57
7184.6402,4.09,-1.49,-3.11,7.57
7184.6711,4.09,-1.49,-3.11,7.57
7184.7017,4.09,-1.49,-3.11,7.57
7184.7331,4.09,-1.49,-3.11,7.57
7184.7646,4.09,-1.49,-3.12,7.57
7184.7957,4.09,-1.49,-3.12,7.57
7184.8269,4.09,-1.49,-3.12,7.57
7184.8580,4.09,-1.49,-3.12,7.57
7184.8883,4.09,-1.49,-3.12,7.57
7184.9117,4.09,-1.49,-3.12,7.57
7184.9491,4.08,-1.50,-3.12,7.57
7184.9807,4.08,-1.49,-3.12,7.57
7185.0124,4.08,-1.49,-3.12,7.57
7185.0440,4.08,-1.49,-3.12,7.57
7185.0674,4.08,-1.49,-3.12,7.57
7185.1051,4.08,-1.49,-3.12,7.57
7185.1367,4.08,-1.49,-3.12,7.57
7185.1666,4.08,-1.49,-3.12,7.57
7185.1973,4.08,-1.49,-3.12,7.57
7185.2294,4.08,-1.49,-3.12,7.57
7185.2602,4.08,-1.49,-3.12,7.57
7185.2920,4.08,-1.49,-3.12,7.57
7185.3231,4.09,-1.49,-3.12,7.57
7185.3549,4.09,-1.49,-3.12,7.58
7185.3874,4.09,-1.49,-3.12,7.58
7185.4181,4.09,-1.49,-3.12,7.58
7185.4499,4.09,-1.49,-3.12,7.58
7185.4820,4.09,-1.49,-3.12,7.58
7185.5119,4.09,-1.49,-3.12,7.58
7185.5432,4.09,-1.49,-3.12,7.58
7185.5758,4.09,-1.49,-3.12,7.58
7185.6062,4.09,-1.49,-3.12,7.58
7185.6374,4.09,-1.49,-3.12,7.58
7185.6660,4.09,-1.49,-3.12,7.58
7185.6989,4.09,-1.49,-3.12,7.58
7185.7299,4.09,-1.49,-3.12,7.58
7185.7612,4.09,-1.49,-3.12,7.58
7185.7911,4.08,-1.49,-3.12,7.58
7185.8215,4.08,-1.49,-3.12,7.58
7185.8528,4.08,-1.49,-3.12,7.58
7185.8814,4.08,-1.49,-3.12,7.58
7185.9154,4.08,-1.49,-3.12,7.58
7185.9445,4.08,-1.49,-3.12,7.58
7185.9774,4.08,-1.49,-3.12,7.58
7186.0085,4.08,-1.49,-3.12,7.58
7186.0393,4.08,-1.49,-3.12,7.58
7186.0707,4.08,-1.49,-3.12,7.58
7186.1001,4.08,-1.49,-3.12,7.58
7186.1321,4.08,-1.49,-3.12,7.58
7186.1633,4.08,-1.49,-3.12,7.58
7186.1944,4.08,-1.49,-3.12,7.58
7186.2256,4.08,-1.49,-3.12,7.58
7186.2570,4.08,-1.49,-3.12,7.58
7186.2876,4.08,-1.49,-3.12,7.58
7186.3190,4.08,-1.49,-3.12,7.58
7186.3492,4.08,-1.49,-3.12,7.58
7186.3799,4.08,-1.48,-3.12,7.58
7186.4262,4.08,-1.48,-3.12,7.58
7186.4423,4.08,-1.48,-3.12,7.58
7186.4738,4.07,-1.48,-3.12,7.58
7186.5088,4.07,-1.48,-3.11,7.58
7186.5360,4.07,-1.48,-3.11,7.58
7186.5820,4.07,-1.48,-3.11,7.58
7186.6068,4.07,-1.48,-3.11,7.58
7186.6446,4.07,-1.48,-3.11,7.57
7186.6653,4.07,-1.48,-3.11,7.57
7186.7077,4.07,-1.48,-3.11,7.57
7186.7253,4.07,-1.48,-3.11,7.57
7186.7654,4.07,-1.48,-3.11,7.57
7186.8013,4.07,-1.48,-3.12,7.57
7186.8173,4.07,-1.48,-3.12,7.57
7186.8495,4.07,-1.48,-3.12,7.57
7186.8948,4.08,-1.48,-3.11,7.57
7186.9112,4.08,-1.48,-3.11,7.57
7186.9556,4.08,-1.48,-3.12,7.57
7186.9869,4.08,-1.48,-3.12,7.57
7187.0184,4.08,-1.48,-3.12,7.57
7187.0489,4.08,-1.48,-3.12,7.57
7187.0802,4.08,-1.48,-3.12,7.57
7187.1114,4.08,-1.48,-3.12,7.57
7187.1423,4.08,-1.48,-3.12,7.57
7187.1742,4.08,-1.48,-3.12,7.57
7187.2063,4.08,-1.48,-3.12,7.57
7187.2373,4.08,-1.48,-3.12,7.57
7187.2690,4.08,-1.49,-3.12,7.57
7187.2991,4.08,-1.49,-3.12,7.57
7187.3302,4.08,-1.49,-3.12,7.57
7187.3611,4.08,-1.49,-3.12,7.57
7187.3928,4.08,-1.49,-3.12,7.58
7187.4240,4.09,-1.49,-3.12,7.58
7187.4552,4.09,-1.49,-3.12,7.57
7187.4858,4.09,-1.49,-3.12,7.57
7187.5165,4.09,-1.49,-3.12,7.57
7187.5484,4.09,-1.49,-3.12,7.57
7187.5788,4.09,-1.49,-3.12,7.57
7187.6097,4.08,-1.49,-3.12,7.57
7187.6412,4.08,-1.49,-3.12,7.57
7187.6717,4.08,-1.49,-3.12,7.57
7187.7031,4.08,-1.49,-3.12,7.57
7187.7342,4.08,-1.49,-3.12,7.57
7187.7653,4.08,-1.49,-3.12,7.57
7187.7954,4.08,-1.49,-3.12,7.57
7187.8258,4.08,-1.49,-3.12,7.57
7187.8566,4.08,-1.49,-3.12,7.57
7187.8821,4.08,-1.49,-3.12,7.57
7187.9201,4.08,-1.49,-3.12,7.57
7187.9511,4.08,-1.49,-3.12,7.57
7187.9823,4.08,-1.49,-3.12,7.57
7188.0141,4.08,-1.49,-3.12,7.57
7188.0445,4.08,-1.49,-3.13,7.57
7188.0761,4.08,-1.49,-3.13,7.57
7188.1083,4.08,-1.49,-3.13,7.57
7188.1403,4.08,-1.49,-3.13,7.57
7188.1658,4.08,-1.49,-3.13,7.57
7188.2021,4.08,-1.49,-3.13,7.57
7188.2335,4.08,-1.49,-3.13,7.57
7188.2654,4.08,-1.49,-3.13,7.57
7188.2962,4.08,-1.49,-3.13,7.57
7188.3267,4.08,-1.49,-3.13,7.57
7188.3575,4.09,-1.49,-3.13,7.57
7188.3884,4.09,-1.49,-3.12,7.57
7188.4197,4.09,-1.49,-3.12,7.57
7188.4491,4.09,-1.49,-3.12,7.57
7188.4814,4.09,-1.48,-3.12,7.57
7188.5118,4.10,-1.48,-3.12,7.57
7188.5423,4.10,-1.48,-3.12,7.57
7188.5734,4.10,-1.48,-3.12,7.57
7188.6048,4.10,-1.48,-3.12,7.57
7188.6355,4.10,-1.48,-3.12,7.58
7188.6661,4.10,-1.48,-3.12,7.58
7188.6986,4.11,-1.48,-3.12,7.58
7188.7286,4.11,-1.48,-3.12,7.58
7188.7597,4.11,-1.48,-3.12,7.58
7188.7910,4.11,-1.48,-3.12,7.58
7188.8218,4.11,-1.48,-3.12,7.58
7188.8497,4.11,-1.48,-3.12,7.58
7188.8827,4.11,-1.49,-3.12,7.58
7188.9148,4.11,-1.49,-3.12,7.58
7188.9448,4.11,-1.49,-3.12,7.58
7188.9767,4.12,-1.49,-3.12,7.58
7189.0087,4.12,-1.49,-3.12,7.58
7189.0398,4.12,-1.49,-3.12,7.58
7189.0705,4.12,-1.49,-3.12,7.58
7189.1012,4.12,-1.49,-3.12,7.58
7189.1325,4.12,-1.49,-3.12,7.58
7189.1635,4.12,-1.49,-3.12,7.58
7189.1951,4.12,-1.49,-3.12,7.58
7189.2259,4.12,-1.49,-3.12,7.58
7189.2570,4.12,-1.49,-3.11,7.58
7189.2866,4.12,-1.50,-3.11,7.58
7189.3198,4.12,-1.50,-3.11,7.58
7189.3509,4.12,-1.50,-3.11,7.58
7189.3826,4.12,-1.50,-3.11,7.58
7189.4145,4.12,-1.50,-3.11,7.59
7189.4454,4.12,-1.50,-3.11,7.59
7189.4759,4.12,-1.50,-3.11,7.59
7189.5066,4.12,-1.51,-3.11,7.59
7189.5369,4.12,-1.51,-3.11,7.59
7189.5672,4.12,-1.51,-3.11,7.59
7189.6134,4.12,-1.51,-3.12,7.59
7189.6363,4.12,-1.51,-3.12,7.59
7189.6736,4.12,-1.51,-3.12,7.59
7189.6998,4.12,-1.51,-3.12,7.59
7189.7242,4.12,-1.51,-3.12,7.59
7189.7688,4.12,-1.51,-3.12,7.59
7189.7882,4.12,-1.51,-3.12,7.59
7189.8217,4.12,-1.51,-3.12,7.59
7189.8542,4.12,-1.51,-3.12,7.59
7189.8869,4.12,-1.51,-3.12,7.59
7189.9168,4.12,-1.51,-3.12,7.59
7189.9478,4.12,-1.51,-3.12,7.59
7189.9793,4.12,-1.51,-3.12,7.59
7190.0100,4.12,-1.51,-3.12,7.59
7190.0411,4.12,-1.51,-3.12,7.59
7190.0732,4.12,-1.51,-3.12,7.59
7190.1045,4.12,-1.51,-3.12,7.59
7190.1356,4.12,-1.51,-3.12,7.59
7190.1675,4.12,-1.51,-3.12,7.59
7190.1988,4.12,-1.51,-3.12,7.59
7190.2303,4.12,-1.51,-3.11,7.59
7190.2620,4.12,-1.51,-3.11,7.59
7190.2924,4.12,-1.51,-3.11,7.59
7190.3230,4.12,-1.51,-3.11,7.59
7190.3537,4.12,-1.51,-3.11,7.59
7190.3846,4.12,-1.51,-3.11,7.59
7190.4158,4.12,-1.51,-3.11,7.59
7190.4459,4.12,-1.51,-3.11,7.59
7190.4760,4.12,-1.51,-3.11,7.59
7190.5070,4.13,-1.51,-3.11,7.59
7190.5391,4.13,-1.51,-3.11,7.59
7190.5689,4.13,-1.51,-3.11,7.59
7190.5990,4.13,-1.51,-3.11,7.59
7190.6313,4.13,-1.51,-3.11,7.59
7190.6648,4.13,-1.51,-3.11,7.59
7190.7060,4.13,-1.51,-3.11,7.59
7190.7376,4.13,-1.51,-3.11,7.59
7190.7676,4.13,-1.51,-3.11,7.59
7190.7984,4.13,-1.51,-3.11,7.59
7190.8292,4.13,-1.52,-3.11,7.59
7190.8608,4.14,-1.51,-3.11,7.59
7190.8931,4.14,-1.51,-3.11,7.59
7190.9211,4.14,-1.51,-3.11,7.59
7190.9526,4.14,-1.51,-3.11,7.59
7190.9785,4.14,-1.51,-3.11,7.59
7191.0074,4.14,-1.51,-3.11,7.59
7191.0392,4.14,-1.50,-3.11,7.59
7191.0804,4.14,-1.50,-3.11,7.59
7191.1046,4.14,-1.50,-3.11,7.59
7191.1376,4.14,-1.51,-3.11,7.59
7191.1616,4.14,-1.51,-3.11,7.59
7191.1932,4.14,-1.50,-3.11,7.59
7191.2249,4.14,-1.50,-3.11,7.59
7191.2575,4.14,-1.50,-3.11,7.59
7191.2913,4.14,-1.50,-3.11,7.59
7191.3231,4.14,-1.50,-3.11,7.59
7191.3615,4.14,-1.50,-3.11,7.59
7191.3905,4.13,-1.50,-3.11,7.59
7191.4113,4.13,-1.50,-3.11,7.59
7191.4436,4.14,-1.50,-3.11,7.59
7191.4763,4.14,-1.50,-3.11,7.59
7191.5086,4.14,-1.50,-3.11,7.59
7191.5447,4.14,-1.50,-3.11,7.59
7191.5767,4.14,-1.50,-3.11,7.59
7191.6002,4.14,-1.50,-3.11,7.59
7191.6319,4.14,-1.50,-3.11,7.59
7191.6638,4.14,-1.49,-3.12,7.59
7191.7047,4.14,-1.49,-3.12,7.59
7191.7369,4.14,-1.49,-3.12,7.59
7191.7689,4.14,-1.49,-3.12,7.59
7191.8002,4.14,-1.49,-3.12,7.59
7191.8316,4.14,-1.49,-3.12,7.59
7191.8515,4.14,-1.49,-3.12,7.59
7191.8951,4.14,-1.49,-3.12,7.59
7191.9265,4.14,-1.49,-3.12,7.59
7191.9423,4.14,-1.49,-3.13,7.59
7191.9740,4.14,-1.49,-3.13,7.59
7192.0060,4.14,-1.49,-3.13,7.59
7192.0389,4.14,-1.49,-3.13,7.60
7192.0782,4.14,-1.49,-3.13,7.60
7192.1029,4.14,-1.49,-3.13,7.60
7192.1347,4.14,-1.49,-3.13,7.60
7192.1674,4.14,-1.49,-3.13,7.60
7192.1995,4.14,-1.49,-3.13,7.60
7192.2316,4.14,-1.49,-3.13,7.60
7192.2640,4.14,-1.49,-3.13,7.60
7192.2917,4.14,-1.49,-3.13,7.60
7192.3222,4.14,-1.49,-3.13,7.60
7192.3542,4.14,-1.49,-3.13,7.60
7192.3864,4.14,-1.49,-3.13,7.60
7192.4191,4.14,-1.49,-3.13,7.60
7192.4509,4.14,-1.49,-3.13,7.60
7192.4831,4.14,-1.49,-3.12,7.60
7192.5153,4.14,-1.49,-3.12,7.60
7192.5471,4.14,-1.49,-3.12,7.60
7192.5793,4.14,-1.49,-3.12,7.60
7192.6113,4.14,-1.48,-3.13,7.60
7192.6352,4.14,-1.48,-3.13,7.60
7192.6672,4.14,-1.48,-3.13,7.60
7192.6992,4.14,-1.48,-3.13,7.60
7192.7311,4.14,-1.48,-3.13,7.60
7192.7639,4.14,-1.48,-3.13,7.60
7192.7953,4.14,-1.48,-3.13,7.60
7192.8268,4.14,-1.48,-3.13,7.60
7192.8595,4.14,-1.48,-3.13,7.60
7192.8919,4.14,-1.48,-3.13,7.60
7192.9142,4.14,-1.48,-3.13,7.60
7192.9555,4.14,-1.48,-3.12,7.60
7192.9874,4.14,-1.48,-3.12,7.60
7193.0194,4.14,-1.48,-3.12,7.60
7193.0515,4.14,-1.48,-3.12,7.60
7193.0835,4.14,-1.47,-3.12,7.60
7193.1157,4.14,-1.47,-3.12,7.60
7193.1593,4.14,-1.47,-3.12,7.60
7193.2002,4.14,-1.47,-3.12,7.60
7193.2321,4.14,-1.47,-3.12,7.60
7193.2646,4.15,-1.47,-3.12,7.60
7193.2967,4.15,-1.47,-3.12,7.60
7193.3291,4.15,-1.47,-3.12,7.60
7193.3606,4.15,-1.47,-3.12,7.60
7193.3885,4.15,-1.47,-3.12,7.60
7193.4206,4.15,-1.47,-3.12,7.60
7193.4524,4.15,-1.47,-3.12,7.60
7193.4845,4.15,-1.47,-3.12,7.60
7193.5166,4.16,-1.47,-3.12,7.60
7193.5436,4.16,-1.47,-3.12,7.60
7193.5740,4.16,-1.46,-3.12,7.60
7193.6062,4.16,-1.46,-3.12,7.60
7193.6387,4.16,-1.46,-3.12,7.60
7193.6714,4.16,-1.46,-3.12,7.60
7193.7025,4.16,-1.46,-3.12,7.60
7193.7363,4.17,-1.46,-3.12,7.60
7193.7608,4.17,-1.46,-3.12,7.60
7193.7928,4.17,-1.47,-3.12,7.60
7193.8249,4.17,-1.47,-3.12,7.60
7193.8540,4.17,-1.47,-3.12,7.60
7193.8867,4.17,-1.47,-3.12,7.60
7193.9204,4.17,-1.47,-3.12,7.60
7193.9519,4.17,-1.47,-3.12,7.60
7193.9787,4.16,-1.47,-3.12,7.60
7194.0207,4.16,-1.47,-3.12,7.60
7194.0524,4.16,-1.47,-3.12,7.60
7194.0845,4.16,-1.47,-3.12,7.60
7194.1166,4.16,-1.47,-3.12,7.60
7194.1484,4.16,-1.47,-3.12,7.60
7194.1885,4.16,-1.47,-3.12,7.60
7194.2212,4.16,-1.47,-3.12,7.60
7194.2441,4.16,-1.47,-3.12,7.60
7194.2837,4.16,-1.48,-3.12,7.60
7194.3154,4.16,-1.48,-3.12,7.60
7194.3455,4.16,-1.48,-3.12,7.60
7194.3758,4.16,-1.48,-3.12,7.60
7194.3986,4.16,-1.48,-3.12,7.60
7194.4390,4.16,-1.48,-3.12,7.60
7194.4697,4.16,-1.48,-3.12,7.60
7194.5014,4.15,-1.48,-3.12,7.60
7194.5318,4.15,-1.48,-3.12,7.60
7194.5650,4.15,-1.48,-3.12,7.60
7194.5956,4.15,-1.48,-3.12,7.60
7194.6276,4.14,-1.48,-3.12,7.60
7194.6584,4.14,-1.49,-3.12,7.59
7194.6766,4.14,-1.49,-3.11,7.59
7194.7211,4.14,-1.49,-3.11,7.59
7194.7451,4.14,-1.49,-3.11,7.59
7194.7842,4.14,-1.49,-3.11,7.59
7194.8149,4.13,-1.49,-3.11,7.59
7194.8465,4.13,-1.49,-3.11,7.59
7194.8784,4.13,-1.49,-3.11,7.58
7194.8969,4.12,-1.49,-3.11,7.58
7194.9402,4.12,-1.49,-3.11,7.58
7194.9713,4.12,-1.49,-3.11,7.58
7195.0023,4.12,-1.49,-3.11,7.58
7195.0209,4.12,-1.49,-3.11,7.58
7195.0650,4.12,-1.49,-3.11,7.57
7195.0836,4.12,-1.49,-3.11,7.57
7195.1266,4.12,-1.49,-3.11,7.57
7195.1580,4.12,-1.49,-3.11,7.57
7195.1778,4.12,-1.49,-3.11,7.57
7195.2142,4.12,-1.49,-3.10,7.57
7195.2516,4.13,-1.49,-3.10,7.57
7195.2827,4.13,-1.49,-3.10,7.57
7195.3150,4.13,-1.48,-3.10,7.56
7195.3448,4.13,-1.48,-3.10,7.56
7195.3753,4.13,-1.48,-3.10,7.56
7195.4068,4.12,-1.48,-3.10,7.57
7195.4383,4.12,-1.48,-3.10,7.57
7195.4615,4.12,-1.48,-3.10,7.57
7195.5008,4.12,-1.48,-3.10,7.57
7195.5324,4.12,-1.48,-3.10,7.57
7195.5523,4.12,-1.48,-3.09,7.57
7195.5931,4.11,-1.48,-3.09,7.57
7195.6191,4.11,-1.48,-3.09,7.57
7195.6480,4.11,-1.48,-3.09,7.57
7195.6871,4.11,-1.48,-3.09,7.57
7195.7138,4.11,-1.49,-3.09,7.57
7195.7508,4.11,-1.49,-3.09,7.57
7195.7823,4.11,-1.49,-3.09,7.57
7195.8127,4.11,-1.49,-3.09,7.57
7195.8439,4.11,-1.49,-3.09,7.57
7195.8762,4.11,-1.49,-3.09,7.57
7195.9066,4.11,-1.49,-3.09,7.57
7195.9322,4.11,-1.49,-3.09,7.57
7195.9635,4.11,-1.49,-3.09,7.57
7196.0004,4.11,-1.49,-3.09,7.57
7196.0321,4.11,-1.49,-3.09,7.57
7196.0636,4.11,-1.49,-3.09,7.57
7196.0956,4.11,-1.49,-3.09,7.57
7196.1281,4.11,-1.49,-3.09,7.57
7196.1593,4.12,-1.49,-3.09,7.57
7196.1800,4.12,-1.49,-3.09,7.57
7196.2208,4.12,-1.49,-3.09,7.57
7196.2505,4.12,-1.49,-3.09,7.57
7196.2831,4.12,-1.48,-3.09,7.57
7196.3138,4.12,-1.48,-3.09,7.57
7196.3449,4.12,-1.48,-3.09,7.58
7196.3766,4.12,-1.48,-3.09,7.58
7196.4074,4.12,-1.48,-3.09,7.58
7196.4390,4.12,-1.48,-3.09,7.58
7196.4700,4.12,-1.48,-3.09,7.58
7196.5009,4.12,-1.48,-3.09,7.58
7196.5319,4.12,-1.48,-3.09,7.58
7196.5631,4.12,-1.48,-3.09,7.58
7196.5951,4.12,-1.48,-3.09,7.58
7196.6254,4.12,-1.48,-3.09,7.59
7196.6561,4.12,-1.48,-3.09,7.59
7196.6876,4.11,-1.48,-3.09,7.59
7196.7190,4.12,-1.48,-3.09,7.59
7196.7493,4.12,-1.48,-3.09,7.59
7196.7817,4.12,-1.48,-3.09,7.59
7196.8121,4.12,-1.48,-3.09,7.59
7196.8431,4.12,-1.48,-3.09,7.59
7196.8737,4.12,-1.48,-3.09,7.59
7196.8988,4.12,-1.48,-3.09,7.59
7196.9354,4.12,-1.48,-3.09,7.59
7196.9660,4.12,-1.48,-3.09,7.59
7196.9969,4.12,-1.48,-3.09,7.59
7197.0288,4.12,-1.48,-3.08,7.59
7197.0594,4.11,-1.48,-3.08,7.59
7197.0899,4.11,-1.48,-3.08,7.59
7197.1220,4.11,-1.48,-3.08,7.59
7197.1532,4.11,-1.48,-3.08,7.59
7197.1841,4.11,-1.48,-3.08,7.59
7197.2150,4.11,-1.48,-3.08,7.59
7197.2453,4.11,-1.48,-3.08,7.59
7197.2776,4.11,-1.48,-3.08,7.60
7197.3018,4.11,-1.48,-3.08,7.60
7197.3413,4.10,-1.48,-3.08,7.60
7197.3734,4.10,-1.48,-3.08,7.60
7197.4036,4.10,-1.48,-3.08,7.60
7197.4322,4.10,-1.47,-3.08,7.60
7197.4655,4.10,-1.47,-3.08,7.60
7197.4984,4.10,-1.47,-3.08,7.60
7197.5286,4.10,-1.47,-3.08,7.60
7197.5608,4.10,-1.47,-3.08,7.60
7197.5915,4.10,-1.47,-3.08,7.60
7197.6220,4.10,-1.47,-3.08,7.60
7197.6523,4.10,-1.47,-3.08,7.60
7197.6843,4.10,-1.47,-3.08,7.60
7197.7154,4.10,-1.47,-3.08,7.60
7197.7462,4.10,-1.47,-3.08,7.60
7197.7765,4.10,-1.47,-3.08,7.59
7197.8070,4.10,-1.47,-3.08,7.59
7197.8379,4.10,-1.47,-3.08,7.59
7197.8688,4.10,-1.47,-3.08,7.59
7197.8990,4.10,-1.47,-3.08,7.59
7197.9288,4.10,-1.47,-3.08,7.59
7197.9592,4.10,-1.47,-3.08,7.59
7197.9901,4.10,-1.47,-3.08,7.59
7198.0213,4.11,-1.47,-3.08,7.59
7198.0525,4.11,-1.47,-3.08,7.60
7198.0846,4.11,-1.47,-3.08,7.60
7198.1155,4.11,-1.47,-3.08,7.60
7198.1461,4.11,-1.47,-3.08,7.60
7198.1778,4.11,-1.47,-3.08,7.60
7198.2097,4.11,-1.47,-3.08,7.60
7198.2415,4.11,-1.47,-3.08,7.60
7198.2721,4.11,-1.47,-3.08,7.60
7198.3029,4.11,-1.47,-3.08,7.60
7198.3347,4.11,-1.47,-3.08,7.60
7198.3661,4.11,-1.47,-3.08,7.60
7198.3979,4.11,-1.47,-3.08,7.60
7198.4285,4.11,-1.47,-3.08,7.60
7198.4592,4.11,-1.47,-3.08,7.59
7198.4909,4.11,-1.47,-3.08,7.59
7198.5212,4.11,-1.47,-3.08,7.59
7198.5521,4.11,-1.47,-3.08,7.59
7198.5982,4.11,-1.46,-3.08,7.59
7198.6168,4.11,-1.46,-3.08,7.59
7198.6611,4.11,-1.46,-3.08,7.59
7198.6925,4.11,-1.46,-3.08,7.59
7198.7243,4.11,-1.46,-3.08,7.59
7198.7702,4.11,-1.46,-3.08,7.59
7198.7872,4.11,-1.47,-3.08,7.59
7198.8175,4.11,-1.47,-3.08,7.59
7198.8630,4.11,-1.47,-3.08,7.59
7198.8946,4.11,-1.47,-3.08,7.59
7198.9261,4.11,-1.47,-3.08,7.59
7198.9575,4.11,-1.47,-3.08,7.59
7198.9881,4.11,-1.47,-3.08,7.59
7199.0188,4.11,-1.47,-3.08,7.59
7199.0491,4.11,-1.47,-3.08,7.59
7199.0803,4.11,-1.47,-3.08,7.59
7199.1110,4.11,-1.47,-3.08,7.59
7199.1427,4.11,-1.47,-3.08,7.59
7199.1726,4.11,-1.47,-3.08,7.59
7199.2067,4.11,-1.47,-3.08,7.59
7199.2378,4.11,-1.47,-3.08,7.59
7199.2689,4.11,-1.47,-3.08,7.59
7199.3000,4.11,-1.47,-3.08,7.59
7199.3301,4.11,-1.47,-3.08,7.59
7199.3612,4.11,-1.47,-3.08,7.59
7199.3925,4.11,-1.47,-3.08,7.59
7199.4240,4.11,-1.47,-3.08,7.59
7199.4555,4.11,-1.47,-3.08,7.59
7199.4750,4.11,-1.47,-3.08,7.60
7199.5179,4.11,-1.47,-3.08,7.60
7199.5384,4.11,-1.47,-3.08,7.60
7199.5797,4.11,-1.47,-3.08,7.60
7199.6119,4.11,-1.47,-3.08,7.60
7199.6419,4.11,-1.47,-3.08,7.60
7199.6746,4.11,-1.47,-3.08,7.60
7199.7052,4.11,-1.47,-3.08,7.60
7199.7361,4.11,-1.47,-3.08,7.60
7199.7654,4.11,-1.47,-3.08,7.60
7199.7993,4.11,-1.47,-3.08,7.60
7199.8298,4.11,-1.47,-3.08,7.60
7199.8619,4.11,-1.47,-3.08,7.60
7199.8840,4.11,-1.47,-3.08,7.60
7199.9150,4.11,-1.47,-3.08,7.60
7199.9554,4.11,-1.47,-3.08,7.60
7199.9865,4.11,-1.47,-3.08,7.60
7200.0180,4.11,-1.47,-3.08,7.60
7200.0487,4.11,-1.47,-3.09,7.60
7200.0687,4.11,-1.47,-3.09,7.60
7200.1118,4.11,-1.47,-3.09,7.60
7200.1435,4.11,-1.47,-3.09,7.60
7200.1739,4.11,-1.47,-3.08,7.60
7200.1991,4.11,-1.47,-3.08,7.60
7200.2314,4.11,-1.47,-3.08,7.60
7200.2673,4.12,-1.47,-3.08,7.60
7200.2992,4.12,-1.46,-3.08,7.60
7200.3300,4.12,-1.46,-3.08,7.60
7200.3614,4.12,-1.46,-3.08,7.60
7200.3908,4.12,-1.46,-3.09,7.60
7200.4126,4.12,-1.46,-3.09,7.60
7200.4546,4.12,-1.46,-3.09,7.61
7200.4803,4.13,-1.46,-3.08,7.61
7200.5179,4.13,-1.46,-3.08,7.61
7200.5483,4.13,-1.46,-3.08,7.61
7200.5787,4.13,-1.46,-3.08,7.61
7200.6095,4.13,-1.46,-3.08,7.61
7200.6413,4.13,-1.46,-3.08,7.61
7200.6720,4.13,-1.46,-3.08,7.61
7200.7041,4.13,-1.47,-3.08,7.61
7200.7344,4.13,-1.47,-3.08,7.61
7200.7657,4.13,-1.47,-3.08,7.61
7200.7960,4.13,-1.47,-3.08,7.61
7200.8287,4.13,-1.47,-3.08,7.61
7200.8601,4.13,-1.47,-3.08,7.61
7200.8817,4.13,-1.47,-3.08,7.61
7200.9177,4.13,-1.47,-3.08,7.61
7200.9537,4.13,-1.47,-3.08,7.61
7200.9849,4.13,-1.47,-3.08,7.61
7201.0173,4.13,-1.47,-3.08,7.61
7201.0490,4.13,-1.47,-3.08,7.61
7201.0813,4.13,-1.47,-3.08,7.61
7201.1119,4.12,-1.47,-3.08,7.61
7201.1427,4.12,-1.47,-3.08,7.61
7201.1651,4.12,-1.47,-3.08,7.61
7201.2050,4.12,-1.47,-3.08,7.61
7201.2359,4.12,-1.47,-3.08,7.61
7201.2564,4.12,-1.47,-3.08,7.61
7201.2987,4.12,-1.47,-3.08,7.60
7201.3284,4.12,-1.47,-3.08,7.60
7201.3598,4.12,-1.47,-3.08,7.60
7201.3911,4.12,-1.47,-3.08,7.60
7201.4221,4.12,-1.47,-3.08,7.60
7201.4484,4.12,-1.47,-3.08,7.60
7201.4843,4.12,-1.47,-3.08,7.60
7201.5147,4.12,-1.47,-3.08,7.60
7201.5456,4.12,-1.47,-3.08,7.60
7201.5768,4.12,-1.47,-3.09,7.60
7201.6085,4.11,-1.47,-3.09,7.60
7201.6402,4.11,-1.47,-3.09,7.60
7201.6661,4.11,-1.47,-3.09,7.60
7201.7026,4.11,-1.47,-3.09,7.60
7201.7335,4.11,-1.47,-3.09,7.60
7201.7653,4.11,-1.47,-3.09,7.60
7201.7956,4.11,-1.47,-3.09,7.60
7201.8261,4.11,-1.47,-3.09,7.60
7201.8574,4.11,-1.47,-3.09,7.60
7201.8883,4.11,-1.46,-3.09,7.60
7201.9128,4.11,-1.46,-3.09,7.60
7201.9507,4.11,-1.46,-3.09,7.60
7201.9765,4.11,-1.46,-3.09,7.60
7202.0119,4.11,-1.46,-3.09,7.60
7202.0439,4.11,-1.46,-3.09,7.60
7202.0750,4.11,-1.46,-3.09,7.60
7202.1061,4.11,-1.46,-3.09,7.60
7202.1359,4.11,-1.46,-3.09,7.60
7202.1667,4.11,-1.46,-3.09,7.60
7202.1986,4.11,-1.46,-3.09,7.60
7202.2298,4.11,-1.46,-3.09,7.60
7202.2608,4.11,-1.46,-3.09,7.60
7202.2923,4.11,-1.46,-3.09,7.60
7202.3227,4.11,-1.46,-3.09,7.60
7202.3546,4.11,-1.46,-3.09,7.60
7202.3867,4.11,-1.46,-3.09,7.60
7202.4170,4.11,-1.47,-3.09,7.60
7202.4478,4.11,-1.47,-3.09,7.59
7202.4787,4.11,-1.47,-3.09,7.59
7202.5108,4.11,-1.47,-3.09,7.59
7202.5412,4.11,-1.47,-3.08,7.59
7202.5732,4.11,-1.47,-3.08,7.59
7202.6035,4.11,-1.47,-3.08,7.59
7202.6344,4.11,-1.47,-3.08,7.59
7202.6614,4.11,-1.47,-3.08,7.59
7202.6962,4.11,-1.47,-3.08,7.59
7202.7273,4.11,-1.47,-3.08,7.59
7202.7590,4.11,-1.47,-3.08,7.58
7202.7905,4.11,-1.47,-3.08,7.58
7202.8218,4.11,-1.47,-3.08,7.58
7202.8524,4.11,-1.47,-3.08,7.58
7202.8829,4.11,-1.47,-3.08,7.58
7202.9146,4.11,-1.47,-3.08,7.58
7202.9455,4.11,-1.47,-3.08,7.58
7202.9779,4.11,-1.47,-3.08,7.58
7203.0084,4.11,-1.47,-3.08,7.58
7203.0388,4.11,-1.47,-3.09,7.58
7203.0707,4.11,-1.47,-3.09,7.58
7203.1011,4.11,-1.47,-3.09,7.58
7203.1324,4.11,-1.47,-3.09,7.58
7203.1626,4.11,-1.47,-3.09,7.59
7203.1947,4.11,-1.47,-3.09,7.59
7203.2252,4.11,-1.47,-3.09,7.59
7203.2588,4.11,-1.47,-3.08,7.59
7203.2896,4.11,-1.47,-3.08,7.59
7203.3210,4.10,-1.47,-3.08,7.59
7203.3521,4.10,-1.47,-3.08,7.60
7203.3830,4.10,-1.47,-3.08,7.60
7203.4137,4.10,-1.47,-3.08,7.60
7203.4444,4.10,-1.47,-3.08,7.60
7203.4759,4.10,-1.47,-3.08,7.60
7203.5079,4.10,-1.47,-3.08,7.60
7203.5395,4.10,-1.47,-3.08,7.60
7203.5720,4.10,-1.47,-3.08,7.60
7203.6032,4.10,-1.47,-3.08,7.60
7203.6313,4.10,-1.47,-3.08,7.61
7203.6651,4.10,-1.47,-3.08,7.61
7203.6956,4.10,-1.47,-3.08,7.61
7203.7267,4.10,-1.47,-3.08,7.61
7203.7582,4.10,-1.47,-3.08,7.61
7203.7887,4.10,-1.47,-3.08,7.61
7203.8183,4.10,-1.47,-3.08,7.61
7203.8518,4.10,-1.47,-3.08,7.61
7203.8824,4.10,-1.47,-3.08,7.61
7203.9131,4.10,-1.47,-3.08,7.61
7203.9444,4.10,-1.47,-3.08,7.61
7203.9757,4.10,-1.47,-3.08,7.61
7204.0072,4.10,-1.47,-3.08,7.61
7204.0392,4.10,-1.47,-3.08,7.61
7204.0692,4.10,-1.47,-3.08,7.61
7204.1007,4.10,-1.47,-3.08,7.61
7204.1327,4.10,-1.47,-3.08,7.61
7204.1639,4.10,-1.47,-3.08,7.61
7204.1939,4.10,-1.47,-3.08,7.61
7204.2260,4.10,-1.47,-3.08,7.61
7204.2568,4.10,-1.47,-3.08,7.61
7204.2881,4.10,-1.47,-3.08,7.61
7204.3188,4.10,-1.47,-3.08,7.61
7204.3490,4.10,-1.47,-3.08,7.61
7204.3814,4.10,-1.47,-3.08,7.61
7204.4118,4.10,-1.47,-3.08,7.61
7204.4426,4.10,-1.47,-3.08,7.61
7204.4896,4.10,-1.47,-3.08,7.61
7204.5359,4.10,-1.47,-3.08,7.61
7204.5673,4.10,-1.47,-3.08,7.61
7204.6131,4.10,-1.47,-3.08,7.61
7204.6322,4.10,-1.47,-3.08,7.61
7204.6750,4.10,-1.47,-3.08,7.60
7204.7057,4.10,-1.47,-3.08,7.60
7204.7369,4.10,-1.47,-3.08,7.60
7204.7677,4.10,-1.47,-3.08,7.60
7204.7995,4.10,-1.47,-3.08,7.60
7204.8314,4.10,-1.47,-3.08,7.60
7204.8631,4.10,-1.47,-3.08,7.60
7204.8816,4.10,-1.47,-3.08,7.60
7204.9158,4.10,-1.48,-3.08,7.60
7204.9559,4.10,-1.48,-3.08,7.60
7204.9868,4.10,-1.48,-3.08,7.60
7205.0176,4.10,-1.48,-3.08,7.60
7205.0489,4.10,-1.48,-3.08,7.60
7205.0679,4.10,-1.48,-3.08,7.60
7205.1112,4.10,-1.48,-3.08,7.60
7205.1310,4.10,-1.48,-3.08,7.60
7205.1734,4.10,-1.48,-3.08,7.60
7205.1989,4.10,-1.48,-3.08,7.60
7205.2360,4.11,-1.48,-3.08,7.60
7205.2675,4.11,-1.48,-3.08,7.60
7205.2991,4.11,-1.48,-3.08,7.60
7205.3295,4.11,-1.48,-3.08,7.60
7205.3486,4.11,-1.48,-3.08,7.60
7205.3919,4.11,-1.48,-3.08,7.60
7205.4232,4.11,-1.48,-3.08,7.60
7205.4495,4.11,-1.48,-3.08,7.60
7205.4854,4.11,-1.48,-3.08,7.60
7205.5161,4.11,-1.47,-3.08,7.60
7205.5477,4.11,-1.47,-3.08,7.60
7205.5793,4.11,-1.48,-3.08,7.60
7205.6090,4.11,-1.48,-3.08,7.60
7205.6317,4.11,-1.48,-3.08,7.60
7205.6703,4.10,-1.48,-3.08,7.60
7205.7022,4.10,-1.48,-3.08,7.60
7205.7326,4.10,-1.48,-3.08,7.60
7205.7589,4.10,-1.48,-3.08,7.60
7205.7875,4.10,-1.48,-3.08,7.60
7205.8265,4.10,-1.48,-3.08,7.60
7205.8592,4.10,-1.48,-3.08,7.60
7205.8806,4.10,-1.48,-3.08,7.60
7205.9213,4.10,-1.48,-3.08,7.60
7205.9529,4.10,-1.48,-3.08,7.60
7205.9746,4.10,-1.48,-3.08,7.60
7206.0140,4.10,-1.48,-3.08,7.60
7206.0459,4.10,-1.48,-3.08,7.60
7206.0769,4.10,-1.48,-3.08,7.61
7206.1020,4.10,-1.48,-3.08,7.61
7206.1338,4.10,-1.48,-3.08,7.61
7206.1679,4.10,-1.49,-3.08,7.61
7206.2016,4.10,-1.49,-3.08,7.61
7206.2322,4.10,-1.49,-3.08,7.61
7206.2634,4.10,-1.49,-3.08,7.61
7206.2956,4.10,-1.49,-3.08,7.61
7206.3271,4.10,-1.49,-3.08,7.61
7206.3582,4.09,-1.49,-3.08,7.61
7206.3904,4.09,-1.49,-3.08,7.61
7206.4212,4.09,-1.49,-3.08,7.61
7206.4486,4.09,-1.49,-3.08,7.61
7206.4834,4.09,-1.49,-3.08,7.61
7206.5145,4.09,-1.49,-3.08,7.61
7206.5453,4.09,-1.49,-3.08,7.61
7206.5763,4.10,-1.49,-3.08,7.61
7206.6068,4.10,-1.49,-3.08,7.61
7206.6395,4.10,-1.49,-3.08,7.61
7206.6689,4.10,-1.49,-3.08,7.61
7206.7001,4.10,-1.49,-3.08,7.61
7206.7317,4.10,-1.49,-3.08,7.61
7206.7623,4.10,-1.49,-3.08,7.61
7206.7937,4.10,-1.49,-3.08,7.61
7206.8240,4.10,-1.49,-3.08,7.61
7206.8553,4.10,-1.49,-3.08,7.61
7206.8865,4.10,-1.49,-3.08,7.61
7206.9173,4.10,-1.50,-3.08,7.61
7206.9486,4.10,-1.50,-3.08,7.61
7206.9798,4.10,-1.50,-3.08,7.61
7207.0109,4.10,-1.50,-3.08,7.61
7207.0414,4.10,-1.50,-3.08,7.61
7207.0729,4.10,-1.50,-3.08,7.61
7207.1133,4.10,-1.50,-3.08,7.61
7207.1454,4.10,-1.50,-3.08,7.61
7207.1768,4.10,-1.50,-3.08,7.61
7207.2086,4.11,-1.51,-3.08,7.61
7207.2405,4.11,-1.51,-3.08,7.61
7207.2726,4.11,-1.51,-3.08,7.61
7207.3041,4.11,-1.51,-3.08,7.61
7207.3403,4.11,-1.51,-3.08,7.61
7207.3816,4.11,-1.51,-3.08,7.61
7207.4141,4.11,-1.51,-3.08,7.61
7207.4444,4.11,-1.51,-3.08,7.61
7207.4762,4.11,-1.51,-3.08,7.61
7207.5076,4.11,-1.51,-3.08,7.61
7207.5397,4.11,-1.51,-3.08,7.61
7207.5714,4.11,-1.51,-3.08,7.61
7207.6025,4.11,-1.51,-3.08,7.61
7207.6333,4.11,-1.51,-3.08,7.61
7207.6653,4.11,-1.51,-3.08,7.61
7207.6969,4.11,-1.51,-3.08,7.61
7207.7451,4.11,-1.51,-3.08,7.61
7207.7769,4.12,-1.51,-3.08,7.61
7207.8086,4.12,-1.51,-3.08,7.61
7207.8404,4.12,-1.51,-3.08,7.61
7207.8680,4.12,-1.51,-3.08,7.61
7207.9042,4.12,-1.51,-3.08,7.61
7207.9280,4.12,-1.51,-3.08,7.61
7207.9598,4.12,-1.51,-3.08,7.61
7207.9913,4.13,-1.51,-3.08,7.61
7208.0233,4.13,-1.51,-3.08,7.61
7208.0553,4.13,-1.51,-3.08,7.61
7208.0870,4.13,-1.51,-3.08,7.61
7208.1195,4.13,-1.51,-3.08,7.60
7208.1513,4.13,-1.51,-3.08,7.60
7208.1839,4.14,-1.50,-3.08,7.60
7208.2157,4.14,-1.50,-3.08,7.60
7208.2477,4.14,-1.50,-3.08,7.60
7208.2800,4.14,-1.50,-3.08,7.60
7208.3121,4.14,-1.50,-3.08,7.60
7208.3447,4.14,-1.50,-3.08,7.60
7208.3761,4.14,-1.50,-3.08,7.60
7208.4084,4.14,-1.50,-3.08,7.60
7208.4412,4.14,-1.50,-3.08,7.60
7208.4656,4.14,-1.49,-3.08,7.60
7208.4983,4.14,-1.49,-3.08,7.60
7208.5309,4.14,-1.49,-3.08,7.59
7208.5629,4.14,-1.49,-3.08,7.60
7208.5908,4.14,-1.49,-3.08,7.60
7208.6229,4.14,-1.49,-3.08,7.60
7208.6559,4.14,-1.49,-3.08,7.60
7208.6879,4.14,-1.49,-3.08,7.60
7208.7123,4.14,-1.49,-3.08,7.60
7208.7527,4.14,-1.49,-3.08,7.60
7208.7772,4.14,-1.49,-3.08,7.60
7208.8089,4.14,-1.49,-3.08,7.60
7208.8338,4.14,-1.49,-3.08,7.60
7208.8762,4.14,-1.49,-3.08,7.60
7208.9003,4.14,-1.49,-3.08,7.60
7208.9323,4.14,-1.49,-3.08,7.60
7208.9642,4.14,-1.49,-3.08,7.60
7209.0040,4.14,-1.49,-3.08,7.59
7209.0284,4.14,-1.48,-3.08,7.59
7209.0540,4.14,-1.48,-3.08,7.59
7209.0863,4.14,-1.48,-3.08,7.59
7209.1275,4.14,-1.48,-3.08,7.59
7209.1613,4.14,-1.48,-3.08,7.59
7209.1933,4.14,-1.47,-3.08,7.59
7209.2269,4.14,-1.47,-3.08,7.58
7209.2589,4.14,-1.47,-3.08,7.58
7209.2952,4.14,-1.47,-3.08,7.58
7209.3263,4.14,-1.47,-3.09,7.58
7209.3587,4.14,-1.46,-3.09,7.58
7209.3905,4.14,-1.46,-3.09,7.58
7209.4204,4.14,-1.46,-3.09,7.58
7209.4453,4.14,-1.46,-3.09,7.58
7209.4852,4.14,-1.46,-3.09,7.57
7209.5117,4.14,-1.46,-3.09,7.57
7209.5364,4.14,-1.46,-3.09,7.57
7209.5752,4.14,-1.46,-3.09,7.57
7209.6070,4.14,-1.45,-3.09,7.57
7209.6299,4.14,-1.45,-3.09,7.57
7209.6707,4.14,-1.45,-3.09,7.57
7209.7024,4.13,-1.45,-3.09,7.57
7209.7346,4.13,-1.45,-3.09,7.57
7209.7654,4.13,-1.45,-3.09,7.57
7209.7978,4.13,-1.45,-3.09,7.57
7209.8290,4.13,-1.45,-3.09,7.57
7209.8602,4.13,-1.45,-3.09,7.57
7209.8824,4.13,-1.45,-3.09,7.57
7209.9225,4.13,-1.45,-3.09,7.57
7209.9533,4.13,-1.45,-3.09,7.57
7209.9845,4.13,-1.45,-3.09,7.56
7210.0152,4.13,-1.45,-3.09,7.56
7210.0464,4.13,-1.45,-3.09,7.56
7210.0779,4.13,-1.44,-3.09,7.56
7210.1095,4.13,-1.44,-3.09,7.56
7210.1407,4.13,-1.44,-3.09,7.55
7210.1653,4.13,-1.44,-3.09,7.55
7210.2032,4.13,-1.44,-3.09,7.55
7210.2345,4.13,-1.44,-3.09,7.55
7210.2656,4.13,-1.44,-3.09,7.55
7210.2971,4.13,-1.44,-3.09,7.55
7210.3277,4.13,-1.44,-3.09,7.55
7210.3590,4.13,-1.44,-3.09,7.55
7210.3900,4.13,-1.44,-3.09,7.55
7210.4208,4.13,-1.44,-3.09,7.55
7210.4486,4.12,-1.44,-3.09,7.55
7210.4839,4.12,-1.44,-3.09,7.55
7210.5145,4.12,-1.44,-3.09,7.55
7210.5448,4.12,-1.44,-3.09,7.55
7210.5765,4.12,-1.44,-3.09,7.55
7210.6075,4.12,-1.44,-3.09,7.55
7210.6380,4.12,-1.44,-3.09,7.56
7210.6699,4.12,-1.44,-3.09,7.56
7210.6985,4.12,-1.44,-3.09,7.56
7210.7316,4.13,-1.44,-3.09,7.56
7210.7635,4.13,-1.44,-3.09,7.56
7210.7942,4.13,-1.44,-3.09,7.56
7210.8260,4.13,-1.44,-3.09,7.56
7210.8490,4.13,-1.44,-3.09,7.56
7210.8895,4.13,-1.44,-3.09,7.56
7210.9203,4.13,-1.44,-3.09,7.57
7210.9521,4.13,-1.43,-3.09,7.57
7210.9820,4.13,-1.43,-3.09,7.57
7211.0144,4.13,-1.43,-3.09,7.57
7211.0454,4.13,-1.43,-3.09,7.57
7211.0768,4.13,-1.43,-3.09,7.57
7211.1079,4.13,-1.43,-3.09,7.57
7211.1322,4.13,-1.43,-3.09,7.57
7211.1698,4.13,-1.44,-3.09,7.57
7211.2008,4.13,-1.44,-3.09,7.58
7211.2320,4.14,-1.44,-3.09,7.58
7211.2631,4.14,-1.44,-3.09,7.58
7211.2946,4.14,-1.44,-3.09,7.58
7211.3191,4.14,-1.44,-3.09,7.58
7211.3578,4.14,-1.44,-3.09,7.58
7211.3819,4.14,-1.44,-3.09,7.58
7211.4176,4.14,-1.44,-3.09,7.58
7211.4505,4.14,-1.44,-3.09,7.58
7211.4820,4.14,-1.44,-3.09,7.58
7211.5139,4.14,-1.44,-3.09,7.58
7211.5454,4.14,-1.44,-3.09,7.58
7211.5772,4.14,-1.45,-3.09,7.58
7211.5991,4.14,-1.45,-3.09,7.58
7211.6379,4.14,-1.45,-3.09,7.58
7211.6708,4.14,-1.45,-3.09,7.58
7211.7019,4.14,-1.45,-3.09,7.58
7211.7287,4.14,-1.45,-3.09,7.58
7211.7657,4.14,-1.45,-3.09,7.58
7211.7959,4.14,-1.45,-3.09,7.58
7211.8174,4.14,-1.45,-3.09,7.58
7211.8592,4.15,-1.45,-3.09,7.58
7211.8902,4.15,-1.45,-3.09,7.58
7211.9217,4.15,-1.45,-3.09,7.58
7211.9529,4.15,-1.45,-3.09,7.58
7211.9840,4.15,-1.45,-3.09,7.58
7212.0151,4.15,-1.45,-3.09,7.58
7212.0461,4.15,-1.45,-3.09,7.58
7212.0781,4.15,-1.45,-3.09,7.58
7212.1087,4.15,-1.45,-3.08,7.58
7212.1400,4.15,-1.45,-3.08,7.58
7212.1705,4.15,-1.45,-3.08,7.58
7212.2015,4.16,-1.45,-3.08,7.58
7212.2340,4.16,-1.45,-3.09,7.58
7212.2651,4.16,-1.46,-3.09,7.57
7212.2971,4.16,-1.45,-3.09,7.57
7212.3279,4.16,-1.45,-3.09,7.57
7212.3595,4.16,-1.45,-3.09,7.57
7212.3824,4.16,-1.45,-3.09,7.57
7212.4218,4.16,-1.45,-3.09,7.57
7212.4523,4.16,-1.46,-3.09,7.57
7212.4820,4.16,-1.46,-3.09,7.56
7212.5145,4.16,-1.46,-3.09,7.56
7212.5457,4.16,-1.46,-3.09,7.56
7212.5769,4.16,-1.46,-3.09,7.56
7212.6083,4.16,-1.46,-3.09,7.56
7212.6300,4.16,-1.46,-3.09,7.56
7212.6708,4.15,-1.46,-3.09,7.56
7212.7019,4.15,-1.47,-3.09,7.57
7212.7331,4.15,-1.47,-3.09,7.57
7212.7648,4.15,-1.47,-3.08,7.57
7212.7964,4.15,-1.47,-3.08,7.57
7212.8271,4.15,-1.47,-3.08,7.57
7212.8585,4.15,-1.47,-3.09,7.57
7212.8893,4.15,-1.47,-3.09,7.57
7212.9153,4.15,-1.47,-3.09,7.57
7212.9523,4.15,-1.47,-3.09,7.57
7212.9837,4.15,-1.47,-3.09,7.58
7213.0155,4.15,-1.47,-3.08,7.58
7213.0453,4.15,-1.47,-3.08,7.58
7213.0776,4.14,-1.47,-3.08,7.58
7213.1093,4.14,-1.47,-3.08,7.58
7213.1401,4.14,-1.47,-3.08,7.58
7213.1717,4.14,-1.47,-3.08,7.58
7213.2025,4.14,-1.47,-3.08,7.58
7213.2344,4.14,-1.47,-3.08,7.58
7213.2653,4.14,-1.47,-3.08,7.58
7213.2962,4.14,-1.46,-3.08,7.58
7213.3281,4.14,-1.46,-3.08,7.58
7213.3504,4.14,-1.46,-3.08,7.58
7213.3901,4.13,-1.47,-3.08,7.58
7213.4214,4.13,-1.47,-3.08,7.58
7213.4489,4.13,-1.47,-3.08,7.58
7213.4839,4.13,-1.47,-3.08,7.58
7213.5155,4.13,-1.47,-3.08,7.58
7213.5482,4.13,-1.47,-3.08,7.58
7213.5786,4.13,-1.47,-3.08,7.58
7213.6060,4.13,-1.47,-3.08,7.58
7213.6319,4.13,-1.47,-3.08,7.58
7213.6720,4.13,-1.47,-3.08,7.59
7213.6934,4.13,-1.47,-3.08,7.59
7213.7311,4.13,-1.47,-3.08,7.58
7213.7648,4.13,-1.47,-3.09,7.58
7213.7969,4.13,-1.47,-3.09,7.59
7213.8275,4.13,-1.47,-3.09,7.59
7213.8581,4.13,-1.46,-3.09,7.59
7213.8900,4.12,-1.47,-3.09,7.59
7213.9152,4.12,-1.47,-3.09,7.59
7213.9457,4.12,-1.47,-3.09,7.59
7213.9845,4.12,-1.47,-3.09,7.59
7214.0168,4.12,-1.47,-3.09,7.59
7214.0480,4.12,-1.47,-3.09,7.59
7214.0770,4.11,-1.47,-3.09,7.59
7214.1099,4.11,-1.47,-3.10,7.59
7214.1408,4.11,-1.47,-3.10,7.59
7214.1729,4.11,-1.47,-3.10,7.59
7214.2054,4.11,-1.47,-3.10,7.59
7214.2326,4.10,-1.47,-3.10,7.59
7214.2676,4.10,-1.47,-3.10,7.58
7214.3000,4.10,-1.47,-3.10,7.58
7214.3317,4.10,-1.47,-3.10,7.58
7214.3624,4.10,-1.47,-3.10,7.58
7214.3948,4.10,-1.47,-3.10,7.58
7214.4260,4.10,-1.47,-3.10,7.58
7214.4578,4.10,-1.47,-3.10,7.58
7214.4884,4.10,-1.47,-3.10,7.58
7214.5151,4.10,-1.47,-3.10,7.57
7214.5364,4.10,-1.47,-3.10,7.57
7214.5832,4.10,-1.46,-3.10,7.57
7214.6255,4.10,-1.46,-3.10,7.57
7214.6458,4.10,-1.46,-3.10,7.57
7214.6772,4.10,-1.46,-3.10,7.57
7214.7082,4.10,-1.46,-3.10,7.57
7214.7397,4.10,-1.46,-3.09,7.57
7214.7859,4.09,-1.46,-3.09,7.57
7214.8155,4.09,-1.46,-3.10,7.57
7214.8477,4.09,-1.46,-3.10,7.57
7214.8788,4.09,-1.46,-3.10,7.57
7214.9098,4.09,-1.46,-3.10,7.57
7214.9316,4.09,-1.46,-3.10,7.57
7214.9588,4.09,-1.46,-3.10,7.58
7215.0030,4.09,-1.47,-3.10,7.58
7215.0205,4.09,-1.47,-3.10,7.58
7215.0649,4.09,-1.47,-3.10,7.58
7215.0831,4.09,-1.47,-3.10,7.58
7215.1275,4.09,-1.47,-3.10,7.58
7215.1587,4.08,-1.47,-3.10,7.58
7215.1773,4.08,-1.47,-3.10,7.58
7215.2201,4.08,-1.47,-3.10,7.58
7215.2521,4.08,-1.47,-3.10,7.58
7215.2835,4.08,-1.47,-3.10,7.58
7215.3120,4.08,-1.47,-3.10,7.58
7215.3462,4.08,-1.47,-3.10,7.58
7215.3776,4.08,-1.47,-3.10,7.58
7215.4079,4.08,-1.47,-3.10,7.58
7215.4390,4.08,-1.47,-3.10,7.58
7215.4710,4.08,-1.47,-3.10,7.58
7215.4993,4.08,-1.47,-3.10,7.58
7215.5333,4.08,-1.48,-3.10,7.58
7215.5600,4.08,-1.48,-3.10,7.58
7215.5853,4.08,-1.48,-3.10,7.58
7215.6284,4.08,-1.48,-3.10,7.58
7215.6482,4.08,-1.48,-3.10,7.58
7215.6829,4.08,-1.48,-3.10,7.58
7215.7201,4.08,-1.48,-3.10,7.58
7215.7524,4.08,-1.48,-3.10,7.58
7215.7839,4.08,-1.48,-3.10,7.58
7215.8148,4.08,-1.48,-3.10,7.59
7215.8446,4.08,-1.48,-3.10,7.59
7215.8753,4.08,-1.48,-3.10,7.59
7215.9070,4.08,-1.48,-3.10,7.59
7215.9323,4.08,-1.48,-3.10,7.59
7215.9662,4.08,-1.49,-3.10,7.59
7216.0016,4.08,-1.49,-3.10,7.59
7216.0331,4.08,-1.49,-3.10,7.59
7216.0582,4.08,-1.49,-3.10,7.59
7216.0947,4.08,-1.49,-3.10,7.59
7216.1253,4.08,-1.49,-3.10,7.59
7216.1562,4.08,-1.49,-3.10,7.60
7216.1877,4.08,-1.49,-3.10,7.60
7216.2186,4.08,-1.49,-3.10,7.60
7216.2493,4.08,-1.49,-3.10,7.60
7216.2807,4.08,-1.49,-3.10,7.60
7216.3111,4.08,-1.49,-3.10,7.60
7216.3433,4.08,-1.49,-3.10,7.60
7216.3745,4.08,-1.49,-3.10,7.60
7216.3996,4.08,-1.49,-3.10,7.60
7216.4363,4.08,-1.49,-3.10,7.60
7216.4675,4.08,-1.49,-3.10,7.60
7216.4986,4.08,-1.49,-3.10,7.60
7216.5298,4.08,-1.49,-3.10,7.60
7216.5610,4.08,-1.49,-3.10,7.60
7216.5926,4.08,-1.49,-3.10,7.60
7216.6242,4.08,-1.49,-3.10,7.60
7216.6549,4.08,-1.49,-3.10,7.60
7216.6864,4.08,-1.49,-3.10,7.60
7216.7177,4.08,-1.49,-3.10,7.60
7216.7489,4.08,-1.49,-3.10,7.60
7216.7810,4.08,-1.49,-3.10,7.60
7216.8117,4.08,-1.49,-3.10,7.60
7216.8427,4.08,-1.49,-3.10,7.60
7216.8740,4.08,-1.49,-3.10,7.60
7216.9053,4.08,-1.49,-3.10,7.60
7216.9314,4.08,-1.49,-3.10,7.60
7216.9682,4.08,-1.48,-3.10,7.60
7216.9998,4.08,-1.48,-3.10,7.60
7217.0311,4.08,-1.48,-3.10,7.60
7217.0621,4.08,-1.48,-3.10,7.60
7217.0938,4.09,-1.48,-3.10,7.60
7217.1251,4.09,-1.48,-3.10,7.60
7217.1563,4.09,-1.48,-3.10,7.60
7217.1882,4.09,-1.48,-3.10,7.60
7217.2191,4.08,-1.48,-3.10,7.60
7217.2504,4.08,-1.48,-3.10,7.60
7217.2819,4.08,-1.48,-3.10,7.60
7217.3131,4.08,-1.48,-3.10,7.60
7217.3444,4.08,-1.48,-3.10,7.60
7217.3753,4.08,-1.48,-3.10,7.59
7217.4064,4.08,-1.48,-3.10,7.59
7217.4378,4.08,-1.48,-3.10,7.59
7217.4656,4.09,-1.48,-3.10,7.59
7217.5014,4.09,-1.48,-3.10,7.59
7217.5325,4.09,-1.48,-3.10,7.59
7217.5630,4.09,-1.48,-3.10,7.59
7217.5940,4.09,-1.48,-3.10,7.59
7217.6247,4.09,-1.48,-3.10,7.59
7217.6553,4.09,-1.48,-3.10,7.59
7217.6860,4.09,-1.48,-3.10,7.59
7217.7179,4.09,-1.48,-3.10,7.59
7217.7485,4.09,-1.48,-3.09,7.59
7217.7801,4.09,-1.48,-3.09,7.59
7217.8099,4.09,-1.48,-3.09,7.59
7217.8418,4.09,-1.48,-3.09,7.59
7217.8657,4.09,-1.48,-3.09,7.59
7217.9045,4.09,-1.48,-3.09,7.59
7217.9365,4.09,-1.48,-3.09,7.59
7217.9684,4.09,-1.49,-3.09,7.59
7218.0011,4.09,-1.49,-3.10,7.59
7218.0321,4.09,-1.49,-3.09,7.59
7218.0645,4.09,-1.49,-3.09,7.59
7218.0953,4.09,-1.49,-3.09,7.59
7218.1276,4.09,-1.49,-3.09,7.59
7218.1483,4.09,-1.49,-3.09,7.59
7218.1907,4.09,-1.49,-3.09,7.59
7218.2215,4.09,-1.49,-3.09,7.59
7218.2465,4.09,-1.49,-3.09,7.59
7218.2708,4.09,-1.49,-3.09,7.59
7218.3158,4.09,-1.49,-3.09,7.59
7218.3408,4.10,-1.49,-3.09,7.59
7218.3665,4.10,-1.49,-3.09,7.59
7218.4004,4.10,-1.49,-3.09,7.60
7218.4342,4.10,-1.49,-3.09,7.60
7218.4708,4.10,-1.49,-3.09,7.60
7218.5016,4.10,-1.49,-3.09,7.60
7218.5331,4.10,-1.49,-3.09,7.60
7218.5649,4.10,-1.49,-3.09,7.60
7218.5955,4.10,-1.49,-3.09,7.60
7218.6272,4.10,-1.49,-3.09,7.60
7218.6583,4.10,-1.49,-3.09,7.60
7218.6890,4.10,-1.49,-3.09,7.60
7218.7197,4.10,-1.49,-3.09,7.60
7218.7519,4.10,-1.49,-3.09,7.60
7218.7827,4.10,-1.49,-3.10,7.60
7218.8140,4.10,-1.49,-3.10,7.60
7218.8454,4.10,-1.49,-3.10,7.60
7218.8766,4.10,-1.49,-3.10,7.61
7218.8986,4.10,-1.49,-3.10,7.61
7218.9395,4.10,-1.50,-3.09,7.61
7218.9711,4.10,-1.50,-3.09,7.61
7219.0021,4.11,-1.50,-3.09,7.61
7219.0331,4.11,-1.49,-3.09,7.61
7219.0647,4.11,-1.49,-3.09,7.60
7219.0976,4.11,-1.49,-3.09,7.60
7219.1287,4.11,-1.49,-3.09,7.60
7219.1607,4.11,-1.49,-3.09,7.60
7219.1818,4.11,-1.49,-3.09,7.60
7219.2217,4.11,-1.50,-3.09,7.60
7219.2539,4.11,-1.49,-3.09,7.60
7219.2852,4.11,-1.49,-3.09,7.60
7219.3025,4.11,-1.49,-3.09,7.60
7219.3480,4.11,-1.49,-3.09,7.60
7219.3790,4.11,-1.49,-3.09,7.60
7219.4103,4.11,-1.50,-3.09,7.60
7219.4422,4.11,-1.50,-3.09,7.60
7219.4600,4.11,-1.50,-3.09,7.60
7219.5033,4.10,-1.50,-3.09,7.60
7219.5350,4.10,-1.50,-3.09,7.60
7219.5654,4.10,-1.50,-3.09,7.60
7219.5967,4.10,-1.50,-3.10,7.60
7219.6283,4.10,-1.49,-3.10,7.60
7219.6589,4.10,-1.50,-3.10,7.60
7219.6904,4.10,-1.50,-3.10,7.60
7219.7216,4.10,-1.50,-3.10,7.60
7219.7486,4.10,-1.50,-3.09,7.60
7219.7838,4.10,-1.50,-3.09,7.60
7219.8159,4.10,-1.50,-3.09,7.59
7219.8483,4.10,-1.49,-3.09,7.59
7219.8786,4.10,-1.49,-3.10,7.59
7219.8969,4.10,-1.50,-3.10,7.59
7219.9425,4.10,-1.50,-3.10,7.59
7219.9736,4.10,-1.50,-3.10,7.59
7220.0049,4.09,-1.50,-3.10,7.60
7220.0359,4.09,-1.50,-3.10,7.60
7220.0677,4.09,-1.50,-3.10,7.60
7220.0989,4.09,-1.50,-3.10,7.59
7220.1446,4.09,-1.49,-3.10,7.59
7220.1622,4.09,-1.49,-3.10,7.59
7220.2078,4.09,-1.49,-3.10,7.59
7220.2467,4.09,-1.49,-3.10,7.59
7220.2779,4.09,-1.49,-3.10,7.59
7220.3107,4.09,-1.49,-3.10,7.59
7220.3427,4.09,-1.49,-3.10,7.59
7220.3745,4.09,-1.49,-3.10,7.59
7220.4068,4.09,-1.49,-3.10,7.58
7220.4387,4.09,-1.49,-3.10,7.58
7220.4708,4.09,-1.49,-3.10,7.58
7220.5030,4.09,-1.49,-3.10,7.58
7220.5270,4.09,-1.49,-3.10,7.58
7220.5519,4.09,-1.49,-3.10,7.59
7220.5845,4.09,-1.49,-3.10,7.59
7220.6170,4.09,-1.49,-3.10,7.59
7220.6497,4.08,-1.49,-3.10,7.59
7220.6825,4.08,-1.49,-3.10,7.59
7220.7145,4.08,-1.49,-3.10,7.59
7220.7464,4.08,-1.49,-3.10,7.59
7220.7789,4.08,-1.49,-3.10,7.59
7220.8117,4.08,-1.49,-3.10,7.59
7220.8436,4.08,-1.49,-3.10,7.59
7220.8754,4.08,-1.49,-3.10,7.59
7220.9076,4.08,-1.49,-3.10,7.59
7220.9403,4.08,-1.49,-3.10,7.59
7220.9724,4.08,-1.49,-3.09,7.59
7221.0049,4.08,-1.48,-3.09,7.59
7221.0372,4.08,-1.48,-3.09,7.59
7221.0699,4.09,-1.48,-3.09,7.59
7221.1106,4.09,-1.48,-3.09,7.59
7221.1427,4.09,-1.48,-3.09,7.59
7221.1746,4.09,-1.48,-3.09,7.59
7221.2068,4.09,-1.48,-3.09,7.59
7221.2388,4.09,-1.48,-3.09,7.59
7221.2706,4.09,-1.48,-3.09,7.59
7221.3031,4.10,-1.48,-3.09,7.59
7221.3345,4.10,-1.48,-3.09,7.59
7221.3665,4.10,-1.48,-3.09,7.59
7221.3990,4.10,-1.48,-3.09,7.59
7221.4304,4.10,-1.48,-3.09,7.59
7221.4627,4.10,-1.48,-3.09,7.59
7221.4942,4.10,-1.48,-3.09,7.59
7221.5265,4.10,-1.48,-3.09,7.59
7221.5586,4.10,-1.48,-3.09,7.59
7221.5933,4.11,-1.48,-3.09,7.59
7221.6251,4.11,-1.48,-3.09,7.59
7221.6576,4.11,-1.48,-3.09,7.59
7221.6905,4.11,-1.49,-3.09,7.59
7221.7224,4.11,-1.49,-3.09,7.59
7221.7545,4.11,-1.49,-3.08,7.59
7221.7707,4.11,-1.49,-3.08,7.60
7221.8028,4.11,-1.49,-3.08,7.60
7221.8334,4.11,-1.49,-3.08,7.60
7221.8666,4.11,-1.49,-3.08,7.60
7221.9060,4.11,-1.49,-3.08,7.60
7221.9380,4.11,-1.49,-3.09,7.60
7221.9597,4.11,-1.49,-3.09,7.60
7222.0037,4.11,-1.49,-3.09,7.60
7222.0359,4.11,-1.49,-3.09,7.61
7222.0527,4.11,-1.49,-3.09,7.61
7222.0831,4.11,-1.49,-3.09,7.61
7222.1229,4.11,-1.49,-3.08,7.61
7222.1544,4.11,-1.49,-3.08,7.61
7222.1792,4.11,-1.49,-3.08,7.61
7222.2179,4.11,-1.49,-3.08,7.61
7222.2400,4.11,-1.49,-3.08,7.61
7222.2735,4.11,-1.49,-3.08,7.61
7222.3058,4.11,-1.49,-3.08,7.61
7222.3369,4.11,-1.49,-3.08,7.61
7222.3771,4.11,-1.49,-3.09,7.61
7222.4088,4.11,-1.49,-3.09,7.61
7222.4371,4.11,-1.49,-3.09,7.61
7222.4653,4.11,-1.49,-3.09,7.61
7222.5021,4.11,-1.49,-3.09,7.61
7222.5332,4.11,-1.49,-3.08,7.61
7222.5651,4.11,-1.49,-3.08,7.61
7222.5964,4.11,-1.49,-3.08,7.61
7222.6274,4.11,-1.49,-3.08,7.61
7222.6593,4.11,-1.49,-3.08,7.61
7222.6894,4.11,-1.49,-3.08,7.61
7222.7207,4.11,-1.49,-3.08,7.61
7222.7520,4.11,-1.49,-3.08,7.61
7222.7830,4.11,-1.49,-3.08,7.61
7222.8157,4.11,-1.49,-3.08,7.61
7222.8354,4.11,-1.49,-3.08,7.61
7222.8652,4.11,-1.49,-3.08,7.60
7222.9075,4.11,-1.49,-3.08,7.60
7222.9393,4.11,-1.49,-3.08,7.60
7222.9701,4.11,-1.49,-3.08,7.60
7223.0013,4.11,-1.49,-3.08,7.60
7223.0328,4.12,-1.49,-3.08,7.60
7223.0645,4.12,-1.49,-3.08,7.60
7223.0952,4.12,-1.49,-3.08,7.60
7223.1269,4.12,-1.49,-3.08,7.60
7223.1487,4.12,-1.49,-3.08,7.60
7223.1889,4.11,-1.49,-3.08,7.60
7223.2196,4.11,-1.49,-3.08,7.60
7223.2516,4.11,-1.49,-3.08,7.60
7223.2821,4.11,-1.49,-3.08,7.60
7223.3130,4.11,-1.49,-3.08,7.60
7223.3451,4.11,-1.50,-3.08,7.60
7223.3757,4.11,-1.50,-3.08,7.60
7223.4072,4.11,-1.50,-3.08,7.60
7223.4320,4.11,-1.50,-3.08,7.60
7223.4692,4.11,-1.50,-3.08,7.60
7223.5007,4.10,-1.49,-3.08,7.60
7223.5258,4.10,-1.49,-3.08,7.60
7223.5628,4.10,-1.49,-3.08,7.60
7223.5946,4.10,-1.50,-3.07,7.60
7223.6250,4.10,-1.50,-3.07,7.60
7223.6568,4.09,-1.50,-3.07,7.60
7223.6777,4.09,-1.50,-3.08,7.60
7223.7189,4.09,-1.50,-3.08,7.60
7223.7507,4.09,-1.50,-3.08,7.60
7223.7810,4.09,-1.50,-3.08,7.60
7223.8124,4.09,-1.50,-3.08,7.60
7223.8442,4.09,-1.50,-3.08,7.60
7223.8754,4.08,-1.50,-3.08,7.60
7223.8972,4.08,-1.50,-3.08,7.61
7223.9375,4.08,-1.50,-3.08,7.60
7223.9688,4.08,-1.50,-3.08,7.60
7223.9966,4.08,-1.50,-3.08,7.60
7224.0216,4.08,-1.50,-3.08,7.60
7224.0621,4.08,-1.50,-3.08,7.60
7224.0929,4.08,-1.50,-3.08,7.60
7224.1232,4.08,-1.50,-3.08,7.60
7224.1537,4.08,-1.50,-3.08,7.60
7224.1817,4.08,-1.50,-3.08,7.60
7224.2171,4.07,-1.50,-3.08,7.60
7224.2486,4.07,-1.50,-3.08,7.60
7224.2793,4.07,-1.50,-3.08,7.60
7224.3114,4.07,-1.50,-3.08,7.60
7224.3413,4.07,-1.50,-3.08,7.60
7224.3727,4.07,-1.50,-3.08,7.60
7224.4031,4.07,-1.50,-3.08,7.60
7224.4336,4.07,-1.50,-3.08,7.60
7224.4655,4.07,-1.50,-3.08,7.60
7224.4962,4.07,-1.51,-3.08,7.60
7224.5278,4.07,-1.51,-3.08,7.60
7224.5584,4.07,-1.51,-3.08,7.60
7224.5890,4.07,-1.51,-3.08,7.60
7224.6205,4.07,-1.51,-3.08,7.60
7224.6523,4.07,-1.51,-3.08,7.60
7224.6826,4.07,-1.51,-3.08,7.59
7224.7140,4.07,-1.51,-3.08,7.59
7224.7459,4.07,-1.51,-3.08,7.59
7224.7770,4.07,-1.51,-3.08,7.59
7224.8097,4.07,-1.51,-3.08,7.59
7224.8333,4.07,-1.51,-3.08,7.59
7224.8713,4.07,-1.51,-3.08,7.59
7224.9029,4.07,-1.51,-3.08,7.59
7224.9335,4.07,-1.51,-3.08,7.59
7224.9648,4.07,-1.51,-3.08,7.59
7224.9898,4.07,-1.51,-3.08,7.59
7225.0255,4.07,-1.51,-3.08,7.59
7225.0574,4.07,-1.51,-3.08,7.59
7225.0881,4.07,-1.51,-3.08,7.59
7225.1191,4.07,-1.51,-3.08,7.59
7225.1511,4.08,-1.51,-3.08,7.59
7225.1805,4.08,-1.51,-3.08,7.59
7225.2129,4.08,-1.51,-3.08,7.59
7225.2443,4.08,-1.51,-3.08,7.59
7225.2760,4.08,-1.51,-3.08,7.59
7225.3070,4.08,-1.51,-3.08,7.59
7225.3370,4.08,-1.50,-3.08,7.59
7225.3687,4.08,-1.50,-3.08,7.59
7225.3997,4.08,-1.50,-3.08,7.59
7225.4292,4.08,-1.50,-3.08,7.59
7225.4619,4.08,-1.50,-3.08,7.59
7225.4939,4.08,-1.50,-3.08,7.58
7225.5251,4.08,-1.49,-3.08,7.58
7225.5565,4.08,-1.49,-3.08,7.58
7225.5875,4.08,-1.49,-3.08,7.58
7225.6179,4.08,-1.49,-3.08,7.58
7225.6488,4.08,-1.49,-3.08,7.58
7225.6811,4.08,-1.49,-3.08,7.58
7225.7113,4.08,-1.49,-3.08,7.58
7225.7428,4.08,-1.49,-3.08,7.58
7225.7748,4.08,-1.49,-3.08,7.58
7225.8068,4.08,-1.49,-3.08,7.58
7225.8379,4.08,-1.49,-3.08,7.58
7225.8699,4.08,-1.49,-3.08,7.58
7225.9007,4.08,-1.49,-3.08,7.58
7225.9307,4.08,-1.48,-3.08,7.58
7225.9622,4.08,-1.48,-3.08,7.58
7225.9935,4.08,-1.48,-3.08,7.58
7226.0238,4.08,-1.48,-3.08,7.58
7226.0545,4.08,-1.48,-3.08,7.58
7226.0856,4.08,-1.48,-3.08,7.58
7226.1157,4.08,-1.48,-3.08,7.58
7226.1477,4.08,-1.48,-3.08,7.58
7226.1786,4.07,-1.48,-3.08,7.58
7226.2088,4.08,-1.48,-3.08,7.58
7226.2401,4.08,-1.48,-3.08,7.58
7226.2707,4.08,-1.48,-3.08,7.59
7226.3172,4.08,-1.49,-3.08,7.59
7226.3485,4.08,-1.49,-3.08,7.59
7226.3953,4.08,-1.49,-3.08,7.59
7226.4272,4.08,-1.49,-3.08,7.59
7226.4582,4.08,-1.49,-3.08,7.59
7226.5043,4.08,-1.49,-3.08,7.59
7226.5327,4.08,-1.49,-3.08,7.59
7226.5667,4.08,-1.49,-3.08,7.59
7226.5985,4.08,-1.49,-3.08,7.59
7226.6285,4.08,-1.49,-3.08,7.59
7226.6594,4.09,-1.49,-3.08,7.60
7226.6818,4.09,-1.49,-3.08,7.60
7226.7148,4.09,-1.48,-3.08,7.60
7226.7527,4.09,-1.48,-3.08,7.60
7226.7842,4.09,-1.48,-3.08,7.60
7226.8173,4.09,-1.48,-3.08,7.60
7226.8329,4.09,-1.48,-3.08,7.60
7226.8652,4.09,-1.48,-3.08,7.60
7226.9110,4.09,-1.48,-3.08,7.60
7226.9422,4.09,-1.48,-3.08,7.61
7226.9740,4.09,-1.48,-3.08,7.61
7227.0052,4.09,-1.49,-3.08,7.61
7227.0516,4.09,-1.49,-3.08,7.61
7227.0829,4.09,-1.49,-3.08,7.61
7227.1151,4.09,-1.49,-3.08,7.61
7227.1466,4.09,-1.49,-3.08,7.61
7227.1773,4.09,-1.49,-3.08,7.61
7227.2080,4.09,-1.49,-3.08,7.61
7227.2540,4.09,-1.49,-3.08,7.61
7227.2703,4.09,-1.49,-3.08,7.61
7227.3021,4.09,-1.49,-3.08,7.61
7227.3340,4.09,-1.49,-3.08,7.61
7227.3653,4.09,-1.49,-3.08,7.60
7227.3965,4.09,-1.49,-3.08,7.60
7227.4278,4.09,-1.49,-3.08,7.60
7227.4593,4.09,-1.49,-3.08,7.60
7227.4902,4.09,-1.49,-3.08,7.60
7227.5213,4.08,-1.49,-3.08,7.60
7227.5523,4.08,-1.49,-3.08,7.60
7227.5830,4.08,-1.49,-3.08,7.60
7227.6154,4.08,-1.49,-3.08,7.60
7227.6463,4.08,-1.49,-3.08,7.60
7227.6770,4.08,-1.49,-3.08,7.60
7227.7079,4.08,-1.49,-3.08,7.60
7227.7553,4.08,-1.49,-3.08,7.60
7227.7868,4.08,-1.49,-3.08,7.60
7227.8182,4.08,-1.49,-3.08,7.60
7227.8487,4.08,-1.49,-3.08,7.60
7227.8804,4.08,-1.48,-3.08,7.60
7227.9119,4.07,-1.48,-3.08,7.60
7227.9428,4.07,-1.48,-3.08,7.59
7227.9742,4.07,-1.48,-3.08,7.59
7228.0049,4.07,-1.48,-3.08,7.59
7228.0523,4.07,-1.48,-3.08,7.59
7228.0847,4.07,-1.48,-3.08,7.59
7228.1156,4.07,-1.48,-3.08,7.59
7228.1464,4.07,-1.48,-3.08,7.59
7228.1774,4.07,-1.48,-3.08,7.59
7228.2085,4.07,-1.48,-3.08,7.59
7228.2394,4.07,-1.48,-3.08,7.59
7228.2710,4.07,-1.48,-3.08,7.59
7228.3022,4.08,-1.48,-3.08,7.59
7228.3338,4.08,-1.48,-3.08,7.59
7228.3647,4.08,-1.48,-3.08,7.59
7228.3963,4.08,-1.48,-3.08,7.59
7228.4273,4.08,-1.48,-3.08,7.59
7228.4580,4.08,-1.48,-3.08,7.59
7228.4895,4.08,-1.48,-3.08,7.59
7228.5355,4.09,-1.48,-3.08,7.59
7228.5527,4.09,-1.48,-3.08,7.59
7228.5986,4.09,-1.48,-3.08,7.59
7228.6445,4.09,-1.48,-3.08,7.59
7228.6662,4.09,-1.47,-3.08,7.59
7228.7064,4.09,-1.47,-3.08,7.59
7228.7376,4.09,-1.47,-3.08,7.59
7228.7686,4.10,-1.47,-3.08,7.59
7228.7995,4.10,-1.47,-3.08,7.59
7228.8319,4.10,-1.47,-3.08,7.59
7228.8630,4.10,-1.47,-3.08,7.59
7228.8917,4.10,-1.47,-3.08,7.59
7228.9194,4.10,-1.47,-3.08,7.59
7228.9570,4.10,-1.47,-3.08,7.59
7228.9879,4.10,-1.47,-3.08,7.59
7229.0055,4.10,-1.47,-3.08,7.58
7229.0507,4.10,-1.47,-3.08,7.58
7229.0816,4.10,-1.47,-3.08,7.58
7229.1129,4.10,-1.47,-3.08,7.58
7229.1300,4.10,-1.47,-3.08,7.58
7229.1753,4.10,-1.47,-3.08,7.58
7229.2007,4.11,-1.47,-3.08,7.58
7229.2323,4.11,-1.47,-3.08,7.58
7229.2687,4.11,-1.47,-3.08,7.58
7229.2988,4.11,-1.47,-3.08,7.58
7229.3319,4.11,-1.47,-3.08,7.58
7229.3628,4.11,-1.47,-3.08,7.58
7229.3810,4.11,-1.47,-3.08,7.58
7229.4251,4.11,-1.47,-3.08,7.58
7229.4563,4.11,-1.47,-3.08,7.58
7229.4818,4.11,-1.47,-3.08,7.57
7229.5184,4.11,-1.47,-3.08,7.57
7229.5492,4.11,-1.47,-3.08,7.58
7229.5677,4.11,-1.47,-3.08,7.58
7229.6038,4.11,-1.47,-3.08,7.58
7229.6429,4.11,-1.48,-3.08,7.58
7229.6748,4.10,-1.48,-3.08,7.58
7229.6979,4.10,-1.48,-3.08,7.58
7229.7379,4.10,-1.48,-3.08,7.58
7229.7630,4.10,-1.48,-3.08,7.58
7229.7997,4.10,-1.48,-3.08,7.58
7229.8176,4.10,-1.48,-3.08,7.58
7229.8633,4.10,-1.48,-3.08,7.58
7229.8811,4.10,-1.48,-3.08,7.58
7229.9242,4.10,-1.48,-3.08,7.58
7229.9561,4.10,-1.48,-3.08,7.58
7229.9868,4.10,-1.48,-3.08,7.59
7230.0162,4.10,-1.48,-3.08,7.59
7230.0373,4.09,-1.48,-3.08,7.59
7230.0796,4.09,-1.48,-3.08,7.59
7230.1103,4.09,-1.48,-3.08,7.59
7230.1412,4.09,-1.48,-3.08,7.59
7230.1724,4.09,-1.48,-3.08,7.59
7230.2042,4.09,-1.48,-3.08,7.59
7230.2363,4.09,-1.49,-3.08,7.59
7230.2621,4.09,-1.49,-3.08,7.59
7230.2900,4.09,-1.49,-3.08,7.59
7230.3294,4.09,-1.49,-3.08,7.59
7230.3611,4.09,-1.49,-3.08,7.59
7230.3914,4.09,-1.49,-3.08,7.59
7230.4246,4.08,-1.49,-3.08,7.59
7230.4480,4.08,-1.49,-3.08,7.59
7230.4810,4.08,-1.49,-3.08,7.59
7230.5181,4.08,-1.49,-3.08,7.59
7230.5371,4.08,-1.49,-3.08,7.59
7230.5792,4.09,-1.49,-3.08,7.59
7230.6107,4.09,-1.49,-3.08,7.59
7230.6416,4.09,-1.49,-3.08,7.59
7230.6730,4.09,-1.49,-3.08,7.59
7230.6992,4.09,-1.49,-3.08,7.59
7230.7361,4.09,-1.49,-3.08,7.59
7230.7681,4.09,-1.49,-3.08,7.59
7230.7986,4.09,-1.49,-3.08,7.59
7230.8302,4.09,-1.49,-3.08,7.59
7230.8619,4.09,-1.49,-3.08,7.58
7230.8929,4.09,-1.49,-3.08,7.58
7230.9247,4.09,-1.49,-3.08,7.58
7230.9431,4.08,-1.48,-3.08,7.58
7230.9869,4.08,-1.48,-3.08,7.58
7231.0161,4.08,-1.48,-3.08,7.58
7231.0510,4.08,-1.48,-3.08,7.58
7231.0689,4.08,-1.48,-3.08,7.58
7231.1141,4.08,-1.48,-3.08,7.58
7231.1605,4.08,-1.48,-3.08,7.58
7231.1776,4.08,-1.48,-3.08,7.58
7231.2230,4.08,-1.48,-3.08,7.58
7231.2410,4.08,-1.48,-3.08,7.58
7231.2850,4.08,-1.48,-3.08,7.58
7231.3162,4.08,-1.48,-3.08,7.58
7231.3375,4.08,-1.48,-3.08,7.58
7231.3681,4.08,-1.48,-3.08,7.58
7231.4000,4.08,-1.48,-3.08,7.58
7231.4329,4.08,-1.48,-3.08,7.58
7231.4660,4.08,-1.48,-3.08,7.58
7231.4985,4.08,-1.48,-3.08,7.58
7231.5246,4.08,-1.48,-3.08,7.58
7231.5524,4.08,-1.48,-3.08,7.58
7231.5855,4.08,-1.48,-3.08,7.58
7231.6150,4.08,-1.48,-3.08,7.58
7231.6474,4.08,-1.48,-3.08,7.58
7231.6804,4.08,-1.48,-3.08,7.58
7231.7096,4.08,-1.48,-3.08,7.58
7231.7425,4.08,-1.47,-3.08,7.58
7231.7718,4.08,-1.47,-3.08,7.58
7231.8050,4.08,-1.47,-3.08,7.58
7231.8336,4.09,-1.47,-3.08,7.58
7231.8753,4.09,-1.47,-3.08,7.58
7231.9075,4.09,-1.47,-3.08,7.58
7231.9375,4.09,-1.47,-3.08,7.58
7231.9687,4.09,-1.47,-3.08,7.58
7231.9992,4.09,-1.47,-3.08,7.58
7232.0306,4.09,-1.47,-3.08,7.58
7232.0612,4.09,-1.47,-3.08,7.58
7232.0865,4.10,-1.47,-3.08,7.58
7232.1189,4.10,-1.47,-3.08,7.58
7232.1536,4.10,-1.48,-3.08,7.58
7232.1785,4.10,-1.48,-3.08,7.59
7232.2127,4.10,-1.48,-3.08,7.59
7232.2466,4.10,-1.48,-3.08,7.58
7232.2782,4.10,-1.47,-3.08,7.58
7232.3094,4.10,-1.47,-3.08,7.58
7232.3403,4.10,-1.48,-3.08,7.59
7232.3715,4.10,-1.48,-3.08,7.59
7232.4036,4.10,-1.48,-3.08,7.59
7232.4315,4.10,-1.48,-3.08,7.59
7232.4634,4.10,-1.48,-3.08,7.59
7232.4957,4.10,-1.48,-3.08,7.59
7232.5271,4.10,-1.48,-3.08,7.59
7232.5585,4.10,-1.48,-3.08,7.59
7232.5906,4.11,-1.48,-3.08,7.59
7232.6225,4.11,-1.48,-3.08,7.59
7232.6548,4.11,-1.48,-3.08,7.59
7232.6872,4.11,-1.48,-3.08,7.59
7232.7197,4.11,-1.48,-3.08,7.59
7232.7524,4.11,-1.48,-3.08,7.59
7232.7846,4.12,-1.48,-3.08,7.59
7232.8179,4.12,-1.48,-3.08,7.59
7232.8329,4.12,-1.48,-3.08,7.59
7232.8653,4.12,-1.48,-3.08,7.59
7232.8972,4.12,-1.48,-3.08,7.59
7232.9291,4.12,-1.48,-3.07,7.59
7232.9612,4.12,-1.48,-3.07,7.59
7233.0022,4.12,-1.48,-3.07,7.59
7233.0338,4.12,-1.48,-3.07,7.60
7233.0660,4.12,-1.49,-3.07,7.60
7233.0982,4.12,-1.49,-3.07,7.60
7233.1143,4.12,-1.49,-3.07,7.60
7233.1464,4.12,-1.49,-3.07,7.60
7233.1797,4.12,-1.49,-3.07,7.60
7233.2113,4.12,-1.49,-3.07,7.60
7233.2433,4.12,-1.49,-3.07,7.60
7233.2754,4.12,-1.49,-3.07,7.60
7233.3075,4.12,-1.49,-3.07,7.60
7233.3392,4.12,-1.49,-3.07,7.60
7233.3713,4.13,-1.49,-3.07,7.61
7233.4033,4.13,-1.49,-3.07,7.61
7233.4351,4.13,-1.49,-3.07,7.61
7233.4670,4.13,-1.49,-3.07,7.61
7233.4985,4.14,-1.49,-3.07,7.61
7233.5313,4.13,-1.49,-3.07,7.61
7233.5621,4.13,-1.49,-3.07,7.61
7233.5942,4.13,-1.49,-3.07,7.61
7233.6263,4.10,-1.48,-3.06,7.61
7233.6584,4.03,-1.55,-2.98,7.63
7233.6902,3.97,-1.61,-2.91,7.65
7233.7219,3.92,-1.66,-2.86,7.66
7233.7546,3.51,-1.46,-3.01,7.56
7233.7709,3.16,-1.29,-3.15,7.49
7233.8034,2.86,-1.15,-3.26,7.56
7233.8348,2.61,-1.02,-3.36,7.62
7233.8665,2.36,-1.10,-3.23,7.69
7233.8991,1.74,0.62,-3.34,6.27
7233.9312,1.20,2.07,-3.43,5.21
7233.9632,0.75,3.31,-3.51,5.29
7233.9959,-0.06,7.44,-3.67,3.74
7234.0277,-0.75,10.95,-3.80,3.84
7234.0596,-1.34,13.93,-3.91,4.87
7234.0917,-1.84,16.54,-3.92,4.42
7234.1239,-2.56,21.42,-3.71,5.87
7234.1559,-3.24,25.57,-3.53,7.23
7234.1877,-3.88,29.11,-3.37,8.36
7234.2194,-4.49,32.06,-3.21,7.07
7234.2514,-5.02,36.32,-2.98,7.29
7234.2836,-5.55,39.95,-2.79,7.33
7234.3165,-6.07,43.03,-2.62,7.21
7234.3480,-6.56,45.65,-2.46,6.97
7234.3798,-7.10,49.16,-2.30,6.91
7234.4124,-7.65,52.14,-2.16,6.70
7234.4443,-8.20,54.68,-2.05,6.40
7234.4767,-9.11,57.75,-1.91,6.92
7234.5088,-10.02,60.35,-1.78,6.50
7234.5413,-10.94,62.59,-1.64,6.02
7234.5735,-11.85,64.50,-1.52,5.51
7234.6048,-13.28,66.77,-1.32,5.59
7234.6366,-14.71,68.66,-1.15,4.94
7234.6673,-16.12,70.27,-1.01,4.37
7234.6997,-17.50,71.64,-0.89,3.90
7234.7283,-19.34,73.14,-0.74,3.74
7234.7603,-21.13,74.42,-0.61,3.59
7234.7929,-22.86,75.51,-0.50,3.58
7234.8247,-24.51,76.43,-0.40,3.70
7234.8568,-26.05,77.22,-0.32,4.00
7234.8802,-27.45,77.91,-0.25,4.35
7234.9175,-29.06,78.49,-0.12,4.66
7234.9494,-30.52,78.99,-0.02,5.00
7234.9812,-31.83,79.41,0.07,5.46
7235.0136,-33.97,79.64,0.35,5.69
7235.0457,-35.77,79.83,0.60,5.93
7235.0777,-37.30,79.99,0.80,6.19
7235.1095,-38.59,80.13,0.98,6.59
7235.1420,-41.91,80.01,1.92,6.49
7235.1735,-44.45,79.92,2.73,6.48
7235.2052,-46.42,79.83,3.41,6.52
7235.2371,-48.14,79.76,4.07,6.77
7235.2613,-51.14,79.76,5.38,6.55
7235.2941,-53.42,79.75,6.49,6.41
7235.3261,-55.19,79.73,7.44,6.33
7235.3582,-56.80,79.73,8.38,6.49
7235.3904,-58.98,79.71,9.83,6.33
7235.4223,-60.63,79.69,11.06,6.22
7235.4541,-61.92,79.67,12.11,6.24
7235.4781,-63.01,79.65,13.06,6.29
7235.5063,-64.15,79.53,14.30,6.19
7235.5449,-65.03,79.43,15.36,6.13
7235.5776,-65.73,79.33,16.25,6.14
7235.6096,-66.30,79.26,17.02,6.18
7235.6417,-66.81,79.08,17.93,6.15
7235.6738,-67.22,78.94,18.71,6.14
7235.7070,-67.55,78.81,19.37,6.17
7235.7247,-67.81,78.69,19.92,6.21
7235.7620,-68.09,78.55,20.58,6.19
7235.7929,-68.31,78.43,21.13,6.19
7235.8220,-68.49,78.33,21.60,6.23
7235.8549,-68.69,78.22,22.11,6.23
7235.8870,-68.85,78.14,22.53,6.24
7235.9194,-68.99,78.06,22.90,6.26
7235.9511,-69.10,78.00,23.20,6.30
7235.9833,-69.19,77.93,23.49,6.33
7236.0156,-69.27,77.87,23.73,6.36
7236.0483,-69.33,77.83,23.94,6.40
7236.0808,-69.42,77.80,24.11,6.44
7236.1123,-69.44,77.79,24.19,6.52
7236.1445,-69.46,77.78,24.26,6.59
7236.1776,-69.47,77.77,24.32,6.66
7236.2096,-69.53,77.79,24.37,6.72
7236.2419,-69.68,78.08,23.99,6.90
7236.2796,-69.81,78.32,23.68,7.06
7236.3115,-69.91,78.52,23.41,7.20
7236.3434,-69.68,78.94,22.23,8.05
7236.3757,-69.47,79.29,21.22,8.15
7236.4080,-69.27,79.58,20.36,8.21
7236.4397,-69.10,79.83,19.63,8.23
7236.4637,-68.13,80.18,17.90,9.22
7236.4940,-67.19,80.47,16.43,9.41
7236.5265,-66.29,80.70,15.17,9.52
7236.5579,-65.44,80.89,14.10,9.57
7236.5906,-63.35,81.22,11.98,10.63
7236.6227,-61.17,81.49,10.17,10.86
7236.6548,-58.94,81.70,8.63,10.98
7236.6781,-56.79,81.91,7.33,11.03
7236.7098,-52.08,82.21,5.19,11.96
7236.7416,-46.77,82.45,3.37,12.12
7236.7733,-40.92,82.66,1.81,12.19
7236.8117,-28.71,82.71,-0.44,13.10
7236.8360,-15.31,82.75,-2.35,13.23
7236.8764,-2.22,82.79,-3.98,13.27
7236.9087,9.22,82.81,-5.37,13.23
7236.9409,24.24,82.75,-7.31,13.93
7236.9730,34.53,82.67,-8.96,13.98
7237.0049,41.57,82.60,-10.36,13.96
7237.0367,46.50,82.54,-11.55,13.88
7237.0685,52.55,82.41,-13.28,14.56
7237.1008,56.46,82.26,-14.76,14.59
7237.1328,59.20,82.14,-16.02,14.55
7237.1649,61.19,82.04,-17.08,14.46
7237.1969,63.37,81.78,-18.55,14.59
7237.2291,64.95,81.55,-19.79,14.63
7237.2603,66.13,81.37,-20.84,14.60
7237.2929,67.38,81.13,-22.07,14.92
7237.3250,68.33,80.94,-23.10,14.96
7237.3574,69.08,80.78,-23.97,14.94
7237.3892,69.67,80.64,-24.71,14.87
7237.4209,70.27,80.52,-25.45,14.89
7237.4469,70.76,80.42,-26.07,14.83
7237.4768,71.16,80.34,-26.59,14.74
7237.5121,71.48,80.27,-27.04,14.63
7237.5435,71.76,80.22,-27.40,14.50
7237.5749,71.98,80.18,-27.71,14.38
7237.6070,72.17,80.14,-27.98,14.25
7237.6389,72.33,80.11,-28.20,14.13
7237.6710,72.49,80.10,-28.40,14.01
7237.6946,72.58,80.06,-28.57,13.90
7237.7271,72.66,80.04,-28.71,13.80
7237.7591,72.73,80.02,-28.82,13.70
7237.7913,72.90,80.05,-28.92,13.59
7237.8228,73.01,80.07,-29.00,13.50
7237.8527,73.11,80.09,-29.07,13.42
7237.8929,73.25,80.14,-29.10,13.31
7237.9251,73.37,80.18,-29.13,13.23
7237.9573,73.47,80.22,-29.16,13.15
7237.9888,73.56,80.25,-29.18,13.08
7238.0049,73.63,80.28,-29.20,13.02
7238.0372,73.67,80.28,-29.18,12.99
7238.0696,73.70,80.29,-29.16,12.95
7238.1021,73.73,80.29,-29.15,12.87
7238.1342,73.48,80.03,-28.32,13.09
7238.1659,73.28,79.82,-27.62,13.27
7238.1982,73.11,79.64,-27.02,13.42
7238.2300,72.98,79.49,-26.51,13.24
7238.2614,72.88,79.33,-26.16,13.07
7238.2933,72.79,79.20,-25.86,12.91
7238.3254,72.23,78.54,-23.34,13.41
7238.3574,71.88,78.03,-21.22,12.97
7238.3890,71.63,77.61,-19.44,12.53
7238.4208,71.45,77.27,-17.92,12.10
7238.4447,70.79,76.25,-14.29,12.54
7238.4768,70.39,75.45,-11.25,12.86
7238.5086,70.15,74.81,-8.67,13.10
7238.5405,70.02,74.30,-6.50,12.76
7238.5727,71.01,74.12,-3.09,13.15
7238.6049,71.92,74.08,-0.18,13.45
7238.6369,72.77,74.16,2.30,13.66
7238.6769,73.95,74.32,5.33,14.47
7238.7089,75.04,74.62,7.92,14.19
7238.7407,76.03,75.01,10.14,13.87
7238.7781,76.91,75.44,12.05,13.52
7238.8101,77.83,75.71,14.17,13.87
7238.8416,78.69,76.08,15.99,13.60
7238.8658,79.46,76.51,17.55,13.29
7238.9062,80.14,76.96,18.89,12.96
7238.9381,80.53,76.89,19.60,12.66
7238.9696,80.94,76.96,20.22,12.32
7239.0013,81.31,77.07,20.75,11.97
7239.0331,81.63,77.20,21.21,11.60
7239.0649,81.92,77.33,21.59,10.82
7239.0972,82.49,77.68,21.45,10.73
7239.1284,82.98,78.03,21.33,10.59
7239.1606,83.41,78.36,21.23,10.41
7239.1924,83.68,78.51,21.15,9.75
7239.2248,85.58,81.30,19.18,10.18
7239.2568,87.15,83.98,17.46,10.53
7239.2884,88.44,86.50,15.97,10.80
7239.3200,89.44,88.66,14.60,10.74
7239.3522,90.56,91.42,13.06,10.85
7239.3934,91.49,94.01,11.72,10.89
7239.4256,92.27,96.40,10.57,10.81
7239.4576,93.16,99.43,9.27,10.97
7239.4894,93.90,102.24,8.14,11.07
7239.5213,94.52,104.82,7.18,11.12
7239.5537,95.13,107.43,6.30,10.79
7239.5853,95.77,110.78,5.25,10.93
7239.6175,96.31,113.89,4.34,11.01
7239.6597,96.76,116.74,3.56,10.91
7239.6915,97.25,119.88,2.85,10.88
7239.7232,97.67,122.69,2.23,10.82
7239.7390,98.02,125.18,1.70,10.74
7239.7870,98.32,127.37,1.26,10.27
7239.8262,99.00,132.56,0.49,10.48
7239.8587,99.57,137.19,-0.18,10.62
7239.8908,100.06,141.23,-0.75,10.70
7239.9209,100.49,144.76,-1.27,10.56
7239.9534,102.23,152.10,-2.48,10.66
7239.9775,103.70,157.51,-3.55,10.76
7240.0095,104.95,161.57,-4.48,10.84
7240.0414,106.00,164.65,-5.28,10.60
7240.0735,109.01,168.83,-4.96,10.57
7240.1060,111.58,171.44,-4.67,10.61
7240.1380,113.76,173.17,-4.41,10.26
7240.1696,115.63,174.30,-4.14,10.08
7240.2015,120.25,174.41,-0.95,9.57
7240.2336,124.17,174.21,2.12,9.29
7240.2658,127.49,173.89,5.06,8.85
7240.2982,132.06,172.81,9.85,8.54
7240.3280,135.92,171.86,14.63,8.36
7240.3606,139.20,171.04,19.34,8.22
7240.3918,142.12,170.37,23.84,7.60
7240.4239,145.83,169.81,29.27,7.75
7240.4568,148.99,169.32,34.76,7.84
7240.4889,151.68,168.90,40.21,7.85
7240.5207,153.96,168.55,45.50,7.31
7240.5608,156.71,168.37,51.86,7.42
7240.5922,159.04,168.20,58.23,7.44
7240.6240,161.03,168.04,64.51,7.07
7240.6558,163.04,168.38,69.41,7.19
7240.6875,164.74,168.65,74.31,7.21
7240.7113,166.18,168.87,79.12,7.18
7240.7427,167.41,169.05,83.77,6.94
7240.7746,168.54,169.29,88.15,6.82
7240.8067,169.50,169.49,92.33,6.67
7240.8446,170.32,169.66,96.26,6.50
7240.8764,171.04,169.82,99.96,6.32
7240.9073,171.64,169.97,103.22,6.14
7240.9325,172.15,170.10,106.19,5.96
7240.9724,172.58,170.20,108.86,5.87
7241.0046,172.98,170.32,111.32,5.78
7241.0208,173.26,170.28,113.85,5.55
7241.0539,173.49,170.25,116.04,5.35
7241.0857,173.69,170.22,117.93,5.18
7241.1177,173.88,170.22,119.57,5.18
7241.1498,174.00,170.04,121.73,5.01
7241.1824,174.11,169.88,123.53,4.87
7241.2143,174.19,169.74,125.05,4.74
7241.2464,174.24,169.59,126.25,4.64
7241.2781,174.37,169.53,127.70,4.65
7241.3104,174.49,169.49,128.94,4.68
7241.3351,174.59,169.45,129.99,4.67
7241.3777,174.67,169.41,130.88,4.67
7241.4095,174.74,169.37,131.63,4.68
7241.4415,174.83,169.37,132.41,4.71
7241.4739,174.91,169.37,133.09,4.76
7241.5061,174.97,169.37,133.66,4.80
7241.5378,175.04,169.38,134.16,4.84
7241.5777,175.10,169.37,134.74,4.85
7241.6099,175.15,169.36,135.23,4.86
7241.6420,175.19,169.36,135.66,4.87
7241.6740,175.36,169.42,136.97,4.94
7241.7059,175.51,169.48,138.11,5.00
7241.7383,175.64,169.53,139.10,5.06
7241.7620,175.74,169.57,139.95,5.07
7241.7944,175.95,169.66,141.68,5.11
7241.8257,176.13,169.74,143.19,5.14
7241.8578,176.28,169.80,144.50,5.17
7241.8898,176.41,169.86,145.64,5.16
7241.9198,176.68,169.93,148.19,5.15
7241.9433,176.91,169.99,150.43,5.14
7241.9753,177.10,170.05,152.36,5.14
7242.0072,177.26,170.09,154.04,5.09
7242.0391,177.56,170.19,157.14,5.09
7242.0709,177.81,170.27,159.86,5.09
7242.1033,178.03,170.34,162.22,5.09
7242.1365,178.22,170.40,164.31,5.09
7242.1686,178.42,170.47,166.59,5.10
7242.2003,178.59,170.53,168.57,5.08
7242.2316,178.74,170.59,170.28,5.07
7242.2640,178.86,170.63,171.79,5.05
7242.2960,179.02,170.69,173.68,5.04
7242.3277,179.16,170.73,175.30,5.03
7242.3602,179.27,170.77,176.70,5.02
7242.3915,179.43,170.86,178.62,5.08
7242.4237,179.56,170.94,180.28,5.07
7242.4559,179.68,171.01,181.72,5.05
7242.4879,179.77,171.07,182.97,5.03
7242.5117,179.95,171.26,185.27,5.14
7242.5437,179.95,171.42,187.31,5.14
7242.5756,179.95,171.55,189.10,5.13
7242.6077,179.95,171.67,190.67,5.11
7242.6394,179.95,171.90,193.30,5.20
7242.6712,179.95,172.09,195.65,5.21
7242.6952,179.95,172.26,197.74,5.22
7242.7266,179.95,172.40,199.58,5.21
7242.7583,179.95,172.60,201.66,5.27
7242.7906,179.95,172.76,203.50,5.28
7242.8227,179.95,172.90,205.13,5.27
7242.8543,179.95,173.03,206.68,5.27
7242.8943,179.95,173.13,208.06,5.25
7242.9117,179.95,173.22,209.26,5.23
7242.9577,179.95,173.30,210.31,5.21
7242.9853,179.95,173.37,211.29,5.19
7243.0095,179.95,173.42,212.19,5.16
7243.0409,179.95,173.46,212.96,5.13
7243.0723,179.95,173.50,213.62,5.10
7243.1042,179.95,173.52,214.17,5.07
7243.1360,179.95,173.56,214.91,5.04
7243.1680,179.95,173.58,215.53,5.01
7243.2000,179.95,173.61,216.07,4.98
7243.2314,179.95,173.62,216.69,4.94
7243.2638,179.95,173.63,217.21,4.91
7243.2963,179.95,173.64,217.66,4.88
7243.3278,179.95,173.64,218.04,4.86
7243.3606,179.95,173.62,218.05,4.80
7243.3932,179.95,173.61,218.06,4.76
7243.4254,179.95,173.60,218.07,4.72
7243.4572,179.95,173.59,218.21,4.69
7243.4891,179.95,173.57,218.30,4.65
7243.5211,179.95,173.56,218.37,4.61
7243.5535,179.95,173.55,218.44,4.57
7243.5933,179.95,173.53,218.64,4.55
7243.6255,179.95,173.52,218.81,4.52
7243.6575,179.95,173.52,218.96,4.50
7243.6899,179.95,173.51,219.08,4.48
7243.7218,179.95,173.49,218.87,4.45
7243.7536,179.95,173.48,218.68,4.43
7243.7777,179.95,173.47,218.53,4.41
7243.8104,179.95,173.47,218.39,4.39
7243.8418,179.95,173.42,217.36,4.34
7243.8736,179.95,173.38,216.50,4.31
7243.8973,179.95,173.35,215.76,4.29
7243.9280,179.95,173.33,215.14,4.26
7243.9592,179.95,173.27,212.34,4.26
7244.0027,179.95,173.22,209.97,4.22
7244.0351,179.95,173.18,207.97,4.19
7244.0670,179.95,173.15,206.25,4.16
7244.0995,179.95,173.12,200.55,4.24
7244.1316,179.95,173.09,195.69,4.31
7244.1635,179.95,173.07,191.56,4.31
7244.1952,179.65,173.02,182.50,4.45
7244.2273,179.16,172.97,174.95,4.58
7244.2594,178.75,172.93,168.70,4.71
7244.2908,178.40,172.90,163.54,4.60
7244.3234,177.64,172.85,152.70,4.77
7244.3555,176.99,172.82,144.09,4.91
7244.3876,176.43,172.79,137.25,5.02
7244.4117,175.96,172.76,131.75,4.83
7244.4436,175.08,172.81,121.69,5.04
7244.4754,174.33,172.85,113.92,5.19
7244.5076,173.69,172.89,107.86,5.31
7244.5395,173.15,172.91,103.15,5.10
7244.5714,172.22,172.99,95.64,5.28
7244.6109,171.42,173.05,89.93,5.41
7244.6428,170.75,173.11,85.52,5.25
7244.6748,169.81,173.17,80.29,5.34
7244.7063,169.02,173.22,76.31,5.39
7244.7386,168.35,173.26,73.23,5.40
7244.7702,167.77,173.30,70.81,5.32
7244.7946,167.29,173.36,68.79,5.22
7244.8269,166.89,173.40,67.17,5.11
7244.8592,166.54,173.45,65.84,5.00
7244.8907,166.25,173.48,64.76,4.87
7244.9144,166.01,173.53,63.75,4.76
7244.9441,165.81,173.58,62.91,4.64
7244.9757,165.64,173.62,62.22,4.54
7245.0178,165.50,173.66,61.56,4.44
7245.0497,165.38,173.67,61.20,4.33
7245.0819,165.29,173.68,60.91,4.22
7245.1131,165.20,173.69,60.66,4.12
7245.1448,165.14,173.71,60.39,4.03
7245.1766,165.07,173.70,60.30,3.94
7245.2092,165.01,173.69,60.22,3.85
7245.2415,164.96,173.69,60.15,3.77
7245.2732,164.90,173.65,60.23,3.68
7245.3065,164.86,173.62,60.30,3.60
7245.3369,164.82,173.60,60.36,3.53
7245.3688,164.78,173.58,60.42,3.47
7245.4006,164.79,173.50,60.90,3.35
7245.4280,164.80,173.43,61.31,3.24
7245.4600,164.81,173.38,61.65,3.14
7245.4916,164.82,173.33,61.92,3.39
7245.5248,165.17,172.35,68.79,2.63
7245.5569,165.48,171.52,74.56,2.00
7245.5889,165.74,170.82,79.39,1.48
7245.6211,165.98,170.23,83.44,2.03
7245.6611,166.71,168.02,97.82,0.85
7245.6935,167.34,166.15,109.00,0.41
7245.7242,167.88,164.57,117.69,0.39
7245.7558,168.79,161.68,131.79,1.24
7245.7882,169.56,159.24,141.89,2.19
7245.8273,170.21,157.16,149.31,2.93
7245.8592,170.76,155.37,154.85,2.82
7245.8910,171.41,153.39,160.58,3.12
7245.9158,171.96,151.71,164.93,3.28
7245.9445,172.44,150.27,168.29,3.34
7245.9758,172.85,149.08,170.99,2.99
7246.0108,173.32,147.54,174.07,3.15
7246.0428,173.72,146.23,176.48,3.22
7246.0744,174.05,145.12,178.40,2.81
7246.1069,174.36,144.18,180.01,2.39
7246.1387,174.57,142.65,181.40,2.68
7246.1708,174.76,141.34,182.49,2.87
7246.2040,174.92,140.23,183.37,2.30
7246.2347,175.13,138.33,184.13,2.69
7246.2668,175.32,136.72,184.72,2.95
7246.2993,175.50,135.36,185.19,3.10
7246.3309,175.67,134.20,185.57,2.50
7246.3635,175.75,132.31,185.57,2.78
7246.3962,175.84,130.71,185.57,2.94
7246.4277,175.94,129.35,185.57,3.01
7246.4597,176.04,128.19,185.57,2.52
7246.4917,176.28,126.53,185.75,2.72
7246.5234,176.51,125.11,185.89,2.82
7246.5552,176.73,123.91,186.01,2.40
7246.5873,176.94,122.89,186.12,1.97
7246.6272,177.26,121.33,186.51,2.22
7246.6593,177.56,120.00,186.84,2.38
7246.6908,177.84,118.87,187.10,1.94
7246.7227,178.50,116.98,187.89,2.43
7246.7558,179.12,115.38,188.53,2.78
7246.7872,179.71,114.02,189.05,3.02
7246.8273,179.71,112.86,189.48,2.66
7246.8596,179.71,111.12,190.13,2.99
7246.8914,179.71,109.64,190.66,3.20
7246.9167,179.71,108.38,191.09,3.06
7246.9441,179.71,107.30,191.45,2.91
7246.9757,179.71,105.79,191.87,3.18
7247.0188,179.71,104.49,192.21,3.37
7247.0505,179.71,103.40,192.50,3.33
7247.0831,179.71,101.97,193.01,3.63
7247.1153,179.71,100.76,193.44,3.85
7247.1473,179.71,99.73,193.79,4.01
7247.1791,179.71,98.86,194.09,4.12
7247.2109,179.71,97.74,194.44,4.34
7247.2430,179.71,96.79,194.73,4.47
7247.2748,179.71,95.99,194.97,4.55
7247.3074,179.71,95.30,195.17,4.60
7247.3387,179.71,94.34,195.35,4.71
7247.3708,179.71,93.53,195.49,4.79
7247.4033,179.71,92.84,195.62,4.85
7247.4278,179.71,92.25,195.72,4.90
7247.4598,179.71,91.37,195.89,5.02
7247.4918,179.71,90.62,196.04,5.11
7247.5240,179.71,89.98,196.16,5.19
7247.5557,179.71,89.14,196.36,5.36
7247.5877,179.71,88.43,196.53,5.46
7247.6274,179.71,87.82,196.68,5.54
7247.6593,179.71,87.31,196.80,5.60
7247.6911,179.71,86.71,196.93,5.69
7247.7234,179.71,86.20,197.04,5.77
7247.7553,179.71,85.77,197.13,5.83
7247.7872,179.71,85.40,197.21,5.88
7247.8270,179.71,84.95,197.28,5.95
7247.8597,179.71,84.57,197.33,6.00
7247.8914,179.71,84.24,197.37,6.05
7247.9234,179.71,83.85,197.46,6.12
7247.9493,179.71,83.53,197.53,6.18
7247.9776,179.71,83.25,197.58,6.23
7248.0097,179.71,83.01,197.63,6.29
7248.0421,179.71,82.74,197.67,6.32
7248.0692,179.71,82.51,197.69,6.37
7248.1099,179.71,82.32,197.72,6.42
7248.1424,179.71,82.15,197.74,6.48
7248.1744,179.71,81.93,197.77,6.53
7248.2067,179.71,81.74,197.81,6.59
7248.2391,179.71,81.57,197.83,6.64
7248.2550,179.71,81.43,197.85,6.69
7248.2872,179.71,81.23,197.89,6.72
7248.3196,179.71,81.06,197.91,6.77
7248.3515,179.71,80.91,197.94,6.83
7248.3846,179.71,80.79,197.96,6.87
7248.4158,179.71,80.61,198.00,6.92
7248.4482,179.71,80.45,198.03,6.97
7248.4771,179.71,80.32,198.06,7.01
7248.5089,179.71,80.21,198.08,7.05
7248.5413,179.71,80.12,198.10,7.12
7248.5726,179.71,80.00,198.11,7.15
7248.6048,179.71,79.89,198.11,7.18
7248.6442,179.71,79.80,198.11,7.21
7248.6764,179.71,79.72,198.11,7.24
7248.7083,179.71,79.59,198.13,7.27
7248.7403,179.71,79.47,198.15,7.31
7248.7720,179.71,79.37,198.17,7.34
7248.8045,179.71,79.28,198.19,7.36
7248.8444,179.71,79.18,198.20,7.39
7248.8759,179.71,79.09,198.21,7.42
7248.9077,179.71,79.02,198.22,7.46
7248.9409,179.71,78.93,198.23,7.48
7248.9651,179.71,78.86,198.23,7.51
7248.9938,179.71,78.79,198.24,7.53
7249.0252,179.71,78.74,198.24,7.55
7249.0644,179.71,78.68,198.25,7.58
7249.0984,179.71,78.64,198.26,7.60
7249.1306,179.71,78.60,198.27,7.62
7249.1636,179.71,78.56,198.27,7.64
7249.1946,179.71,78.53,198.27,7.65
7249.2269,179.71,78.50,198.28,7.66
7249.2580,179.71,78.42,198.30,7.69
7249.2900,179.71,78.36,198.32,7.72
7249.3224,179.71,78.30,198.34,7.74
7249.3545,179.71,78.16,198.36,7.76
7249.3872,179.71,78.03,198.38,7.79
7249.4193,179.71,77.92,198.40,7.81
7249.4512,179.71,77.82,198.41,7.84
7249.4780,179.71,77.70,198.44,7.86
7249.5094,179.71,77.60,198.46,7.87
7249.5414,179.71,77.51,198.47,7.88
7249.5728,179.71,77.43,198.48,7.90
7249.6048,179.71,77.36,198.49,7.90
7249.6440,179.71,77.30,198.50,7.91
7249.6762,179.71,77.24,198.51,7.92
7249.7082,179.71,77.20,198.52,7.93
7249.7400,179.71,77.15,198.54,7.93
7249.7711,179.71,77.10,198.55,7.94
7249.8034,179.71,77.07,198.56,7.94
7249.8444,179.71,77.02,198.57,7.94
7249.8762,179.71,76.98,198.58,7.94
7249.9072,179.71,76.95,198.59,7.95
7249.9400,179.71,76.92,198.59,7.95
7249.9717,179.71,76.89,198.60,7.96
7249.9956,179.71,76.87,198.60,7.96
7250.0268,179.71,76.85,198.61,7.97
7250.0591,179.71,76.83,198.61,7.97
7250.0913,179.71,76.81,198.61,7.98
7250.1157,179.71,76.79,198.61,7.98
7250.1563,179.71,76.77,198.61,7.98
7250.1876,179.71,76.75,198.61,7.98
7250.2192,179.71,76.74,198.62,7.99
7250.2507,179.71,76.74,198.63,8.00
7250.2830,179.71,76.73,198.64,8.00
7250.3152,179.71,76.71,198.65,8.01
7250.3473,179.71,76.70,198.66,8.01
7250.3785,179.71,76.69,198.67,8.01
7250.4101,179.71,76.68,198.68,8.01
7250.4414,179.71,76.67,198.69,8.01
7250.4739,179.71,76.67,198.70,8.01
7250.5064,179.71,76.66,198.70,8.02
7250.5379,179.71,76.66,198.71,8.02
7250.5703,179.71,76.66,198.71,8.02
7250.6109,179.71,76.66,198.71,8.03
7250.6428,179.71,76.64,198.73,8.03
7250.6750,179.71,76.63,198.74,8.03
7250.7070,179.71,76.62,198.76,8.03
7250.7393,179.71,76.60,198.76,8.03
7250.7712,179.71,76.58,198.77,8.03
7250.8038,179.71,76.56,198.77,8.03
7250.8432,179.71,76.55,198.78,8.04
7250.8749,179.71,76.54,198.78,8.04
7250.9071,179.71,76.53,198.79,8.04
7250.9390,179.71,76.53,198.79,8.04
7250.9707,179.71,76.52,198.79,8.04
7250.9956,179.71,76.52,198.79,8.04
7251.0279,179.71,76.52,198.80,8.04
7251.0600,179.71,76.52,198.80,8.04
7251.0917,179.71,76.51,198.80,8.04
7251.1236,179.71,76.50,198.81,8.04
7251.1563,179.71,76.50,198.81,8.04
7251.1882,179.71,76.51,198.82,8.04
7251.2204,179.71,76.50,198.82,8.04
7251.2527,179.71,76.50,198.82,8.02
7251.2842,179.71,76.61,198.85,8.04
7251.3173,179.71,76.68,198.86,8.06
7251.3329,179.71,76.74,198.86,8.08
7251.3653,179.71,76.79,198.87,8.00
7251.3979,179.71,77.45,198.76,8.04
7251.4298,179.71,78.01,198.67,8.08
7251.4621,179.71,78.48,198.57,8.12
7251.4937,179.71,78.88,198.49,7.92
7251.5261,179.71,80.39,198.16,7.98
7251.5614,179.71,81.67,197.89,8.06
7251.5928,179.71,82.77,197.65,7.69
7251.6254,179.71,83.70,197.44,7.37
7251.6573,179.71,86.07,196.92,7.51
7251.6904,179.71,88.08,196.45,7.70
7251.7222,179.71,89.80,196.04,7.18
7251.7541,179.71,92.92,195.26,7.58
7251.7781,179.71,95.56,194.57,7.97
7251.8105,179.71,97.81,193.94,8.29
7251.8422,179.71,99.71,193.38,7.77
7251.8742,179.71,102.59,192.63,8.21
7251.9061,179.71,105.03,191.95,8.55
7251.9381,179.71,107.11,191.34,8.77
7251.9619,179.71,108.87,190.79,8.15
7251.9934,179.71,111.64,190.22,8.70
7252.0255,179.88,113.98,189.71,9.09
7252.0577,179.68,115.98,189.25,9.35
7252.0897,179.52,117.68,188.84,8.60
7252.1273,178.96,120.53,187.96,9.15
7252.1604,178.53,122.95,187.15,9.54
7252.1921,178.18,125.01,186.41,9.78
7252.2240,177.91,126.76,185.74,9.24
7252.2561,177.46,129.15,184.75,9.55
7252.2887,177.11,131.18,183.83,9.73
7252.3203,176.82,132.90,183.00,9.80
7252.3522,176.51,135.06,182.01,10.46
7252.3846,176.26,136.89,181.10,10.55
7252.4167,176.06,138.45,180.26,10.53
7252.4486,175.89,139.77,179.51,10.45
7252.4813,175.70,141.58,178.52,10.98
7252.5127,175.55,143.12,177.60,10.79
7252.5456,175.43,144.43,176.77,10.54
7252.5772,175.32,145.55,176.01,10.25
7252.6099,175.49,147.18,175.61,10.59
7252.6418,175.61,148.56,175.22,10.35
7252.6743,175.71,149.74,174.86,10.07
7252.7062,175.80,150.73,174.53,9.76
7252.7381,175.95,152.11,174.21,9.66
7252.7701,176.08,153.27,173.93,9.51
7252.7943,176.19,154.27,173.67,9.32
7252.8263,176.28,155.11,173.43,9.09
7252.8581,176.37,156.20,173.02,9.00
7252.8899,176.44,157.12,172.61,8.86
7252.9218,176.50,157.91,172.24,8.69
7252.9541,176.61,158.74,171.92,8.65
7252.9785,176.70,159.44,171.63,8.59
7253.0104,176.78,160.05,171.38,8.50
7253.0426,176.84,160.57,171.15,8.39
7253.0781,176.98,161.05,171.10,8.30
7253.1101,177.09,161.46,171.05,8.21
7253.1435,177.18,161.81,171.01,8.10
7253.1678,177.26,162.09,170.98,7.99
7253.2073,177.37,162.42,170.67,7.95
7253.2384,177.46,162.70,170.40,7.90
7253.2693,177.53,162.93,170.17,7.85
7253.3011,177.60,163.13,170.01,7.79
7253.3328,177.65,163.30,169.87,7.72
7253.3649,177.70,163.45,169.75,7.64
7253.3971,177.73,163.71,168.89,7.70
7253.4289,177.76,163.93,168.14,7.74
7253.4605,177.77,164.12,167.49,7.87
7253.4928,177.82,164.42,165.60,8.08
7253.5251,177.86,164.67,163.94,8.26
7253.5571,177.88,164.89,162.48,8.40
7253.5895,177.89,165.07,161.21,8.68
7253.6214,177.81,165.12,156.78,8.87
7253.6531,177.73,165.17,153.01,9.04
7253.6848,177.66,165.20,149.80,9.18
7253.7169,177.61,165.22,147.06,9.52
7253.7485,177.15,164.72,140.70,9.63
7253.7799,176.80,164.28,135.68,9.75
7253.8120,176.52,163.89,131.66,9.86
7253.8434,176.29,163.54,128.41,10.06
7253.8752,175.43,162.79,120.58,10.41
7253.9071,174.74,162.12,114.54,10.72
7253.9395,174.18,161.51,109.82,11.18
7253.9706,173.70,160.96,106.00,11.59
7254.0027,173.30,159.84,102.79,11.59
7254.0350,173.00,158.87,100.32,11.59
7254.0674,172.79,158.04,98.38,11.67
7254.0832,172.61,157.33,96.78,11.75
7254.1279,172.56,156.70,95.72,11.76
7254.1596,172.53,156.16,94.86,11.78
7254.1910,172.51,155.69,94.18,11.68
7254.2197,172.47,155.49,93.20,11.74
7254.2499,172.44,155.32,92.38,11.80
7254.2823,172.41,155.18,91.69,11.86
7254.3150,172.38,155.06,91.06,11.90
7254.3465,172.36,154.96,90.53,11.94
7254.3791,172.34,154.88,90.08,11.98
7254.4110,172.40,154.73,90.18,11.91
7254.4270,172.46,154.60,90.27,11.80
7254.4599,172.51,154.48,90.40,11.70
7254.4917,172.55,154.37,90.51,11.62
7254.5237,172.42,154.36,89.50,11.73
7254.5560,172.35,154.39,88.75,11.88
7254.5878,172.29,154.42,88.12,12.02
7254.6274,172.24,154.44,87.58,12.13
7254.6595,171.84,153.80,82.55,12.44
7254.6914,171.53,153.25,78.39,12.70
7254.7238,171.29,152.78,74.99,12.93
7254.7556,170.92,152.27,69.11,13.24
7254.7876,170.65,151.82,64.28,13.47
7254.8278,170.45,151.40,60.31,13.66
7254.8602,170.29,151.04,57.03,13.82
7254.8914,170.20,150.70,52.49,13.93
7254.9233,170.14,150.42,48.69,14.13
7254.9555,170.11,150.18,45.52,14.29
7254.9871,170.09,149.97,42.85,14.43
7255.0116,170.16,149.71,38.53,14.48
7255.0439,170.23,149.50,34.91,14.64
7255.0751,170.31,149.32,31.86,14.78
7255.0990,170.41,149.20,29.32,14.90
7255.1431,170.57,148.89,26.04,14.97
7255.1670,170.73,148.64,23.29,15.02
7255.1942,170.88,148.43,20.98,15.07
7255.2259,170.99,148.22,18.97,15.10
7255.2582,171.23,148.05,14.95,15.15
7255.2904,171.44,147.93,11.54,15.19
7255.3224,171.63,147.84,8.65,15.22
7255.3541,171.86,147.86,4.49,15.20
7255.3859,172.04,147.89,0.94,15.16
7255.4182,172.20,147.92,-2.09,15.11
7255.4497,172.33,147.95,-4.68,15.05
7255.4822,172.12,148.12,-10.51,15.31
7255.5136,171.93,148.24,-15.50,15.31
7255.5458,171.75,148.33,-19.76,15.28
7255.5778,171.55,148.40,-23.56,15.23
7255.6013,171.71,148.10,-25.66,15.08
7255.6421,171.85,147.85,-27.41,14.92
7255.6742,171.99,147.64,-28.88,14.77
7255.7063,172.09,147.45,-30.19,14.64
7255.7380,172.17,146.74,-30.78,14.64
7255.7699,172.27,146.13,-31.26,14.63
7255.7936,172.36,145.62,-31.66,14.61
7255.8255,172.43,145.18,-32.03,14.58
7255.8579,173.21,143.22,-29.22,14.63
7255.8899,173.91,141.56,-27.02,14.66
7255.9218,174.54,140.16,-25.28,14.67
7255.9538,175.48,137.37,-22.30,15.66
7255.9780,176.34,134.99,-20.03,15.67
7256.0103,177.13,132.97,-18.27,15.61
7256.0421,177.85,131.26,-16.87,15.49
7256.0738,179.06,128.36,-14.73,16.35
7256.1059,179.06,125.89,-13.07,16.37
7256.1342,179.06,123.80,-11.76,16.30
7256.1765,179.06,121.99,-10.73,16.17
7256.2031,179.06,119.81,-9.76,16.52
7256.2361,179.06,117.96,-8.99,16.45
7256.2682,179.06,116.38,-8.36,16.32
7256.3006,179.06,115.05,-7.81,16.14
7256.3325,179.06,113.40,-7.27,16.06
7256.3486,179.06,111.99,-6.82,15.91
7256.3805,179.06,110.80,-6.45,15.73
7256.4129,179.06,109.78,-6.15,15.51
7256.4452,179.06,108.07,-5.29,15.96
7256.4773,179.06,106.61,-4.59,15.81
7256.5095,179.06,105.37,-4.01,15.61
7256.5414,179.06,104.31,-3.53,15.39
7256.5733,179.06,102.60,-2.72,15.36
7256.6053,179.06,101.15,-2.06,15.26
7256.6378,179.06,99.91,-1.52,15.11
7256.6698,179.06,98.86,-1.06,14.92
7256.7015,179.06,97.50,-0.71,14.88
7256.7331,179.06,96.34,-0.42,14.77
7256.7651,179.06,95.36,-0.17,14.62
7256.7963,179.06,94.18,0.04,14.81
7256.8282,179.06,93.18,0.22,14.67
7256.8609,179.06,92.33,0.37,14.50
7256.8933,179.06,91.62,0.51,14.31
7256.9254,179.06,90.78,0.66,14.32
7256.9570,179.06,90.07,0.79,14.13
7256.9889,179.06,89.46,0.90,13.93
7257.0205,179.06,88.94,0.98,13.72
7257.0522,179.06,88.41,1.00,13.56
7257.0844,179.06,87.95,1.01,13.38
7257.1163,179.06,87.57,1.02,13.19
7257.1494,179.06,87.21,1.01,13.00
7257.1775,179.06,86.90,0.74,12.95
7257.2091,179.06,86.63,0.52,12.87
7257.2499,179.06,86.41,0.32,12.77
7257.2777,179.06,86.15,-0.18,13.21
7257.3027,179.06,85.95,-0.61,13.22
7257.3341,179.06,85.78,-0.98,13.19
7257.3663,179.06,85.65,-1.29,13.12
7257.3979,179.06,85.43,-2.01,13.80
7257.4295,179.06,85.26,-2.62,13.85
7257.4604,179.06,85.13,-3.14,13.83
7257.4927,179.06,85.05,-3.57,13.77
7257.5245,179.06,84.92,-4.38,14.22
7257.5564,179.06,84.83,-5.06,14.24
7257.5889,179.06,84.76,-5.64,14.20
7257.6213,179.06,84.70,-6.13,14.13
7257.6531,179.06,84.83,-7.10,14.18
7257.6768,179.06,84.95,-7.93,14.17
7257.7089,179.06,85.05,-8.64,14.13
7257.7415,179.06,85.14,-9.24,14.05
7257.7730,179.06,85.21,-10.18,14.09
7257.8055,179.06,85.26,-10.98,14.09
7257.8368,179.06,85.31,-11.66,14.04
7257.8774,179.06,85.36,-12.63,14.30
7257.9099,179.06,85.40,-13.45,14.29
7257.9424,179.06,85.44,-14.15,14.24
7257.9578,179.06,85.47,-14.74,14.17
7257.9897,179.06,85.50,-15.25,14.07
7258.0218,179.06,85.50,-15.99,14.27
7258.0538,179.06,85.51,-16.61,14.41
7258.0942,179.06,85.52,-17.15,14.33
7258.1262,179.06,85.54,-17.87,14.44
7258.1581,179.06,85.56,-18.47,14.51
7258.1904,179.06,85.57,-18.99,14.54
7258.2223,179.06,85.59,-19.43,14.42
7258.2409,179.06,85.59,-20.14,14.55
7258.2710,179.06,85.60,-20.75,14.64
7258.3042,179.06,85.62,-21.26,14.69
7258.3359,179.06,85.63,-21.69,14.50
7258.3679,179.06,85.63,-22.35,14.50
7258.4002,179.06,85.64,-22.90,14.47
7258.4318,179.06,85.64,-23.37,14.43
7258.4642,179.06,85.64,-23.76,14.29
7258.4968,179.06,85.72,-24.49,14.33
7258.5285,179.06,85.80,-25.10,14.34
7258.5606,179.06,85.86,-25.62,14.33
7258.5923,179.06,86.02,-26.52,14.37
7258.6251,179.06,86.16,-27.28,14.38
7258.6572,179.06,86.29,-27.91,14.37
7258.6889,179.06,86.40,-28.44,14.28
7258.7211,179.06,86.67,-29.36,14.32
7258.7447,179.06,86.89,-30.14,14.33
7258.7770,179.06,87.10,-30.80,14.33
7258.8084,179.06,87.28,-31.35,14.26
7258.8402,179.06,87.67,-32.27,14.28
7258.8720,179.06,88.01,-33.03,14.28
7258.9049,179.06,88.31,-33.68,14.26
7258.9368,179.06,88.56,-34.23,14.22
7258.9602,179.06,89.08,-35.15,14.24
7258.9926,179.06,89.55,-35.89,14.26
7259.0246,179.06,89.96,-36.52,14.26
7259.0563,179.06,90.30,-37.06,14.22
7259.0884,179.06,90.83,-37.77,14.22
7259.1205,179.06,91.26,-38.32,14.21
7259.1610,179.06,91.63,-38.79,14.15
7259.1947,179.06,91.95,-39.20,14.12
7259.2260,179.06,92.22,-39.56,14.09
7259.2587,179.06,92.48,-39.87,14.05
7259.2863,179.06,92.70,-40.14,14.00
7259.3186,179.06,92.87,-40.37,13.97
7259.3507,179.06,93.01,-40.56,13.93
7259.3836,179.06,93.13,-40.72,13.90
7259.4158,179.06,93.24,-40.85,13.87
7259.4474,179.06,93.33,-40.94,13.82
7259.4801,179.06,93.40,-41.02,13.77
7259.5117,179.06,93.45,-41.09,13.75
7259.5432,179.06,93.50,-41.15,13.73
7259.5746,179.06,93.55,-41.16,13.69
7259.6066,179.06,93.58,-41.18,13.66
7259.6387,179.06,93.61,-41.20,13.64
7259.6706,179.06,93.64,-41.22,13.62
7259.6944,179.06,94.09,-40.79,13.43
7259.7264,179.06,94.47,-40.40,13.27
7259.7583,179.06,94.79,-40.07,13.17
7259.7904,179.06,95.06,-39.79,13.09
7259.8229,179.06,95.41,-37.39,12.92
7259.8550,179.06,95.74,-35.36,12.78
7259.8873,179.06,96.02,-33.64,12.63
7259.9114,179.06,96.45,-30.15,12.39
7259.9442,179.06,96.81,-27.16,12.19
7259.9758,179.06,97.14,-24.62,12.01
7260.0077,179.06,97.42,-22.46,11.99
7260.0392,179.06,97.65,-18.16,11.53
7260.0705,179.06,97.79,-14.51,11.15
7260.1107,179.06,97.88,-11.36,10.84
7260.1435,179.06,97.94,-8.68,10.76
7260.1747,179.06,97.12,-3.59,10.27
7260.1991,179.06,96.47,0.61,9.89
7260.2272,179.06,95.87,4.15,9.60
7260.2595,179.06,95.34,7.13,9.57
7260.2873,179.06,94.17,11.13,9.07
7260.3198,179.06,93.12,14.49,8.67
7260.3514,179.06,92.22,17.30,8.37
7260.3834,179.06,91.44,19.66,8.26
7260.4154,179.06,89.06,22.22,8.04
7260.4470,179.06,87.06,24.37,7.96
7260.4794,179.06,85.43,26.15,7.45
7260.5108,179.06,84.09,27.63,7.05
7260.5429,179.06,81.57,28.11,7.13
7260.5746,179.06,79.67,28.44,7.22
7260.6070,179.06,78.15,28.72,7.12
7260.6391,179.06,76.73,29.29,7.01
7260.6709,179.06,75.59,29.77,6.88
7260.7026,179.06,74.63,30.13,6.72
7260.7271,179.06,73.85,30.44,6.68
7260.7586,179.06,73.59,30.08,6.24
7260.7899,179.06,73.39,29.78,5.82
7260.8217,179.06,73.22,29.52,5.44
7260.8538,179.06,73.09,29.30,5.79
7260.8941,179.06,74.06,26.73,5.08
7260.9262,179.06,74.89,24.52,4.51
7260.9583,179.06,75.62,22.63,4.89
7260.9899,179.06,76.26,21.00,5.29
7261.0220,179.06,77.95,18.56,4.73
7261.0540,179.06,79.40,16.44,4.42
7261.0863,179.06,80.64,14.60,4.77
7261.1261,179.06,83.02,13.01,4.54
7261.1573,179.06,85.05,11.62,4.63
7261.1895,179.06,86.77,10.40,4.89
7261.2138,179.06,88.23,9.34,5.34
7261.2436,179.06,90.92,8.23,5.59
7261.2755,179.06,93.19,7.26,5.95
7261.3204,179.06,95.12,6.40,6.32
7261.3603,129.67,98.17,5.39,7.00
7261.3924,136.39,100.46,4.55,7.57
7261.4237,140.92,102.41,3.81,8.02
7261.4557,144.10,104.07,3.16,8.37
7261.4875,148.02,105.99,2.43,8.59
7261.5196,148.97,107.29,1.76,8.70
7261.5517,149.73,108.40,1.20,8.77
7261.5833,150.34,109.35,0.73,8.82
7261.6154,151.95,110.28,0.25,8.82
7261.6475,151.82,110.86,-0.75,8.83
7261.6790,151.71,111.36,-1.60,8.85
7261.7107,152.35,111.82,-1.65,8.60
7261.7412,152.88,112.22,-1.69,8.57
7261.7730,152.82,112.62,-2.25,8.57
7261.8110,152.77,112.96,-2.73,8.59
7261.8431,152.97,113.04,-2.89,8.40
7261.8748,153.34,113.38,-3.06,8.37
7261.9069,153.64,113.67,-3.20,8.37
7261.9388,153.90,113.91,-3.32,8.40
7261.9709,153.92,113.88,-2.88,8.45
7261.9955,154.17,114.08,-2.86,8.48
7262.0272,154.38,114.25,-2.84,8.53
7262.0594,154.56,114.40,-2.82,8.58
7262.0909,154.56,114.21,-1.54,8.63
7262.1226,154.53,114.31,-0.38,8.67
7262.1547,154.49,114.40,0.60,8.71
7262.1864,154.45,114.47,1.43,8.76
7262.2113,153.56,113.98,5.00,9.09
7262.2445,152.60,113.73,8.00,9.24
7262.2771,151.73,113.53,10.51,9.36
7262.3090,150.95,113.36,12.61,9.44
7262.3339,149.87,112.87,19.22,9.57
7262.3670,149.27,112.50,25.18,9.68
7262.3985,148.68,112.21,30.17,9.74
7262.4307,148.11,111.98,34.36,9.77
7262.4633,148.22,111.57,43.69,9.39
7262.4953,148.53,111.28,51.79,9.03
7262.5272,148.67,111.03,58.60,8.71
7262.5596,148.50,110.63,67.37,8.36
7262.5921,148.04,110.30,74.59,8.04
7262.6243,147.56,110.02,80.65,7.74
7262.6563,147.08,109.80,85.76,7.46
7262.6883,146.38,109.44,89.63,7.14
7262.7202,145.55,109.10,92.79,6.93
7262.7443,144.81,108.82,95.45,6.75
7262.7772,144.15,108.59,97.70,6.58
7262.8092,142.81,107.88,99.33,6.16
7262.8411,141.06,107.18,100.36,6.04
7262.8730,139.52,106.59,101.22,5.93
7262.9052,138.16,106.08,101.95,5.84
7262.9369,135.51,104.77,102.51,5.49
7262.9614,133.00,103.67,102.87,5.19
7262.9933,130.73,102.74,103.17,4.95
7263.0250,128.69,101.94,103.42,4.75
7263.0573,125.65,100.96,103.18,4.53
7263.0892,123.60,100.23,103.30,4.35
7263.1213,121.81,99.61,103.41,4.19
7263.1608,119.25,98.90,103.04,4.14
7263.1928,117.35,98.32,102.95,4.05
7263.2247,115.72,97.84,102.87,3.98
7263.2615,114.32,97.43,102.80,3.91
7263.2927,111.97,96.69,102.88,3.61
7263.3250,109.14,95.85,102.45,3.65
7263.3543,106.72,95.13,102.09,3.69
7263.3957,104.66,94.52,101.79,3.75
7263.4273,102.92,93.99,101.55,5.06
7263.4597,94.98,91.49,101.56,4.62
7263.4917,87.83,89.37,101.58,4.34
7263.5230,81.60,87.57,101.61,4.21
7263.5549,76.27,86.19,102.15,6.59
7263.5869,60.44,79.70,96.06,3.80
7263.6189,51.07,73.93,91.36,1.73
7263.6511,44.86,68.88,87.66,1.03
7263.6827,40.02,64.48,84.92,2.20
7263.7145,36.07,61.34,80.11,2.53
7263.7470,32.75,58.71,76.15,2.75
7263.7775,29.97,56.52,72.89,2.87
7263.8092,27.73,54.71,70.12,2.71
7263.8410,25.32,52.83,66.76,2.89
7263.8732,23.26,51.28,63.95,2.97
7263.9055,21.51,50.01,61.60,2.82
7263.9373,20.00,48.65,58.46,2.99
7263.9611,18.68,47.55,55.83,3.07
7263.9935,17.54,46.63,53.61,3.07
7264.0257,16.56,45.88,51.75,2.87
7264.0573,15.84,45.18,49.55,2.82
7264.0897,15.22,44.59,47.69,2.73
7264.1219,14.67,44.11,46.12,2.60
7264.1542,14.77,43.35,44.21,2.27
7264.1784,14.12,42.70,41.70,2.31
7264.2101,13.57,42.19,39.57,2.30
7264.2421,13.09,41.78,37.75,2.25
7264.2737,12.43,41.40,35.85,1.93
7264.3055,11.45,40.03,32.03,2.37
7264.3373,10.56,38.91,28.82,2.77
7264.3774,9.76,37.99,26.10,2.43
7264.4102,9.25,37.29,23.49,2.16
7264.4425,8.71,35.07,19.49,2.61
7264.4744,8.13,33.21,16.14,3.21
7264.5061,7.54,31.66,13.32,3.19
7264.5379,7.34,28.05,9.54,4.40
7264.5782,6.97,24.99,6.37,5.54
7264.6033,6.52,22.41,3.72,6.49
7264.6428,6.12,20.33,1.19,6.37
7264.6746,5.22,17.55,-1.10,7.26
7264.7066,4.37,15.23,-3.03,7.91
7264.7386,3.59,13.28,-4.66,8.09
7264.7705,2.87,11.50,-6.03,8.17
7264.8025,1.50,10.05,-7.60,8.47
7264.8351,0.32,8.85,-8.94,8.65
7264.8668,-0.71,7.86,-10.07,8.55
7264.8986,-1.84,6.93,-11.11,8.51
7264.9302,-2.81,6.16,-12.00,8.41
7264.9623,-3.64,5.51,-12.76,8.27
7264.9938,-4.35,4.97,-13.40,8.19
7265.0257,-4.93,4.57,-13.95,8.02
7265.0578,-5.47,4.16,-14.41,7.83
7265.0895,-5.93,3.82,-14.79,7.64
7265.1218,-6.32,3.53,-15.12,7.45
7265.1542,-6.65,3.24,-15.48,7.28
7265.1865,-6.91,3.03,-15.69,7.12
7265.2183,-7.13,2.85,-15.87,6.96
7265.2503,-7.32,2.70,-16.02,6.77
7265.2819,-7.49,2.50,-16.15,6.66
7265.3139,-7.62,2.44,-16.24,6.54
7265.3458,-7.73,2.40,-16.32,6.37
7265.3776,-7.84,2.29,-16.40,6.28
7265.4096,-7.93,2.19,-16.47,6.18
7265.4419,-7.99,2.11,-16.51,6.08
7265.4739,-8.04,2.05,-16.55,5.92
7265.5049,-8.23,1.93,-16.36,5.92
7265.5366,-8.46,1.74,-16.18,5.90
7265.5701,-8.64,1.58,-16.03,5.87
7265.6018,-8.80,1.45,-15.90,5.98
7265.6341,-8.20,1.28,-16.36,5.65
7265.6657,-7.69,1.16,-16.59,5.41
7265.6978,-7.26,1.06,-16.78,5.85
7265.7296,-6.89,0.98,-16.95,6.28
7265.7612,-5.22,1.02,-17.96,5.76
7265.7929,-3.82,1.00,-18.72,5.41
7265.8253,-2.64,0.98,-19.37,5.75
7265.8565,-1.63,0.95,-19.92,6.13
7265.8888,-0.77,0.92,-20.38,6.52
7265.9210,1.57,0.89,-21.03,5.92
7265.9531,3.56,0.85,-21.58,5.92
7265.9850,5.25,0.80,-22.05,5.98
7266.0167,6.67,0.74,-22.37,6.09
7266.0488,9.17,0.59,-22.20,5.61
7266.0803,11.30,0.48,-22.06,5.65
7266.1125,13.11,0.39,-21.94,5.74
7266.1443,14.62,0.32,-21.83,5.86
7266.1758,17.72,0.19,-20.97,5.47
7266.2080,20.35,0.13,-20.24,5.21
7266.2405,22.59,0.11,-19.61,5.05
7266.2724,25.88,-0.10,-18.47,5.06
7266.3048,28.69,-0.22,-17.49,5.07
7266.3365,31.07,-0.29,-16.65,5.07
7266.3689,33.09,-0.31,-15.92,5.05
7266.4010,35.64,-0.34,-14.96,5.33
7266.4333,37.77,-0.37,-14.14,5.27
7266.4655,39.57,-0.36,-13.43,5.16
7266.4977,41.11,-0.33,-12.83,5.02
7266.5297,42.90,-0.43,-12.26,5.19
7266.5617,44.38,-0.53,-11.75,5.13
7266.5933,45.64,-0.60,-11.31,5.03
7266.6254,46.71,-0.64,-10.93,4.92
7266.6576,47.76,-0.73,-10.61,4.86
7266.6894,48.67,-0.81,-10.33,4.79
7266.7213,49.44,-0.88,-10.10,4.71
7266.7543,50.02,-1.00,-9.92,4.64
7266.7705,50.51,-1.11,-9.77,4.58
7266.8027,50.98,-1.16,-9.63,4.52
7266.8352,51.38,-1.21,-9.51,4.47
7266.8675,51.72,-1.25,-9.41,4.43
7266.9002,51.97,-1.28,-9.33,4.41
7266.9320,52.19,-1.31,-9.26,4.40
7266.9638,52.38,-1.34,-9.21,4.40
7266.9953,52.46,-1.33,-9.15,4.40
7267.0278,52.54,-1.33,-9.10,4.40
7267.0602,52.64,-1.32,-9.06,4.41
7267.0918,52.72,-1.31,-9.02,4.43
7267.1234,52.75,-1.33,-9.03,4.47
7267.1552,52.79,-1.36,-9.03,4.54
7267.1869,52.82,-1.38,-9.04,4.61
7267.2200,52.85,-1.40,-9.04,4.68
7267.2515,52.84,-1.46,-9.06,4.77
7267.2833,52.83,-1.51,-9.08,4.86
7267.3156,52.82,-1.55,-9.09,4.93
7267.3476,52.81,-1.59,-9.11,5.00
7267.3798,52.91,-1.55,-9.12,5.02
7267.4123,52.95,-1.54,-9.12,5.03
7267.4441,52.99,-1.53,-9.12,5.05
7267.4767,53.08,-1.46,-9.11,5.01
7267.5090,53.16,-1.40,-9.11,5.01
7267.5412,53.19,-1.37,-9.11,5.02
7267.5732,53.22,-1.34,-9.12,5.03
7267.6053,53.53,-1.13,-9.02,4.83
7267.6375,53.75,-0.99,-8.92,4.81
7267.6699,53.93,-0.87,-8.84,4.80
7267.7019,54.09,-0.76,-8.77,4.79
7267.7339,54.53,-0.40,-8.54,4.72
7267.7661,54.91,-0.09,-8.34,4.67
7267.7981,55.23,0.18,-8.17,4.64
7267.8305,55.54,0.37,-8.05,4.62
7267.8634,56.00,0.52,-7.85,4.60
7267.8947,56.39,0.65,-7.68,4.60
7267.9266,56.72,0.77,-7.53,4.61
7267.9585,57.20,0.92,-7.36,4.54
7267.9919,57.68,1.12,-7.20,4.55
7268.0228,58.09,1.28,-7.07,4.57
7268.0551,58.43,1.43,-6.96,4.59
7268.0872,58.53,1.59,-6.77,4.64
7268.1196,58.68,1.74,-6.64,4.69
7268.1511,58.80,1.87,-6.53,4.73
7268.1834,58.90,1.98,-6.44,4.77
7268.2158,58.35,2.39,-6.33,4.83
7268.2475,57.97,2.60,-6.35,4.88
7268.2798,57.64,2.77,-6.37,4.94
7268.3115,55.88,3.00,-6.77,5.71
7268.3431,54.37,3.20,-7.10,5.94
7268.3764,53.11,3.37,-7.39,6.10
7268.4077,52.04,3.53,-7.63,6.22
7268.4404,49.54,3.19,-8.22,7.63
7268.4722,47.43,2.95,-8.71,7.93
7268.5037,45.63,2.79,-9.13,8.10
7268.5356,44.11,2.67,-9.47,8.18
7268.5678,41.30,2.52,-9.65,9.44
7268.5996,38.93,2.42,-9.79,9.62
7268.6313,36.92,2.35,-9.91,9.67
7268.6633,35.20,2.30,-10.01,9.62
7268.6948,32.44,2.63,-10.08,9.81
7268.7271,30.09,2.92,-10.15,9.87
7268.7593,28.09,3.16,-10.20,9.82
7268.7913,25.54,3.71,-10.15,10.31
7268.8233,23.37,4.17,-10.11,10.25
7268.8544,21.52,4.54,-10.08,10.09
7268.8866,19.94,4.85,-10.06,9.88
7268.9189,18.29,5.48,-9.90,9.77
7268.9505,16.88,6.01,-9.77,9.48
7268.9829,15.69,6.45,-9.65,9.16
7269.0150,14.67,6.83,-9.56,8.82
7269.0470,13.80,7.15,-9.48,8.48
7269.0791,13.07,7.44,-9.42,8.36
7269.1106,12.40,8.57,-9.07,7.88
7269.1428,11.83,9.52,-8.77,7.44
7269.1739,11.34,10.33,-8.52,7.99
7269.2062,10.91,11.01,-8.31,8.55
7269.2385,11.18,13.41,-7.52,7.49
7269.2703,11.39,15.46,-6.86,6.63
7269.3017,11.56,17.21,-6.29,7.50
7269.3334,15.94,19.42,-4.83,4.79
7269.3649,19.69,21.47,-3.58,3.11
7269.3972,22.90,23.36,-2.50,2.89
7269.4289,25.65,25.07,-1.57,3.72
7269.4609,31.17,26.93,-1.00,7.49
7269.4921,35.89,28.76,-0.51,8.74
7269.5245,39.92,30.52,-0.09,9.69
7269.5561,43.38,32.22,0.29,10.40
7269.5881,49.34,35.27,0.76,13.51
7269.6203,54.41,38.41,1.18,13.47
7269.6522,58.72,41.58,1.54,13.22
7269.6843,62.38,44.72,1.86,12.81
7269.7162,67.70,49.65,2.00,12.76
7269.7483,72.22,54.93,2.11,12.49
7269.7806,76.04,60.36,2.20,12.05
7269.8121,81.22,69.26,2.18,13.35
7269.8446,85.59,78.67,2.15,14.28
7269.8686,89.23,87.91,2.16,14.91
7269.8955,92.31,96.50,2.17,14.29
7269.9274,94.91,104.08,2.17,13.59
7269.9598,97.11,110.52,2.18,12.86
7269.9917,100.47,119.33,3.14,13.25
7270.0272,103.32,125.97,4.02,12.65
7270.0591,105.74,130.94,4.81,12.01
7270.0909,107.79,134.70,5.53,11.34
7270.1228,110.27,137.48,7.77,10.82
7270.1547,112.38,139.46,9.79,10.26
7270.1867,114.17,140.90,11.59,9.69
7270.2184,115.76,142.09,13.12,9.12
7270.2502,117.62,142.42,15.89,8.53
7270.2826,119.20,142.63,18.35,7.99
7270.3140,120.54,142.77,20.51,7.47
7270.3460,121.65,142.81,22.39,6.99
7270.3780,123.75,143.12,24.40,7.21
7270.4103,125.57,143.39,26.20,7.42
7270.4424,127.13,143.60,27.79,6.90
7270.4748,129.02,143.96,29.33,6.82
7270.5066,130.64,144.26,30.71,6.70
7270.5390,132.04,144.52,31.92,6.54
7270.5707,133.23,144.74,32.98,6.28
7270.6107,134.34,144.89,34.17,6.04
7270.6427,135.29,145.02,35.20,5.80
7270.6746,136.10,145.14,36.11,5.52
7270.7065,136.73,145.19,36.84,5.28
7270.7386,137.70,145.29,38.24,5.21
7270.7722,138.53,145.37,39.46,5.13
7270.8110,139.24,145.43,40.52,4.89
7270.8431,140.17,145.53,42.38,4.81
7270.8761,140.97,145.61,43.99,4.73
7270.9079,141.65,145.66,45.39,4.64
7270.9437,142.25,145.72,46.61,4.47
7270.9764,143.09,145.80,48.64,4.38
7271.0082,143.80,145.87,50.40,4.29
7271.0426,144.41,145.91,51.92,4.25
7271.0744,145.04,145.74,53.92,4.02
7271.1067,145.58,145.59,55.64,3.81
7271.1388,146.04,145.46,57.11,3.64
7271.1706,146.44,145.35,58.38,3.78
7271.2030,146.76,145.02,59.98,3.64
7271.2356,147.04,144.74,61.35,3.54
7271.2672,147.28,144.49,62.50,3.49
7271.2999,147.51,144.31,63.49,3.76
7271.3324,147.70,144.16,64.33,4.02
7271.3638,147.87,144.02,65.04,4.27
7271.3796,147.84,143.38,66.33,4.06
7271.4270,147.82,142.82,67.43,4.23
7271.4590,147.79,142.33,68.36,4.41
7271.4917,147.36,140.84,70.35,3.74
7271.5240,146.97,139.57,71.98,3.58
7271.5563,146.62,138.48,73.30,3.48
7271.5885,146.31,137.56,74.39,3.44
7271.6207,145.67,135.91,76.12,2.90
7271.6608,145.10,134.50,77.53,2.76
7271.6925,144.60,133.31,78.69,2.67
7271.7250,144.16,132.30,79.64,2.62
7271.7565,143.49,130.87,80.92,2.40
7271.7887,142.90,129.66,81.97,2.24
7271.8210,142.38,128.63,82.83,2.13
7271.8599,141.92,127.75,83.58,2.04
7271.8923,141.51,126.98,84.21,1.97
7271.9174,141.16,126.32,84.73,1.93
7271.9435,140.85,125.77,85.16,1.90
7271.9754,140.63,125.35,85.52,1.88
7272.0077,140.44,124.99,85.82,1.89
7272.0408,140.26,124.68,86.08,1.90
7272.0725,140.11,124.41,86.29,1.93
7272.1044,139.98,124.18,86.47,1.96
7272.1364,139.88,124.00,86.62,2.01
7272.1681,139.77,123.81,86.78,2.04
7272.2004,139.68,123.65,86.90,2.08
7272.2334,139.60,123.51,87.01,2.12
7272.2651,139.52,123.39,87.11,2.17
7272.2970,139.50,123.30,87.24,2.20
7272.3298,139.48,123.22,87.35,2.24
7272.3612,139.47,123.16,87.44,2.31
7272.3931,139.48,123.05,87.66,2.30
7272.4249,139.49,122.95,87.84,2.30
7272.4573,139.50,122.87,87.99,2.31
7272.4901,139.51,122.80,88.12,2.36
7272.5218,139.41,122.60,88.30,2.31
7272.5541,139.33,122.42,88.45,2.27
7272.5942,139.26,122.27,88.58,2.36
7272.6261,139.19,122.14,88.70,2.46
7272.6583,138.83,121.69,88.86,2.30
7272.6909,138.51,121.30,89.00,2.18
7272.7229,138.24,120.97,89.12,2.28
7272.7481,138.00,120.69,89.21,2.39
7272.7777,137.29,119.91,89.38,2.12
7272.8100,136.67,119.26,89.52,1.90
7272.8419,136.13,118.70,89.64,1.92
7272.8742,135.17,117.77,89.79,1.66
7272.9064,134.34,116.98,89.91,1.46
7272.9301,133.61,116.31,90.02,1.32
7272.9606,132.98,115.74,90.10,1.31
7272.9924,132.05,114.94,90.22,1.17
7273.0360,131.23,114.26,90.31,1.08
7273.0678,130.52,113.69,90.39,1.01
7273.0997,129.93,113.20,90.47,0.96
7273.1312,129.20,112.69,90.45,0.95
7273.1637,128.57,112.25,90.43,0.94
7273.1962,128.03,111.88,90.42,0.93
7273.2287,127.60,111.57,90.43,0.93
7273.2610,127.00,111.20,90.36,0.94
7273.2924,126.49,110.89,90.30,0.96
7273.3265,126.05,110.63,90.25,0.97
7273.3562,125.68,110.40,90.21,1.01
7273.3884,125.36,110.21,90.18,1.07
7273.4201,124.61,109.88,89.91,1.09
7273.4445,123.98,109.60,89.68,1.06
7273.4766,123.46,109.35,89.52,1.05
7273.5080,123.03,109.14,89.39,1.06
7273.5405,121.96,108.91,88.54,1.23
7273.5721,121.08,108.72,87.80,1.28
7273.6043,120.35,108.55,87.19,1.31
7273.6440,119.74,108.41,86.67,1.33
7273.6760,118.80,108.37,85.46,1.47
7273.7080,118.03,108.35,84.43,1.56
7273.7394,117.39,108.32,83.56,1.62
7273.7708,116.86,108.30,82.82,1.65
7273.8106,115.91,108.34,81.28,1.84
7273.8429,115.14,108.39,79.95,1.96
7273.8750,114.51,108.43,78.83,2.04
7273.9065,113.81,108.70,77.05,2.67
7273.9308,113.23,108.93,75.53,2.79
7273.9607,112.74,109.12,74.23,2.84
7273.9920,112.33,109.29,73.12,2.84
7274.0208,111.93,109.81,71.25,3.48
7274.0529,111.59,110.25,69.67,3.58
7274.0850,111.30,110.63,68.32,3.62
7274.1175,111.07,110.97,67.18,3.60
7274.1500,110.74,111.45,65.57,4.01
7274.1824,110.48,111.87,64.21,4.06
7274.2151,110.26,112.25,63.05,4.06
7274.2475,110.08,112.57,62.06,4.02
7274.2789,109.88,112.95,60.97,4.03
7274.3110,109.72,113.26,60.05,3.99
7274.3436,109.58,113.54,59.27,3.93
7274.3755,109.37,113.81,58.33,4.04
7274.4078,109.18,114.05,57.53,3.99
7274.4406,109.05,114.28,56.84,3.91
7274.4728,108.94,114.48,56.25,3.81
7274.5048,108.74,114.65,55.54,3.86
7274.5372,108.58,114.80,54.93,3.77
7274.5762,108.44,114.93,54.42,3.67
7274.6083,108.32,115.04,53.99,3.57
7274.6401,108.06,115.14,53.30,3.53
7274.6722,107.84,115.22,52.73,3.47
7274.7045,107.66,115.28,52.24,3.39
7274.7367,107.29,115.28,51.49,3.58
7274.7613,106.99,115.29,50.86,3.55
7274.7937,106.72,115.28,50.32,3.50
7274.8258,106.50,115.28,49.86,3.43
7274.8574,105.92,114.88,49.35,3.60
7274.8893,105.44,114.54,48.93,3.56
7274.9210,105.07,114.30,48.55,3.50
7274.9452,104.76,114.10,48.24,3.42
7274.9769,104.20,113.63,47.86,3.58
7275.0083,103.73,113.23,47.55,3.51
7275.0444,103.34,112.88,47.28,3.43
7275.0686,103.01,112.58,47.05,3.34
7275.1005,102.49,112.14,46.53,3.54
7275.1321,102.03,111.71,46.12,3.51
7275.1647,101.64,111.33,45.76,3.46
7275.1961,101.31,111.01,45.47,3.39
7275.2276,100.65,110.18,45.00,3.58
7275.2596,100.12,109.49,44.59,3.53
7275.2920,99.67,108.90,44.24,3.46
7275.3245,99.30,108.38,43.94,3.38
7275.3559,98.56,107.22,43.40,3.38
7275.3877,97.91,106.17,42.94,3.35
7275.4195,97.36,105.24,42.56,3.30
7275.4511,96.90,104.44,42.23,3.23
7275.4768,96.03,102.75,41.76,3.27
7275.5085,95.31,101.32,41.35,3.29
7275.5407,94.70,100.09,41.01,3.27
7275.5725,94.03,98.71,40.65,3.35
7275.6045,93.46,97.53,40.36,3.28
7275.6440,92.99,96.53,40.10,3.21
7275.6763,92.59,95.68,39.89,3.12
7275.7084,91.91,94.25,39.24,3.43
7275.7402,91.35,93.04,38.69,3.41
7275.7717,90.87,91.98,38.23,3.37
7275.8038,90.46,91.07,37.84,3.30
7275.8438,89.75,89.41,37.26,3.36
7275.8748,89.14,87.97,36.76,3.38
7275.9066,88.63,86.73,36.34,3.36
7275.9384,87.87,84.88,35.78,3.59
7275.9669,87.23,83.28,35.30,3.60
7275.9929,86.66,81.85,34.91,3.57
7276.0249,86.18,80.62,34.57,3.53
7276.0603,85.58,79.04,34.05,3.67
7276.0932,85.05,77.65,33.62,3.65
7276.1253,84.61,76.46,33.26,3.60
7276.1577,84.23,75.44,32.95,3.54
7276.1893,83.64,73.84,32.49,3.71
7276.2211,83.13,72.47,32.08,3.67
7276.2533,82.70,71.31,31.75,3.62
7276.2857,82.33,70.31,31.46,3.55
7276.3188,81.60,68.40,30.99,3.57
7276.3509,80.96,66.77,30.61,3.56
7276.3828,80.43,65.40,30.28,3.52
7276.4147,79.48,63.03,29.75,3.87
7276.4470,78.68,61.06,29.30,3.87
7276.4778,78.00,59.40,28.91,3.83
7276.5101,77.42,58.03,28.59,3.77
7276.5421,76.39,55.53,27.99,4.19
7276.5737,75.50,53.44,27.50,4.16
7276.6058,74.74,51.70,27.08,4.09
7276.6376,74.10,50.26,26.73,3.99
7276.6699,72.62,47.04,26.02,4.74
7276.6943,71.38,44.47,25.43,4.67
7276.7266,70.33,42.38,24.93,4.55
7276.7587,69.43,40.68,24.52,4.39
7276.7904,67.30,36.74,23.49,5.56
7276.8229,65.47,33.68,22.65,5.66
7276.8542,63.92,31.27,21.96,5.67
7276.8940,61.78,28.54,20.84,6.31
7276.9261,59.97,26.44,19.92,6.41
7276.9579,58.40,24.79,19.14,6.42
7276.9902,57.08,23.50,18.50,6.35
7277.0224,55.25,22.30,17.71,6.75
7277.0543,53.70,21.39,17.03,6.63
7277.0941,52.39,20.69,16.46,6.45
7277.1257,51.27,20.14,15.99,6.24
7277.1576,49.42,19.12,14.90,6.26
7277.1899,47.83,18.33,13.99,6.19
7277.2220,46.48,17.71,13.22,6.06
7277.2539,44.55,16.54,11.92,6.71
7277.2781,42.90,15.65,10.83,6.60
7277.3024,41.49,14.93,9.91,6.42
7277.3426,40.29,14.36,9.14,6.19
7277.3744,38.25,13.53,7.92,6.89
7277.4062,36.51,12.90,6.89,6.88
7277.4387,35.04,12.43,6.00,6.79
7277.4705,33.78,12.07,5.25,6.65
7277.5026,31.96,11.75,4.37,7.09
7277.5345,30.42,11.50,3.62,6.99
7277.5668,29.10,11.31,2.99,6.82
7277.5985,27.98,11.17,2.45,6.61
7277.6304,26.34,11.02,1.67,6.98
7277.6625,24.94,10.92,0.99,6.85
7277.6941,23.75,10.85,0.42,6.66
7277.7256,22.74,10.81,-0.07,6.45
7277.7579,21.24,10.81,-0.68,6.40
7277.7898,19.97,10.83,-1.21,6.29
7277.8224,18.89,10.86,-1.66,6.14
7277.8537,17.43,11.02,-2.16,6.36
7277.8859,16.20,11.17,-2.59,6.29
7277.9177,15.15,11.30,-2.97,6.18
7277.9495,14.26,11.42,-3.29,6.03
7277.9814,13.21,11.75,-3.64,6.03
7278.0132,12.33,12.04,-3.96,5.88
7278.0448,11.58,12.29,-4.22,5.72
7278.0764,10.95,12.51,-4.45,5.54
7278.1078,10.37,12.76,-4.70,5.37
7278.1397,9.86,12.97,-4.90,5.24
7278.1721,9.44,13.15,-5.08,5.10
7278.2040,9.08,13.30,-5.23,4.96
7278.2357,8.86,13.33,-5.42,4.83
7278.2678,8.69,13.36,-5.57,4.70
7278.2996,8.53,13.39,-5.71,4.58
7278.3319,8.64,13.05,-5.97,4.48
7278.3641,8.73,12.75,-6.19,4.36
7278.3801,8.80,12.50,-6.37,4.24
7278.4125,8.87,12.28,-6.53,4.13
7278.4444,8.92,12.09,-6.67,4.03
7278.4762,8.91,11.52,-6.98,4.09
7278.5084,8.89,11.01,-7.26,4.13
7278.5403,8.87,10.57,-7.50,4.17
7278.5728,8.85,10.20,-7.70,4.19
7278.6048,8.84,9.88,-7.87,4.42
7278.6369,8.83,9.79,-8.10,4.51
7278.6689,8.83,9.71,-8.30,4.60
7278.7013,8.82,9.64,-8.47,4.67
7278.7333,8.82,9.59,-8.60,6.09
7278.7657,8.84,11.19,-8.64,5.88
7278.7978,8.86,12.56,-8.68,5.77
7278.8306,8.88,13.72,-8.71,5.74
7278.8626,8.91,14.71,-8.73,7.73
7278.8946,9.41,20.00,-8.98,5.26
7278.9269,9.91,24.50,-9.20,3.30
7278.9587,10.39,28.32,-9.39,2.91
7278.9907,10.88,31.58,-9.51,2.76
7279.0226,11.33,34.35,-9.61,2.81
7279.0547,12.06,38.58,-9.31,1.20
7279.0857,12.73,42.17,-9.04,0.82
7279.1178,13.38,45.23,-8.81,1.10
7279.1500,13.98,47.83,-8.61,1.50
7279.1819,14.25,50.41,-8.02,1.80
7279.2133,14.47,52.59,-7.48,2.75
7279.2455,14.65,54.44,-7.02,3.60
7279.2772,14.80,56.01,-6.62,4.30
7279.3090,12.60,54.52,-5.08,2.25
7279.3406,10.83,53.25,-3.79,2.03
7279.3719,9.42,52.16,-2.70,1.91
7279.4032,8.29,51.23,-1.78,1.90
7279.4343,6.61,46.53,-0.52,0.77
7279.4606,5.48,42.55,0.48,1.78
7279.4933,4.69,39.16,1.31,2.83
7279.5250,4.11,36.28,2.00,3.64
7279.5563,3.65,30.89,1.89,5.01
7279.5841,3.29,26.29,1.78,5.99
7279.6214,3.00,22.37,1.70,6.63
7279.6532,2.77,19.24,1.49,6.83
7279.6851,2.57,16.58,1.32,6.81
7279.7171,2.40,14.32,1.18,6.66
7279.7492,2.25,12.39,1.05,6.41
7279.7813,2.16,10.82,0.92,6.03
7279.8132,2.08,9.48,0.81,5.60
7279.8443,2.01,8.35,0.71,5.15
7279.8758,1.96,7.42,0.63,4.68
7279.9084,1.94,6.75,0.54,4.11
7279.9401,1.92,6.17,0.47,3.56
7279.9715,1.90,5.68,0.41,3.05
7280.0031,1.88,5.26,0.36,2.58
7280.0268,1.85,4.90,0.31,2.16
7280.0587,1.83,4.60,0.26,1.79
7280.0913,1.82,4.34,0.23,1.49
7280.1232,1.78,4.14,0.20,1.29
7280.1556,1.75,3.95,0.17,1.18
7280.1872,1.73,3.80,0.14,1.18
7280.2113,1.71,3.67,0.11,1.26
7280.2427,1.72,3.58,0.09,1.40
7280.2746,1.70,3.49,0.07,1.58
7280.3072,1.68,3.42,0.05,1.76
7280.3392,1.66,3.35,0.03,1.94
7280.3711,1.65,3.30,0.02,2.14
7280.4033,1.63,3.25,0.00,2.33
7280.4283,1.62,3.21,-0.01,2.51
7280.4596,1.61,3.18,-0.02,2.66
7280.4918,1.57,3.11,-0.03,2.77
7280.5246,1.53,3.06,-0.03,2.88
7280.5569,1.51,3.04,-0.04,2.98
7280.5889,1.50,3.03,-0.04,3.00
7280.6206,1.40,2.94,-0.10,2.98
7280.6608,1.32,2.83,-0.16,2.97
7280.6926,1.24,2.74,-0.21,2.86
7280.7249,1.18,2.66,-0.25,2.78
7280.7572,1.22,2.49,-0.48,2.57
7280.7944,1.27,2.26,-0.77,2.39
7280.8196,1.31,2.06,-1.02,2.43
7280.8527,1.68,1.73,-1.49,2.15
7280.8849,1.99,1.45,-1.89,1.92
7280.9166,2.19,0.98,-2.31,1.73
7280.9485,2.35,0.57,-2.66,1.69
7280.9802,2.50,-0.35,-2.78,1.24
7281.0127,2.81,-0.89,-2.76,1.01
7281.0445,3.06,-1.35,-2.75,1.02
7281.0771,3.28,-1.74,-2.75,0.85
7281.1088,3.17,-2.17,-2.65,1.01
7281.1409,3.08,-2.49,-2.57,1.14
7281.1726,2.99,-2.76,-2.50,1.20
7281.2050,2.93,-2.98,-2.45,1.25
7281.2368,2.85,-3.10,-2.40,1.31
7281.2702,2.77,-3.19,-2.37,1.36
7281.3026,2.71,-3.26,-2.33,1.40
7281.3349,2.65,-3.33,-2.31,1.44
7281.3672,2.61,-3.38,-2.29,1.48
7281.3990,2.61,-3.29,-2.26,1.54
7281.4310,2.59,-3.20,-2.24,1.60
7281.4630,2.57,-3.12,-2.23,1.68
7281.4943,2.56,-3.05,-2.21,1.77
7281.5262,2.53,-2.92,-2.20,1.91
7281.5582,2.47,-2.82,-2.18,2.05
7281.5902,2.43,-2.74,-2.15,2.17
7281.6220,2.39,-2.67,-2.14,2.27
7281.6541,2.36,-2.61,-2.12,2.36
7281.6861,2.37,-2.52,-2.13,2.45
7281.7182,2.36,-2.45,-2.16,2.52
7281.7505,2.36,-2.40,-2.18,2.59
7281.7826,2.36,-2.35,-2.20,2.65
7281.8147,2.32,-2.32,-2.22,2.70
7281.8467,2.29,-2.30,-2.24,2.75
7281.8784,2.26,-2.29,-2.26,2.79
7281.9098,2.23,-2.27,-2.27,2.82
7281.9419,2.20,-2.26,-2.28,2.85
7281.9578,2.18,-2.25,-2.29,2.87
7281.9896,2.16,-2.24,-2.30,2.89
7282.0212,2.14,-2.24,-2.30,2.93
7282.0527,2.10,-2.29,-2.30,2.93
7282.0844,2.06,-2.34,-2.30,2.92
7282.1162,2.03,-2.32,-2.32,2.92
7282.1477,2.00,-2.30,-2.33,2.93
7282.1796,2.00,-2.26,-2.35,2.95
7282.2114,1.99,-2.27,-2.33,2.96
7282.2435,1.98,-2.27,-2.32,2.98
7282.2743,1.97,-2.27,-2.30,2.97
7282.3060,1.99,-2.21,-2.36,3.00
7282.3375,2.04,-2.17,-2.36,3.03
7282.3692,2.08,-2.14,-2.35,3.06
7282.4008,2.12,-2.12,-2.35,3.06
7282.4326,2.16,-2.11,-2.38,3.06
7282.4650,2.15,-2.10,-2.35,3.05
7282.4973,2.14,-2.09,-2.32,3.04
7282.5292,2.14,-2.08,-2.30,3.03
7282.5620,2.15,-2.06,-2.32,3.03
7282.5948,2.16,-2.04,-2.31,3.03
7282.6270,2.17,-2.03,-2.31,3.03
7282.6600,2.19,-2.01,-2.30,3.02
7282.6920,2.21,-2.02,-2.26,3.01
7282.7243,2.22,-2.02,-2.23,3.00
7282.7563,2.23,-2.03,-2.20,3.00
7282.7880,2.25,-1.99,-3.15,3.02
7282.8207,2.25,-1.97,-3.89,3.00
7282.8525,2.25,-1.95,-4.53,2.97
7282.8850,2.25,-1.94,-5.07,2.95
7282.9167,2.33,-1.80,-6.51,2.83
7282.9485,2.42,-1.65,-7.74,2.71
7282.9810,2.49,-1.52,-8.78,2.60
7283.0125,2.65,-1.23,-10.66,2.64
7283.0436,2.80,-0.99,-12.25,2.48
7283.0758,2.92,-0.78,-13.61,2.33
7283.1081,3.04,-0.61,-14.76,2.18
7283.1403,3.15,-0.48,-15.80,2.04
7283.1721,3.26,-0.37,-16.68,1.92
7283.2040,3.34,-0.28,-17.43,1.81
7283.2364,3.45,-0.14,-18.16,1.71
7283.2681,3.47,-0.03,-18.66,1.62
7283.3005,3.50,0.06,-19.08,1.53
7283.3332,3.52,0.14,-19.44,1.44
7283.3642,3.54,0.18,-19.76,1.37
7283.3963,3.53,0.22,-20.03,1.31
7283.4286,3.52,0.25,-20.27,1.25
7283.4605,3.51,0.28,-20.47,1.20
7283.4929,3.46,0.29,-20.65,1.12
7283.5251,3.42,0.30,-20.80,1.08
7283.5572,3.38,0.31,-20.93,1.05
7283.5893,3.35,0.32,-21.04,1.01
7283.6212,3.32,0.32,-21.15,0.94
7283.6536,3.29,0.32,-21.24,0.91
7283.6856,3.27,0.33,-21.32,0.88
7283.7179,3.25,0.35,-21.39,0.86
7283.7504,3.22,0.36,-21.45,0.84
7283.7823,3.19,0.37,-21.50,0.82
7283.8147,3.17,0.38,-21.54,0.80
7283.8466,3.15,0.37,-21.58,0.79
7283.8785,3.13,0.37,-21.61,0.77
7283.9108,3.12,0.37,-21.63,0.76
7283.9427,3.11,0.37,-21.65,0.75
7283.9746,3.10,0.38,-21.67,0.73
7284.0061,3.10,0.39,-21.69,0.72
7284.0381,3.09,0.39,-21.70,0.70
7284.0706,3.09,0.40,-21.72,0.69
7284.1025,3.10,0.40,-21.72,0.67
7284.1348,3.11,0.40,-21.73,0.65
7284.1670,3.12,0.40,-21.74,0.64
7284.1993,3.13,0.41,-21.74,0.62
7284.2317,3.14,0.41,-21.74,0.60
7284.2640,3.16,0.41,-21.75,0.58
7284.2961,3.17,0.41,-21.75,0.57
7284.3287,3.18,0.41,-21.75,0.55
7284.3600,3.19,0.41,-21.75,0.53
7284.3912,3.21,0.41,-21.75,0.52
7284.4229,3.22,0.42,-21.75,0.51
7284.4550,3.23,0.42,-21.75,0.49
7284.4869,3.25,0.42,-21.75,0.47
7284.5073,3.26,0.42,-21.74,0.46
7284.5507,3.27,0.42,-21.74,0.44
7284.5698,3.27,0.43,-21.74,0.43
7284.5991,3.28,0.44,-21.74,0.42
7284.6308,3.29,0.44,-21.74,0.40
7284.6628,3.30,0.44,-21.74,0.39
7284.6950,3.32,0.44,-21.74,0.38
7284.7272,3.33,0.44,-21.73,0.36
7284.7590,3.34,0.44,-21.73,0.35
7284.7912,3.34,0.44,-21.73,0.34
7284.8183,3.35,0.44,-21.73,0.33
7284.8546,3.36,0.44,-21.73,0.32
7284.8830,3.37,0.44,-21.72,0.31
7284.9113,3.37,0.44,-21.72,0.30
7284.9446,3.38,0.44,-21.72,0.29
7284.9755,3.38,0.44,-21.72,0.28
7285.0117,3.39,0.44,-21.72,0.28
7285.0411,3.39,0.44,-21.72,0.27
7285.0680,3.40,0.44,-21.72,0.26
7285.1021,3.40,0.44,-21.72,0.26
7285.1322,3.41,0.45,-21.72,0.25
7285.1609,3.41,0.44,-21.72,0.25
7285.1963,3.42,0.44,-21.71,0.24
7285.2275,3.42,0.44,-21.71,0.24
7285.2880,3.42,0.45,-21.71,0.23
7285.3222,3.43,0.45,-21.71,0.22
7285.3621,3.43,0.45,-21.71,0.22
7285.3860,3.43,0.45,-21.71,0.21
7285.4176,3.44,0.45,-21.71,0.21
7285.4487,3.45,0.45,-21.71,0.20
7285.4802,3.45,0.45,-21.71,0.20
7285.5061,3.46,0.45,-21.71,0.20
7285.5382,3.46,0.46,-21.71,0.19
7285.5696,3.47,0.46,-21.71,0.19
7285.6012,3.47,0.46,-21.71,0.18
7285.6317,3.48,0.46,-21.71,0.18
7285.6627,3.48,0.47,-21.71,0.18
7285.6940,3.49,0.47,-21.71,0.18
7285.7254,3.49,0.47,-21.71,0.17
7285.7564,3.50,0.48,-21.71,0.17
7285.7880,3.50,0.48,-21.71,0.17
7285.8198,3.50,0.48,-21.71,0.17
7285.8509,3.51,0.48,-21.70,0.16
7285.8824,3.51,0.48,-21.70,0.16
7285.9148,3.51,0.48,-21.70,0.16
7285.9442,3.52,0.49,-21.70,0.16
7285.9757,3.52,0.49,-21.70,0.16
7286.0070,3.52,0.49,-21.70,0.16
7286.0391,3.52,0.49,-21.70,0.15
7286.0697,3.53,0.49,-21.70,0.15
7286.1030,3.53,0.49,-21.70,0.15
7286.1353,3.53,0.49,-21.70,0.15
7286.1676,3.54,0.49,-21.70,0.14
7286.2001,3.54,0.49,-21.70,0.14
7286.2322,3.54,0.50,-21.70,0.14
7286.2647,3.54,0.50,-21.70,0.14
7286.2968,3.55,0.50,-21.70,0.14
7286.3293,3.55,0.50,-21.70,0.14
7286.3607,3.55,0.50,-21.70,0.14
7286.3922,3.55,0.50,-21.70,0.13
7286.4236,3.55,0.50,-21.70,0.13
7286.4552,3.56,0.49,-21.70,0.13
7286.4775,3.56,0.49,-21.70,0.13
7286.5064,3.56,0.49,-21.70,0.13
7286.5378,3.56,0.49,-21.70,0.13
7286.5739,3.56,0.49,-21.69,0.13
7286.6042,3.56,0.49,-21.69,0.12
7286.6336,3.56,0.49,-21.69,0.12
7286.6699,3.56,0.49,-21.69,0.12
7286.6946,3.56,0.49,-21.69,0.12
7286.7268,3.56,0.49,-21.69,0.12
7286.7669,3.56,0.49,-21.69,0.12
7286.7991,3.56,0.49,-21.70,0.12
7286.8314,3.56,0.49,-21.70,0.12
7286.8502,3.56,0.50,-21.70,0.12
7286.8822,3.56,0.50,-21.70,0.12
7286.9122,3.56,0.50,-21.70,0.12
7286.9438,3.57,0.50,-21.70,0.12
7286.9747,3.57,0.50,-21.70,0.12
7287.0063,3.57,0.50,-21.70,0.12
7287.0363,3.57,0.50,-21.70,0.12
7287.0724,3.57,0.49,-21.70,0.11
7287.1011,3.57,0.49,-21.70,0.11
7287.1358,3.57,0.49,-21.70,0.11
7287.1630,3.57,0.49,-21.70,0.11
7287.1946,3.57,0.49,-21.70,0.11
7287.2274,3.57,0.48,-21.70,0.11
7287.2613,3.57,0.48,-21.70,0.10
7287.2884,3.57,0.48,-21.69,0.10
7287.3178,3.57,0.47,-21.69,0.10
7287.3545,3.57,0.47,-21.69,0.10
7287.3884,3.57,0.47,-21.69,0.10
7287.4264,3.57,0.46,-21.69,0.09
7287.4427,3.57,0.46,-21.69,0.09
7287.4746,3.57,0.46,-21.69,0.09
7287.5065,3.57,0.46,-21.69,0.09
7287.5426,3.58,0.46,-21.69,0.09
7287.5754,3.58,0.46,-21.69,0.09
7287.6072,3.58,0.46,-21.69,0.09
7287.6389,3.58,0.45,-21.69,0.09
7287.6707,3.58,0.45,-21.69,0.09
7287.7033,3.58,0.45,-21.69,0.09
7287.7342,3.58,0.45,-21.69,0.09
7287.7658,3.58,0.45,-21.69,0.08
7287.7970,3.58,0.45,-21.69,0.08
7287.8284,3.58,0.45,-21.69,0.08
7287.8586,3.58,0.45,-21.69,0.08
7287.8910,3.58,0.45,-21.69,0.08
7287.9225,3.58,0.45,-21.69,0.08
7287.9537,3.58,0.45,-21.69,0.08
7287.9866,3.58,0.45,-21.69,0.08
7288.0128,3.58,0.45,-21.69,0.08
7288.0487,3.58,0.45,-21.69,0.08
7288.0677,3.58,0.45,-21.69,0.08
7288.1119,3.58,0.45,-21.69,0.08
7288.1434,3.58,0.45,-21.69,0.07
7288.1631,3.59,0.45,-21.69,0.07
7288.2055,3.59,0.45,-21.69,0.07
7288.2323,3.59,0.45,-21.69,0.07
7288.2670,3.59,0.45,-21.69,0.07
7288.2866,3.59,0.45,-21.69,0.07
7288.3177,3.59,0.45,-21.69,0.07
7288.3491,3.59,0.45,-21.69,0.07
7288.3814,3.59,0.45,-21.69,0.07
7288.4229,3.59,0.45,-21.69,0.07
7288.4561,3.60,0.45,-21.69,0.07
7288.4885,3.60,0.45,-21.69,0.07
7288.5062,3.60,0.45,-21.69,0.07
7288.5509,3.60,0.45,-21.69,0.06
7288.5813,3.60,0.45,-21.69,0.06
7288.6130,3.60,0.45,-21.69,0.06
7288.6313,3.60,0.45,-21.69,0.06
7288.6745,3.60,0.45,-21.69,0.06
7288.7057,3.60,0.45,-21.69,0.06
7288.7368,3.60,0.45,-21.69,0.06
7288.7649,3.60,0.44,-21.69,0.06
7288.7978,3.60,0.44,-21.69,0.06
7288.8287,3.60,0.44,-21.68,0.06
7288.8591,3.60,0.44,-21.68,0.06
7288.8908,3.60,0.44,-21.68,0.06
7288.9147,3.60,0.44,-21.68,0.06
7288.9538,3.60,0.44,-21.68,0.06
7288.9846,3.60,0.44,-21.68,0.06
7289.0155,3.60,0.44,-21.68,0.06
7289.0369,3.60,0.44,-21.68,0.06
7289.0781,3.60,0.44,-21.68,0.06
7289.1088,3.61,0.44,-21.68,0.06
7289.1397,3.61,0.45,-21.68,0.07
7289.1624,3.61,0.45,-21.68,0.07
7289.2028,3.61,0.45,-21.68,0.07
7289.2322,3.61,0.45,-21.68,0.07
7289.2639,3.61,0.45,-21.68,0.07
7289.2949,3.60,0.45,-21.68,0.07
7289.3218,3.60,0.46,-21.69,0.07
7289.3560,3.60,0.46,-21.69,0.07
7289.3876,3.61,0.46,-21.69,0.07
7289.4149,3.61,0.46,-21.69,0.07
7289.4506,3.61,0.46,-21.69,0.07
7289.4816,3.61,0.47,-21.69,0.07
7289.5050,3.61,0.47,-21.69,0.07
7289.5435,3.61,0.47,-21.69,0.07
7289.5747,3.61,0.47,-21.69,0.07
7289.6065,3.61,0.47,-21.69,0.08
7289.6372,3.61,0.47,-21.69,0.08
7289.6681,3.61,0.47,-21.69,0.08
7289.6984,3.60,0.47,-21.69,0.08
7289.7310,3.60,0.47,-21.69,0.08
7289.7607,3.60,0.47,-21.69,0.08
7289.7880,3.60,0.47,-21.69,0.08
7289.8232,3.60,0.47,-21.69,0.08
7289.8541,3.60,0.47,-21.69,0.08
7289.8842,3.60,0.48,-21.69,0.08
7289.9177,3.60,0.48,-21.69,0.09
7289.9485,3.60,0.48,-21.69,0.09
7289.9806,3.60,0.48,-21.70,0.09
7290.0118,3.60,0.48,-21.70,0.09
7290.0428,3.60,0.48,-21.70,0.09
7290.0741,3.60,0.48,-21.70,0.09
7290.1003,3.60,0.48,-21.70,0.09
7290.1359,3.60,0.48,-21.70,0.08
7290.1629,3.60,0.48,-21.70,0.08
7290.1981,3.60,0.48,-21.70,0.08
7290.2281,3.60,0.48,-21.70,0.08
7290.2591,3.60,0.47,-21.70,0.08
7290.2912,3.60,0.47,-21.70,0.08
7290.3229,3.60,0.47,-21.70,0.08
7290.3531,3.60,0.47,-21.70,0.08
7290.3853,3.60,0.47,-21.70,0.08
7290.4170,3.59,0.47,-21.70,0.08
7290.4484,3.59,0.47,-21.70,0.08
7290.4782,3.59,0.47,-21.70,0.08
7290.5094,3.59,0.47,-21.70,0.08
7290.5407,3.59,0.47,-21.70,0.08
7290.5716,3.59,0.47,-21.70,0.07
7290.6031,3.59,0.47,-21.70,0.07
7290.6329,3.59,0.47,-21.70,0.07
7290.6616,3.59,0.46,-21.70,0.07
7290.6946,3.59,0.46,-21.70,0.07
7290.7256,3.59,0.46,-21.70,0.07
7290.7569,3.59,0.46,-21.70,0.07
7290.7876,3.59,0.46,-21.70,0.07
7290.8183,3.59,0.46,-21.70,0.07
7290.8643,3.59,0.46,-21.69,0.07
7290.9104,3.59,0.46,-21.69,0.07
7290.9313,3.59,0.46,-21.69,0.06
7290.9736,3.59,0.46,-21.69,0.06
7291.0212,3.59,0.46,-21.69,0.06
7291.0520,3.58,0.46,-21.69,0.06
7291.0980,3.58,0.46,-21.69,0.06
7291.1152,3.58,0.46,-21.69,0.06
7291.1458,3.58,0.46,-21.69,0.06
7291.1775,3.58,0.46,-21.69,0.06
7291.2081,3.58,0.46,-21.69,0.06
7291.2507,3.58,0.46,-21.69,0.06
7291.2705,3.57,0.46,-21.69,0.06
7291.3167,3.57,0.46,-21.69,0.06
7291.3476,3.57,0.46,-21.69,0.05
7291.3782,3.57,0.46,-21.69,0.05
7291.3981,3.57,0.46,-21.69,0.05
7291.4397,3.57,0.46,-21.69,0.05
7291.4720,3.57,0.46,-21.69,0.05
7291.5030,3.56,0.46,-21.68,0.05
7291.5333,3.56,0.46,-21.68,0.05
7291.5644,3.56,0.45,-21.68,0.05
7291.5951,3.56,0.45,-21.68,0.05
7291.6259,3.56,0.45,-21.68,0.05
7291.6568,3.56,0.45,-21.69,0.05
7291.6812,3.56,0.45,-21.69,0.05
7291.7208,3.56,0.45,-21.69,0.05
7291.7524,3.56,0.45,-21.69,0.05
7291.7709,3.56,0.45,-21.69,0.05
7291.8141,3.56,0.45,-21.69,0.05
7291.8355,3.56,0.45,-21.69,0.05
7291.8720,3.56,0.45,-21.69,0.05
7291.9091,3.56,0.45,-21.69,0.05
7291.9361,3.56,0.45,-21.69,0.05
7291.9645,3.56,0.45,-21.69,0.05
7292.0013,3.56,0.45,-21.69,0.05
7292.0329,3.56,0.45,-21.69,0.05
7292.0648,3.56,0.45,-21.69,0.05
7292.0964,3.56,0.45,-21.69,0.05
7292.1263,3.56,0.45,-21.69,0.05
7292.1467,3.56,0.45,-21.69,0.05
7292.1890,3.57,0.45,-21.69,0.05
7292.2204,3.57,0.45,-21.69,0.05
7292.2520,3.57,0.45,-21.69,0.05
7292.2833,3.57,0.45,-21.69,0.05
7292.3148,3.57,0.45,-21.69,0.05
7292.3471,3.57,0.45,-21.69,0.05
7292.3659,3.57,0.45,-21.69,0.05
7292.4101,3.57,0.46,-21.69,0.05
7292.4410,3.57,0.46,-21.69,0.05
7292.4718,3.57,0.46,-21.69,0.05
7292.5029,3.57,0.46,-21.69,0.05
7292.5340,3.58,0.46,-21.69,0.05
7292.5646,3.57,0.46,-21.69,0.05
7292.5972,3.57,0.45,-21.69,0.06
7292.6281,3.57,0.45,-21.69,0.06
7292.6603,3.57,0.45,-21.69,0.06
7292.6909,3.57,0.45,-21.69,0.06
7292.7222,3.57,0.46,-21.69,0.06
7292.7535,3.57,0.46,-21.69,0.06
7292.7809,3.57,0.45,-21.69,0.06
7292.8169,3.57,0.45,-21.69,0.06
7292.8394,3.57,0.45,-21.69,0.06
7292.8657,3.57,0.45,-21.69,0.06
7292.8985,3.57,0.45,-21.69,0.06
7292.9396,3.57,0.45,-21.69,0.06
7292.9706,3.57,0.46,-21.69,0.06
7293.0016,3.56,0.46,-21.69,0.06
7293.0331,3.56,0.46,-21.69,0.06
7293.0638,3.56,0.45,-21.69,0.06
7293.0941,3.56,0.45,-21.69,0.06
7293.1239,3.56,0.45,-21.69,0.06
7293.1485,3.56,0.45,-21.69,0.06
7293.1878,3.56,0.45,-21.69,0.06
7293.2194,3.56,0.45,-21.69,0.06
7293.2514,3.56,0.45,-21.69,0.06
7293.2825,3.56,0.45,-21.69,0.06
7293.3143,3.56,0.45,-21.69,0.06
7293.3448,3.56,0.45,-21.69,0.06
7293.3756,3.56,0.45,-21.69,0.06
7293.4069,3.56,0.45,-21.69,0.06
7293.4380,3.56,0.45,-21.69,0.06
7293.4697,3.56,0.45,-21.69,0.06
7293.4951,3.56,0.45,-21.70,0.06
7293.5335,3.56,0.45,-21.70,0.06
7293.5651,3.56,0.44,-21.70,0.05
7293.5968,3.56,0.44,-21.70,0.05
7293.6176,3.56,0.44,-21.70,0.05
7293.6593,3.56,0.44,-21.70,0.05
7293.6815,3.56,0.44,-21.70,0.05
7293.7208,3.56,0.44,-21.70,0.05
7293.7519,3.56,0.44,-21.70,0.05
7293.7828,3.56,0.44,-21.70,0.05
7293.8139,3.56,0.44,-21.70,0.05
7293.8450,3.56,0.44,-21.70,0.05
7293.8722,3.56,0.44,-21.70,0.05
7293.8976,3.56,0.44,-21.70,0.05
7293.9382,3.56,0.44,-21.70,0.05
7293.9688,3.56,0.44,-21.70,0.05
7294.0007,3.56,0.44,-21.70,0.05
7294.0313,3.56,0.44,-21.70,0.05
7294.0625,3.56,0.44,-21.70,0.05
7294.0938,3.56,0.44,-21.70,0.05
7294.1176,3.56,0.44,-21.70,0.05
7294.1477,3.56,0.44,-21.70,0.05
7294.1795,3.56,0.44,-21.70,0.05
7294.2201,3.56,0.45,-21.70,0.05
7294.2512,3.56,0.45,-21.70,0.05
7294.2823,3.56,0.45,-21.70,0.05
7294.3150,3.56,0.45,-21.70,0.05
7294.3366,3.56,0.45,-21.70,0.05
7294.3773,3.56,0.45,-21.70,0.05
7294.4081,3.56,0.45,-21.70,0.05
7294.4324,3.56,0.45,-21.70,0.05
7294.4602,3.56,0.45,-21.70,0.06
7294.5023,3.56,0.45,-21.70,0.06
7294.5325,3.57,0.45,-21.70,0.05
7294.5606,3.57,0.45,-21.70,0.05
7294.5953,3.57,0.45,-21.70,0.05
7294.6267,3.57,0.45,-21.70,0.05
7294.6488,3.57,0.45,-21.70,0.05
7294.6895,3.57,0.45,-21.70,0.05
7294.7197,3.57,0.45,-21.70,0.05
7294.7476,3.57,0.45,-21.70,0.05
7294.7821,3.57,0.45,-21.70,0.05
7294.8130,3.56,0.45,-21.70,0.05
7294.8440,3.56,0.45,-21.70,0.05
7294.8749,3.56,0.45,-21.69,0.05
7294.9076,3.56,0.46,-21.69,0.05
7294.9287,3.56,0.46,-21.69,0.06
7294.9643,3.56,0.46,-21.69,0.06
7295.0013,3.56,0.46,-21.69,0.06
7295.0207,3.56,0.46,-21.69,0.06
7295.0636,3.56,0.46,-21.70,0.06
7295.0948,3.56,0.46,-21.70,0.06
7295.1149,3.56,0.46,-21.70,0.07
7295.1568,3.56,0.46,-21.70,0.07
7295.1893,3.56,0.46,-21.70,0.07
7295.2129,3.56,0.47,-21.70,0.07
7295.2503,3.56,0.47,-21.70,0.07
7295.2818,3.56,0.47,-21.70,0.07
7295.3131,3.55,0.47,-21.70,0.08
7295.3441,3.55,0.47,-21.70,0.08
7295.3751,3.55,0.47,-21.70,0.08
7295.3966,3.55,0.47,-21.70,0.08
7295.4380,3.55,0.47,-21.70,0.08
7295.4603,3.55,0.47,-21.70,0.08
7295.5006,3.55,0.47,-21.70,0.08
7295.5209,3.55,0.47,-21.70,0.08
7295.5633,3.55,0.47,-21.70,0.08
7295.5908,3.55,0.47,-21.70,0.07
7295.6250,3.55,0.47,-21.70,0.07
7295.6557,3.55,0.47,-21.70,0.07
7295.6860,3.55,0.46,-21.70,0.07
7295.7171,3.55,0.46,-21.70,0.07
7295.7481,3.55,0.46,-21.70,0.07
7295.7791,3.55,0.46,-21.70,0.07
7295.8102,3.55,0.46,-21.70,0.07
7295.8411,3.55,0.46,-21.70,0.07
7295.8653,3.55,0.46,-21.70,0.07
7295.9034,3.55,0.45,-21.70,0.07
7295.9347,3.55,0.45,-21.70,0.06
7295.9654,3.55,0.45,-21.70,0.06
7295.9976,3.55,0.45,-21.70,0.06
7296.0281,3.55,0.45,-21.70,0.06
7296.0602,3.55,0.45,-21.70,0.06
7296.0917,3.54,0.45,-21.70,0.06
7296.1235,3.54,0.45,-21.70,0.06
7296.1480,3.54,0.45,-21.70,0.06
7296.1853,3.54,0.44,-21.70,0.06
7296.2169,3.54,0.44,-21.70,0.06
7296.2483,3.54,0.44,-21.70,0.06
7296.2789,3.54,0.44,-21.70,0.06
7296.3103,3.54,0.44,-21.70,0.06
7296.3414,3.54,0.43,-21.70,0.05
7296.3739,3.54,0.43,-21.70,0.05
7296.4050,3.54,0.43,-21.70,0.05
7296.4362,3.54,0.43,-21.70,0.05
7296.4674,3.54,0.43,-21.70,0.05
7296.4986,3.54,0.43,-21.70,0.05
7296.5312,3.54,0.43,-21.70,0.05
7296.5617,3.54,0.43,-21.70,0.05
7296.5920,3.54,0.43,-21.70,0.05
7296.6226,3.54,0.43,-21.70,0.05
7296.6541,3.54,0.43,-21.70,0.05
7296.6818,3.54,0.43,-21.70,0.06
7296.7167,3.54,0.43,-21.70,0.06
7296.7471,3.54,0.43,-21.70,0.06
7296.7765,3.54,0.43,-21.70,0.06
7296.8080,3.54,0.43,-21.70,0.06
7296.8448,3.54,0.43,-21.70,0.06
7296.8772,3.54,0.43,-21.70,0.06
7296.9087,3.54,0.43,-21.70,0.06
7296.9402,3.54,0.43,-21.70,0.06
7296.9723,3.54,0.43,-21.70,0.06
7297.0048,3.54,0.43,-21.70,0.06
7297.0208,3.54,0.43,-21.70,0.06
7297.0611,3.55,0.43,-21.70,0.06
7297.0951,3.55,0.43,-21.70,0.06
7297.1268,3.55,0.43,-21.70,0.06
7297.1592,3.55,0.43,-21.70,0.06
7297.1912,3.55,0.43,-21.70,0.06
7297.2229,3.55,0.43,-21.70,0.06
7297.2391,3.55,0.43,-21.70,0.06
7297.2799,3.55,0.43,-21.69,0.06
7297.3036,3.55,0.43,-21.69,0.06
7297.3452,3.56,0.43,-21.69,0.06
7297.3776,3.56,0.43,-21.69,0.06
7297.4094,3.56,0.43,-21.69,0.06
7297.4415,3.56,0.43,-21.69,0.06
7297.4616,3.56,0.43,-21.69,0.06
7297.4925,3.56,0.43,-21.70,0.06
7297.5245,3.56,0.42,-21.70,0.06
7297.5564,3.56,0.42,-21.70,0.06
7297.5965,3.56,0.42,-21.69,0.06
7297.6291,3.57,0.42,-21.69,0.06
7297.6618,3.57,0.42,-21.69,0.06
7297.6939,3.57,0.42,-21.69,0.06
7297.7263,3.57,0.42,-21.69,0.06
7297.7584,3.57,0.42,-21.69,0.07
7297.7911,3.57,0.42,-21.69,0.06
7297.8240,3.57,0.42,-21.69,0.06
7297.8554,3.56,0.42,-21.69,0.06
7297.8877,3.56,0.42,-21.69,0.06
7297.9203,3.56,0.42,-21.69,0.06
7297.9524,3.56,0.42,-21.69,0.07
7297.9853,3.56,0.42,-21.69,0.07
7298.0177,3.56,0.42,-21.69,0.07
7298.0500,3.56,0.42,-21.69,0.07
7298.0821,3.56,0.42,-21.69,0.07
7298.1136,3.56,0.42,-21.69,0.07
7298.1380,3.56,0.42,-21.69,0.07
7298.1624,3.56,0.42,-21.69,0.07
7298.1941,3.56,0.42,-21.69,0.07
7298.2258,3.56,0.42,-21.69,0.07
7298.2583,3.56,0.42,-21.69,0.07
7298.2909,3.56,0.42,-21.69,0.07
7298.3234,3.56,0.43,-21.69,0.07
7298.3546,3.56,0.43,-21.69,0.07
7298.3868,3.56,0.43,-21.69,0.06
7298.4189,3.56,0.43,-21.69,0.06
7298.4513,3.56,0.43,-21.69,0.06
7298.4845,3.55,0.43,-21.69,0.06
7298.5160,3.55,0.43,-21.69,0.06
7298.5481,3.55,0.43,-21.69,0.06
7298.5804,3.55,0.43,-21.69,0.06
7298.6124,3.55,0.43,-21.69,0.06
7298.6446,3.55,0.43,-21.69,0.06
7298.6780,3.56,0.43,-21.69,0.06
7298.7023,3.56,0.43,-21.69,0.06
7298.7341,3.56,0.43,-21.69,0.06
7298.7669,3.56,0.43,-21.69,0.06
7298.7991,3.56,0.43,-21.69,0.06
7298.8312,3.56,0.43,-21.70,0.05
7298.8627,3.56,0.43,-21.70,0.05
7298.8951,3.56,0.43,-21.70,0.05
7298.9271,3.56,0.43,-21.70,0.05
7298.9594,3.56,0.43,-21.70,0.05
7298.9920,3.56,0.43,-21.70,0.05
7299.0234,3.56,0.43,-21.70,0.05
7299.0554,3.56,0.43,-21.70,0.04
7299.0879,3.56,0.43,-21.70,0.04
7299.1200,3.56,0.43,-21.70,0.04
7299.1517,3.56,0.43,-21.70,0.04
7299.1773,3.56,0.43,-21.70,0.04
7299.2184,3.56,0.43,-21.70,0.04
7299.2507,3.56,0.43,-21.70,0.04
7299.2831,3.56,0.43,-21.69,0.04
7299.3153,3.56,0.42,-21.69,0.04
7299.3480,3.56,0.42,-21.69,0.04
7299.3798,3.56,0.42,-21.69,0.04
7299.4121,3.56,0.42,-21.69,0.04
7299.4440,3.56,0.42,-21.69,0.04
7299.4760,3.56,0.42,-21.69,0.04
7299.5079,3.56,0.42,-21.69,0.04
7299.5406,3.56,0.42,-21.69,0.04
7299.5731,3.56,0.42,-21.69,0.04
7299.6052,3.56,0.42,-21.69,0.04
7299.6378,3.56,0.42,-21.69,0.04
7299.6696,3.56,0.42,-21.69,0.04
7299.6958,3.56,0.42,-21.69,0.04
7299.7450,3.56,0.42,-21.69,0.04
7299.7771,3.56,0.42,-21.69,0.05
7299.8089,3.56,0.42,-21.69,0.05
7299.8403,3.56,0.42,-21.69,0.05
7299.8719,3.56,0.43,-21.69,0.05
7299.9043,3.56,0.43,-21.70,0.05
7299.9357,3.56,0.43,-21.70,0.05
7299.9676,3.56,0.43,-21.70,0.05
7299.9998,3.56,0.43,-21.70,0.06
7300.0323,3.56,0.43,-21.70,0.06
7300.0646,3.56,0.43,-21.70,0.06
7300.0972,3.56,0.43,-21.70,0.06
7300.1297,3.56,0.44,-21.70,0.06
7300.1617,3.56,0.44,-21.70,0.06
7300.1938,3.56,0.44,-21.70,0.06
7300.2261,3.56,0.44,-21.70,0.06
7300.2554,3.56,0.44,-21.70,0.06
7300.2966,3.56,0.44,-21.70,0.06
7300.3291,3.56,0.44,-21.70,0.06
7300.3610,3.56,0.44,-21.70,0.06
7300.3930,3.56,0.44,-21.70,0.06
7300.4250,3.56,0.44,-21.70,0.06
7300.4571,3.56,0.44,-21.70,0.06
7300.4892,3.56,0.44,-21.70,0.06
7300.5216,3.56,0.44,-21.70,0.05
7300.5538,3.56,0.44,-21.70,0.05
7300.5860,3.56,0.44,-21.70,0.05
7300.6182,3.56,0.44,-21.70,0.05
7300.6507,3.56,0.44,-21.70,0.05
7300.6826,3.56,0.44,-21.70,0.05
7300.7139,3.56,0.44,-21.70,0.05
7300.7460,3.57,0.44,-21.70,0.05
7300.7713,3.57,0.44,-21.70,0.05
7300.8118,3.57,0.44,-21.70,0.05
7300.8450,3.57,0.44,-21.70,0.05
7300.8770,3.57,0.44,-21.70,0.05
7300.9091,3.57,0.44,-21.70,0.05
7300.9413,3.57,0.44,-21.70,0.05
7300.9737,3.57,0.44,-21.70,0.05
7301.0060,3.57,0.44,-21.70,0.05
7301.0384,3.57,0.45,-21.70,0.05
7301.0703,3.57,0.45,-21.70,0.05
7301.1022,3.58,0.45,-21.70,0.05
7301.1335,3.58,0.45,-21.70,0.05
7301.1660,3.58,0.45,-21.70,0.05
7301.1982,3.58,0.45,-21.70,0.05
7301.2305,3.58,0.45,-21.70,0.05
7301.2626,3.58,0.45,-21.70,0.05
7301.2936,3.58,0.45,-21.70,0.05
7301.3273,3.58,0.45,-21.70,0.05
7301.3513,3.58,0.45,-21.69,0.05
7301.3838,3.58,0.45,-21.69,0.05
7301.4160,3.58,0.45,-21.69,0.05
7301.4483,3.58,0.45,-21.69,0.05
7301.4808,3.58,0.45,-21.69,0.05
7301.5129,3.58,0.45,-21.69,0.05
7301.5452,3.58,0.45,-21.69,0.05
7301.5770,3.58,0.45,-21.69,0.05
7301.6097,3.58,0.45,-21.69,0.05
7301.6419,3.58,0.45,-21.69,0.05
7301.6739,3.58,0.45,-21.69,0.05
7301.7065,3.58,0.45,-21.69,0.05
7301.7392,3.58,0.45,-21.69,0.05
7301.7714,3.58,0.45,-21.69,0.05
7301.8035,3.58,0.45,-21.69,0.05
7301.8389,3.58,0.45,-21.69,0.05
7301.8790,3.58,0.44,-21.69,0.05
7301.9107,3.58,0.44,-21.69,0.05
7301.9269,3.58,0.44,-21.69,0.05
7301.9589,3.58,0.44,-21.69,0.05
7301.9911,3.57,0.44,-21.69,0.05
7302.0234,3.57,0.44,-21.69,0.05
7302.0558,3.57,0.44,-21.69,0.05
7302.0881,3.57,0.44,-21.69,0.05
7302.1206,3.57,0.44,-21.69,0.05
7302.1529,3.57,0.44,-21.69,0.05
7302.1849,3.57,0.44,-21.69,0.05
7302.2169,3.57,0.44,-21.69,0.05
7302.2489,3.57,0.44,-21.69,0.05
7302.2811,3.57,0.44,-21.69,0.05
7302.3134,3.57,0.44,-21.69,0.05
7302.3447,3.57,0.44,-21.69,0.05
7302.3780,3.57,0.44,-21.69,0.05
7302.4027,3.57,0.44,-21.69,0.05
7302.4343,3.57,0.44,-21.69,0.05
7302.4664,3.58,0.44,-21.69,0.04
7302.4988,3.58,0.44,-21.69,0.04
7302.5310,3.58,0.45,-21.69,0.04
7302.5625,3.58,0.45,-21.69,0.04
7302.5947,3.58,0.45,-21.69,0.04
7302.6268,3.58,0.45,-21.69,0.04
7302.6591,3.58,0.45,-21.69,0.04
7302.6915,3.58,0.45,-21.69,0.04
7302.7236,3.58,0.45,-21.69,0.04
7302.7560,3.59,0.45,-21.69,0.04
7302.7875,3.59,0.45,-21.69,0.04
7302.8191,3.59,0.45,-21.69,0.04
7302.8515,3.59,0.45,-21.69,0.04
7302.8814,3.59,0.45,-21.69,0.04
7302.9123,3.59,0.45,-21.69,0.04
7302.9441,3.59,0.45,-21.69,0.04
7302.9742,3.59,0.45,-21.69,0.04
7303.0067,3.59,0.45,-21.69,0.04
7303.0436,3.59,0.45,-21.69,0.04
7303.0679,3.59,0.45,-21.69,0.04
7303.1057,3.59,0.45,-21.69,0.04
7303.1300,3.59,0.45,-21.70,0.04
7303.1658,3.58,0.45,-21.70,0.05
7303.1948,3.58,0.45,-21.70,0.05
7303.2276,3.58,0.45,-21.70,0.05
7303.2577,3.58,0.45,-21.70,0.05
7303.2862,3.58,0.45,-21.70,0.05
7303.3179,3.57,0.46,-21.70,0.05
7303.3559,3.57,0.46,-21.70,0.05
7303.3878,3.57,0.46,-21.70,0.06
7303.4295,3.57,0.46,-21.70,0.06
7303.4619,3.56,0.46,-21.70,0.06
7303.4937,3.56,0.46,-21.70,0.06
7303.5263,3.56,0.46,-21.70,0.06
7303.5585,3.55,0.46,-21.70,0.07
7303.5910,3.55,0.46,-21.70,0.07
7303.6225,3.55,0.46,-21.70,0.07
7303.6548,3.54,0.46,-21.70,0.07
7303.6869,3.54,0.46,-21.70,0.08
7303.7189,3.54,0.47,-21.70,0.08
7303.7513,3.54,0.47,-21.70,0.08
7303.7835,3.54,0.47,-21.71,0.08
7303.8147,3.54,0.47,-21.71,0.08
7303.8467,3.54,0.47,-21.71,0.08
7303.8783,3.54,0.47,-21.70,0.08
7303.9109,3.54,0.47,-21.70,0.09
7303.9340,3.54,0.47,-21.70,0.09
7303.9636,3.54,0.47,-21.70,0.09
7304.0054,3.54,0.47,-21.70,0.09
7304.0372,3.54,0.46,-21.70,0.09
7304.0688,3.54,0.46,-21.70,0.09
7304.1087,3.54,0.46,-21.70,0.09
7304.1410,3.54,0.46,-21.70,0.09
7304.1733,3.54,0.46,-21.70,0.09
7304.1973,3.54,0.46,-21.70,0.09
7304.2372,3.54,0.47,-21.70,0.09
7304.2691,3.54,0.47,-21.70,0.09
7304.3009,3.54,0.47,-21.69,0.09
7304.3333,3.54,0.47,-21.69,0.09
7304.3645,3.54,0.47,-21.69,0.09
7304.3963,3.55,0.47,-21.69,0.09
7304.4276,3.55,0.47,-21.69,0.09
7304.4600,3.55,0.47,-21.69,0.09
7304.4940,3.55,0.47,-21.69,0.09
7304.5238,3.55,0.47,-21.69,0.09
7304.5655,3.56,0.47,-21.69,0.09
7304.5975,3.56,0.47,-21.69,0.09
7304.6285,3.56,0.47,-21.69,0.09
7304.6602,3.56,0.47,-21.69,0.09
7304.6922,3.56,0.46,-21.69,0.09
7304.7242,3.56,0.46,-21.69,0.09
7304.7557,3.56,0.46,-21.69,0.09
7304.7869,3.56,0.46,-21.69,0.09
7304.8183,3.56,0.46,-21.69,0.09
7304.8502,3.56,0.46,-21.69,0.09
7304.8822,3.56,0.46,-21.69,0.09
7304.9131,3.56,0.46,-21.69,0.09
7304.9455,3.56,0.46,-21.69,0.09
7304.9777,3.56,0.46,-21.69,0.09
7305.0231,3.56,0.46,-21.69,0.09
7305.0635,3.56,0.46,-21.69,0.09
7305.0960,3.56,0.45,-21.69,0.09
7305.1278,3.56,0.45,-21.69,0.08
7305.1592,3.56,0.45,-21.69,0.08
7305.1904,3.56,0.45,-21.69,0.08
7305.2116,3.56,0.45,-21.69,0.08
7305.2458,3.56,0.45,-21.69,0.08
7305.2735,3.56,0.45,-21.69,0.08
7305.3019,3.56,0.45,-21.69,0.08
7305.3348,3.55,0.45,-21.69,0.08
7305.3765,3.55,0.45,-21.69,0.08
7305.4078,3.55,0.45,-21.69,0.08
7305.4405,3.55,0.45,-21.69,0.08
7305.4721,3.55,0.45,-21.69,0.08
7305.5039,3.55,0.45,-21.69,0.08
7305.5282,3.55,0.45,-21.69,0.08
7305.5525,3.55,0.45,-21.69,0.08
7305.5853,3.55,0.45,-21.69,0.08
7305.6172,3.55,0.45,-21.69,0.08
7305.6490,3.55,0.45,-21.69,0.08
7305.6804,3.55,0.45,-21.69,0.08
7305.7123,3.55,0.45,-21.69,0.08
7305.7446,3.55,0.45,-21.69,0.08
7305.7764,3.56,0.45,-21.69,0.08
7305.8087,3.56,0.45,-21.69,0.08
7305.8408,3.56,0.45,-21.68,0.08
7305.8723,3.56,0.46,-21.68,0.08
7305.9046,3.56,0.46,-21.68,0.08
7305.9286,3.56,0.46,-21.69,0.09
7305.9611,3.56,0.47,-21.69,0.09
7305.9931,3.56,0.47,-21.68,0.09
7306.0256,3.56,0.47,-21.68,0.09
7306.0579,3.56,0.47,-21.68,0.10
7306.0831,3.56,0.47,-21.69,0.10
7306.1154,3.56,0.47,-21.69,0.09
7306.1470,3.56,0.46,-21.69,0.10
7306.1885,3.56,0.46,-21.69,0.10
7306.2235,3.56,0.46,-21.69,0.10
7306.2416,3.56,0.46,-21.69,0.10
7306.2768,3.56,0.46,-21.69,0.10
7306.3086,3.56,0.47,-21.69,0.10
7306.3404,3.56,0.47,-21.69,0.09
7306.3717,3.56,0.46,-21.69,0.09
7306.4038,3.56,0.46,-21.69,0.09
7306.4302,3.56,0.46,-21.69,0.09
7306.4715,3.56,0.46,-21.69,0.09
7306.5030,3.57,0.46,-21.70,0.09
7306.5353,3.57,0.46,-21.70,0.09
7306.5596,3.57,0.46,-21.70,0.09
7306.5928,3.57,0.46,-21.70,0.08
7306.6245,3.57,0.46,-21.70,0.08
7306.6497,3.57,0.46,-21.70,0.08
7306.6827,3.57,0.46,-21.70,0.08
7306.7143,3.57,0.46,-21.70,0.08
7306.7464,3.57,0.46,-21.70,0.08
7306.7776,3.58,0.46,-21.70,0.08
7306.8099,3.58,0.46,-21.70,0.08
7306.8345,3.58,0.46,-21.70,0.08
7306.8744,3.57,0.46,-21.70,0.08
7306.9076,3.57,0.46,-21.70,0.08
7306.9405,3.57,0.46,-21.70,0.08
7306.9650,3.57,0.46,-21.70,0.08
7306.9945,3.57,0.46,-21.70,0.08
7307.0263,3.57,0.46,-21.70,0.08
7307.0585,3.57,0.46,-21.70,0.08
7307.0935,3.57,0.46,-21.71,0.08
7307.1229,3.57,0.46,-21.71,0.08
7307.1551,3.57,0.46,-21.71,0.08
7307.1868,3.57,0.46,-21.71,0.08
7307.2175,3.57,0.46,-21.71,0.08
7307.2478,3.57,0.46,-21.71,0.08
7307.2801,3.57,0.45,-21.71,0.08
7307.3111,3.57,0.45,-21.71,0.08
7307.3425,3.57,0.45,-21.71,0.08
7307.3726,3.57,0.45,-21.71,0.08
7307.3974,3.57,0.45,-21.71,0.08
7307.4350,3.57,0.45,-21.71,0.08
7307.4663,3.57,0.45,-21.71,0.07
7307.4980,3.57,0.44,-21.71,0.07
7307.5295,3.57,0.44,-21.71,0.07
7307.5610,3.57,0.44,-21.71,0.07
7307.5829,3.57,0.44,-21.71,0.07
7307.6227,3.57,0.44,-21.71,0.07
7307.6531,3.57,0.44,-21.71,0.07
7307.6839,3.56,0.44,-21.71,0.07
7307.7138,3.56,0.44,-21.71,0.07
7307.7469,3.56,0.44,-21.71,0.07
7307.7772,3.56,0.44,-21.71,0.07
7307.8082,3.56,0.44,-21.71,0.07
7307.8398,3.56,0.44,-21.71,0.07
7307.8650,3.56,0.44,-21.71,0.07
7307.9014,3.56,0.44,-21.71,0.07
7307.9321,3.56,0.44,-21.71,0.08
7307.9642,3.55,0.44,-21.71,0.08
7307.9947,3.55,0.44,-21.71,0.08
7308.0256,3.55,0.44,-21.71,0.08
7308.0563,3.55,0.44,-21.71,0.08
7308.0859,3.55,0.44,-21.71,0.08
7308.1200,3.55,0.44,-21.70,0.08
7308.1505,3.54,0.44,-21.70,0.08
7308.1812,3.54,0.44,-21.70,0.08
7308.2144,3.54,0.44,-21.70,0.08
7308.2451,3.54,0.44,-21.70,0.08
7308.2759,3.54,0.44,-21.71,0.08
7308.3066,3.54,0.44,-21.71,0.08
7308.3379,3.54,0.44,-21.71,0.08
7308.3685,3.54,0.44,-21.71,0.08
7308.3996,3.54,0.44,-21.71,0.08
7308.4309,3.54,0.45,-21.71,0.08
7308.4605,3.54,0.45,-21.71,0.08
7308.4921,3.54,0.45,-21.71,0.08
7308.5236,3.53,0.45,-21.71,0.08
7308.5522,3.53,0.45,-21.71,0.08
7308.5867,3.53,0.45,-21.71,0.08
7308.6145,3.53,0.45,-21.71,0.08
7308.6475,3.53,0.44,-21.72,0.08
7308.6784,3.53,0.44,-21.72,0.08
7308.7093,3.53,0.44,-21.72,0.08
7308.7406,3.53,0.44,-21.72,0.08
7308.7719,3.53,0.44,-21.72,0.08
7308.8030,3.53,0.44,-21.72,0.08
7308.8349,3.53,0.44,-21.72,0.08
7308.8662,3.53,0.44,-21.71,0.08
7308.8975,3.52,0.44,-21.71,0.08
7308.9274,3.52,0.45,-21.72,0.08
7308.9587,3.52,0.45,-21.72,0.08
7308.9893,3.52,0.45,-21.72,0.08
7309.0209,3.52,0.45,-21.72,0.09
7309.0526,3.52,0.45,-21.72,0.09
7309.0838,3.52,0.45,-21.72,0.09
7309.1156,3.52,0.45,-21.72,0.09
7309.1467,3.52,0.45,-21.72,0.09
7309.1778,3.53,0.45,-21.72,0.09
7309.2081,3.53,0.45,-21.72,0.09
7309.2401,3.53,0.45,-21.72,0.09
7309.2709,3.53,0.45,-21.72,0.09
7309.3021,3.53,0.46,-21.72,0.09
7309.3489,3.53,0.46,-21.72,0.08
7309.3803,3.53,0.46,-21.72,0.08
7309.4254,3.54,0.46,-21.72,0.08
7309.4576,3.54,0.46,-21.72,0.08
7309.4740,3.54,0.46,-21.72,0.08
7309.5196,3.54,0.46,-21.72,0.08
7309.5477,3.54,0.47,-21.72,0.08
7309.5823,3.54,0.47,-21.72,0.08
7309.6087,3.54,0.47,-21.72,0.08
7309.6447,3.54,0.47,-21.72,0.08
7309.6725,3.54,0.47,-21.72,0.09
7309.7070,3.54,0.47,-21.72,0.09
7309.7387,3.54,0.47,-21.72,0.09
7309.7699,3.54,0.47,-21.72,0.09
7309.8011,3.54,0.48,-21.72,0.09
7309.8308,3.54,0.48,-21.72,0.09
7309.8489,3.54,0.48,-21.72,0.09
7309.8806,3.54,0.48,-21.72,0.09
7309.9113,3.54,0.48,-21.72,0.09
7309.9577,3.54,0.47,-21.71,0.09
7309.9883,3.54,0.47,-21.71,0.09
7310.0200,3.54,0.47,-21.72,0.09
7310.0506,3.54,0.47,-21.72,0.09
7310.0810,3.55,0.47,-21.72,0.09
7310.1119,3.55,0.47,-21.72,0.09
7310.1437,3.55,0.47,-21.72,0.08
7310.1641,3.55,0.47,-21.72,0.08
7310.2063,3.55,0.47,-21.71,0.08
7310.2374,3.55,0.47,-21.71,0.08
7310.2694,3.55,0.47,-21.71,0.08
7310.3003,3.55,0.47,-21.71,0.08
7310.3318,3.56,0.47,-21.72,0.08
7310.3622,3.56,0.47,-21.71,0.08
7310.3933,3.56,0.47,-21.71,0.08
7310.4245,3.56,0.47,-21.71,0.08
7310.4478,3.56,0.47,-21.71,0.07
7310.4815,3.56,0.47,-21.71,0.07
7310.5170,3.56,0.47,-21.71,0.07
7310.5385,3.56,0.47,-21.71,0.08
7310.5794,3.56,0.47,-21.71,0.08
7310.6110,3.56,0.47,-21.71,0.08
7310.6409,3.56,0.46,-21.71,0.08
7310.6729,3.56,0.47,-21.71,0.08
7310.6925,3.56,0.47,-21.71,0.08
7310.7351,3.56,0.47,-21.71,0.08
7310.7603,3.55,0.47,-21.71,0.08
7310.7982,3.55,0.47,-21.71,0.08
7310.8284,3.55,0.47,-21.71,0.08
7310.8598,3.55,0.47,-21.71,0.08
7310.8910,3.55,0.47,-21.71,0.08
7310.9229,3.55,0.47,-21.71,0.08
7310.9532,3.55,0.47,-21.71,0.08
7310.9846,3.55,0.47,-21.71,0.08
7311.0162,3.55,0.47,-21.72,0.08
7311.0414,3.55,0.47,-21.72,0.08
7311.0787,3.55,0.47,-21.72,0.08
7311.1090,3.55,0.47,-21.72,0.08
7311.1397,3.55,0.47,-21.72,0.08
7311.1715,3.55,0.47,-21.72,0.08
7311.1961,3.55,0.47,-21.72,0.08
7311.2339,3.55,0.47,-21.72,0.08
7311.2655,3.55,0.47,-21.72,0.08
7311.2961,3.56,0.47,-21.72,0.08
7311.3281,3.56,0.47,-21.72,0.08
7311.3592,3.56,0.47,-21.72,0.08
7311.3906,3.56,0.46,-21.72,0.08
7311.4224,3.55,0.46,-21.72,0.08
7311.4536,3.55,0.47,-21.72,0.08
7311.4851,3.55,0.47,-21.72,0.08
7311.5155,3.55,0.47,-21.72,0.08
7311.5476,3.55,0.47,-21.72,0.08
7311.5794,3.55,0.47,-21.72,0.08
7311.6110,3.55,0.47,-21.72,0.08
7311.6417,3.55,0.47,-21.73,0.09
7311.6728,3.55,0.47,-21.73,0.09
7311.7040,3.55,0.47,-21.73,0.09
7311.7350,3.55,0.47,-21.73,0.09
7311.7552,3.55,0.47,-21.73,0.09
7311.7877,3.55,0.47,-21.73,0.09
7311.8174,3.55,0.47,-21.73,0.09
7311.8497,3.55,0.47,-21.73,0.09
7311.8828,3.55,0.47,-21.73,0.09
7311.9118,3.55,0.47,-21.73,0.08
7311.9452,3.55,0.47,-21.73,0.08
7311.9739,3.55,0.47,-21.73,0.08
7312.0066,3.55,0.47,-21.73,0.08
7312.0362,3.55,0.47,-21.73,0.08
7312.0691,3.55,0.47,-21.73,0.08
7312.1104,3.55,0.47,-21.73,0.08
7312.1418,3.55,0.47,-21.73,0.08
7312.1637,3.55,0.47,-21.73,0.08
7312.1926,3.55,0.47,-21.73,0.08
7312.2254,3.55,0.47,-21.73,0.08
7312.2552,3.55,0.47,-21.73,0.08
7312.2871,3.55,0.47,-21.73,0.07
7312.3173,3.55,0.47,-21.73,0.07
7312.3495,3.55,0.47,-21.73,0.07
7312.3799,3.55,0.46,-21.73,0.07
7312.4273,3.55,0.46,-21.73,0.07
7312.4578,3.55,0.46,-21.72,0.07
7312.4894,3.55,0.46,-21.72,0.07
7312.5359,3.55,0.46,-21.72,0.07
7312.5628,3.56,0.46,-21.72,0.07
7312.5873,3.56,0.46,-21.72,0.07
7312.6195,3.56,0.46,-21.72,0.07
7312.6458,3.56,0.46,-21.72,0.07
7312.6770,3.56,0.46,-21.72,0.07
7312.7078,3.56,0.46,-21.72,0.07
7312.7403,3.56,0.46,-21.72,0.07
7312.7755,3.56,0.46,-21.72,0.07
7312.8087,3.56,0.46,-21.72,0.08
7312.8333,3.56,0.46,-21.72,0.08
7312.8718,3.56,0.46,-21.72,0.08
7312.9003,3.56,0.46,-21.72,0.08
7312.9271,3.56,0.46,-21.72,0.08
7312.9581,3.55,0.46,-21.72,0.08
7312.9914,3.55,0.46,-21.73,0.08
7313.0241,3.55,0.46,-21.73,0.08
7313.0583,3.55,0.46,-21.73,0.08
7313.0852,3.55,0.46,-21.73,0.08
7313.1153,3.55,0.46,-21.73,0.08
7313.1457,3.55,0.46,-21.73,0.08
7313.1858,3.55,0.46,-21.73,0.08
7313.2162,3.55,0.46,-21.73,0.08
7313.2533,3.55,0.46,-21.73,0.08
7313.2854,3.55,0.46,-21.73,0.09
7313.3052,3.55,0.46,-21.73,0.09
7313.3352,3.55,0.46,-21.73,0.09
7313.3679,3.55,0.46,-21.73,0.09
7313.3966,3.55,0.46,-21.73,0.09
7313.4295,3.55,0.46,-21.73,0.09
7313.4584,3.55,0.46,-21.73,0.09
7313.4927,3.56,0.46,-21.73,0.09
7313.5263,3.56,0.46,-21.73,0.09
7313.5591,3.56,0.46,-21.73,0.09
7313.5934,3.56,0.46,-21.72,0.09
7313.6254,3.56,0.46,-21.72,0.09
7313.6570,3.56,0.46,-21.72,0.09
7313.6890,3.56,0.46,-21.72,0.09
7313.7210,3.56,0.47,-21.72,0.10
7313.7528,3.57,0.47,-21.72,0.10
7313.7852,3.57,0.47,-21.72,0.10
7313.8172,3.57,0.47,-21.72,0.10
7313.8429,3.57,0.47,-21.72,0.10
7313.8846,3.57,0.47,-21.72,0.10
7313.9167,3.57,0.47,-21.72,0.10
7313.9489,3.57,0.47,-21.72,0.10
7313.9815,3.57,0.47,-21.72,0.10
7314.0126,3.57,0.47,-21.72,0.10
7314.0446,3.57,0.47,-21.73,0.10
7314.0766,3.57,0.47,-21.73,0.10
7314.1088,3.57,0.47,-21.73,0.10
7314.1414,3.56,0.47,-21.73,0.10
7314.1737,3.56,0.47,-21.72,0.11
7314.2064,3.56,0.47,-21.72,0.11
7314.2382,3.56,0.48,-21.72,0.11
7314.2703,3.56,0.48,-21.72,0.11
7314.3028,3.56,0.48,-21.72,0.11
7314.3345,3.56,0.48,-21.72,0.11
7314.3775,3.56,0.48,-21.72,0.11
7314.4024,3.56,0.48,-21.72,0.11
7314.4346,3.56,0.48,-21.72,0.11
7314.4663,3.56,0.48,-21.72,0.11
7314.4984,3.56,0.48,-21.72,0.11
7314.5304,3.56,0.48,-21.72,0.11
7314.5627,3.56,0.48,-21.72,0.11
7314.5949,3.56,0.48,-21.72,0.11
7314.6273,3.56,0.48,-21.72,0.12
7314.6588,3.56,0.48,-21.72,0.12
7314.6910,3.56,0.49,-21.72,0.12
7314.7227,3.56,0.48,-21.72,0.12
7314.7550,3.57,0.48,-21.72,0.12
7314.7873,3.57,0.48,-21.72,0.12
7314.8196,3.57,0.48,-21.72,0.12
7314.8519,3.57,0.48,-21.72,0.12
7314.8839,3.57,0.49,-21.72,0.12
7314.9225,3.57,0.49,-21.72,0.12
7314.9467,3.57,0.49,-21.72,0.12
7314.9784,3.57,0.49,-21.72,0.12
7315.0124,3.57,0.49,-21.72,0.12
7315.0426,3.57,0.49,-21.72,0.13
7315.0747,3.57,0.49,-21.72,0.13
7315.1073,3.57,0.49,-21.72,0.13
7315.1397,3.57,0.49,-21.72,0.13
7315.1717,3.57,0.49,-21.72,0.13
7315.2032,3.57,0.49,-21.72,0.13
7315.2353,3.57,0.49,-21.72,0.13
7315.2675,3.57,0.49,-21.72,0.13
7315.2865,3.57,0.49,-21.72,0.13
7315.3187,3.57,0.49,-21.72,0.13
7315.3594,3.57,0.48,-21.72,0.12
7315.3844,3.57,0.48,-21.72,0.12
7315.4526,3.57,0.48,-21.72,0.12
7315.4765,3.57,0.48,-21.72,0.12
7315.5057,3.57,0.47,-21.72,0.12
7315.5499,3.57,0.47,-21.72,0.12
7315.5816,3.57,0.47,-21.72,0.12
7315.6063,3.56,0.47,-21.72,0.12
7315.6336,3.56,0.46,-21.72,0.12
7315.6672,3.56,0.46,-21.72,0.11
7315.6951,3.56,0.46,-21.72,0.11
7315.7283,3.57,0.46,-21.72,0.11
7315.7596,3.57,0.45,-21.72,0.11
7315.7921,3.57,0.45,-21.72,0.11
7315.8252,3.57,0.45,-21.72,0.10
7315.8573,3.57,0.45,-21.72,0.10
7315.8901,3.57,0.45,-21.72,0.10
7315.9217,3.57,0.45,-21.72,0.10
7315.9537,3.57,0.45,-21.71,0.10
7315.9738,3.57,0.44,-21.71,0.09
7316.0058,3.57,0.44,-21.71,0.09
7316.0380,3.58,0.44,-21.71,0.09
7316.0705,3.58,0.44,-21.71,0.09
7316.1026,3.58,0.44,-21.71,0.09
7316.1347,3.58,0.44,-21.71,0.09
7316.1667,3.58,0.44,-21.71,0.09
7316.1987,3.58,0.44,-21.71,0.08
7316.2301,3.58,0.44,-21.71,0.08
7316.2626,3.58,0.44,-21.71,0.08
7316.2947,3.58,0.43,-21.71,0.08
7316.3270,3.58,0.43,-21.71,0.08
7316.3603,3.58,0.43,-21.71,0.07
7316.3916,3.58,0.43,-21.71,0.07
7316.4238,3.58,0.43,-21.71,0.07
7316.4555,3.58,0.43,-21.71,0.07
7316.4871,3.58,0.43,-21.71,0.07
7316.5193,3.58,0.43,-21.71,0.07
7316.5511,3.58,0.44,-21.71,0.07
7316.5675,3.58,0.44,-21.71,0.07
7316.5996,3.57,0.44,-21.71,0.06
7316.6319,3.57,0.44,-21.71,0.06
7316.6644,3.58,0.44,-21.71,0.06
7316.6969,3.58,0.44,-21.71,0.06
7316.7281,3.58,0.44,-21.70,0.06
7316.7598,3.58,0.44,-21.70,0.06
7316.7921,3.58,0.44,-21.70,0.06
7316.8237,3.58,0.44,-21.70,0.06
7316.8558,3.58,0.44,-21.70,0.06
7316.8876,3.58,0.44,-21.70,0.06
7316.9198,3.58,0.45,-21.70,0.06
7316.9518,3.58,0.45,-21.70,0.06
7316.9848,3.58,0.45,-21.70,0.06
7317.0165,3.58,0.45,-21.70,0.06
7317.0490,3.58,0.45,-21.70,0.06
7317.0815,3.58,0.44,-21.70,0.06
7317.1137,3.58,0.44,-21.70,0.06
7317.1301,3.58,0.44,-21.70,0.07
7317.1623,3.58,0.45,-21.70,0.07
7317.1945,3.58,0.45,-21.70,0.07
7317.2268,3.58,0.45,-21.70,0.07
7317.2588,3.58,0.45,-21.70,0.07
7317.2911,3.58,0.45,-21.70,0.07
7317.3234,3.58,0.45,-21.70,0.07
7317.3556,3.58,0.45,-21.71,0.07
7317.3868,3.58,0.45,-21.70,0.07
7317.4191,3.58,0.45,-21.70,0.07
7317.4509,3.58,0.45,-21.70,0.07
7317.4831,3.58,0.45,-21.70,0.07
7317.5156,3.57,0.45,-21.70,0.07
7317.5481,3.57,0.45,-21.70,0.07
7317.5800,3.57,0.45,-21.70,0.07
7317.6116,3.57,0.45,-21.70,0.07
7317.6437,3.57,0.45,-21.70,0.07
7317.6759,3.57,0.45,-21.70,0.07
7317.7081,3.57,0.45,-21.70,0.07
7317.7401,3.57,0.45,-21.70,0.08
7317.7725,3.57,0.45,-21.70,0.08
7317.8039,3.57,0.45,-21.70,0.08
7317.8359,3.56,0.45,-21.71,0.08
7317.8680,3.56,0.45,-21.71,0.08
7317.9007,3.56,0.45,-21.71,0.08
7317.9331,3.56,0.45,-21.71,0.08
7317.9652,3.56,0.45,-21.71,0.08
7317.9971,3.56,0.45,-21.71,0.08
7318.0298,3.56,0.45,-21.71,0.08
7318.0614,3.51,0.40,-21.71,0.06
7318.0930,3.46,0.37,-21.71,0.06
7318.1251,3.42,0.34,-21.71,0.05
7318.1575,3.38,0.32,-21.71,0.05
7318.1902,2.99,0.31,-21.58,0.39
7318.2214,2.90,0.36,-21.57,0.38
7318.2536,2.83,0.40,-21.56,0.36
7318.2856,2.76,0.43,-21.56,0.33
7318.3178,1.94,0.41,-21.87,0.44
7318.3503,2.52,0.48,-21.97,0.49
7318.3813,3.01,0.55,-22.04,0.50
7318.4129,3.42,0.60,-22.11,0.48
7318.4450,3.77,0.65,-22.16,0.30
7318.4766,4.26,0.78,-22.39,0.12
7318.5092,4.67,0.90,-22.58,0.43
7318.5411,5.02,1.00,-22.74,0.63
7318.5733,5.50,1.12,-22.84,0.56
7318.6056,5.47,1.18,-23.07,0.88
7318.6376,5.44,1.24,-23.26,1.10
7318.6689,5.42,1.29,-23.42,1.25
7318.7004,5.23,1.21,-23.59,1.47
7318.7324,5.27,1.27,-23.64,1.42
7318.7649,5.29,1.32,-23.67,1.35
7318.7971,5.32,1.37,-23.70,1.31
7318.8293,5.30,1.40,-23.75,1.26
7318.8615,5.28,1.43,-23.80,1.20
7318.8938,5.24,1.45,-23.85,1.16
7318.9254,5.20,1.46,-23.89,1.03
7318.9571,5.28,1.51,-23.87,0.89
7318.9892,5.36,1.55,-23.85,0.77
7319.0213,5.42,1.59,-23.83,0.65
7319.0534,5.42,1.60,-23.82,0.55
7319.0862,5.33,1.58,-23.88,0.55
7319.1179,5.26,1.57,-23.93,0.54
7319.1498,5.20,1.56,-23.97,0.53
7319.1821,4.97,1.51,-24.04,0.59
7319.2134,4.89,1.51,-24.06,0.53
7319.2460,4.82,1.51,-24.07,0.48
7319.2782,4.77,1.51,-24.08,0.65
7319.3104,4.11,1.49,-24.20,0.82
7319.3417,4.20,1.46,-24.13,0.37
7319.3743,4.28,1.43,-24.07,0.21
7319.4067,4.35,1.40,-24.02,0.46
7319.4387,4.34,1.29,-23.75,0.57
7319.4704,4.34,1.20,-23.52,1.29
7319.4988,4.34,1.13,-23.32,1.87
7319.5217,4.33,1.07,-23.15,1.65
7319.5616,4.07,0.97,-22.95,1.87
7319.5938,3.84,0.89,-22.77,2.00
7319.6258,3.64,0.82,-22.62,2.05
7319.6582,3.49,0.81,-22.40,2.15
7319.6907,3.33,0.76,-22.24,2.16
7319.7229,3.20,0.72,-22.10,2.14
7319.7547,3.09,0.68,-21.98,2.10
7319.7866,3.01,0.67,-21.88,2.04
7319.8184,2.92,0.64,-21.79,1.95
7319.8511,2.84,0.62,-21.72,1.85
7319.8829,2.78,0.61,-21.65,1.75
7319.9145,2.72,0.60,-21.61,1.65
7319.9469,2.66,0.59,-21.57,1.54
7319.9790,2.61,0.59,-21.54,1.44
7320.0106,2.57,0.58,-21.51,1.34
7320.0429,2.54,0.58,-21.49,1.25
7320.0753,2.51,0.58,-21.47,1.16
7320.1077,2.49,0.58,-21.46,1.08
7320.1400,2.47,0.60,-21.45,1.00
7320.1729,2.45,0.60,-21.44,0.93
7320.2051,2.43,0.59,-21.43,0.85
7320.2373,2.42,0.59,-21.42,0.80
7320.2696,2.42,0.61,-21.41,0.74
7320.3017,2.41,0.61,-21.41,0.68
7320.3341,2.40,0.61,-21.41,0.62
7320.3655,2.40,0.61,-21.40,0.56
7320.3978,2.40,0.61,-21.40,0.52
7320.4301,2.40,0.62,-21.40,0.48
7320.4621,2.40,0.62,-21.40,0.44
7320.4941,2.40,0.62,-21.40,0.41
7320.5261,2.41,0.64,-21.40,0.41
7320.5585,2.43,0.65,-21.40,0.41
7320.5909,2.44,0.66,-21.39,0.41
7320.6236,2.45,0.64,-21.38,0.39
7320.6557,2.48,0.64,-21.38,0.39
7320.6886,2.49,0.65,-21.38,0.39
7320.7206,2.51,0.65,-21.38,0.51
7320.7529,2.26,0.64,-21.17,0.44
7320.7855,2.04,0.64,-21.00,0.43
7320.8180,1.86,0.63,-20.85,0.45
7320.8500,1.70,0.62,-20.72,0.45
7320.8814,1.59,0.65,-20.63,0.49
7320.9133,1.49,0.65,-20.53,0.52
7320.9453,1.39,0.66,-20.44,0.54
7320.9772,1.32,0.66,-20.36,0.55
7321.0091,1.25,0.67,-20.29,0.57
7321.0415,1.19,0.67,-20.24,0.57
7321.0743,1.15,0.66,-20.19,0.59
7321.1061,1.11,0.66,-20.14,0.60
7321.1383,1.08,0.66,-20.11,0.60
7321.1705,1.02,0.67,-20.08,0.61
7321.2025,1.06,0.53,-20.01,0.78
7321.2348,1.10,0.42,-19.96,0.96
7321.2668,1.13,0.33,-19.91,1.15
7321.2993,2.31,0.11,-20.27,0.51
7321.3314,3.31,-0.09,-20.57,0.51
7321.3647,4.16,-0.25,-20.83,0.58
7321.3965,4.85,-0.40,-21.04,0.64
7321.4284,6.64,-0.52,-21.76,1.83
7321.4606,8.16,-0.64,-22.38,2.04
7321.4926,9.46,-0.76,-22.90,2.16
7321.5249,10.55,-0.85,-23.34,2.20
7321.5574,12.84,-1.01,-23.95,2.62
7321.5896,14.79,-1.17,-24.47,2.89
7321.6216,16.44,-1.32,-24.92,3.04
7321.6535,19.29,-1.80,-25.05,4.52
7321.6860,21.70,-2.22,-25.17,4.74
7321.7178,23.76,-2.60,-25.27,4.82
7321.7498,25.51,-2.92,-25.35,4.79
7321.7819,28.22,-3.42,-24.91,5.91
7321.8141,30.54,-3.84,-24.53,6.00
7321.8463,32.51,-4.20,-24.21,5.96
7321.8792,34.18,-4.51,-23.93,5.83
7321.9099,36.64,-5.04,-23.00,6.67
7321.9425,38.77,-5.43,-22.26,6.58
7321.9749,40.58,-5.76,-21.63,6.40
7322.0067,42.13,-6.03,-21.08,6.15
7322.0396,44.66,-6.45,-19.85,6.20
7322.0719,46.81,-6.80,-18.81,6.13
7322.1047,48.64,-7.07,-17.91,5.97
7322.1370,50.19,-7.29,-17.14,5.73
7322.1694,51.51,-7.47,-16.48,4.58
7322.2013,53.96,-7.68,-15.01,4.81
7322.2326,56.04,-7.78,-13.71,4.91
7322.2647,57.81,-7.81,-12.59,4.91
7322.2967,59.31,-7.80,-11.62,4.14
7322.3287,62.50,-8.72,-9.87,4.94
7322.3608,65.26,-9.46,-8.31,5.55
7322.3916,67.61,-10.07,-6.95,5.99
7322.4238,69.60,-10.59,-5.76,5.82
7322.4562,72.05,-12.01,-4.58,6.15
7322.4880,74.14,-13.42,-3.55,6.35
7322.5201,75.91,-14.81,-2.66,6.13
7322.5520,77.42,-16.18,-1.88,5.87
7322.5845,78.70,-17.55,-1.20,5.60
7322.6169,80.38,-20.05,-0.50,5.75
7322.6490,81.81,-22.79,0.11,5.58
7322.6809,83.00,-25.95,0.62,5.39
7322.7135,84.02,-29.37,1.06,5.18
7322.7453,85.41,-36.12,1.53,5.28
7322.7773,86.61,-44.41,1.94,5.25
7322.8094,87.63,-54.23,2.28,5.18
7322.8416,88.49,-65.21,2.58,5.09
7322.8742,89.36,-78.87,2.83,5.01
7322.8980,90.09,-91.61,3.05,4.91
7322.9273,90.71,-102.46,3.24,4.81
7322.9587,91.24,-111.12,3.41,4.70
7322.9912,91.69,-117.84,3.55,4.61
7323.0354,92.12,-123.49,3.64,4.52
7323.0586,92.49,-127.76,3.73,4.45
7323.0831,92.80,-131.03,3.80,4.38
7323.1154,93.07,-133.58,3.86,4.31
7323.1476,93.31,-135.64,3.90,4.26
7323.1802,93.49,-137.16,3.95,4.21
7323.2121,93.65,-138.38,3.99,4.17
7323.2449,93.79,-139.38,4.02,4.16
7323.2769,93.87,-140.06,4.09,4.15
7323.3093,93.93,-140.63,4.15,4.16
7323.3410,93.99,-141.11,4.20,4.16
7323.3733,94.04,-141.49,4.23,4.15
7323.4054,94.06,-142.29,4.35,4.21
7323.4369,94.08,-142.98,4.46,4.26
7323.4690,94.10,-143.57,4.55,4.31
7323.5010,94.13,-143.81,4.59,4.27
7323.5332,94.11,-144.95,4.78,4.38
7323.5650,94.09,-145.95,4.94,4.47
7323.5971,94.07,-146.84,5.08,4.45
7323.6280,94.08,-147.55,5.17,4.44
7323.6600,94.06,-149.18,5.39,4.53
7323.6922,94.04,-150.63,5.58,4.61
7323.7239,94.02,-151.90,5.74,4.60
7323.7562,94.02,-153.08,5.89,4.59
7323.7886,94.01,-154.11,6.01,4.57
7323.8207,94.01,-156.32,6.25,4.65
7323.8530,94.02,-158.34,6.46,4.68
7323.8855,94.02,-160.10,6.64,4.69
7323.9257,94.02,-161.63,6.79,4.70
7323.9578,94.03,-163.54,6.98,4.71
7323.9901,94.03,-165.21,7.14,4.71
7324.0209,94.04,-166.65,7.28,4.70
7324.0625,94.05,-168.95,7.50,4.76
7324.0950,94.06,-170.99,7.68,4.79
7324.1281,94.07,-172.74,7.84,4.81
7324.1603,94.08,-174.22,7.98,4.82
7324.1925,94.09,-175.48,8.09,4.83
7324.2250,94.09,-176.61,8.20,4.84
7324.2577,94.10,-177.54,8.29,4.84
7324.2894,94.11,-178.33,8.37,4.83
7324.3218,94.12,-179.00,8.44,4.82
7324.3546,94.13,-179.60,8.50,4.82
7324.3869,94.14,-179.60,8.56,4.81
7324.4187,94.15,-179.60,8.60,4.80
7324.4432,94.16,-179.60,8.64,4.79
7324.4757,94.18,-179.60,8.68,4.78
7324.5078,94.19,-179.60,8.72,4.76
7324.5400,94.20,-179.60,8.75,4.75
7324.5726,94.21,-179.60,8.78,4.74
7324.6046,94.22,-179.60,8.80,4.73
7324.6367,94.23,-179.60,8.82,4.72
7324.6611,94.24,-179.60,8.83,4.72
7324.7090,94.24,-179.60,8.85,4.71
7324.7408,94.25,-179.60,8.86,4.71
7324.7728,94.25,-179.60,8.87,4.70
7324.8050,94.26,-179.60,8.88,4.70
7324.8374,94.26,-179.60,8.89,4.70
7324.8773,94.26,-179.60,8.90,4.70
7324.9087,94.26,-179.60,8.91,4.70
7324.9406,94.26,-179.60,8.91,4.70
7324.9730,94.27,-179.60,8.89,4.69
7324.9970,94.27,-179.60,8.88,4.67
7325.0389,94.28,-179.60,8.87,4.74
7325.0710,94.28,-179.60,8.86,4.80
7325.1033,94.28,-179.60,8.86,4.86
7325.1355,94.33,-179.83,8.78,4.75
7325.1679,94.37,-178.82,8.72,4.77
7325.2005,94.41,-177.97,8.67,4.79
7325.2323,94.47,-176.93,8.58,4.82
7325.2642,94.59,-172.46,8.17,4.56
7325.2961,94.69,-168.89,7.81,4.53
7325.3283,94.77,-166.04,7.51,4.53
7325.3604,94.86,-163.64,7.22,4.54
7325.3925,94.99,-157.08,6.43,4.35
7325.4248,95.11,-152.19,5.75,4.22
7325.4564,95.20,-148.49,5.18,4.13
7325.4881,95.27,-145.70,4.75,4.07
7325.5203,95.33,-143.51,4.38,4.15
7325.5443,95.38,-141.78,4.07,4.24
7325.5767,95.47,-139.38,3.50,4.14
7325.6091,95.54,-137.51,3.01,4.07
7325.6404,95.61,-136.05,2.60,4.07
7325.6723,95.69,-134.61,2.14,4.00
7325.7043,95.77,-133.48,1.74,3.96
7325.7367,95.83,-132.57,1.41,3.94
7325.7615,95.88,-131.84,1.12,3.94
7325.7933,95.93,-131.21,0.86,3.94
7325.8252,95.97,-130.71,0.64,3.95
7325.8573,96.01,-130.32,0.46,3.96
7325.8890,96.05,-130.00,0.30,3.99
7325.9212,96.09,-129.77,0.17,4.01
7325.9479,96.12,-129.57,0.05,4.04
7325.9759,96.14,-129.40,-0.05,4.07
7326.0088,96.16,-129.26,-0.13,4.10
7326.0373,96.18,-129.10,-0.21,4.13
7326.0693,96.19,-128.97,-0.28,4.16
7326.1016,96.20,-128.86,-0.34,4.20
7326.1341,96.20,-128.76,-0.40,4.22
7326.1660,96.21,-128.70,-0.43,4.25
7326.1982,96.21,-128.66,-0.47,4.28
7326.2305,96.22,-128.62,-0.50,4.31
7326.2622,96.22,-128.59,-0.52,4.34
7326.2946,96.23,-128.56,-0.55,4.37
7326.3262,96.23,-128.53,-0.57,4.39
7326.3588,96.23,-128.47,-0.61,4.40
7326.3910,96.24,-128.42,-0.64,4.42
7326.4234,96.24,-128.37,-0.67,4.43
7326.4558,96.24,-128.37,-0.70,4.45
7326.4874,96.25,-128.37,-0.72,4.46
7326.5200,96.25,-128.38,-0.74,4.48
7326.5441,96.26,-128.38,-0.76,4.48
7326.5767,96.25,-128.35,-0.77,4.50
7326.6089,96.24,-128.32,-0.77,4.51
7326.6407,96.24,-128.29,-0.78,4.53
7326.6730,96.23,-128.27,-0.79,4.53
7326.7054,96.22,-128.22,-0.79,4.54
7326.7375,96.21,-128.18,-0.79,4.55
7326.7695,96.20,-128.15,-0.79,4.56
7326.7932,96.19,-128.12,-0.80,4.55
7326.8254,96.16,-128.11,-0.76,4.57
7326.8573,96.14,-128.11,-0.74,4.59
7326.8893,96.13,-128.11,-0.72,4.61
7326.9216,96.11,-128.11,-0.71,4.59
7326.9455,96.07,-128.07,-0.67,4.61
7326.9766,96.05,-128.07,-0.63,4.63
7327.0086,96.02,-128.06,-0.60,4.64
7327.0511,95.97,-127.88,-0.58,4.65
7327.0753,95.92,-127.72,-0.57,4.65
7327.1073,95.88,-127.58,-0.55,4.66
7327.1399,95.85,-127.46,-0.54,4.63
7327.1714,95.76,-127.18,-0.49,4.66
7327.2036,95.68,-126.93,-0.45,4.68
7327.2360,95.62,-126.72,-0.42,4.69
7327.2678,95.56,-126.54,-0.39,4.65
7327.3002,95.42,-126.08,-0.33,4.69
7327.3325,95.30,-125.68,-0.27,4.73
7327.3651,95.20,-125.33,-0.23,4.76
7327.3967,95.12,-125.10,-0.16,4.78
7327.4287,94.92,-124.36,-0.10,4.89
7327.4605,94.75,-123.70,-0.05,4.91
7327.4927,94.61,-123.13,-0.00,4.93
7327.5247,94.48,-122.54,0.04,4.94
7327.5573,94.23,-121.69,0.19,4.96
7327.5893,94.01,-120.91,0.32,4.96
7327.6215,93.83,-120.22,0.43,4.95
7327.6532,93.67,-119.60,0.52,4.92
7327.6774,93.54,-119.06,0.60,4.83
7327.7094,93.43,-118.56,0.66,4.74
7327.7417,93.27,-117.95,0.79,4.76
7327.7738,93.13,-117.40,0.90,4.76
7327.8060,93.01,-116.91,0.99,4.75
7327.8383,92.89,-116.51,1.12,4.80
7327.8706,92.78,-116.16,1.23,4.79
7327.9104,92.69,-115.84,1.33,4.78
7327.9425,92.62,-115.59,1.41,4.76
7327.9744,92.51,-115.30,1.58,4.77
7328.0060,92.41,-115.04,1.73,4.77
7328.0383,92.33,-114.81,1.85,4.77
7328.0772,92.20,-114.46,2.08,4.88
7328.1088,92.08,-114.15,2.27,4.88
7328.1417,91.99,-113.86,2.43,4.87
7328.1732,91.91,-113.64,2.56,4.85
7328.2051,91.79,-113.15,2.74,4.91
7328.2377,91.69,-112.69,2.90,4.91
7328.2698,91.61,-112.28,3.03,4.89
7328.3021,91.53,-111.86,3.14,4.87
7328.3343,91.45,-111.60,3.29,4.86
7328.3669,91.38,-111.36,3.42,4.85
7328.3987,91.33,-111.14,3.53,4.82
7328.4303,91.28,-110.99,3.62,4.80
7328.4622,91.21,-110.69,3.76,4.79
7328.4939,91.15,-110.41,3.88,4.78
7328.5261,91.10,-110.16,3.99,4.77
7328.5580,91.02,-109.70,4.17,4.84
7328.5906,90.94,-109.27,4.33,4.83
7328.6232,90.88,-108.86,4.47,4.81
7328.6557,90.83,-108.46,4.58,4.79
7328.6874,90.78,-108.09,4.67,4.76
7328.7194,90.75,-107.75,4.75,4.68
7328.7432,90.69,-107.41,4.92,4.70
7328.7755,90.63,-107.06,5.06,4.70
7328.8079,90.59,-106.73,5.18,4.70
7328.8400,90.55,-106.42,5.28,4.68
7328.8722,90.52,-106.16,5.39,4.68
7328.9041,90.48,-105.81,5.50,4.67
7328.9279,90.45,-105.48,5.58,4.67
7328.9599,90.43,-105.18,5.65,4.65
7329.0015,90.41,-105.02,5.74,4.64
7329.0264,90.39,-104.99,5.81,4.63
7329.0588,90.38,-104.96,5.87,4.63
7329.0911,90.36,-104.92,5.92,4.62
7329.1248,90.35,-104.88,5.97,4.61
7329.1491,90.35,-104.84,6.01,4.60
7329.1815,90.34,-104.81,6.04,4.59
7329.2135,90.35,-105.13,6.05,4.57
7329.2455,90.35,-105.40,6.06,4.55
7329.2773,90.35,-105.52,6.07,4.53
7329.3087,90.35,-105.62,6.08,4.52
7329.3400,90.36,-106.06,6.09,4.51
7329.3716,90.37,-106.45,6.10,4.50
7329.4027,90.38,-106.78,6.11,4.49
7329.4346,90.38,-107.07,6.12,4.48
7329.4657,90.39,-107.31,6.12,4.48
7329.4936,90.39,-107.66,6.13,4.48
7329.5260,90.40,-107.79,6.14,4.47
7329.5572,90.40,-107.89,6.14,4.47
7329.5888,90.40,-107.98,6.15,4.46
7329.6207,90.40,-108.15,6.15,4.46
7329.6527,90.41,-108.21,6.15,4.45
7329.6924,90.41,-108.25,6.14,4.44
7329.7243,90.41,-108.29,6.14,4.43
7329.7552,90.40,-108.28,6.17,4.46
7329.7874,90.39,-108.27,6.19,4.45
7329.8191,90.38,-108.28,6.20,4.44
7329.8589,90.38,-108.29,6.22,4.44
7329.8905,90.35,-108.15,6.29,4.49
7329.9224,90.34,-108.35,6.34,4.49
7329.9543,90.33,-108.53,6.38,4.49
7329.9860,90.32,-108.69,6.41,4.48
7330.0100,90.27,-107.59,6.53,4.58
7330.0426,90.22,-106.73,6.63,4.58
7330.0743,90.19,-105.77,6.71,4.57
7330.1058,90.15,-104.74,6.78,4.56
7330.1383,90.04,-96.62,7.00,4.61
7330.1707,89.95,-76.32,7.19,4.64
7330.2030,89.87,-22.58,7.34,4.66
7330.2352,89.77,34.83,7.56,4.76
7330.2669,89.68,47.17,7.75,4.79
7330.2988,89.61,51.57,7.92,4.80
7330.3306,89.54,53.81,8.05,4.81
7330.3613,89.46,55.10,8.20,4.84
7330.3943,89.40,55.81,8.32,4.84
7330.4261,89.34,56.28,8.43,4.83
7330.4576,89.29,56.61,8.52,4.82
7330.4894,89.21,54.83,8.58,4.81
7330.5365,89.14,54.07,8.65,4.80
7330.5766,89.09,53.50,8.71,4.78
7330.6084,88.85,46.65,8.72,4.80
7330.6407,88.66,41.93,8.74,4.79
7330.6722,88.49,38.45,8.77,4.77
7330.7043,88.35,35.83,8.78,4.75
7330.7363,87.93,27.69,8.69,4.76
7330.7611,87.56,22.21,8.61,4.75
7330.7926,87.25,18.45,8.54,4.74
7330.8245,86.98,15.77,8.48,4.73
7330.8564,86.50,10.99,8.25,4.76
7330.8881,86.07,7.67,8.06,4.80
7330.9198,85.71,5.33,7.90,4.77
7330.9443,85.40,3.63,7.76,4.74
7330.9756,84.89,1.24,7.50,4.79
7331.0072,84.46,-0.47,7.27,4.84
7331.0390,84.10,-1.72,7.08,4.88
7331.0710,83.79,-2.66,6.91,4.91
7331.1027,83.53,-3.40,6.78,4.80
7331.1427,83.15,-4.21,6.57,4.78
7331.1745,82.83,-4.83,6.39,4.76
7331.2065,82.56,-5.32,6.24,4.73
7331.2380,82.32,-5.70,6.11,4.67
7331.2702,82.07,-5.93,6.00,4.66
7331.2961,81.85,-6.11,5.90,4.64
7331.3257,81.67,-6.25,5.81,4.62
7331.3497,81.51,-6.37,5.74,4.62
7331.3903,81.48,-6.30,5.71,4.57
7331.4220,81.45,-6.24,5.68,4.53
7331.4539,81.42,-6.19,5.66,4.53
7331.4848,81.38,-6.13,5.64,4.53
7331.5163,81.35,-6.09,5.63,4.53
7331.5480,81.33,-6.05,5.61,4.53
7331.5801,81.39,-6.08,5.60,4.52
7331.6116,81.44,-6.05,5.60,4.52
7331.6432,81.48,-6.03,5.60,4.52
7331.6745,81.59,-6.19,5.58,4.47
7331.7065,81.68,-6.32,5.56,4.46
7331.7387,81.75,-6.42,5.55,4.47
7331.7549,81.81,-6.50,5.54,4.47
7331.7868,81.87,-6.57,5.53,4.48
7331.8193,82.15,-6.32,5.61,4.43
7331.8513,82.40,-6.07,5.68,4.40
7331.8833,82.60,-5.85,5.73,4.38
7331.9152,82.94,-5.51,5.84,4.32
7331.9476,83.22,-5.19,5.93,4.30
7331.9800,83.46,-4.90,6.02,4.29
7332.0127,83.67,-4.63,6.08,4.29
7332.0450,83.93,-4.02,6.21,4.29
7332.0769,84.16,-3.46,6.32,4.29
7332.1083,84.35,-2.95,6.41,4.29
7332.1406,84.52,-2.48,6.49,4.29
7332.1726,84.67,-1.70,6.61,4.30
7332.2046,84.81,-0.97,6.71,4.31
7332.2362,84.93,-0.32,6.79,4.32
7332.2684,85.03,0.26,6.87,4.33
7332.3009,85.12,1.16,6.97,4.34
7332.3177,85.21,1.96,7.05,4.34
7332.3497,85.28,2.66,7.13,4.34
7332.3825,85.34,3.27,7.19,4.34
7332.4145,85.38,4.96,7.36,4.36
7332.4465,85.43,6.40,7.49,4.37
7332.4785,85.47,7.64,7.60,4.38
7332.5107,85.50,8.70,7.69,4.38
7332.5423,85.52,11.79,7.99,4.44
7332.5748,85.54,14.38,8.24,4.49
7332.6072,85.55,16.55,8.46,4.52
7332.6385,85.57,19.33,8.74,4.61
7332.6695,85.59,21.64,8.99,4.65
7332.7021,85.62,23.67,9.18,4.67
7332.7333,85.64,25.37,9.35,4.69
7332.7654,85.66,27.36,9.54,4.75
7332.7971,85.68,29.07,9.71,4.75
7332.8286,85.70,30.49,9.86,4.75
7332.8617,85.72,31.68,9.99,4.74
7332.8865,85.74,33.58,10.19,4.80
7332.9186,85.76,35.12,10.36,4.81
7332.9470,85.78,36.40,10.51,4.80
7332.9789,85.79,37.47,10.63,4.79
7333.0166,85.86,38.96,10.78,4.82
7333.0484,85.91,40.22,10.90,4.84
7333.0803,85.95,41.28,11.01,4.85
7333.1119,86.10,42.75,11.06,4.78
7333.1434,86.22,44.02,11.10,4.77
7333.1750,86.32,45.13,11.14,4.75
7333.2065,86.41,46.08,11.17,4.74
7333.2385,86.77,50.29,11.32,4.71
7333.2576,87.07,54.02,11.44,4.69
7333.3015,87.34,57.27,11.55,4.68
7333.3173,87.56,60.08,11.64,4.67
7333.3496,87.75,62.57,11.72,4.67
7333.3813,88.22,68.56,11.93,4.66
7333.4131,88.61,73.61,12.11,4.66
7333.4478,88.95,77.82,12.26,4.66
7333.4768,89.38,83.03,12.45,4.64
7333.5082,89.75,87.28,12.62,4.63
7333.5406,90.07,90.74,12.76,4.61
7333.5806,90.34,93.56,12.88,4.61
7333.6048,90.66,96.84,13.03,4.62
7333.6364,90.94,99.48,13.17,4.62
7333.6682,91.17,101.62,13.29,4.62
7333.6997,91.38,103.36,13.39,4.62
7333.7316,91.72,106.27,13.54,4.61
7333.7635,92.02,108.59,13.67,4.60
7333.7955,92.27,110.45,13.79,4.61
7333.8274,92.48,111.93,13.89,4.61
7333.8594,92.76,113.81,14.02,4.61
7333.8914,92.99,115.32,14.14,4.60
7333.9227,93.19,116.55,14.24,4.61
7333.9545,93.41,117.91,14.34,4.60
7333.9866,93.60,119.03,14.43,4.60
7334.0105,93.76,119.94,14.51,4.59
7334.0424,93.90,120.70,14.57,4.60
7334.0741,94.02,121.38,14.62,4.59
7334.1058,94.11,121.95,14.66,4.59
7334.1370,94.20,122.43,14.69,4.59
7334.1627,94.27,122.83,14.72,4.59
7334.1928,94.33,123.17,14.75,4.59
7334.2250,94.39,123.45,14.77,4.60
7334.2573,94.41,123.58,14.79,4.61
7334.2898,94.43,123.69,14.80,4.60
7334.3221,94.46,123.84,14.81,4.60
7334.3542,94.48,123.98,14.82,4.59
7334.3867,94.36,123.34,14.84,4.64
7334.4272,94.30,122.94,14.85,4.66
7334.4606,94.24,122.60,14.86,4.69
7334.4921,94.09,122.06,14.80,4.68
7334.5244,93.97,121.57,14.76,4.69
7334.5522,93.88,121.19,14.73,4.69
7334.5926,93.80,120.85,14.70,4.69
7334.6248,93.54,119.66,14.55,4.72
7334.6570,93.31,118.53,14.43,4.72
7334.6893,93.11,117.51,14.32,4.72
7334.7218,92.95,116.59,14.23,4.71
7334.7540,92.52,114.02,13.98,4.78
7334.7864,92.16,111.56,13.76,4.84
7334.8182,91.85,109.26,13.58,4.83
7334.8502,91.59,107.13,13.43,4.82
7334.8824,91.12,102.89,13.12,4.88
7334.9148,90.73,98.82,12.85,4.93
7334.9475,90.39,94.98,12.63,4.92
7334.9769,89.91,88.78,12.31,4.98
7335.0091,89.50,82.92,12.03,5.03
7335.0409,89.15,77.62,11.80,5.07
7335.0733,88.86,72.89,11.61,5.02
7335.1057,88.48,66.61,11.35,5.01
7335.1381,88.16,61.22,11.13,5.00
7335.1705,87.89,56.64,10.95,4.99
7335.1947,87.66,52.81,10.79,4.95
7335.2260,87.43,49.02,10.62,4.92
7335.2584,87.23,45.85,10.48,4.89
7335.2904,87.06,43.24,10.37,4.86
7335.3226,86.92,41.08,10.27,4.84
7335.3544,86.82,39.42,10.17,4.79
7335.3861,86.73,37.95,10.09,4.75
7335.4261,86.65,36.72,10.02,4.78
7335.4580,86.66,34.82,9.81,4.66
7335.4902,86.66,33.13,9.64,4.57
7335.5223,86.63,31.39,9.50,4.49
7335.5545,86.60,29.88,9.39,4.57
7335.5867,86.61,24.31,8.89,4.39
7335.6271,86.61,19.13,8.46,4.23
7335.6591,86.62,14.44,8.10,4.32
7335.6912,86.64,3.20,7.32,4.08
7335.7229,86.66,-6.70,6.67,3.89
7335.7470,86.67,-14.91,6.11,3.75
7335.7770,86.68,-21.49,5.63,3.80
7335.8022,86.69,-26.75,5.22,3.86
7335.8421,86.81,-33.80,4.67,3.74
7335.8745,86.91,-39.35,4.19,3.65
7335.9065,87.00,-43.71,3.78,3.64
7335.9389,87.10,-47.68,3.40,3.60
7335.9712,87.18,-50.81,3.08,3.59
7336.0031,87.25,-53.31,2.80,3.58
7336.0347,87.31,-55.34,2.57,3.60
7336.0668,87.37,-56.98,2.37,3.62
7336.0991,87.42,-58.33,2.21,3.65
7336.1314,87.46,-59.43,2.06,3.69
7336.1642,87.49,-60.35,1.94,3.72
7336.1965,87.52,-61.08,1.84,3.76
7336.2284,87.55,-61.69,1.76,3.80
7336.2603,87.57,-62.20,1.69,3.83
7336.2929,87.58,-62.63,1.63,3.86
7336.3255,87.60,-62.99,1.58,3.89
7336.3582,87.61,-63.22,1.53,3.93
7336.3899,87.61,-63.42,1.49,3.96
7336.4216,87.61,-63.59,1.45,3.98
7336.4538,87.62,-63.74,1.42,4.01
7336.4860,87.61,-63.80,1.39,4.04
7336.5186,87.61,-63.84,1.36,4.06
7336.5509,87.60,-63.87,1.34,4.09
7336.5828,87.60,-63.89,1.32,4.12
7336.5986,87.61,-64.15,1.28,4.11
7336.6308,87.62,-64.37,1.24,4.12
7336.6630,87.62,-64.55,1.21,4.14
7336.6950,87.63,-64.73,1.18,4.15
7336.7281,87.64,-64.88,1.16,4.17
7336.7604,87.64,-65.01,1.14,4.23
7336.7924,87.66,-65.48,1.03,4.23
7336.8242,87.67,-65.89,0.94,4.23
7336.8564,87.68,-66.24,0.87,4.33
7336.8888,87.69,-66.53,0.80,4.43
7336.9206,87.79,-68.40,0.41,4.29
7336.9530,87.88,-69.90,0.07,4.17
7336.9848,87.95,-71.10,-0.21,4.16
7337.0093,88.02,-72.08,-0.46,4.15
7337.0413,88.09,-73.34,-0.85,4.05
7337.0732,88.16,-74.39,-1.19,3.97
7337.1053,88.21,-75.23,-1.48,3.94
7337.1404,88.27,-76.14,-1.82,3.87
7337.1655,88.33,-76.87,-2.12,3.81
7337.2041,88.37,-77.46,-2.37,3.77
7337.2363,88.41,-77.95,-2.58,3.78
7337.2683,88.45,-78.53,-2.85,3.74
7337.3003,88.49,-79.01,-3.07,3.72
7337.3326,88.52,-79.40,-3.26,3.74
7337.3486,88.55,-79.72,-3.43,3.76
7337.3808,88.59,-80.16,-3.66,3.73
7337.4130,88.62,-80.53,-3.87,3.71
7337.4457,88.65,-80.83,-4.04,3.69
7337.4779,88.67,-81.08,-4.19,3.71
7337.5095,88.70,-81.33,-4.35,3.71
7337.5418,88.72,-81.54,-4.49,3.71
7337.5736,88.73,-81.70,-4.61,3.72
7337.6059,88.75,-81.85,-4.71,3.73
7337.6383,88.76,-81.99,-4.82,3.74
7337.6711,88.77,-82.12,-4.90,3.75
7337.7041,88.78,-82.22,-4.97,3.76
7337.7357,88.79,-82.28,-5.04,3.77
7337.7556,88.79,-82.33,-5.10,3.79
7337.7913,88.79,-82.36,-5.15,3.80
7337.8233,88.79,-82.38,-5.20,3.82
7337.8552,88.79,-82.39,-5.23,3.83
7337.8871,88.79,-82.40,-5.26,3.84
7337.9117,88.79,-82.40,-5.29,3.85
7337.9430,88.78,-82.39,-5.31,3.86
7337.9752,88.78,-82.38,-5.33,3.87
7338.0077,88.78,-82.38,-5.35,3.87
7338.0440,88.78,-82.37,-5.36,3.88
7338.0765,88.78,-82.36,-5.37,3.89
7338.1078,88.78,-82.36,-5.38,3.90
7338.1306,88.77,-82.36,-5.39,3.90
7338.1729,88.77,-82.37,-5.39,3.90
7338.2056,88.77,-82.37,-5.40,3.90
7338.2377,88.76,-82.24,-5.38,3.90
7338.2705,88.75,-82.19,-5.36,3.90
7338.3021,88.75,-82.16,-5.35,3.89
7338.3339,88.69,-81.67,-5.21,4.01
7338.3660,88.64,-81.24,-5.09,4.03
7338.3974,88.62,-81.01,-5.02,4.04
7338.4288,88.60,-80.81,-4.95,4.05
7338.4606,88.51,-80.01,-4.70,4.23
7338.4924,88.44,-79.30,-4.48,4.26
7338.5247,88.38,-78.66,-4.30,4.28
7338.5567,88.35,-78.23,-4.16,4.28
7338.5886,88.28,-77.28,-3.84,4.45
7338.6205,88.22,-76.43,-3.58,4.49
7338.6524,88.16,-75.65,-3.35,4.50
7338.6923,88.10,-74.52,-3.01,4.64
7338.7245,88.04,-73.48,-2.73,4.65
7338.7562,88.00,-72.55,-2.49,4.66
7338.7882,87.96,-71.70,-2.29,4.65
7338.8203,87.87,-70.03,-1.93,4.79
7338.8596,87.79,-68.49,-1.63,4.80
7338.8909,87.73,-67.09,-1.37,4.79
7338.9226,87.67,-65.83,-1.16,4.78
7338.9548,87.59,-63.82,-0.83,4.80
7338.9873,87.52,-61.97,-0.55,4.80
7339.0109,87.46,-60.29,-0.32,4.79
7339.0431,87.41,-58.79,-0.12,4.77
7339.0753,87.35,-56.41,0.20,4.79
7339.1071,87.29,-54.20,0.46,4.79
7339.1391,87.24,-52.22,0.69,4.78
7339.1711,87.19,-50.44,0.88,4.76
7339.2031,87.14,-47.72,1.16,4.77
7339.2282,87.10,-45.29,1.40,4.77
7339.2594,87.06,-43.11,1.61,4.76
7339.2914,87.00,-39.24,1.95,4.88
7339.3235,86.94,-35.74,2.23,4.88
7339.3530,86.89,-32.62,2.47,4.88
7339.3886,86.86,-29.87,2.68,4.86
7339.4212,86.80,-25.95,2.96,4.92
7339.4535,86.75,-22.51,3.20,4.92
7339.4855,86.71,-19.52,3.40,4.90
7339.5177,86.68,-16.98,3.57,4.88
7339.5500,86.63,-13.59,3.79,4.92
7339.5820,86.58,-10.72,3.98,4.90
7339.6140,86.54,-8.29,4.14,4.87
7339.6462,86.51,-6.28,4.27,4.84
7339.6787,86.49,-4.59,4.39,4.75
7339.7104,86.47,-3.17,4.49,4.66
7339.7425,86.45,-1.97,4.57,4.57
7339.7745,86.41,0.39,4.73,4.58
7339.8066,86.37,2.35,4.87,4.53
7339.8389,86.34,3.99,4.98,4.48
7339.8713,86.31,5.35,5.08,4.43
7339.9027,86.25,8.02,5.29,4.49
7339.9347,86.20,10.20,5.46,4.54
7339.9668,86.16,11.98,5.60,4.57
7339.9987,86.13,13.45,5.72,4.55
7340.0307,86.07,16.13,5.96,4.64
7340.0629,86.02,18.28,6.15,4.71
7340.0950,85.97,20.04,6.31,4.72
7340.1264,85.94,21.47,6.45,4.71
7340.1579,85.90,23.55,6.66,4.78
7340.1900,85.87,25.22,6.83,4.82
7340.2218,85.84,26.59,6.98,4.78
7340.2539,85.82,28.88,7.22,4.83
7340.2854,85.81,30.73,7.42,4.87
7340.3162,85.79,32.24,7.60,4.89
7340.3478,85.78,33.47,7.75,4.90
7340.3800,85.76,35.44,7.99,5.01
7340.4110,85.75,37.02,8.21,5.03
7340.4424,85.74,38.31,8.38,5.04
7340.4740,85.73,39.35,8.53,5.04
7340.5055,85.72,40.95,8.76,5.12
7340.5369,85.72,42.25,8.96,5.12
7340.5688,85.71,43.31,9.13,5.12
7340.6007,85.71,44.17,9.27,5.11
7340.6329,85.70,45.58,9.50,5.10
7340.6646,85.70,46.73,9.70,5.08
7340.6966,85.70,47.66,9.87,5.05
7340.7293,85.70,48.44,10.01,5.02
7340.7615,85.70,49.65,10.25,5.02
7340.7935,85.70,50.63,10.44,5.01
7340.8261,85.70,51.43,10.61,5.00
7340.8584,85.69,52.53,10.86,5.06
7340.8910,85.69,53.42,11.07,5.05
7340.9235,85.68,54.15,11.25,5.04
7340.9552,85.68,54.74,11.41,5.02
7340.9877,85.66,55.56,11.64,5.08
7341.0193,85.65,56.22,11.84,5.08
7341.0517,85.63,56.77,12.01,5.06
7341.0676,85.62,57.22,12.16,5.04
7341.0997,85.61,57.75,12.33,5.06
7341.1321,85.60,58.20,12.49,5.05
7341.1641,85.59,58.56,12.62,5.03
7341.1964,85.59,58.87,12.73,5.01
7341.2286,85.59,59.20,12.83,4.99
7341.2597,85.59,59.47,12.92,4.97
7341.2921,85.59,59.69,13.00,4.95
7341.3242,85.59,59.89,13.06,4.92
7341.3564,85.59,60.05,13.12,4.90
7341.3887,85.59,60.19,13.17,4.88
7341.4201,85.59,60.31,13.21,4.86
7341.4524,85.60,60.43,13.25,4.83
7341.4844,85.61,60.53,13.28,4.81
7341.5167,85.61,60.61,13.31,4.79
7341.5489,85.61,60.68,13.33,4.78
7341.5813,85.63,60.76,13.34,4.74
7341.6137,85.64,60.83,13.35,4.72
7341.6460,85.65,60.89,13.36,4.71
7341.6789,85.66,60.94,13.36,4.69
7341.7109,85.67,60.94,13.36,4.67
7341.7427,85.67,60.94,13.35,4.65
7341.7748,85.68,60.94,13.35,4.64
7341.8070,85.69,60.94,13.35,4.63
7341.8390,85.71,61.00,13.33,4.62
7341.8720,85.72,61.02,13.32,4.61
7341.9030,85.73,61.04,13.31,4.60
7341.9357,85.74,61.05,13.30,4.59
7341.9677,85.75,61.06,13.30,4.58
7342.0000,85.76,61.06,13.29,4.58
7342.0324,85.76,61.07,13.28,4.57
7342.0641,85.79,61.14,13.27,4.56
7342.0959,85.80,61.17,13.26,4.55
7342.1273,85.81,61.19,13.25,4.55
7342.1502,85.82,61.21,13.25,4.55
7342.1918,85.84,61.23,13.23,4.53
7342.2230,85.85,61.22,13.21,4.53
7342.2393,85.86,61.21,13.20,4.53
7342.2711,85.86,61.20,13.19,4.53
7342.3032,85.87,61.24,13.19,4.54
7342.3347,85.89,61.32,13.18,4.53
7342.3678,85.90,61.39,13.18,4.52
7342.3996,85.91,61.45,13.18,4.52
7342.4312,85.90,61.73,13.28,4.62
7342.4636,85.90,61.93,13.35,4.63
7342.4949,85.89,62.09,13.41,4.64
7342.5263,85.89,62.23,13.46,4.64
7342.5588,85.88,62.60,13.59,4.67
7342.5908,85.87,62.92,13.71,4.69
7342.6219,85.87,63.18,13.82,4.70
7342.6543,85.86,63.66,14.01,4.80
7342.6867,85.86,64.05,14.18,4.81
7342.7193,85.86,64.41,14.32,4.81
7342.7509,85.86,64.71,14.43,4.81
7342.7824,85.87,65.30,14.67,4.91
7342.8143,85.87,65.77,14.88,4.93
7342.8469,85.87,66.16,15.05,4.94
7342.8784,85.87,66.48,15.20,4.93
7342.9099,85.88,66.95,15.41,5.00
7342.9417,85.88,67.33,15.59,5.00
7342.9745,85.89,67.64,15.75,4.99
7343.0064,85.89,67.90,15.88,4.98
7343.0381,85.89,68.34,16.11,4.99
7343.0701,85.89,68.70,16.31,4.99
7343.1025,85.89,69.00,16.48,4.98
7343.1346,85.89,69.46,16.75,5.08
7343.1668,85.89,69.84,16.97,5.09
7343.1987,85.90,70.16,17.17,5.08
7343.2313,85.90,70.43,17.33,5.07
7343.2636,85.89,70.73,17.56,5.13
7343.2877,85.88,70.98,17.75,5.13
7343.3275,85.87,71.19,17.91,5.13
7343.3601,85.87,71.38,18.05,5.11
7343.3940,85.86,71.49,18.18,5.11
7343.4185,85.85,71.60,18.30,5.10
7343.4440,85.84,71.69,18.39,5.09
7343.4757,85.83,71.76,18.47,5.08
7343.5073,85.86,71.89,18.49,4.99
7343.5402,85.88,71.99,18.51,4.97
7343.5716,85.90,72.07,18.54,4.95
7343.6039,85.91,72.14,18.56,4.94
7343.6361,85.95,72.23,18.53,4.90
7343.6681,85.98,72.31,18.49,4.87
7343.7005,86.01,72.38,18.46,4.85
7343.7324,86.04,72.44,18.44,4.82
7343.7645,86.06,72.48,18.42,4.80
7343.7964,86.09,72.55,18.40,4.79
7343.8268,86.11,72.61,18.38,4.77
7343.8584,86.12,72.55,18.31,4.71
7343.8904,86.14,72.49,18.25,4.72
7343.9224,86.14,72.43,18.20,4.73
7343.9552,86.14,72.37,18.16,4.75
7343.9872,86.15,72.33,18.13,4.76
7344.0192,86.14,72.26,18.10,4.91
7344.0428,86.19,72.14,17.87,4.86
7344.0749,86.22,72.03,17.67,4.83
7344.1067,86.26,71.94,17.51,4.81
7344.1389,86.28,71.84,17.37,5.00
7344.1710,86.37,71.61,16.95,4.89
7344.2032,86.44,71.41,16.60,4.82
7344.2244,86.50,71.22,16.30,4.77
7344.2562,86.55,71.03,16.05,4.91
7344.2955,86.67,70.56,15.43,4.66
7344.3236,86.78,70.11,14.90,4.46
7344.3594,86.87,69.68,14.45,4.43
7344.3926,86.93,68.67,13.84,4.25
7344.4217,86.98,67.69,13.32,4.10
7344.4460,87.03,66.79,12.88,4.00
7344.4793,87.07,65.95,12.50,4.06
7344.5197,87.11,64.29,11.91,3.93
7344.5443,87.14,62.66,11.41,3.83
7344.5684,87.16,61.10,10.98,3.76
7344.6006,87.18,59.62,10.61,3.85
7344.6324,87.22,56.99,10.05,3.75
7344.6654,87.24,54.36,9.58,3.68
7344.6971,87.26,51.72,9.17,3.63
7344.7358,87.27,49.16,8.83,3.61
7344.7600,87.24,43.50,8.25,3.42
7344.7919,87.22,37.91,7.76,3.39
7344.8242,87.20,32.45,7.34,3.38
7344.8564,87.18,27.29,6.98,3.39
7344.8885,87.17,22.55,6.67,3.40
7344.9210,87.16,18.27,6.42,3.54
7344.9532,87.12,9.93,5.93,3.50
7344.9782,87.09,2.64,5.52,3.49
7345.0097,87.05,-3.49,5.17,3.48
7345.0422,87.03,-8.54,4.87,3.68
7345.0743,86.99,-19.23,4.19,3.57
7345.1064,86.96,-27.17,3.62,3.50
7345.1386,86.93,-33.02,3.13,3.56
7345.1707,86.90,-37.38,2.71,3.63
7345.1938,86.86,-42.62,2.13,3.55
7345.2260,86.82,-46.38,1.64,3.50
7345.2582,86.79,-49.15,1.21,3.53
7345.2909,86.76,-51.24,0.85,3.58
7345.3229,86.78,-53.90,0.41,3.52
7345.3553,86.80,-55.95,0.04,3.49
7345.3875,86.82,-57.54,-0.28,3.56
7345.4200,86.86,-59.75,-0.73,3.49
7345.4441,86.91,-61.47,-1.12,3.46
7345.4762,86.94,-62.82,-1.45,3.44
7345.5081,86.97,-63.91,-1.73,3.50
7345.5401,87.03,-65.41,-2.12,3.45
7345.5727,87.08,-66.60,-2.46,3.43
7345.6052,87.12,-67.56,-2.75,3.42
7345.6377,87.16,-68.34,-2.99,3.50
7345.6710,87.22,-69.53,-3.40,3.45
7345.6923,87.27,-70.47,-3.75,3.42
7345.7242,87.32,-71.24,-4.04,3.40
7345.7567,87.36,-71.87,-4.30,3.48
7345.7884,87.43,-72.88,-4.73,3.43
7345.8206,87.48,-73.69,-5.10,3.40
7345.8603,87.53,-74.35,-5.41,3.45
7345.8847,87.58,-74.91,-5.68,3.50
7345.9252,87.64,-75.66,-6.08,3.46
7345.9575,87.69,-76.26,-6.42,3.43
7345.9893,87.73,-76.76,-6.70,3.47
7346.0212,87.78,-77.36,-7.09,3.43
7346.0537,87.83,-77.85,-7.42,3.41
7346.0858,87.86,-78.24,-7.70,3.40
7346.1181,87.89,-78.56,-7.94,3.44
7346.1501,87.93,-78.97,-8.27,3.42
7346.1824,87.96,-79.31,-8.54,3.40
7346.2144,87.99,-79.59,-8.78,3.44
7346.2467,88.01,-79.82,-8.98,3.47
7346.2765,88.03,-80.07,-9.26,3.46
7346.3080,88.05,-80.28,-9.49,3.45
7346.3404,88.06,-80.44,-9.69,3.48
7346.3728,88.07,-80.60,-9.91,3.47
7346.4049,88.08,-80.73,-10.09,3.47
7346.4373,88.08,-80.84,-10.25,3.48
7346.4613,88.09,-80.93,-10.39,3.50
7346.4929,88.09,-80.98,-10.52,3.51
7346.5252,88.09,-81.03,-10.63,3.52
7346.5571,88.09,-81.07,-10.73,3.54
7346.5893,88.09,-81.10,-10.81,3.56
7346.6216,88.08,-81.10,-10.88,3.57
7346.6540,88.07,-81.10,-10.95,3.59
7346.6773,88.07,-81.10,-11.00,3.60
7346.7084,88.06,-81.10,-11.05,3.62
7346.7405,88.05,-81.08,-11.09,3.64
7346.7774,88.04,-81.06,-11.13,3.65
7346.8099,88.04,-81.04,-11.17,3.66
7346.8418,88.03,-81.02,-11.19,3.67
7346.8675,88.01,-80.94,-11.20,3.69
7346.9077,88.00,-80.87,-11.22,3.71
7346.9397,87.98,-80.81,-11.22,3.69
7346.9715,87.93,-80.55,-11.17,3.74
7347.0042,87.89,-80.31,-11.12,3.79
7347.0367,87.86,-80.12,-11.08,3.83
7347.0690,87.83,-79.95,-11.04,3.77
7347.1010,87.76,-79.51,-10.85,3.87
7347.1333,87.71,-79.13,-10.69,3.96
7347.1656,87.67,-78.80,-10.56,4.02
7347.1974,87.64,-78.55,-10.45,3.94
7347.2299,87.59,-78.05,-10.14,4.04
7347.2616,87.56,-77.61,-9.88,4.12
7347.2940,87.52,-77.22,-9.65,4.06
7347.3258,87.50,-76.87,-9.46,3.99
7347.3581,87.43,-76.12,-9.09,4.10
7347.3906,87.38,-75.50,-8.78,4.19
7347.4233,87.35,-74.95,-8.52,4.16
7347.4558,87.26,-73.90,-8.09,4.30
7347.4884,87.19,-72.94,-7.72,4.41
7347.5211,87.13,-72.11,-7.41,4.50
7347.5531,87.08,-71.37,-7.15,4.43
7347.5929,87.00,-70.03,-6.70,4.56
7347.6257,86.92,-68.77,-6.30,4.65
7347.6583,86.86,-67.62,-5.97,4.72
7347.6904,86.80,-66.60,-5.69,4.77
7347.7228,86.70,-64.56,-5.18,4.89
7347.7548,86.61,-62.68,-4.75,4.98
7347.7865,86.54,-60.96,-4.39,5.04
7347.8268,86.40,-58.16,-3.89,5.26
7347.8585,86.29,-55.61,-3.47,5.31
7347.8911,86.19,-53.28,-3.11,5.34
7347.9236,86.11,-51.19,-2.81,5.35
7347.9561,85.99,-47.80,-2.33,5.35
7347.9884,85.89,-44.71,-1.92,5.33
7348.0205,85.80,-41.93,-1.57,5.30
7348.0605,85.70,-38.19,-1.11,5.39
7348.0840,85.62,-34.82,-0.72,5.36
7348.1257,85.55,-31.84,-0.39,5.31
7348.1583,85.49,-29.22,-0.11,5.26
7348.1910,85.40,-25.81,0.25,5.30
7348.2231,85.33,-22.85,0.55,5.26
7348.2551,85.27,-20.30,0.80,5.22
7348.2873,85.21,-18.13,1.03,5.17
7348.3193,85.10,-14.77,1.38,5.16
7348.3517,85.01,-11.96,1.68,5.14
7348.3840,84.93,-9.60,1.93,5.10
7348.4165,84.80,-6.11,2.31,5.21
7348.4485,84.69,-3.25,2.63,5.19
7348.4806,84.60,-0.89,2.90,5.16
7348.5132,84.52,1.05,3.13,5.13
7348.5452,84.40,3.94,3.49,5.23
7348.5770,84.29,6.27,3.79,5.22
7348.6088,84.20,8.18,4.04,5.19
7348.6408,84.12,9.73,4.26,5.16
7348.6726,84.01,11.82,4.55,5.16
7348.7048,83.92,13.52,4.81,5.14
7348.7368,83.84,14.90,5.02,5.11
7348.7686,83.78,16.04,5.20,5.07
7348.8000,83.68,18.05,5.52,5.08
7348.8315,83.60,19.69,5.78,5.08
7348.8637,83.54,21.02,6.01,5.07
7348.8804,83.48,22.11,6.21,5.05
7348.9120,83.39,23.82,6.51,5.15
7348.9442,83.31,25.20,6.77,5.14
7348.9765,83.25,26.33,6.99,5.12
7349.0080,83.20,27.26,7.18,5.09
7349.0398,83.10,29.26,7.60,5.12
7349.0717,83.02,30.83,7.95,5.13
7349.1036,82.95,32.10,8.25,5.12
7349.1357,82.86,34.65,8.84,5.38
7349.1681,82.78,36.65,9.34,5.40
7349.2004,82.72,38.25,9.76,5.41
7349.2324,82.66,39.54,10.12,5.39
7349.2645,82.58,41.63,10.72,5.62
7349.2963,82.51,43.25,11.22,5.63
7349.3278,82.44,44.54,11.65,5.62
7349.3601,82.39,45.58,12.01,5.59
7349.3925,82.33,47.55,12.67,5.66
7349.4242,82.27,49.06,13.23,5.69
7349.4557,82.21,50.25,13.71,5.69
7349.4884,82.17,51.20,14.11,5.67
7349.5206,82.12,52.87,14.78,5.74
7349.5529,82.08,54.17,15.35,5.78
7349.5852,82.05,55.22,15.83,5.79
7349.6171,82.00,56.86,16.61,6.12
7349.6496,81.96,58.13,17.27,6.19
7349.6814,81.92,59.12,17.84,6.22
7349.7136,81.88,59.91,18.32,6.22
7349.7459,81.84,61.22,19.14,6.57
7349.7781,81.80,62.25,19.83,6.60
7349.8112,81.76,63.06,20.42,6.60
7349.8415,81.73,63.71,20.92,6.57
7349.8736,81.67,64.60,21.70,6.63
7349.9057,81.61,65.30,22.36,6.65
7349.9380,81.56,65.85,22.92,6.64
7349.9703,81.52,66.31,23.40,6.60
7350.0028,81.43,66.81,24.04,6.59
7350.0349,81.36,67.21,24.58,6.56
7350.0671,81.30,67.54,25.04,6.50
7350.0830,81.24,67.81,25.44,6.43
7350.1151,81.12,68.13,26.05,6.43
7350.1468,81.03,68.40,26.57,6.40
7350.1793,80.95,68.62,27.02,6.35
7350.2109,80.88,68.81,27.39,6.28
7350.2432,80.71,68.97,28.01,6.34
7350.2751,80.57,69.11,28.52,6.36
7350.3074,80.45,69.22,28.96,6.36
7350.3398,80.29,69.31,29.47,6.47
7350.3718,80.15,69.38,29.90,6.46
7350.4044,80.03,69.43,30.27,6.43
7350.4369,79.92,69.48,30.58,6.38
7350.4690,79.73,69.47,31.04,6.52
7350.5013,79.57,69.46,31.42,6.49
7350.5334,79.43,69.45,31.75,6.45
7350.5656,79.31,69.45,32.03,6.40
7350.5984,79.21,69.44,32.26,6.21
7350.6144,79.12,69.44,32.46,6.03
7350.6465,78.96,69.44,32.84,6.05
7350.6784,78.82,69.44,33.15,6.06
7350.7102,78.70,69.44,33.42,6.05
7350.7423,78.59,69.43,33.65,5.91
7350.7745,78.38,69.41,34.10,6.02
7350.8065,78.20,69.40,34.48,6.10
7350.8386,78.04,69.38,34.80,6.03
7350.8705,77.82,69.40,35.30,6.18
7350.9021,77.63,69.41,35.72,6.29
7350.9338,77.46,69.41,36.08,6.36
7350.9665,77.31,69.41,36.38,6.28
7350.9986,77.18,69.40,36.64,6.20
7351.0303,77.08,69.40,36.85,6.10
7351.0621,76.92,69.46,37.26,6.23
7351.0942,76.78,69.50,37.61,6.17
7351.1261,76.66,69.54,37.90,6.11
7351.1585,76.55,69.56,38.15,6.04
7351.1907,76.38,69.70,38.69,6.27
7351.2231,76.24,69.82,39.14,6.32
7351.2551,76.12,69.92,39.53,6.35
7351.2872,76.01,69.99,39.86,6.35
7351.3193,75.85,70.11,40.35,6.54
7351.3511,75.72,70.21,40.77,6.69
7351.3834,75.61,70.30,41.13,6.66
7351.4150,75.40,70.40,41.72,6.90
7351.4476,75.21,70.48,42.23,7.08
7351.4799,75.05,70.54,42.65,7.22
7351.5149,74.92,70.60,43.02,7.07
7351.5433,74.65,70.65,43.64,7.21
7351.5748,74.41,70.69,44.17,7.30
7351.6075,74.21,70.72,44.61,7.36
7351.6379,74.02,70.73,44.99,7.18
7351.6707,73.75,70.85,45.70,7.36
7351.7028,73.51,70.94,46.30,7.49
7351.7350,73.30,71.02,46.81,7.33
7351.7662,73.11,71.07,47.24,7.16
7351.7981,72.83,71.23,48.03,7.37
7351.8298,72.59,71.36,48.69,7.52
7351.8622,72.37,71.47,49.26,7.39
7351.8943,72.05,71.64,50.14,7.62
7351.9260,71.76,71.79,50.89,7.78
7351.9583,71.51,71.90,51.53,7.89
7351.9904,71.29,71.99,52.07,7.70
7352.0226,70.89,72.12,52.97,7.92
7352.0552,70.54,72.23,53.73,8.07
7352.0874,70.24,72.31,54.38,8.17
7352.1193,69.91,72.33,54.94,8.23
7352.1590,69.45,72.44,55.86,8.42
7352.1915,69.05,72.53,56.64,8.54
7352.2238,68.69,72.61,57.30,8.62
7352.2564,68.16,72.80,58.41,9.16
7352.2882,67.69,72.95,59.36,9.28
7352.3201,67.27,73.08,60.16,9.36
7352.3527,66.86,73.16,60.86,9.39
7352.3933,66.26,73.35,62.01,9.89
7352.4243,65.72,73.51,62.99,10.30
7352.4568,65.24,73.64,63.82,10.12
7352.4890,64.80,73.73,64.53,9.93
7352.5129,64.16,73.92,65.63,10.18
7352.5430,63.59,74.08,66.57,10.36
7352.5747,63.07,74.21,67.37,10.19
7352.6037,62.59,74.30,68.05,10.00
7352.6419,61.84,74.40,69.04,10.15
7352.6742,61.17,74.49,69.89,10.25
7352.7065,60.58,74.56,70.61,9.97
7352.7386,59.68,74.63,71.63,10.03
7352.7712,58.87,74.68,72.50,10.04
7352.8032,58.15,74.72,73.24,10.00
7352.8355,57.46,74.75,73.89,9.73
7352.8677,56.53,74.85,74.89,9.81
7352.8995,55.70,74.93,75.74,9.84
7352.9322,54.95,74.99,76.47,9.83
7352.9636,54.24,75.04,77.11,9.56
7352.9951,53.26,75.20,78.14,9.68
7353.0266,52.38,75.33,79.02,9.74
7353.0588,51.58,75.44,79.77,9.53
7353.0901,50.82,75.51,80.41,9.32
7353.1219,49.71,75.69,81.42,9.48
7353.1540,48.70,75.83,82.28,9.58
7353.1859,47.79,75.95,83.01,9.38
7353.2098,46.98,76.05,83.63,9.18
7353.2419,45.74,76.28,84.67,9.38
7353.2743,44.55,76.46,85.56,9.52
7353.3068,43.47,76.61,86.32,9.34
7353.3383,41.94,76.92,87.44,9.57
7353.3702,40.51,77.18,88.38,9.73
7353.4104,39.05,77.39,89.24,9.84
7353.4428,37.72,77.57,89.96,9.64
7353.4746,35.71,77.90,90.99,9.85
7353.5068,33.43,78.20,91.97,10.00
7353.5437,31.28,78.44,92.81,9.77
7353.5760,28.00,78.89,93.98,10.05
7353.6078,24.80,79.27,94.97,10.25
7353.6328,21.46,79.57,95.86,10.39
7353.6735,18.34,79.83,96.61,10.48
7353.7059,13.37,80.28,97.72,11.02
7353.7377,8.51,80.65,98.67,11.12
7353.7699,3.94,80.96,99.48,11.17
7353.8015,-0.23,81.23,100.17,11.17
7353.8178,-6.51,81.59,101.09,11.53
7353.8500,-12.16,81.90,101.89,11.52
7353.8826,-17.15,82.17,102.58,11.47
7353.9147,-21.46,82.41,103.17,11.39
7353.9471,-27.07,82.66,103.96,11.57
7353.9789,-31.77,82.87,104.64,11.42
7354.0115,-35.63,83.06,105.23,11.25
7354.0437,-38.79,83.21,105.72,11.08
7354.0758,-42.93,83.43,106.43,10.99
7354.1074,-46.27,83.61,107.03,10.88
7354.1393,-48.96,83.76,107.55,10.76
7354.1712,-52.13,83.96,108.22,10.81
7354.2032,-54.65,84.13,108.79,10.72
7354.2273,-56.69,84.26,109.28,10.62
7354.2594,-58.33,84.37,109.70,10.51
7354.2911,-60.31,84.52,110.24,10.54
7354.3235,-61.89,84.65,110.71,10.44
7354.3547,-63.21,84.76,111.11,10.34
7354.3874,-64.27,84.85,111.45,10.23
7354.4196,-65.78,85.01,111.90,10.27
7354.4438,-67.00,85.15,112.29,10.19
7354.4755,-68.00,85.27,112.61,10.10
7354.5074,-68.83,85.37,112.89,10.01
7354.5391,-69.74,85.48,113.25,10.00
7354.5716,-70.49,85.56,113.56,9.97
7354.6131,-71.11,85.64,113.82,9.89
7354.6300,-71.62,85.70,114.05,9.81
7354.6613,-72.35,85.80,114.34,9.82
7354.6932,-73.03,85.90,114.61,9.83
7354.7252,-73.59,85.99,114.84,9.82
7354.7572,-74.06,86.07,115.04,9.73
7354.7891,-74.57,86.14,115.29,9.69
7354.8209,-75.00,86.21,115.50,9.65
7354.8527,-75.36,86.27,115.69,9.58
7354.8859,-75.66,86.31,115.84,9.51
7354.9177,-76.03,86.37,116.04,9.49
7354.9500,-76.38,86.43,116.21,9.47
7354.9822,-76.67,86.49,116.36,9.44
7355.0145,-76.98,86.54,116.51,9.44
7355.0434,-77.24,86.59,116.65,9.41
7355.0752,-77.48,86.64,116.77,9.38
7355.1069,-77.68,86.68,116.87,9.35
7355.1389,-77.83,86.71,116.97,9.32
7355.1706,-77.96,86.73,117.05,9.28
7355.2023,-78.09,86.75,117.12,9.25
7355.2264,-78.20,86.78,117.18,9.22
7355.2583,-78.29,86.79,117.24,9.19
7355.2906,-78.37,86.81,117.30,9.16
7355.3227,-78.45,86.82,117.35,9.13
7355.3551,-78.51,86.84,117.39,9.10
7355.3876,-78.59,86.85,117.44,9.08
7355.4198,-78.66,86.87,117.47,9.05
7355.4439,-78.72,86.88,117.50,9.03
7355.4765,-78.77,86.90,117.53,9.01
7355.5083,-78.82,86.91,117.55,8.99
7355.5401,-78.86,86.92,117.57,8.97
7355.5729,-78.90,86.93,117.59,8.96
7355.6059,-78.93,86.93,117.62,8.94
7355.6392,-78.96,86.94,117.64,8.93
7355.6709,-78.99,86.95,117.66,8.93
7355.7030,-78.98,86.95,117.66,8.90
7355.7352,-78.97,86.95,117.67,8.88
7355.7675,-78.97,86.95,117.67,8.90
7355.8000,-78.84,86.92,117.64,8.85
7355.8322,-78.73,86.90,117.61,8.81
7355.8645,-78.64,86.89,117.58,8.78
7355.8965,-78.62,86.89,117.58,8.81
7355.9287,-78.44,86.87,117.48,8.73
7355.9616,-78.28,86.85,117.39,8.67
7355.9934,-78.14,86.84,117.32,8.72
7356.0252,-78.06,86.83,117.29,8.76
7356.0575,-77.59,86.76,117.10,8.61
7356.0896,-77.18,86.71,116.93,8.48
7356.1213,-76.82,86.67,116.80,8.58
7356.1531,-75.42,86.43,116.46,8.32
7356.1773,-74.17,86.24,116.18,8.11
7356.2095,-73.13,86.08,115.97,7.95
7356.2417,-72.21,85.95,115.79,8.04
7356.2729,-70.40,85.68,115.47,7.85
7356.3051,-68.78,85.46,115.19,7.71
7356.3370,-67.42,85.29,114.97,7.60
7356.3772,-66.23,85.14,114.78,7.59
7356.4101,-65.20,85.08,114.53,7.54
7356.4419,-64.34,85.01,114.37,7.52
7356.4738,-63.59,84.96,114.24,7.52
7356.5064,-62.93,84.91,114.13,7.53
7356.5384,-62.38,84.93,113.99,7.52
7356.5772,-61.92,84.93,113.87,7.52
7356.6094,-61.52,84.94,113.77,7.56
7356.6417,-61.05,84.95,113.66,7.55
7356.6697,-60.64,84.96,113.56,7.56
7356.7016,-60.30,84.97,113.47,7.58
7356.7339,-60.01,84.98,113.40,7.62
7356.7660,-59.55,84.97,113.31,7.63
7356.7980,-59.20,84.96,113.25,7.64
7356.8304,-58.89,84.96,113.19,7.65
7356.8627,-58.63,84.96,113.14,7.68
7356.8953,-58.39,84.98,113.08,7.70
7356.9268,-58.18,84.99,113.03,7.72
7356.9591,-57.99,85.00,112.98,7.74
7356.9909,-57.83,85.00,112.94,7.75
7357.0233,-57.83,85.06,112.88,7.77
7357.0554,-57.84,85.11,112.84,7.79
7357.0871,-57.85,85.15,112.80,7.82
7357.1191,-57.72,85.19,112.73,7.82
7357.1585,-57.63,85.22,112.67,7.82
7357.1907,-57.55,85.25,112.62,7.83
7357.2221,-57.49,85.28,112.58,7.87
7357.2539,-57.43,85.30,112.55,7.91
7357.2865,-57.40,85.32,112.52,7.94
7357.3196,-57.14,85.33,112.45,7.96
7357.3602,-56.92,85.35,112.39,7.97
7357.3927,-56.74,85.36,112.34,7.99
7357.4245,-56.40,85.39,112.22,7.95
7357.4565,-56.10,85.43,112.13,7.96
7357.4891,-55.84,85.45,112.05,7.97
7357.5212,-55.63,85.48,111.98,7.98
7357.5527,-55.03,85.50,111.84,7.94
7357.5934,-54.50,85.52,111.72,7.91
7357.6252,-54.03,85.54,111.61,7.89
7357.6574,-53.23,85.55,111.45,7.80
7357.6935,-52.51,85.57,111.31,7.77
7357.7256,-51.88,85.58,111.19,7.76
7357.7579,-51.34,85.59,111.10,7.75
7357.7897,-50.45,85.60,110.95,7.68
7357.8225,-49.65,85.60,110.82,7.66
7357.8552,-48.96,85.61,110.71,7.65
7357.8871,-48.39,85.62,110.63,7.64
7357.9192,-47.14,85.63,110.46,7.61
7357.9514,-46.03,85.63,110.31,7.59
7357.9838,-45.05,85.64,110.18,7.58
7358.0162,-43.32,85.61,110.00,7.47
7358.0479,-41.80,85.58,109.85,7.45
7358.0801,-40.47,85.55,109.72,7.45
7358.1097,-39.30,85.53,109.61,7.45
7358.1420,-37.28,85.47,109.45,7.35
7358.1736,-35.51,85.42,109.31,7.34
7358.2069,-33.98,85.37,109.19,7.34
7358.2387,-32.68,85.33,109.09,7.34
7358.2707,-30.39,85.31,108.88,7.24
7358.3025,-28.38,85.28,108.71,7.24
7358.3419,-26.63,85.27,108.57,7.25
7358.3738,-23.05,85.23,108.27,7.09
7358.4056,-19.90,85.20,108.02,7.07
7358.4378,-17.15,85.17,107.81,7.06
7358.4698,-14.78,85.15,107.63,7.07
7358.4939,-10.98,85.08,107.35,6.93
7358.5257,-7.76,85.02,107.12,6.92
7358.5584,-5.04,84.97,106.92,6.92
7358.5902,-2.75,84.93,106.76,6.93
7358.6225,0.24,84.85,106.53,6.85
7358.6480,2.71,84.78,106.34,6.78
7358.6938,4.75,84.72,106.18,6.73
7358.7256,6.35,84.66,106.05,6.76
7358.7581,7.94,84.61,105.91,6.76
7358.7903,9.25,84.56,105.80,6.77
7358.8226,10.34,84.52,105.70,6.78
7358.8548,11.08,84.50,105.63,6.82
7358.8871,11.71,84.48,105.56,6.86
7358.9193,12.23,84.47,105.51,6.90
7358.9510,12.67,84.45,105.46,6.94
7358.9825,12.89,84.42,105.43,6.97
7359.0152,13.07,84.40,105.40,7.00
7359.0471,13.22,84.38,105.37,7.04
7359.0794,13.35,84.36,105.35,7.07
7359.1096,13.34,84.34,105.33,7.10
7359.1413,13.33,84.33,105.32,7.14
7359.1732,13.32,84.32,105.32,7.15
7359.2057,13.33,84.30,105.31,7.16
7359.2279,13.23,84.32,105.31,7.20
7359.2682,13.16,84.33,105.32,7.23
7359.2923,13.09,84.34,105.33,7.24
7359.3246,13.03,84.35,105.33,7.25
7359.3564,12.73,84.36,105.36,7.28
7359.3891,12.47,84.37,105.38,7.31
7359.4210,12.25,84.38,105.40,7.32
7359.4527,11.35,84.38,105.49,7.38
7359.4765,10.59,84.37,105.56,7.43
7359.5089,9.97,84.37,105.63,7.47
7359.5408,9.45,84.38,105.68,7.45
7359.5728,8.18,84.43,105.82,7.52
7359.6106,7.07,84.47,105.94,7.59
7359.6432,6.10,84.50,106.04,7.64
7359.6756,5.26,84.52,106.13,7.59
7359.7014,3.25,84.56,106.33,7.66
7359.7261,1.52,84.59,106.51,7.72
7359.7578,0.01,84.61,106.67,7.76
7359.7903,-1.29,84.63,106.80,7.73
7359.8215,-3.40,84.65,107.03,7.79
7359.8537,-5.20,84.67,107.21,7.83
7359.8866,-6.72,84.68,107.37,7.86
7359.9173,-8.02,84.69,107.51,7.85
7359.9501,-9.89,84.64,107.73,7.89
7359.9822,-11.45,84.61,107.92,7.91
7360.0143,-12.74,84.57,108.08,7.92
7360.0469,-13.82,84.55,108.22,7.92
7360.0794,-14.93,84.50,108.37,7.93
7360.1103,-15.83,84.46,108.49,7.94
7360.1425,-16.59,84.42,108.60,7.93
7360.1749,-17.41,84.39,108.71,7.93
7360.2071,-18.10,84.37,108.81,7.93
7360.2397,-18.67,84.35,108.89,7.93
7360.2717,-19.14,84.34,108.96,7.91
7360.3042,-19.77,84.34,109.03,7.91
7360.3370,-20.30,84.35,109.10,7.91
7360.3691,-20.75,84.35,109.15,7.91
7360.4090,-21.13,84.35,109.20,7.89
7360.4409,-21.67,84.35,109.26,7.89
7360.4731,-22.12,84.36,109.31,7.89
7360.5055,-22.51,84.36,109.36,7.88
7360.5381,-22.80,84.35,109.40,7.88
7360.5703,-23.05,84.35,109.43,7.87
7360.6102,-23.26,84.34,109.46,7.86
7360.6344,-23.43,84.33,109.48,7.85
7360.6620,-23.64,84.34,109.50,7.84
7360.7082,-23.81,84.34,109.52,7.84
7360.7401,-23.95,84.34,109.54,7.82
7360.7771,-24.26,84.35,109.56,7.83
7360.8091,-24.52,84.37,109.58,7.83
7360.8415,-24.74,84.38,109.60,7.83
7360.8738,-24.93,84.39,109.62,7.82
7360.9057,-25.12,84.39,109.64,7.82
7360.9379,-25.28,84.40,109.66,7.82
7360.9701,-25.41,84.40,109.67,7.81
7361.0016,-25.52,84.40,109.69,7.80
7361.0337,-25.74,84.41,109.71,7.81
7361.0662,-25.90,84.41,109.72,7.81
7361.0977,-26.04,84.41,109.74,7.80
7361.1302,-26.16,84.41,109.75,7.79
7361.1761,-26.38,84.42,109.77,7.80
7361.2079,-26.56,84.42,109.79,7.80
7361.2397,-26.72,84.43,109.80,7.80
7361.2718,-26.99,84.44,109.82,7.80
7361.3038,-27.21,84.44,109.84,7.81
7361.3356,-27.40,84.44,109.85,7.81
7361.3760,-27.45,84.44,109.85,7.81
7361.4081,-27.50,84.44,109.86,7.80
7361.4401,-27.57,84.44,109.86,7.79
7361.4719,-27.63,84.45,109.87,7.78
7361.5041,-27.72,84.46,109.87,7.78
7361.5364,-27.80,84.47,109.86,7.78
7361.5767,-27.87,84.49,109.86,7.78
7361.6091,-27.93,84.49,109.86,7.78
7361.6412,-28.05,84.47,109.89,7.78
7361.6736,-28.12,84.45,109.90,7.79
7361.7058,-28.18,84.43,109.92,7.78
7361.7310,-28.52,84.40,109.96,7.80
7361.7576,-28.80,84.38,109.99,7.82
7361.7931,-29.03,84.36,110.02,7.84
7361.8251,-29.22,84.34,110.04,7.83
7361.8573,-29.39,84.33,110.06,7.83
7361.8901,-29.53,84.31,110.08,7.82
7361.9217,-29.80,84.31,110.11,7.84
7361.9541,-30.04,84.31,110.13,7.84
7361.9864,-30.23,84.31,110.15,7.84
7362.0187,-30.41,84.31,110.17,7.85
7362.0363,-30.55,84.31,110.19,7.84
7362.0817,-30.67,84.31,110.20,7.85
7362.1134,-30.77,84.31,110.21,7.85
7362.1452,-30.85,84.31,110.22,7.85
7362.1769,-31.03,84.30,110.25,7.85
7362.2088,-31.17,84.29,110.27,7.85
7362.2405,-31.30,84.29,110.29,7.85
7362.2730,-31.63,84.29,110.32,7.88
7362.3059,-31.91,84.29,110.35,7.89
7362.3380,-32.14,84.29,110.37,7.89
7362.3708,-32.34,84.29,110.39,7.90
7362.4103,-32.48,84.28,110.40,7.90
7362.4426,-32.60,84.27,110.42,7.90
7362.4744,-32.71,84.27,110.43,7.90
7362.5062,-32.80,84.26,110.44,7.90
7362.5388,-33.07,84.27,110.46,7.91
7362.5710,-33.29,84.27,110.48,7.91
7362.6033,-33.49,84.28,110.50,7.92
7362.6436,-33.89,84.30,110.53,7.95
7362.6670,-34.24,84.31,110.56,7.95
7362.6937,-34.52,84.32,110.58,7.96
7362.7256,-34.76,84.33,110.60,7.96
7362.7664,-35.11,84.34,110.63,7.98
7362.7907,-35.41,84.35,110.65,7.98
7362.8231,-35.67,84.36,110.68,7.98
7362.8549,-35.89,84.37,110.70,7.98
7362.8877,-36.11,84.38,110.72,7.98
7362.9198,-36.31,84.38,110.74,7.98
7362.9519,-36.48,84.39,110.76,7.97
7362.9842,-36.62,84.40,110.77,7.97
7363.0166,-36.83,84.40,110.79,7.97
7363.0484,-36.99,84.40,110.82,7.96
7363.0794,-37.12,84.40,110.84,7.96
7363.1110,-37.24,84.40,110.85,7.96
7363.1430,-37.42,84.40,110.88,7.96
7363.1751,-37.57,84.40,110.90,7.96
7363.2067,-37.70,84.40,110.91,7.96
7363.2388,-37.73,84.39,110.93,7.95
7363.2713,-37.77,84.38,110.94,7.94
7363.3031,-37.80,84.37,110.96,7.94
7363.3430,-37.82,84.37,110.96,7.94
7363.3739,-38.15,84.36,111.02,7.95
7363.4062,-38.57,84.33,111.09,7.95
7363.4381,-38.92,84.30,111.15,7.96
7363.4695,-39.21,84.28,111.20,7.96
7363.4933,-41.01,84.31,111.40,8.04
7363.5258,-44.62,84.26,111.99,8.09
7363.5577,-47.34,84.23,112.49,8.13
7363.5896,-49.43,84.20,112.92,8.16
7363.6214,-52.14,84.22,113.53,8.25
7363.6535,-55.02,84.26,114.24,8.32
7363.6778,-57.21,84.29,114.84,8.36
7363.7096,-58.91,84.32,115.36,8.39
7363.7421,-61.48,84.46,116.11,8.51
7363.7766,-63.81,84.61,116.90,8.60
7363.8099,-65.62,84.73,117.57,8.65
7363.8422,-67.93,84.95,118.42,8.96
7363.8738,-69.77,85.14,119.20,9.03
7363.9057,-71.21,85.29,119.86,9.07
7363.9375,-72.35,85.43,120.42,9.09
7363.9701,-73.60,85.58,121.14,9.26
7364.0024,-74.63,85.71,121.75,9.29
7364.0351,-75.45,85.83,122.27,9.30
7364.0670,-76.12,85.93,122.71,9.28
7364.0995,-76.77,86.02,123.20,9.30
7364.1313,-77.31,86.11,123.61,9.29
7364.1635,-77.75,86.18,123.95,9.28
7364.1936,-78.14,86.24,124.29,9.28
7364.2257,-78.47,86.29,124.58,9.25
7364.2582,-78.76,86.34,124.83,9.22
7364.2905,-79.01,86.38,125.05,9.18
7364.3231,-79.31,86.44,125.28,9.19
7364.3552,-79.56,86.49,125.49,9.15
7364.3880,-79.77,86.54,125.67,9.11
7364.4191,-79.94,86.57,125.83,9.07
7364.4430,-80.15,86.62,125.99,9.06
7364.4752,-80.32,86.66,126.13,9.02
7364.5072,-80.47,86.69,126.25,8.99
7364.5394,-80.59,86.72,126.35,8.95
7364.5711,-80.66,86.73,126.44,8.91
7364.6034,-80.75,86.75,126.52,8.87
7364.6436,-80.82,86.76,126.58,8.83
7364.6757,-80.92,86.79,126.64,8.81
7364.7080,-81.01,86.81,126.69,8.78
7364.7399,-81.08,86.83,126.73,8.74
7364.7720,-81.14,86.85,126.76,8.72
7364.8233,-81.21,86.87,126.79,8.69
7364.8554,-81.28,86.89,126.81,8.66
7364.8883,-81.34,86.92,126.83,8.64
7364.9194,-81.40,86.93,126.84,8.62
7364.9517,-81.45,86.95,126.85,8.61
7364.9843,-81.50,86.97,126.86,8.59
7365.0165,-81.54,86.98,126.86,8.57
7365.0485,-81.53,86.98,126.85,8.54
7365.0805,-81.55,86.99,126.84,8.53
7365.1126,-81.56,86.99,126.83,8.52
7365.1445,-81.57,87.00,126.83,8.51
7365.1765,-81.53,86.99,126.80,8.49
7365.2087,-81.50,86.99,126.78,8.48
7365.2437,-81.47,86.98,126.76,8.47
7365.2759,-81.40,86.97,126.71,8.43
7365.3083,-81.35,86.96,126.67,8.39
7365.3408,-81.30,86.95,126.64,8.37
7365.3731,-81.30,86.95,126.59,8.37
7365.4052,-81.21,86.93,126.53,8.33
7365.4367,-81.14,86.92,126.48,8.30
7365.4605,-81.08,86.90,126.44,8.28
7365.4924,-81.04,86.89,126.39,8.31
7365.5240,-80.88,86.86,126.31,8.26
7365.5560,-80.74,86.83,126.25,8.23
7365.5879,-80.63,86.80,126.19,8.20
7365.6197,-80.56,86.78,126.14,8.23
7365.6603,-80.43,86.76,126.07,8.20
7365.6922,-80.32,86.74,126.00,8.19
7365.7164,-80.23,86.72,125.95,8.19
7365.7434,-80.09,86.69,125.87,8.19
7365.7754,-80.05,86.69,125.82,8.19
7365.8100,-80.01,86.69,125.77,8.20
7365.8425,-79.98,86.69,125.73,8.24
7365.8750,-79.77,86.65,125.62,8.16
7365.9071,-79.59,86.62,125.53,8.09
7365.9398,-79.44,86.59,125.46,8.03
7365.9711,-79.32,86.58,125.38,8.15
7366.0032,-78.54,86.39,125.09,7.97
7366.0353,-77.85,86.23,124.84,7.83
7366.0675,-77.25,86.10,124.64,7.72
7366.0999,-76.67,85.97,124.46,7.87
7366.1320,-76.17,85.85,124.31,8.02
7366.1645,-75.74,85.76,124.18,8.16
7366.1964,-74.54,85.55,123.63,8.18
7366.2270,-73.46,85.37,123.17,8.23
7366.2597,-72.49,85.21,122.78,8.30
7366.2921,-71.64,85.08,122.44,8.38
7366.3246,-70.90,84.97,122.16,8.84
7366.3566,-68.80,84.85,121.06,8.43
7366.3888,-66.75,84.74,120.13,8.12
7366.4205,-64.80,84.65,119.34,7.88
7366.4521,-62.92,84.56,118.66,8.08
7366.4763,-58.69,84.57,117.10,7.38
7366.5083,-54.09,84.57,115.78,6.84
7366.5397,-49.18,84.57,114.66,6.41
7366.5713,-44.14,84.59,113.70,6.42
7366.6037,-34.63,84.65,112.23,5.91
7366.6360,-24.14,84.71,110.98,5.52
7366.6762,-13.41,84.75,109.91,5.51
7366.7079,-3.34,84.77,109.01,5.55
7366.7396,13.36,85.02,107.59,5.14
7366.7712,27.15,85.22,106.38,4.83
7366.8104,37.47,85.40,105.35,4.88
7366.8382,51.54,85.83,103.74,4.42
7366.8786,60.52,86.21,102.36,4.09
7366.9103,66.42,86.52,101.18,3.85
7366.9426,70.47,86.80,100.17,3.98
7366.9751,75.44,87.19,98.33,3.54
7367.0071,78.67,87.52,96.76,3.21
7367.0394,80.89,87.81,95.41,3.35
7367.0716,82.92,88.05,93.27,2.85
7367.1038,84.29,88.26,91.44,2.47
7367.1358,85.23,88.42,89.88,2.19
7367.1672,85.91,88.55,88.55,2.40
7367.1998,86.50,88.63,86.42,1.93
7367.2320,86.90,88.69,84.62,1.59
7367.2591,87.18,88.73,83.08,1.34
7367.2912,87.39,88.77,81.78,1.67
7367.3237,87.81,88.88,79.69,1.27
7367.3553,88.10,88.97,77.92,1.00
7367.3882,88.32,89.03,76.40,0.84
7367.4195,88.48,89.09,75.12,1.30
7367.4438,88.62,89.11,73.13,1.04
7367.4758,88.73,89.14,71.44,0.94
7367.5081,88.81,89.15,70.00,0.96
7367.5401,88.87,89.16,68.78,1.36
7367.5722,88.74,89.02,67.01,1.33
7367.6043,88.68,88.92,65.51,1.39
7367.6432,88.62,88.83,64.24,1.73
7367.6751,88.71,88.84,62.57,1.71
7367.7068,88.77,88.85,61.14,1.74
7367.7388,88.79,88.83,59.93,1.80
7367.7624,88.80,88.81,58.90,2.09
7367.7924,88.92,88.88,57.53,2.11
7367.8246,89.02,88.95,56.36,2.15
7367.8515,89.08,88.98,55.37,2.22
7367.8939,89.12,89.01,54.53,2.40
7367.9249,89.17,89.04,53.67,2.51
7367.9568,89.21,89.07,52.93,2.63
7367.9890,89.25,89.10,52.30,2.77
7368.0050,89.28,89.12,51.76,2.92
7368.0373,89.26,89.09,51.27,3.06
7368.0698,89.25,89.06,50.85,3.21
7368.1020,89.24,89.05,50.49,3.36
7368.1343,89.24,89.03,50.19,3.52
7368.1665,89.24,89.03,49.91,3.66
7368.1989,89.24,89.01,49.67,3.79
7368.2309,89.24,89.00,49.47,3.92
7368.2631,89.23,89.00,49.29,4.04
7368.2926,89.22,88.97,49.13,4.15
7368.3251,89.21,88.95,49.00,4.25
7368.3574,89.20,88.94,48.88,4.36
7368.3903,89.19,88.93,48.78,4.47
7368.4222,89.20,88.93,48.61,4.51
7368.4542,89.20,88.93,48.46,4.55
7368.4870,89.20,88.92,48.34,4.74
7368.5192,89.33,89.08,47.82,4.61
7368.5427,89.43,89.21,47.39,4.51
7368.5751,89.52,89.33,47.01,4.43
7368.6073,89.59,89.43,46.70,4.67
7368.6394,89.81,89.73,45.84,4.42
7368.6716,89.99,89.99,45.11,4.23
7368.7034,90.14,90.21,44.49,4.09
7368.7271,90.27,90.41,43.96,4.29
7368.7592,90.57,90.90,43.00,4.03
7368.7936,90.82,91.33,42.18,3.84
7368.8262,91.03,91.70,41.48,3.70
7368.8585,91.21,92.03,40.89,3.89
7368.8856,91.51,92.62,39.96,3.68
7368.9255,91.77,93.15,39.17,3.53
7368.9575,91.98,93.61,38.50,3.64
7368.9739,92.17,94.04,37.91,3.76
7369.0059,92.38,94.56,37.17,3.65
7369.0382,92.56,95.02,36.53,3.59
7369.0709,92.71,95.42,35.98,3.56
7369.1029,92.84,95.78,35.51,3.59
7369.1351,92.95,96.10,35.11,3.63
7369.1672,93.05,96.37,34.78,3.69
7369.1993,93.07,96.50,34.48,3.75
7369.2311,93.12,96.67,34.23,3.82
7369.2633,93.16,96.81,34.01,3.89
7369.2937,93.09,96.72,33.80,3.96
7369.3256,93.03,96.65,33.62,4.06
7369.3579,92.99,96.59,33.47,4.15
7369.3908,92.95,96.55,33.35,4.23
7369.4229,92.71,96.09,33.01,4.22
7369.4552,92.52,95.72,32.72,4.28
7369.4875,92.35,95.41,32.48,4.34
7369.5194,92.22,95.14,32.27,4.40
7369.5437,92.10,94.90,32.10,4.46
7369.5760,92.02,94.73,31.93,4.51
7369.6076,91.69,94.01,31.63,4.57
7369.6399,91.41,93.38,31.38,4.61
7369.6717,91.17,92.83,31.16,4.66
7369.7038,90.96,92.34,30.98,4.72
7369.7352,90.51,91.25,30.62,4.75
7369.7590,90.12,90.31,30.31,4.77
7369.7909,89.80,89.49,30.05,4.80
7369.8232,89.52,88.79,29.82,4.80
7369.8553,89.20,87.96,29.61,4.84
7369.8877,88.93,87.25,29.44,4.88
7369.9213,88.69,86.63,29.29,4.85
7369.9441,88.49,86.09,29.15,4.83
7369.9850,88.32,85.63,29.04,4.81
7370.0170,88.12,85.13,29.05,4.92
7370.0494,87.94,84.70,29.06,4.83
7370.0817,87.80,84.33,29.06,4.74
7370.1136,87.67,84.02,29.06,4.65
7370.1455,87.37,83.36,29.27,4.88
7370.1768,87.12,82.83,29.45,4.86
7370.2088,86.91,82.38,29.60,4.83
7370.2408,86.73,82.01,29.73,4.78
7370.2731,86.32,81.27,30.27,5.23
7370.3053,85.95,80.65,30.72,5.60
7370.3375,85.64,80.15,31.10,5.67
7370.3700,85.37,79.73,31.43,5.71
7370.4101,84.98,79.17,32.02,6.07
7370.4418,84.63,78.72,32.51,6.35
7370.4741,84.34,78.35,32.94,6.39
7370.5063,83.91,77.82,33.51,6.67
7370.5388,83.55,77.39,33.99,6.88
7370.5712,83.24,77.04,34.40,7.04
7370.6034,82.98,76.76,34.75,6.92
7370.6362,82.51,76.14,35.12,6.97
7370.6768,82.11,75.63,35.44,6.98
7370.7083,81.76,75.20,35.71,6.90
7370.7402,81.14,74.27,35.82,6.90
7370.7726,80.60,73.49,35.91,6.89
7370.8044,80.15,72.84,35.99,6.85
7370.8440,79.76,72.29,36.05,6.77
7370.8755,79.04,71.11,35.84,6.72
7370.9072,78.43,70.11,35.66,6.67
7370.9314,77.90,69.27,35.50,6.61
7370.9712,77.16,67.95,35.04,6.54
7371.0037,76.53,66.82,34.66,6.46
7371.0357,75.97,65.85,34.34,6.39
7371.0680,75.50,65.02,34.06,6.31
7371.1000,74.92,63.93,33.63,6.24
7371.1324,74.42,63.02,33.27,6.17
7371.1650,74.00,62.24,32.96,6.10
7371.1974,73.64,61.58,32.70,6.04
7371.2294,73.31,60.94,32.42,5.97
7371.2604,73.03,60.40,32.18,5.91
7371.2922,72.79,59.94,31.98,5.86
7371.3244,72.58,59.54,31.81,5.82
7371.3566,72.42,59.20,31.64,5.76
7371.3888,72.28,58.91,31.49,5.70
7371.4203,72.16,58.66,31.37,5.65
7371.4537,72.07,58.47,31.27,5.61
7371.4862,71.99,58.31,31.18,5.57
7371.5113,71.93,58.17,31.11,5.53
7371.5433,71.87,58.05,31.05,5.51
7371.5754,71.83,57.96,30.99,5.47
7371.6074,71.80,57.87,30.94,5.44
7371.6397,71.77,57.80,30.90,5.42
7371.6713,71.75,57.74,30.86,5.40
7371.7039,71.73,57.69,30.83,5.37
7371.7277,71.72,57.64,30.79,5.34
7371.7597,71.71,57.60,30.77,5.32
7371.7916,71.70,57.58,30.74,5.37
7371.8231,71.75,57.51,30.59,5.29
7371.8547,71.80,57.45,30.47,5.22
7371.8875,71.84,57.40,30.37,5.17
7371.9265,71.86,57.35,30.28,5.30
7371.9587,72.02,57.14,29.87,5.10
7371.9904,72.15,56.97,29.51,4.94
7372.0224,72.26,56.81,29.22,5.19
7372.0544,72.51,56.17,28.34,4.83
7372.0861,72.71,55.59,27.60,4.54
7372.1266,72.88,55.07,26.96,4.32
7372.1510,73.01,54.61,26.43,4.60
7372.1770,73.33,53.51,25.28,4.16
7372.2234,73.60,52.50,24.30,3.82
7372.2550,73.81,51.59,23.47,4.15
7372.2867,74.01,50.80,22.75,4.50
7372.3189,74.35,48.75,21.28,3.93
7372.3507,74.63,46.80,20.03,3.50
7372.3833,74.86,44.98,18.97,3.73
7372.4145,75.23,41.67,17.27,3.18
7372.4459,75.54,38.44,15.82,2.79
7372.4775,75.79,35.35,14.59,2.52
7372.5090,76.00,32.43,13.54,2.72
7372.5410,76.22,27.30,11.91,2.38
7372.5727,76.41,22.39,10.53,2.17
7372.6046,76.57,17.83,9.35,2.04
7372.6358,76.69,13.67,8.35,2.18
7372.6681,76.84,7.86,6.91,2.02
7372.7004,76.96,2.69,5.67,1.94
7372.7324,77.06,-1.82,4.63,2.07
7372.7645,77.13,-5.69,3.73,2.24
7372.7966,77.27,-9.87,2.68,2.25
7372.8286,77.39,-13.42,1.78,2.30
7372.8604,77.48,-16.41,1.02,2.48
7372.8930,77.60,-19.56,0.15,2.56
7372.9248,77.70,-22.19,-0.60,2.66
7372.9573,77.79,-24.39,-1.23,2.79
7372.9886,77.85,-26.22,-1.77,2.97
7373.0202,77.92,-28.00,-2.33,3.11
7373.0523,77.98,-29.49,-2.80,3.25
7373.0847,78.03,-30.73,-3.21,3.40
7373.1168,78.07,-31.77,-3.54,3.59
7373.1489,78.11,-32.79,-3.90,3.73
7373.1813,78.15,-33.64,-4.20,3.87
7373.2129,78.19,-34.35,-4.45,4.02
7373.2450,78.21,-34.95,-4.67,4.17
7373.2768,78.24,-35.45,-4.86,4.31
7373.3085,78.26,-35.88,-5.02,4.45
7373.3407,78.24,-36.29,-5.22,4.56
7373.3726,78.23,-36.63,-5.40,4.66
7373.4051,78.22,-36.92,-5.54,4.76
7373.4372,78.19,-37.23,-5.73,4.83
7373.4690,78.17,-37.49,-5.88,4.90
7373.5015,78.15,-37.71,-6.02,4.97
7373.5338,78.13,-37.89,-6.13,5.03
7373.5657,78.10,-38.02,-6.25,5.09
7373.5982,78.08,-38.13,-6.35,5.15
7373.6301,78.05,-38.22,-6.43,5.20
7373.6619,78.04,-38.31,-6.50,5.25
7373.6937,78.00,-38.28,-6.56,5.31
7373.7257,77.96,-38.26,-6.61,5.36
7373.7581,77.93,-38.24,-6.65,5.38
7373.7902,77.90,-38.23,-6.70,5.40
7373.8223,77.84,-38.05,-6.71,5.45
7373.8549,77.80,-37.90,-6.72,5.50
7373.8887,77.75,-37.77,-6.73,5.49
7373.9184,77.66,-37.52,-6.74,5.50
7373.9502,77.58,-37.31,-6.76,5.51
7373.9819,77.51,-37.14,-6.77,5.52
7374.0145,77.47,-37.01,-6.78,5.51
7374.0464,77.37,-36.66,-6.76,5.55
7374.0781,77.29,-36.37,-6.74,5.59
7374.1104,77.22,-36.12,-6.73,5.61
7374.1427,77.16,-35.91,-6.72,5.56
7374.1754,76.92,-35.05,-6.63,5.65
7374.2075,76.72,-34.36,-6.57,5.72
7374.2393,76.55,-33.77,-6.51,5.66
7374.2718,76.41,-33.28,-6.47,5.61
7374.3037,76.29,-32.87,-6.43,5.56
7374.3358,75.90,-31.80,-6.37,5.64
7374.3676,75.57,-30.91,-6.31,5.66
7374.3998,75.29,-30.17,-6.27,5.68
7374.4313,75.05,-29.56,-6.23,5.68
7374.4634,74.63,-28.69,-6.20,5.74
7374.4951,74.27,-27.99,-6.18,5.75
7374.5269,73.97,-27.40,-6.17,5.75
7374.5592,73.71,-26.91,-6.16,5.74
7374.5913,73.40,-26.36,-6.13,5.77
7374.6237,73.14,-25.89,-6.11,5.76
7374.6559,72.92,-25.51,-6.09,5.74
7374.6875,72.74,-25.19,-6.08,5.72
7374.7199,72.59,-24.92,-6.08,5.71
7374.7528,72.42,-24.75,-6.10,5.66
7374.7851,72.27,-24.61,-6.12,5.62
7374.8174,72.14,-24.52,-6.10,5.58
7374.8493,72.03,-24.45,-6.07,5.82
7374.8822,71.93,-24.39,-6.06,6.03
7374.9132,71.81,-24.39,-6.17,6.22
7374.9455,71.77,-24.55,-6.30,6.34
7374.9778,71.73,-24.68,-6.42,8.18
7375.0098,71.70,-24.79,-6.51,9.84
7375.0415,71.63,-25.25,-6.74,11.34
7375.0730,71.67,-25.31,-6.44,14.91
7375.1052,71.70,-25.36,-6.18,18.13
7375.1376,71.73,-25.40,-5.96,21.03
7375.1695,71.78,-25.35,-5.78,23.63
7375.2013,71.88,-25.61,-5.42,28.02
7375.2337,71.97,-25.83,-5.11,31.97
7375.2661,72.05,-26.02,-4.85,35.53
7375.2984,72.11,-26.56,-4.77,38.59
7375.3300,72.16,-27.02,-4.70,42.23
7375.3624,72.20,-27.42,-4.65,45.52
7375.3948,72.22,-27.72,-4.55,48.49
7375.4262,72.24,-27.98,-4.48,51.16
7375.4424,72.25,-28.20,-4.41,53.77
7375.4745,72.32,-29.03,-4.67,55.90
7375.5068,72.38,-29.73,-4.88,57.83
7375.5388,72.46,-30.27,-5.07,59.58
7375.5709,72.52,-30.73,-5.24,61.41
7375.6029,72.63,-32.78,-6.22,62.44
7375.6352,72.72,-34.40,-7.03,63.41
7375.6669,72.79,-35.75,-7.73,64.31
7375.6992,72.86,-36.87,-8.32,65.48
7375.7313,72.98,-39.01,-9.57,66.06
7375.7634,73.09,-40.70,-10.58,66.63
7375.7953,73.17,-42.09,-11.44,67.37
7375.8274,73.24,-43.23,-12.17,68.07
7375.8589,73.31,-44.58,-13.08,68.54
7375.8915,73.40,-45.67,-13.81,68.99
7375.9236,73.46,-46.57,-14.44,69.45
7375.9560,73.50,-47.24,-14.91,69.90
7375.9882,73.52,-47.79,-15.32,70.33
7376.0197,73.55,-48.27,-15.70,70.74
7376.0515,73.58,-48.66,-16.02,71.02
7376.0837,73.45,-48.20,-15.92,71.58
7376.1159,73.36,-47.87,-15.88,72.08
7376.1482,73.29,-47.59,-15.85,72.53
7376.1805,73.22,-47.35,-15.83,72.58
7376.2129,73.21,-45.60,-14.55,73.51
7376.2450,73.14,-43.99,-13.49,74.31
7376.2771,73.09,-42.56,-12.59,74.38
7376.3096,73.04,-41.30,-11.83,74.42
7376.3417,73.03,-37.47,-9.48,75.70
7376.3740,73.00,-33.87,-7.48,76.76
7376.4064,72.95,-30.57,-5.78,77.38
7376.4387,72.85,-23.85,-2.96,79.18
7376.4706,72.71,-17.62,-0.55,80.69
7376.5026,72.57,-12.06,1.50,81.95
7376.5348,72.43,-7.23,3.24,83.07
7376.5667,72.07,1.14,5.72,85.30
7376.5983,71.76,7.98,7.83,87.19
7376.6307,71.47,13.45,9.61,88.78
7376.6630,71.22,17.81,11.13,90.11
7376.6956,70.72,23.17,12.95,92.05
7376.7274,70.27,27.24,14.51,93.69
7376.7596,69.87,30.38,15.82,94.89
7376.7915,69.23,34.36,17.47,96.82
7376.8238,68.66,37.36,18.86,98.44
7376.8558,68.18,39.67,20.04,99.81
7376.8884,67.76,41.47,21.04,100.77
7376.9200,67.12,43.61,22.40,102.25
7376.9517,66.56,45.26,23.55,103.49
7376.9842,66.07,46.55,24.53,104.53
7377.0163,65.64,47.59,25.36,105.32
7377.0493,65.28,48.42,26.06,105.97
7377.0816,64.94,49.06,26.66,106.52
7377.1142,64.42,49.88,27.43,107.34
7377.1467,63.96,50.55,28.08,108.03
7377.1790,63.57,51.09,28.63,108.59
7377.2111,63.23,51.52,29.09,109.06
7377.2433,62.74,52.15,29.74,109.84
7377.2757,62.31,52.67,30.29,110.48
7377.3073,61.93,53.10,30.76,111.01
7377.3396,61.35,53.65,31.53,111.90
7377.3715,60.84,54.10,32.17,112.55
7377.4038,60.40,54.47,32.72,113.10
7377.4358,60.02,54.76,33.18,113.55
7377.4685,59.69,55.01,33.57,113.93
7377.5008,59.41,55.22,33.90,114.23
7377.5327,59.10,55.38,34.26,114.52
7377.5652,58.82,55.48,34.58,114.76
7377.5973,58.58,55.57,34.84,114.89
7377.6295,58.37,55.64,35.06,114.99
7377.6616,58.16,55.72,35.33,115.12
7377.6933,57.99,55.81,35.56,115.23
7377.7261,57.84,55.88,35.75,115.15
7377.7582,57.57,55.86,36.02,115.10
7377.7902,57.34,55.84,36.24,115.06
7377.8224,57.11,55.79,36.44,115.00
7377.8547,56.91,55.75,36.61,114.91
7377.8872,56.82,55.77,36.73,114.82
7377.9190,56.70,55.77,36.85,114.73
7377.9510,56.61,55.76,36.95,114.64
7377.9836,56.53,55.75,37.03,114.52
7378.0157,56.41,55.69,37.11,114.38
7378.0477,56.34,55.66,37.18,114.26
7378.0796,56.28,55.64,37.23,114.13
7378.1109,56.25,55.65,37.28,114.01
7378.1422,56.23,55.65,37.31,113.90
7378.1740,56.18,55.62,37.35,113.80
7378.2059,56.14,55.60,37.39,113.63
7378.2378,56.09,55.61,37.45,113.51
7378.2702,56.04,55.61,37.51,113.41
7378.2864,56.00,55.61,37.56,113.31
7378.3182,55.96,55.61,37.60,112.99
7378.3501,55.93,55.61,37.64,112.70
7378.3826,55.95,55.97,37.92,112.77
7378.4149,55.97,56.29,38.19,112.81
7378.4471,55.99,56.55,38.41,111.88
7378.4795,56.08,56.86,38.60,111.05
7378.5111,56.13,57.17,38.83,110.29
7378.5437,56.18,57.43,39.03,109.59
7378.5755,56.22,57.65,39.20,107.70
7378.6078,56.29,57.85,39.33,105.98
7378.6397,56.36,58.05,39.46,104.43
7378.6715,56.42,58.21,39.56,103.02
7378.7039,56.47,58.35,39.65,100.42
7378.7362,56.48,58.58,39.82,98.21
7378.7680,56.50,58.80,40.00,96.22
7378.7999,56.53,58.99,40.15,93.44
7378.8320,56.57,59.23,40.33,90.99
7378.8643,56.61,59.43,40.48,88.78
7378.8963,56.61,59.61,40.67,86.77
7378.9280,56.60,59.76,40.83,84.03
7378.9598,56.70,59.89,40.88,81.46
7378.9928,56.75,60.02,40.97,79.15
7379.0248,56.80,60.13,41.06,77.07
7379.0582,56.84,60.23,41.13,74.01
7379.0906,56.87,60.09,40.95,71.00
7379.1227,56.88,60.00,40.86,68.31
7379.1545,56.89,59.93,40.78,65.90
7379.1867,56.90,59.86,40.72,63.74
7379.2189,56.93,59.88,40.70,61.24
7379.2511,56.95,59.90,40.68,59.00
7379.2834,56.97,59.91,40.67,56.99
7379.3156,56.99,59.78,40.47,55.02
7379.3479,57.01,59.67,40.30,52.73
7379.3806,56.99,59.54,40.16,50.67
7379.4122,56.98,59.43,40.04,48.83
7379.4443,56.96,59.31,39.92,47.16
7379.4759,56.95,59.22,39.81,45.67
7379.5068,56.94,59.14,39.71,44.33
7379.5384,56.93,59.07,39.63,43.13
7379.5696,56.96,59.06,39.60,42.08
7379.6015,56.96,59.01,39.53,41.57
7379.6338,56.95,58.96,39.48,41.12
7379.6658,56.95,58.93,39.43,40.72
7379.6978,56.91,58.91,39.46,40.41
7379.7302,56.92,58.90,39.47,40.14
7379.7619,56.92,58.90,39.48,41.03
7379.7946,56.89,58.90,39.52,41.87
7379.8263,56.87,58.91,39.55,42.62
7379.8587,56.89,58.91,39.52,43.30
7379.8913,56.90,58.91,39.50,45.47
7379.9227,56.88,59.02,39.62,47.56
7379.9551,56.89,59.02,39.59,49.44
7379.9869,56.89,59.02,39.56,51.12
7380.0188,56.90,59.02,39.54,54.81
7380.0508,56.67,59.08,39.77,58.42
7380.0829,56.61,59.17,39.90,61.64
7380.1149,56.56,59.24,40.01,66.28
7380.1473,56.52,59.30,40.11,70.44
7380.1792,56.46,59.68,40.33,74.55
7380.2107,56.44,60.03,40.53,78.23
7380.2425,56.43,60.33,40.71,82.28
7380.2745,56.55,60.97,40.93,86.23
7380.3068,56.65,61.51,41.12,89.75
7380.3390,56.68,61.92,41.34,92.88
7380.3709,56.71,62.27,41.52,95.68
7380.4034,56.71,63.25,41.98,99.01
7380.4355,56.67,64.11,42.47,101.95
7380.4680,56.63,64.84,42.90,104.54
7380.5007,56.60,65.44,43.26,106.61
7380.5327,56.36,66.49,44.11,109.31
7380.5650,56.04,67.37,44.94,111.68
7380.5970,55.75,68.09,45.66,113.57
7380.6290,55.49,68.70,46.27,115.23
7380.6613,54.66,69.42,47.45,117.40
7380.6938,53.87,69.99,48.47,119.28
7380.7255,53.14,70.48,49.33,120.72
7380.7576,51.73,70.95,50.70,122.55
7380.7904,50.41,71.34,51.87,124.13
7380.8225,49.25,71.69,52.86,125.48
7380.8545,48.19,71.98,53.69,126.49
7380.8942,46.82,72.31,54.72,127.67
7380.9203,45.58,72.58,55.60,128.67
7380.9440,44.45,72.81,56.34,129.53
7380.9851,43.44,73.00,56.98,130.21
7381.0175,42.57,73.14,57.49,130.75
7381.0493,41.85,73.33,57.96,131.20
7381.0811,41.22,73.49,58.36,131.68
7381.1131,41.72,73.70,58.36,131.73
7381.1459,42.16,73.88,58.35,131.77
7381.1779,42.44,74.06,58.39,131.81
7381.2101,42.69,74.21,58.43,132.15
7381.2423,42.90,74.33,58.46,132.45
7381.2740,43.12,74.45,58.48,132.73
7381.3063,45.94,74.83,57.65,132.17
7381.3386,48.25,75.15,56.94,132.34
7381.3704,50.15,75.43,56.34,132.52
7381.4022,51.71,75.67,55.82,132.72
7381.4270,55.12,75.95,54.62,131.85
7381.4594,57.75,76.20,53.58,131.87
7381.4913,59.83,76.42,52.69,131.95
7381.5239,61.48,76.61,51.92,132.07
7381.5562,64.47,76.45,51.54,130.94
7381.5880,66.80,76.40,51.21,130.07
7381.6201,68.66,76.44,50.92,129.42
7381.6598,70.61,76.10,49.26,127.43
7381.6911,72.14,75.85,47.85,126.65
7381.7236,73.36,75.68,46.64,126.08
7381.7555,74.36,75.56,45.60,125.69
7381.7864,75.65,75.43,42.95,124.42
7381.8273,76.65,75.29,40.69,124.13
7381.8594,77.43,75.14,38.75,123.97
7381.8917,78.39,74.96,36.14,123.09
7381.9232,79.14,74.76,33.90,122.93
7381.9542,79.74,74.56,31.99,122.88
7381.9767,80.22,74.36,30.36,122.93
7382.0090,80.52,73.99,28.84,123.05
7382.0407,80.93,73.60,27.26,123.01
7382.0727,81.27,73.23,25.91,123.04
7382.1049,81.54,72.88,24.77,123.14
7382.1366,81.74,72.35,23.72,123.02
7382.1688,81.91,71.87,22.83,122.15
7382.2018,82.05,71.43,22.07,121.41
7382.2339,82.17,71.04,21.42,120.80
7382.2557,82.40,70.47,20.50,119.76
7382.2969,82.50,69.69,19.72,118.32
7382.3265,82.58,68.97,19.05,117.08
7382.3587,82.65,68.32,18.48,116.01
7382.3915,82.59,66.58,17.54,114.42
7382.4230,82.60,65.08,16.72,113.24
7382.4554,82.60,63.67,16.01,112.23
7382.4879,82.61,62.36,15.42,111.37
7382.5202,82.75,58.81,13.64,108.98
7382.5527,82.88,55.02,12.15,106.93
7382.5934,82.98,51.02,10.88,105.17
7382.6246,83.25,43.34,8.72,102.66
7382.6573,83.46,34.06,6.87,100.79
7382.6894,83.64,23.54,5.30,99.20
7382.7216,83.79,12.46,3.96,97.85
7382.7539,84.04,-4.57,2.29,96.31
7382.7864,84.27,-19.79,0.83,95.01
7382.8271,84.46,-31.65,-0.42,93.92
7382.8587,84.90,-46.29,-2.18,92.26
7382.8914,85.23,-55.78,-3.71,91.14
7382.9227,85.51,-62.02,-5.01,90.21
7382.9545,85.75,-66.30,-6.13,89.44
7382.9867,86.09,-70.85,-7.76,88.31
7383.0107,86.38,-73.98,-9.16,87.75
7383.0427,86.65,-76.33,-10.37,87.30
7383.0748,86.88,-78.06,-11.41,86.95
7383.1068,87.21,-80.27,-13.09,86.11
7383.1310,87.49,-81.87,-14.54,85.75
7383.1722,87.73,-83.06,-15.78,85.47
7383.2043,87.93,-83.97,-16.83,85.28
7383.2361,88.17,-84.91,-17.94,85.09
7383.2680,88.39,-85.69,-18.82,84.96
7383.2996,88.58,-86.32,-19.57,84.87
7383.3319,88.74,-86.83,-20.28,84.77
7383.3643,88.88,-87.23,-20.89,84.76
7383.3967,88.96,-87.48,-21.42,84.79
7383.4292,89.03,-87.69,-21.88,84.82
7383.4607,89.14,-88.01,-22.64,84.64
7383.4930,89.23,-88.25,-23.26,84.68
7383.5424,89.30,-88.44,-23.78,84.74
7383.5747,89.42,-88.74,-24.59,84.59
7383.6072,89.52,-88.98,-25.28,84.63
7383.6391,89.60,-89.16,-25.81,84.69
7383.6717,89.67,-89.31,-26.26,84.76
7383.6961,89.74,-89.46,-26.82,84.72
7383.7272,89.79,-89.59,-27.30,84.74
7383.7590,89.83,-89.66,-27.64,84.78
7383.7915,89.86,-89.73,-27.93,84.83
7383.8237,89.89,-89.78,-28.17,84.89
7383.8560,89.91,-89.82,-28.38,84.97
7383.8884,89.91,-89.84,-28.60,85.02
7383.9206,89.92,-89.84,-28.77,85.07
7383.9447,89.92,-89.84,-28.92,85.12
7383.9763,89.92,-89.84,-29.05,85.04
7384.0088,89.86,-89.73,-28.72,85.28
7384.0407,89.82,-89.66,-28.47,85.48
7384.0728,89.79,-89.59,-28.26,85.31
7384.1107,89.76,-89.53,-28.08,85.16
7384.1357,89.60,-89.19,-26.85,85.68
7384.1677,89.48,-88.91,-25.87,86.11
7384.1994,89.37,-88.65,-25.04,86.09
7384.2314,89.11,-88.00,-23.55,86.56
7384.2637,88.88,-87.38,-22.29,86.93
7384.2957,88.70,-86.83,-21.20,87.23
7384.3280,88.54,-86.32,-20.27,87.14
7384.3599,88.20,-85.24,-18.88,87.49
7384.3921,87.93,-84.25,-17.69,87.75
7384.4241,87.69,-83.32,-16.68,87.95
7384.4557,87.48,-82.48,-15.82,87.78
7384.4873,87.11,-80.90,-14.62,87.97
7384.5196,86.78,-79.37,-13.61,88.09
7384.5518,86.49,-77.96,-12.76,88.17
7384.5922,86.17,-76.19,-11.77,88.26
7384.6240,85.90,-74.55,-10.94,88.30
7384.6563,85.67,-73.07,-10.21,88.31
7384.6884,85.48,-71.74,-9.59,88.08
7384.7202,85.27,-69.77,-8.60,88.23
7384.7531,85.08,-67.91,-7.79,88.33
7384.7862,84.92,-66.19,-7.10,88.39
7384.8270,84.78,-64.63,-6.52,88.30
7384.8591,84.66,-63.21,-6.02,88.20
7384.8914,84.55,-61.70,-5.49,88.17
7384.9224,84.46,-60.35,-5.04,88.10
7384.9542,84.38,-59.14,-4.66,88.02
7384.9863,84.31,-58.07,-4.34,87.93
7385.0103,84.25,-57.13,-4.06,87.83
7385.0428,84.18,-56.12,-3.79,87.74
7385.0754,84.12,-55.23,-3.56,87.64
7385.1072,84.07,-54.46,-3.37,87.55
7385.1396,84.03,-53.81,-3.22,87.46
7385.1715,83.99,-53.25,-3.10,87.35
7385.2037,83.95,-52.56,-2.93,87.30
7385.2357,83.92,-51.98,-2.80,87.24
7385.2561,83.90,-51.49,-2.69,87.19
7385.2919,83.87,-51.06,-2.59,87.12
7385.3247,83.85,-50.59,-2.47,87.08
7385.3500,83.83,-50.18,-2.36,87.04
7385.3916,83.82,-49.83,-2.28,87.00
7385.4236,83.81,-49.53,-2.21,86.94
7385.4555,83.78,-49.09,-2.10,86.91
7385.4876,83.77,-48.73,-2.02,86.89
7385.5193,83.75,-48.42,-1.95,86.84
7385.5516,83.73,-47.97,-1.85,86.83
7385.5841,83.71,-47.58,-1.76,86.82
7385.6164,83.70,-47.25,-1.70,86.81
7385.6482,83.69,-46.97,-1.64,86.78
7385.6807,83.67,-46.60,-1.57,86.77
7385.7130,83.65,-46.29,-1.51,86.76
7385.7453,83.64,-46.02,-1.46,86.75
7385.7785,83.63,-45.80,-1.41,86.71
7385.8102,83.61,-45.30,-1.31,86.72
7385.8424,83.59,-44.87,-1.23,86.74
7385.8748,83.57,-44.49,-1.16,86.70
7385.9076,83.56,-44.17,-1.10,86.67
7385.9396,83.54,-43.62,-1.00,86.68
7385.9719,83.52,-43.15,-0.92,86.69
7386.0044,83.51,-42.74,-0.84,86.67
7386.0362,83.49,-42.25,-0.75,86.69
7386.0681,83.48,-41.82,-0.67,86.70
7386.0996,83.47,-41.46,-0.61,86.70
7386.1310,83.47,-41.15,-0.55,86.68
7386.1624,83.45,-40.69,-0.47,86.68
7386.1939,83.43,-40.29,-0.41,86.68
7386.2256,83.42,-39.95,-0.35,86.68
7386.2565,83.41,-39.67,-0.31,86.65
7386.2882,83.39,-39.17,-0.23,86.67
7386.3202,83.37,-38.75,-0.16,86.68
7386.3522,83.36,-38.39,-0.11,86.66
7386.3847,83.35,-38.09,-0.06,86.64
7386.4162,83.33,-37.66,0.00,86.65
7386.4483,83.31,-37.30,0.06,86.65
7386.4801,83.29,-36.99,0.10,86.64
7386.5115,83.28,-36.71,0.14,86.64
7386.5436,83.27,-36.47,0.18,86.64
7386.5755,83.26,-36.27,0.21,86.63
7386.6074,83.25,-36.10,0.23,86.60
7386.6396,83.25,-35.74,0.30,86.62
7386.6719,83.25,-35.44,0.35,86.64
7386.7042,83.25,-35.17,0.40,86.65
7386.7365,83.26,-34.96,0.44,86.60
7386.7686,83.25,-33.90,0.62,86.69
7386.8005,83.25,-32.99,0.77,86.77
7386.8327,83.25,-32.20,0.90,86.72
7386.8486,83.25,-31.52,1.01,86.67
7386.8815,83.25,-29.95,1.25,86.77
7386.9135,83.24,-28.59,1.46,86.85
7386.9452,83.24,-27.40,1.64,86.91
7386.9773,83.25,-26.40,1.79,86.89
7387.0088,83.17,-23.58,2.16,87.10
7387.0405,83.11,-21.14,2.47,87.27
7387.0723,83.05,-19.03,2.74,87.13
7387.1045,83.01,-17.25,2.96,86.99
7387.1355,82.69,-7.41,4.15,87.87
7387.1674,82.42,0.64,5.15,88.60
7387.1993,82.18,7.04,6.00,88.04
7387.2314,81.49,23.30,8.51,89.43
7387.2633,80.89,33.25,10.63,90.55
7387.2956,80.37,39.55,12.42,91.44
7387.3282,79.92,43.75,13.93,90.66
7387.3605,78.60,49.43,16.69,91.97
7387.3927,77.47,52.79,19.00,92.97
7387.4246,76.48,54.99,20.95,93.74
7387.4569,75.61,56.52,22.58,93.17
7387.4889,74.18,59.13,25.59,94.70
7387.5208,72.90,60.89,28.11,95.87
7387.5523,71.76,62.16,30.24,95.47
7387.5853,70.75,63.12,32.04,94.97
7387.6164,69.46,64.66,34.93,95.90
7387.6486,68.26,65.80,37.38,96.55
7387.6807,67.16,66.66,39.45,96.13
7387.7127,65.95,68.02,42.26,96.81
7387.7447,64.79,69.07,44.65,97.25
7387.7767,63.69,69.88,46.68,97.50
7387.8082,62.65,70.53,48.42,96.90
7387.8401,60.75,71.40,51.08,97.56
7387.8724,58.86,72.08,53.36,97.99
7387.9045,57.02,72.62,55.30,98.26
7387.9366,55.18,73.04,56.99,98.38
7387.9603,51.87,73.37,59.16,99.40
7388.0018,48.60,73.64,61.00,99.43
7388.0267,45.42,73.86,62.57,99.35
7388.0669,42.30,74.01,63.90,99.19
7388.0833,38.51,74.42,65.48,99.59
7388.1153,34.82,74.77,66.83,99.12
7388.1473,31.28,75.06,67.98,98.62
7388.1801,27.85,75.25,68.95,98.09
7388.2122,24.65,75.49,69.84,97.61
7388.2444,21.72,75.69,70.59,97.09
7388.2763,19.07,75.87,71.23,96.58
7388.3084,16.76,76.06,71.76,96.08
7388.3406,14.59,76.14,72.23,95.59
7388.3729,12.69,76.22,72.63,95.12
7388.4049,11.04,76.28,72.97,94.68
7388.4377,9.70,76.35,73.26,94.24
7388.4697,8.54,76.41,73.50,93.84
7388.4937,7.55,76.46,73.70,93.47
7388.5262,6.69,76.50,73.87,93.12
7388.5579,5.95,76.54,74.03,92.80
7388.5898,5.33,76.57,74.16,92.50
7388.6224,4.79,76.59,74.28,92.22
7388.6547,4.31,76.62,74.38,91.97
7388.6869,3.96,76.62,74.46,91.72
7388.7111,3.65,76.63,74.53,91.51
7388.7426,3.39,76.63,74.59,91.32
7388.7749,3.17,76.65,74.64,91.14
7388.8069,2.98,76.64,74.70,90.98
7388.8391,2.82,76.64,74.75,90.83
7388.8711,2.68,76.63,74.79,90.70
7388.9105,2.56,76.61,74.82,90.58
7388.9433,2.39,76.63,74.94,90.49
7388.9751,2.25,76.65,75.04,90.41
7389.0092,2.13,76.67,75.13,90.33
7389.0363,1.53,76.68,75.31,90.37
7389.0679,1.01,76.68,75.47,90.32
7389.1001,0.57,76.69,75.60,90.27
7389.1318,0.18,76.68,75.73,90.22
7389.1643,-1.79,76.63,76.17,90.53
7389.1962,-3.44,76.59,76.54,90.50
7389.2289,-4.84,76.55,76.85,90.46
7389.2602,-6.14,76.52,77.18,90.40
7389.2938,-11.12,76.55,78.19,90.63
7389.3210,-15.24,76.58,79.04,90.77
7389.3594,-18.65,76.60,79.78,90.85
7389.3889,-21.47,76.57,80.42,90.88
7389.4134,-27.44,76.56,81.80,91.21
7389.4459,-32.09,76.56,82.97,91.42
7389.4742,-35.72,76.55,83.96,91.55
7389.5072,-38.67,76.57,84.85,91.60
7389.5434,-43.46,76.45,86.42,91.89
7389.5767,-47.00,76.34,87.75,92.06
7389.6026,-49.68,76.24,88.88,92.13
7389.6439,-53.15,76.38,90.38,92.77
7389.6762,-55.81,76.50,91.66,93.25
7389.7081,-57.88,76.61,92.75,93.60
7389.7399,-59.47,76.71,93.69,93.49
7389.7719,-61.84,77.22,94.75,93.66
7389.8042,-63.75,77.66,95.66,93.74
7389.8365,-65.30,78.04,96.43,93.51
7389.8766,-66.63,78.40,97.07,93.26
7389.9085,-67.72,78.70,97.61,93.00
7389.9422,-69.37,79.32,98.37,92.93
7389.9747,-70.70,79.83,99.03,92.68
7390.0084,-71.95,80.33,99.62,92.46
7390.0407,-72.99,80.77,100.13,92.23
7390.0738,-73.86,81.14,100.56,92.01
7390.1058,-74.64,81.48,100.96,91.79
7390.1383,-75.29,81.78,101.30,91.57
7390.1702,-75.84,82.03,101.59,91.36
7390.2019,-76.25,82.21,101.81,91.14
7390.2340,-76.59,82.37,101.99,90.93
7390.2658,-76.89,82.50,102.15,90.73
7390.2980,-77.14,82.62,102.30,90.56
7390.3302,-77.36,82.72,102.43,90.38
7390.3625,-77.54,82.80,102.55,90.22
7390.3945,-77.69,82.88,102.62,90.08
7390.4268,-77.79,82.92,102.71,89.93
7390.4585,-77.87,82.95,102.79,89.81
7390.4904,-77.94,82.98,102.86,89.70
7390.5228,-78.00,83.00,102.93,89.59
7390.5551,-78.05,83.03,102.96,89.49
7390.5875,-78.10,83.06,102.99,89.40
7390.6195,-78.14,83.08,103.02,89.32
7390.6591,-78.17,83.10,103.02,89.22
7390.6909,-78.19,83.12,103.03,89.15
7390.7231,-78.22,83.13,103.03,89.08
7390.7554,-78.24,83.15,103.03,89.03
7390.7876,-78.19,83.12,103.05,88.97
7390.8194,-78.18,83.12,103.05,88.92
7390.8596,-78.17,83.11,103.06,88.88
7390.8913,-78.17,83.11,103.09,88.85
7390.9236,-78.17,83.12,103.12,88.82
7390.9548,-78.17,83.11,103.12,88.80
7390.9801,-78.16,83.11,103.13,88.78
7391.0105,-78.16,83.11,103.13,88.76
7391.0431,-78.13,83.09,103.13,88.74
7391.0751,-78.12,83.09,103.14,88.72
7391.1072,-78.11,83.08,103.15,88.71
7391.1397,-78.06,83.06,103.12,88.67
7391.1728,-78.02,83.05,103.11,88.66
7391.2054,-77.99,83.04,103.09,88.65
7391.2374,-77.97,83.03,103.08,88.65
7391.2697,-77.88,83.01,102.98,88.55
7391.2861,-77.80,82.99,102.89,88.54
7391.3192,-77.76,82.98,102.83,88.54
7391.3516,-77.73,82.97,102.78,88.54
7391.3838,-77.25,82.80,102.46,88.19
7391.4160,-76.89,82.69,102.17,88.17
7391.4429,-76.58,82.59,101.93,88.18
7391.4750,-76.32,82.50,101.72,88.20
7391.5070,-76.09,82.43,101.54,88.23
7391.5396,-75.90,82.38,101.35,88.84
7391.5720,-74.80,82.07,100.49,88.60
7391.6044,-73.82,81.81,99.76,88.42
7391.6364,-72.95,81.59,99.14,88.31
7391.6765,-71.21,81.53,96.45,86.79
7391.7086,-69.47,81.45,94.17,86.16
7391.7403,-67.76,81.37,92.24,85.69
7391.7729,-66.20,81.33,90.59,85.34
7391.8047,-64.75,81.98,85.10,83.93
7391.8373,-62.79,82.40,80.41,82.21
7391.8690,-60.41,82.68,76.40,80.75
7391.9088,-57.84,82.88,72.98,79.53
7391.9325,-51.05,82.96,65.57,73.33
7391.9600,-42.35,82.85,59.28,67.79
7391.9918,-32.44,82.63,53.95,62.86
7392.0268,-22.41,82.34,49.44,58.47
7392.0589,-13.25,82.04,45.63,54.57
7392.0911,0.40,80.39,40.01,49.69
7392.1232,8.35,78.88,35.35,45.29
7392.1556,13.07,77.52,31.47,41.41
7392.1874,15.99,76.31,28.23,37.99
7392.2194,17.94,71.21,20.81,31.45
7392.2513,17.87,66.70,14.86,27.52
7392.2835,17.17,62.77,10.04,24.19
7392.3161,16.29,59.41,6.08,21.36
7392.3476,14.17,54.04,2.66,17.59
7392.3795,12.39,49.49,-0.11,16.30
7392.3960,10.88,45.64,-2.40,15.23
7392.4283,9.59,42.39,-4.28,14.33
7392.4593,7.84,38.12,-3.67,12.99
7392.4916,6.53,34.49,-3.16,12.44
7392.5238,5.52,31.41,-2.74,11.96
7392.5559,4.74,28.84,-2.38,11.54
7392.5876,3.82,25.31,-1.01,10.70
7392.6194,3.14,22.30,0.14,10.26
7392.6590,2.64,19.74,1.10,9.86
7392.6911,2.10,17.00,1.72,9.43
7392.7233,1.67,14.68,2.24,8.93
7392.7551,1.26,12.66,2.68,8.49
7392.7868,0.93,10.95,3.06,8.09
7392.8268,0.59,9.16,3.30,7.71
7392.8587,0.11,7.77,3.40,7.35
7392.8907,-0.30,6.59,3.49,7.03
7392.9231,-0.64,5.59,3.57,6.75
7392.9548,-0.97,4.72,3.69,6.50
7392.9865,-1.24,3.99,3.78,6.28
7393.0102,-1.47,3.37,3.86,6.08
7393.0425,-1.67,2.84,3.93,5.90
7393.0744,-1.84,2.39,3.98,5.84
7393.1066,-2.04,2.03,4.02,5.79
7393.1391,-2.09,1.71,4.03,5.64
7393.1713,-2.14,1.44,4.04,5.52
7393.2031,-2.17,1.21,4.05,5.46
7393.2273,-2.28,1.11,3.98,5.42
7393.2583,-2.30,1.02,4.03,5.34
7393.2924,-2.32,0.94,4.07,5.30
7393.3248,-2.34,0.88,4.11,5.38
7393.3571,-2.39,0.78,4.12,5.32
7393.3896,-2.43,0.70,4.13,5.30
7393.4218,-2.46,0.63,4.14,5.29
7393.4544,-2.39,0.44,4.16,5.26
7393.4865,-2.27,0.44,3.96,5.33
7393.5190,-2.17,0.43,3.78,5.39
7393.5507,-2.09,0.43,3.63,5.46
7393.5826,-1.59,0.23,3.33,5.48
7393.5988,-1.11,-0.01,2.66,5.42
7393.6307,-0.69,-0.20,2.10,5.38
7393.6628,-0.35,-0.38,1.62,5.34
7393.6953,0.07,-0.56,1.28,5.28
7393.7278,0.70,-0.65,0.77,5.14
7393.7599,1.23,-0.74,0.33,5.04
7393.7914,1.68,-0.81,-0.04,4.97
7393.8239,1.66,-1.38,-0.50,4.87
7393.8563,2.18,-1.39,-0.85,5.01
7393.8885,2.62,-1.40,-1.15,5.14
7393.9207,3.00,-1.42,-1.40,5.27
7393.9529,3.05,-1.31,-1.13,5.54
7393.9850,3.08,-1.23,-0.90,5.55
7394.0171,3.12,-1.15,-0.70,5.54
7394.0492,3.14,-1.08,-0.54,5.53
7394.0814,3.16,-1.01,-0.41,5.21
7394.1133,3.17,-0.95,-0.30,5.16
7394.1454,3.18,-0.89,-0.20,5.12
7394.1779,3.22,-0.87,-0.08,5.08
7394.2101,3.22,-0.86,0.01,5.06
7394.2415,3.21,-0.86,0.09,5.12
7394.2736,3.21,-0.85,0.15,5.18
7394.3057,3.16,-0.77,0.23,5.24
7394.3383,3.11,-0.77,0.27,5.24
7394.3703,3.06,-0.76,0.29,5.24
7394.4028,3.01,-0.76,0.32,5.27
7394.4344,2.99,-0.73,0.34,5.35
7394.4663,2.97,-0.70,0.37,5.43
7394.4981,2.95,-0.68,0.39,5.50
7394.5295,2.94,-0.66,0.40,5.56
7394.5611,2.92,-0.66,0.43,5.62
7394.5928,2.91,-0.67,0.45,5.62
7394.6244,2.91,-0.68,0.47,5.63
7394.6563,2.89,-0.67,0.50,5.64
7394.6881,2.87,-0.74,0.40,5.56
7394.7199,2.86,-0.81,0.32,5.58
7394.7515,2.84,-0.87,0.26,5.59
7394.7834,2.83,-0.91,0.20,5.61
7394.8154,2.90,-1.07,-0.41,5.50
7394.8469,2.95,-1.19,-0.83,5.42
7394.8788,2.99,-1.28,-1.19,5.35
7394.9102,3.02,-1.37,-1.50,5.29
7394.9419,3.04,-1.38,-1.98,5.25
7394.9737,3.05,-1.43,-2.28,5.22
7395.0054,3.06,-1.48,-2.54,5.19
7395.0371,2.93,-1.60,-3.23,5.13
7395.0693,2.82,-1.71,-3.82,5.00
7395.1017,2.72,-1.75,-4.32,4.88
7395.1335,2.64,-1.79,-4.74,4.78
7395.1658,2.23,-1.45,-6.36,5.15
7395.1987,1.98,-1.26,-7.87,4.90
7395.2311,1.77,-1.09,-9.16,4.65
7395.2630,1.60,-0.94,-10.25,4.42
7395.2952,1.24,0.24,-11.11,5.26
7395.3268,0.96,1.26,-11.84,5.95
7395.3590,0.74,2.14,-12.46,5.94
7395.3905,0.56,2.88,-12.98,5.89
7395.4235,0.41,3.53,-13.33,5.80
7395.4550,0.31,4.09,-13.62,5.69
7395.4869,0.23,4.57,-13.87,5.78
7395.5190,0.45,3.82,-13.57,4.63
7395.5510,0.63,3.18,-13.32,3.64
7395.5673,0.80,2.63,-13.07,2.78
7395.5994,0.94,2.16,-12.87,3.00
7395.6312,1.14,1.51,-12.64,2.95
7395.6638,1.32,0.95,-12.44,2.94
7395.6958,1.58,0.44,-12.23,2.96
7395.7277,1.80,0.00,-12.05,3.00
7395.7596,1.87,-0.40,-11.91,3.05
7395.7922,1.93,-0.72,-11.78,3.11
7395.8246,1.99,-1.00,-11.67,3.18
7395.8570,2.03,-1.23,-11.57,3.21
7395.8890,2.07,-1.43,-11.49,3.25
7395.9216,2.05,-1.60,-11.43,3.30
7395.9528,1.77,-1.68,-11.38,3.54
7395.9851,1.54,-1.75,-11.34,3.76
7396.0171,1.33,-1.81,-11.30,3.96
7396.0491,1.03,-1.82,-11.41,4.14
7396.0817,0.62,-1.94,-11.41,4.23
7396.1137,0.28,-2.05,-11.41,4.31
7396.1457,-0.01,-2.13,-11.41,4.39
7396.1777,-0.45,-2.20,-11.42,4.43
7396.2097,-0.82,-2.25,-11.43,4.47
7396.2423,-1.14,-2.30,-11.43,4.51
7396.2745,-1.40,-2.33,-11.45,4.55
7396.3065,-1.65,-2.36,-11.45,4.59
7396.3390,-1.86,-2.39,-11.46,4.63
7396.3709,-2.03,-2.41,-11.47,4.66
7396.4033,-2.17,-2.37,-11.50,4.69
7396.4353,-2.31,-2.39,-11.50,4.70
7396.4680,-2.42,-2.40,-11.51,4.71
7396.5003,-2.52,-2.41,-11.51,4.72
7396.5333,-2.64,-2.32,-11.49,4.95
7396.5654,-2.74,-2.24,-11.47,4.96
7396.5976,-2.82,-2.18,-11.46,4.97
7396.6298,-2.89,-2.13,-11.45,4.97
7396.6622,-2.79,-2.35,-11.86,4.96
7396.6938,-2.70,-2.53,-12.20,4.76
7396.7263,-2.84,-2.35,-12.16,4.96
7396.7586,-3.03,-2.42,-12.27,5.12
7396.7911,-3.19,-2.47,-12.36,5.24
7396.8230,-3.32,-2.51,-12.44,5.31
7396.8552,-3.33,-2.41,-12.39,5.45
7396.8870,-3.44,-2.12,-12.35,5.57
7396.9188,-3.54,-1.87,-12.31,5.97
7396.9502,-3.62,-1.66,-12.27,6.32
7396.9823,-3.72,-1.95,-12.11,6.17
7397.0142,-3.71,-2.16,-12.06,6.05
7397.0467,-3.69,-2.33,-12.02,5.84
7397.0788,-3.71,-2.37,-12.06,5.76
7397.1105,-3.73,-2.41,-12.09,5.70
7397.1428,-3.71,-2.39,-12.06,5.65
7397.1748,-3.69,-2.37,-12.03,5.68
7397.2066,-3.63,-2.47,-12.00,5.60
7397.2388,-3.60,-2.46,-11.96,5.54
7397.2710,-3.58,-2.44,-11.93,5.48
7397.3031,-3.55,-2.43,-11.90,5.45
7397.3353,-3.54,-2.39,-11.88,5.46
7397.3666,-3.52,-2.40,-11.86,5.46
7397.3986,-3.50,-2.41,-11.84,5.44
7397.4306,-3.49,-2.42,-11.83,5.42
7397.4632,-3.48,-2.43,-11.82,5.41
7397.4956,-3.47,-2.42,-11.81,5.40
7397.5274,-3.46,-2.41,-11.80,5.42
7397.5593,-3.44,-2.41,-11.79,5.42
7397.5914,-3.43,-2.42,-11.79,5.43
7397.6233,-3.42,-2.43,-11.78,5.43
7397.6549,-3.41,-2.43,-11.77,5.41
7397.6874,-3.41,-2.42,-11.77,5.42
7397.7200,-3.40,-2.42,-11.77,5.42
7397.7518,-3.39,-2.41,-11.77,5.42
7397.7838,-3.39,-2.41,-11.76,5.43
7397.8159,-3.38,-2.41,-11.76,5.44
7397.8480,-3.38,-2.42,-11.76,5.44
7397.8804,-3.38,-2.43,-11.76,5.44
7397.9132,-3.38,-2.43,-11.76,5.46
7397.9477,-3.38,-2.42,-11.76,5.46
7397.9757,-3.38,-2.42,-11.76,5.46
7398.0081,-3.38,-2.42,-11.75,5.46
7398.0401,-3.37,-2.42,-11.75,5.46
7398.0718,-3.37,-2.43,-11.75,5.46
7398.1045,-3.37,-2.44,-11.75,5.46
7398.1370,-3.37,-2.44,-11.75,5.46
7398.1694,-3.37,-2.45,-11.74,5.46
7398.2014,-3.37,-2.44,-11.74,5.47
7398.2333,-3.37,-2.44,-11.74,5.47
7398.2657,-3.37,-2.44,-11.74,5.48
7398.2980,-3.38,-2.44,-11.74,5.48
7398.3300,-3.38,-2.44,-11.74,5.48
7398.3619,-3.38,-2.44,-11.74,5.48
7398.3904,-3.38,-2.44,-11.74,5.48
7398.4135,-3.38,-2.44,-11.74,5.48
7398.4546,-3.38,-2.44,-11.74,5.49
7398.4788,-3.39,-2.43,-11.74,5.49
7398.5183,-3.39,-2.43,-11.74,5.49
7398.5405,-3.39,-2.43,-11.73,5.49
7398.5770,-3.38,-2.43,-11.73,5.49
7398.6031,-3.38,-2.43,-11.73,5.49
7398.6411,-3.39,-2.43,-11.73,5.49
7398.6730,-3.38,-2.43,-11.73,5.49
7398.7049,-3.38,-2.43,-11.73,5.49
7398.7280,-3.38,-2.43,-11.73,5.49
7398.7686,-3.39,-2.43,-11.73,5.49
7398.7923,-3.39,-2.44,-11.73,5.49
7398.8238,-3.39,-2.44,-11.73,5.49
7398.8563,-3.39,-2.44,-11.73,5.49
7398.8882,-3.39,-2.44,-11.73,5.49
7398.9152,-3.39,-2.44,-11.73,5.50
7398.9464,-3.39,-2.44,-11.73,5.50
7398.9762,-3.39,-2.44,-11.73,5.50
7399.0084,-3.39,-2.44,-11.72,5.50
7399.0405,-3.39,-2.44,-11.72,5.50
7399.0725,-3.40,-2.43,-11.72,5.50
7399.1015,-3.40,-2.44,-11.72,5.50
7399.1432,-3.40,-2.44,-11.72,5.50
7399.1750,-3.40,-2.44,-11.72,5.50
7399.2031,-3.40,-2.44,-11.72,5.50
7399.2330,-3.40,-2.44,-11.72,5.51
7399.2619,-3.40,-2.44,-11.72,5.51
7399.2925,-3.40,-2.44,-11.72,5.51
7399.3241,-3.40,-2.44,-11.72,5.51
7399.3563,-3.40,-2.44,-11.72,5.51
7399.3880,-3.40,-2.45,-11.72,5.50
7399.4206,-3.40,-2.45,-11.72,5.50
7399.4472,-3.40,-2.45,-11.72,5.50
7399.4750,-3.40,-2.45,-11.72,5.50
7399.5081,-3.39,-2.45,-11.72,5.51
7399.5393,-3.39,-2.45,-11.72,5.51
7399.5708,-3.39,-2.45,-11.72,5.51
7399.6024,-3.39,-2.45,-11.72,5.51
7399.6345,-3.39,-2.46,-11.72,5.51
7399.6658,-3.39,-2.46,-11.72,5.51
7399.6977,-3.39,-2.46,-11.72,5.51
7399.7295,-3.39,-2.46,-11.72,5.51
7399.7615,-3.38,-2.46,-11.73,5.51
7399.7930,-3.38,-2.46,-11.73,5.51
7399.8246,-3.38,-2.46,-11.73,5.51
7399.8562,-3.38,-2.46,-11.73,5.52
7399.8873,-3.38,-2.46,-11.73,5.52
7399.9196,-3.38,-2.46,-11.73,5.52
7399.9509,-3.38,-2.46,-11.73,5.52
7399.9830,-3.37,-2.46,-11.73,5.52
7400.0149,-3.37,-2.46,-11.73,5.53
7400.0474,-3.37,-2.46,-11.73,5.53
7400.0796,-3.37,-2.46,-11.73,5.53
7400.1116,-3.37,-2.46,-11.74,5.52
7400.1437,-3.37,-2.46,-11.74,5.52
7400.1758,-3.37,-2.46,-11.74,5.52
7400.2074,-3.38,-2.46,-11.74,5.52
7400.2392,-3.38,-2.46,-11.74,5.52
7400.2715,-3.38,-2.46,-11.74,5.52
7400.3030,-3.38,-2.46,-11.74,5.53
7400.3348,-3.38,-2.46,-11.75,5.52
7400.3670,-3.38,-2.46,-11.75,5.52
7400.3996,-3.38,-2.46,-11.75,5.52
7400.4318,-3.38,-2.46,-11.75,5.52
7400.4639,-3.38,-2.46,-11.75,5.52
7400.4956,-3.38,-2.46,-11.75,5.52
7400.5277,-3.39,-2.46,-11.75,5.52
7400.5593,-3.39,-2.46,-11.75,5.52
7400.5913,-3.39,-2.46,-11.75,5.52
7400.6232,-3.39,-2.46,-11.75,5.52
7400.6477,-3.39,-2.46,-11.75,5.51
7400.6833,-3.39,-2.46,-11.75,5.51
7400.7131,-3.39,-2.46,-11.75,5.51
7400.7474,-3.39,-2.47,-11.75,5.51
7400.7804,-3.40,-2.47,-11.75,5.51
7400.8157,-3.40,-2.47,-11.75,5.51
7400.8479,-3.40,-2.47,-11.75,5.51
7400.8798,-3.40,-2.47,-11.75,5.51
7400.9118,-3.40,-2.47,-11.75,5.51
7400.9433,-3.40,-2.47,-11.76,5.51
7400.9752,-3.40,-2.47,-11.76,5.51
7401.0076,-3.40,-2.47,-11.75,5.51
7401.0396,-3.40,-2.47,-11.75,5.51
7401.0723,-3.40,-2.47,-11.75,5.51
7401.1038,-3.40,-2.47,-11.75,5.51
7401.1354,-3.40,-2.47,-11.75,5.51
7401.1676,-3.40,-2.47,-11.76,5.51
7401.1997,-3.40,-2.48,-11.76,5.51
7401.2319,-3.40,-2.48,-11.76,5.50
7401.2629,-3.40,-2.48,-11.76,5.50
7401.2949,-3.40,-2.48,-11.76,5.50
7401.3267,-3.40,-2.48,-11.76,5.50
7401.3591,-3.40,-2.48,-11.76,5.50
7401.3910,-3.40,-2.48,-11.76,5.50
7401.4132,-3.40,-2.48,-11.76,5.50
7401.4558,-3.40,-2.48,-11.77,5.50
7401.4873,-3.40,-2.48,-11.77,5.50
7401.5196,-3.40,-2.48,-11.77,5.50
7401.5517,-3.40,-2.48,-11.77,5.50
7401.5838,-3.40,-2.48,-11.77,5.50
7401.6161,-3.40,-2.48,-11.77,5.50
7401.6481,-3.40,-2.48,-11.77,5.50
7401.6799,-3.40,-2.48,-11.77,5.49
7401.7117,-3.40,-2.48,-11.76,5.49
7401.7442,-3.40,-2.48,-11.77,5.49
7401.7775,-3.40,-2.48,-11.77,5.49
7401.8098,-3.40,-2.48,-11.77,5.49
7401.8419,-3.40,-2.48,-11.77,5.48
7401.8741,-3.40,-2.48,-11.77,5.48
7401.9065,-3.41,-2.48,-11.77,5.48
7401.9387,-3.41,-2.48,-11.77,5.48
7401.9706,-3.41,-2.48,-11.77,5.48
7401.9955,-3.41,-2.49,-11.77,5.48
7402.0223,-3.41,-2.49,-11.77,5.48
7402.0596,-3.41,-2.49,-11.77,5.48
7402.0904,-3.41,-2.49,-11.77,5.48
7402.1241,-3.41,-2.49,-11.77,5.47
7402.1468,-3.41,-2.49,-11.77,5.47
7402.1799,-3.41,-2.49,-11.77,5.47
7402.2108,-3.41,-2.49,-11.77,5.47
7402.2436,-3.41,-2.49,-11.77,5.47
7402.2751,-3.41,-2.49,-11.77,5.47
7402.3070,-3.41,-2.49,-11.77,5.47
7402.3389,-3.41,-2.49,-11.77,5.47
7402.3676,-3.41,-2.49,-11.77,5.48
7402.4011,-3.41,-2.49,-11.77,5.48
7402.4328,-3.41,-2.49,-11.77,5.48
7402.4658,-3.41,-2.49,-11.77,5.48
7402.4977,-3.41,-2.49,-11.77,5.48
7402.5300,-3.41,-2.49,-11.77,5.48
7402.5623,-3.41,-2.49,-11.77,5.48
7402.5947,-3.41,-2.49,-11.77,5.48
7402.6269,-3.41,-2.50,-11.77,5.48
7402.6588,-3.41,-2.50,-11.77,5.48
7402.6912,-3.41,-2.50,-11.77,5.48
7402.7238,-3.41,-2.50,-11.77,5.48
7402.7460,-3.41,-2.50,-11.77,5.47
7402.7964,-3.41,-2.50,-11.77,5.47
7402.8137,-3.41,-2.50,-11.76,5.47
7402.8468,-3.41,-2.50,-11.76,5.47
7402.8794,-3.40,-2.50,-11.76,5.47
7402.8976,-3.40,-2.50,-11.76,5.47
7402.9326,-3.40,-2.50,-11.76,5.47
7402.9620,-3.40,-2.50,-11.76,5.47
7402.9933,-3.40,-2.50,-11.76,5.46
7403.0254,-3.40,-2.50,-11.76,5.46
7403.0571,-3.40,-2.50,-11.76,5.46
7403.0893,-3.40,-2.50,-11.76,5.46
7403.1211,-3.40,-2.50,-11.76,5.46
7403.1535,-3.40,-2.50,-11.76,5.46
7403.1850,-3.40,-2.50,-11.76,5.46
7403.2167,-3.40,-2.50,-11.76,5.46
7403.2619,-3.40,-2.50,-11.76,5.46
7403.2791,-3.40,-2.50,-11.76,5.46
7403.3132,-3.39,-2.50,-11.76,5.46
7403.3439,-3.39,-2.50,-11.76,5.46
7403.3789,-3.39,-2.51,-11.76,5.46
7403.3960,-3.39,-2.51,-11.76,5.46
7403.4471,-3.39,-2.51,-11.76,5.46
7403.4634,-3.39,-2.51,-11.76,5.45
7403.5131,-3.39,-2.51,-11.76,5.45
7403.5309,-3.39,-2.51,-11.76,5.45
7403.5792,-3.39,-2.51,-11.76,5.46
7403.5965,-3.39,-2.51,-11.76,5.46
7403.6295,-3.39,-2.51,-11.76,5.46
7403.6622,-3.39,-2.51,-11.76,5.46
7403.6950,-3.39,-2.51,-11.76,5.46
7403.7127,-3.39,-2.51,-11.76,5.46
7403.7402,-3.40,-2.51,-11.76,5.47
7403.7716,-3.39,-2.51,-11.76,5.47
7403.8034,-3.39,-2.51,-11.76,5.47
7403.8354,-3.39,-2.50,-11.76,5.47
7403.8678,-3.39,-2.50,-11.76,5.47
7403.8994,-3.39,-2.50,-11.76,5.47
7403.9310,-3.39,-2.51,-11.76,5.47
7403.9639,-3.39,-2.51,-11.76,5.47
7403.9959,-3.39,-2.51,-11.76,5.47
7404.0294,-3.39,-2.51,-11.75,5.47
7404.0628,-3.39,-2.50,-11.75,5.47
7404.0958,-3.39,-2.50,-11.75,5.47
7404.1288,-3.39,-2.50,-11.75,5.47
7404.1622,-3.39,-2.50,-11.75,5.47
7404.1795,-3.39,-2.51,-11.75,5.47
7404.2284,-3.39,-2.51,-11.75,5.47
7404.2627,-3.39,-2.51,-11.75,5.47
7404.2958,-3.40,-2.51,-11.75,5.47
7404.3291,-3.40,-2.51,-11.75,5.48
7404.3631,-3.40,-2.51,-11.75,5.48
7404.3802,-3.40,-2.51,-11.75,5.48
7404.4131,-3.40,-2.51,-11.75,5.48
7404.4465,-3.40,-2.51,-11.75,5.48
7404.4795,-3.41,-2.51,-11.74,5.48
7404.5138,-3.41,-2.51,-11.74,5.48
7404.5460,-3.41,-2.51,-11.74,5.48
7404.5794,-3.41,-2.51,-11.74,5.48
7404.6123,-3.41,-2.51,-11.74,5.48
7404.6458,-3.41,-2.51,-11.74,5.48
7404.6796,-3.41,-2.51,-11.74,5.48
7404.6965,-3.42,-2.51,-11.74,5.48
7404.7300,-3.42,-2.51,-11.74,5.48
7404.7632,-3.42,-2.51,-11.74,5.48
7404.7965,-3.42,-2.51,-11.74,5.48
7404.8291,-3.42,-2.51,-11.74,5.48
7404.8620,-3.42,-2.51,-11.74,5.48
7404.8956,-3.42,-2.51,-11.74,5.48
7404.9134,-3.42,-2.51,-11.74,5.48
7404.9620,-3.42,-2.51,-11.74,5.48
7404.9951,-3.42,-2.51,-11.74,5.48
7405.0134,-3.42,-2.51,-11.74,5.48
7405.0624,-3.42,-2.51,-11.74,5.48
7405.0963,-3.42,-2.51,-11.74,5.48
7405.1144,-3.42,-2.51,-11.74,5.48
7405.1428,-3.42,-2.51,-11.74,5.48
7405.1757,-3.42,-2.51,-11.74,5.48
7405.1923,-3.42,-2.51,-11.74,5.48
7405.2402,-3.42,-2.51,-11.74,5.48
7405.2716,-3.42,-2.51,-11.74,5.48
7405.3029,-3.42,-2.51,-11.74,5.49
7405.3347,-3.42,-2.51,-11.74,5.49
7405.3665,-3.42,-2.51,-11.74,5.49
7405.3992,-3.42,-2.51,-11.74,5.49
7405.4315,-3.42,-2.51,-11.74,5.49
7405.4644,-3.42,-2.51,-11.74,5.49
7405.4960,-3.42,-2.51,-11.74,5.49
7405.5276,-3.42,-2.51,-11.74,5.49
7405.5596,-3.42,-2.51,-11.74,5.49
7405.5915,-3.42,-2.51,-11.74,5.49
7405.6225,-3.42,-2.51,-11.74,5.49
7405.6551,-3.42,-2.51,-11.74,5.49
7405.6874,-3.42,-2.51,-11.74,5.49
7405.7185,-3.42,-2.51,-11.74,5.49
7405.7504,-3.42,-2.51,-11.74,5.48
7405.7828,-3.42,-2.51,-11.74,5.48
7405.8150,-3.42,-2.51,-11.74,5.48
7405.8474,-3.41,-2.51,-11.74,5.48
7405.8788,-3.41,-2.51,-11.74,5.48
7405.9109,-3.41,-2.51,-11.74,5.48
7405.9271,-3.41,-2.51,-11.74,5.48
7405.9582,-3.41,-2.51,-11.74,5.48
7405.9901,-3.41,-2.51,-11.74,5.48
7406.0223,-3.41,-2.51,-11.74,5.49
7406.0556,-3.41,-2.51,-11.74,5.49
7406.0867,-3.41,-2.51,-11.74,5.49
7406.1189,-3.41,-2.51,-11.74,5.49
7406.1506,-3.41,-2.51,-11.74,5.49
7406.1830,-3.41,-2.51,-11.74,5.49
7406.2147,-3.41,-2.51,-11.74,5.49
7406.2467,-3.41,-2.51,-11.74,5.49
7406.2787,-3.41,-2.51,-11.74,5.49
7406.3105,-3.41,-2.50,-11.74,5.49
7406.3423,-3.41,-2.51,-11.74,5.49
7406.3742,-3.40,-2.51,-11.74,5.49
7406.4059,-3.40,-2.51,-11.74,5.49
7406.4386,-3.40,-2.51,-11.74,5.49
7406.4705,-3.40,-2.51,-11.74,5.49
7406.5027,-3.40,-2.51,-11.74,5.49
7406.5343,-3.40,-2.51,-11.74,5.49
7406.5662,-3.40,-2.51,-11.74,5.49
7406.5981,-3.40,-2.51,-11.74,5.49
7406.6298,-3.40,-2.51,-11.74,5.49
7406.6619,-3.40,-2.51,-11.74,5.49
7406.6936,-3.39,-2.51,-11.74,5.49
7406.7254,-3.39,-2.51,-11.74,5.49
7406.7574,-3.39,-2.51,-11.74,5.49
7406.7893,-3.39,-2.51,-11.74,5.49
7406.8216,-3.39,-2.51,-11.74,5.49
7406.8543,-3.39,-2.51,-11.74,5.49
7406.8864,-3.39,-2.51,-11.74,5.49
7406.9184,-3.39,-2.51,-11.74,5.49
7406.9499,-3.39,-2.51,-11.74,5.49
7406.9819,-3.39,-2.51,-11.74,5.49
7407.0142,-3.39,-2.51,-11.74,5.49
7407.0460,-3.39,-2.51,-11.74,5.49
7407.0783,-3.39,-2.51,-11.74,5.49
7407.1104,-3.39,-2.51,-11.74,5.49
7407.1419,-3.39,-2.51,-11.74,5.48
7407.1738,-3.39,-2.51,-11.74,5.48
7407.2061,-3.39,-2.51,-11.74,5.48
7407.2383,-3.39,-2.51,-11.74,5.48
7407.2702,-3.39,-2.51,-11.74,5.48
7407.3024,-3.39,-2.51,-11.74,5.48
7407.3349,-3.39,-2.51,-11.74,5.48
7407.3662,-3.39,-2.51,-11.74,5.48
7407.3979,-3.39,-2.51,-11.74,5.48
7407.4304,-3.39,-2.51,-11.74,5.48
7407.4616,-3.39,-2.51,-11.74,5.48
7407.4939,-3.39,-2.51,-11.74,5.48
7407.5262,-3.39,-2.51,-11.74,5.48
7407.5583,-3.39,-2.51,-11.74,5.48
7407.5909,-3.39,-2.51,-11.74,5.48
7407.6228,-3.40,-2.51,-11.74,5.48
7407.6547,-3.40,-2.51,-11.74,5.48
7407.6863,-3.39,-2.51,-11.74,5.48
7407.7184,-3.39,-2.51,-11.75,5.48
7407.7502,-3.39,-2.51,-11.75,5.48
7407.7822,-3.39,-2.51,-11.75,5.48
7407.8142,-3.39,-2.51,-11.75,5.48
7407.8461,-3.39,-2.51,-11.75,5.48
7407.8785,-3.39,-2.51,-11.75,5.48
7407.9103,-3.39,-2.51,-11.75,5.49
7407.9434,-3.39,-2.51,-11.75,5.49
7407.9752,-3.40,-2.51,-11.75,5.49
7408.0069,-3.40,-2.51,-11.75,5.49
7408.0392,-3.40,-2.51,-11.75,5.49
7408.0718,-3.40,-2.52,-11.74,5.49
7408.1037,-3.40,-2.52,-11.74,5.49
7408.1362,-3.40,-2.52,-11.74,5.49
7408.1683,-3.40,-2.51,-11.74,5.49
7408.2007,-3.40,-2.51,-11.74,5.49
7408.2327,-3.40,-2.51,-11.74,5.50
7408.2650,-3.40,-2.50,-11.74,5.50
7408.2975,-3.40,-2.50,-11.74,5.50
7408.3299,-3.40,-2.50,-11.74,5.51
7408.3625,-3.40,-2.50,-11.75,5.51
7408.3949,-3.40,-2.50,-11.74,5.50
7408.4270,-3.40,-2.50,-11.74,5.50
7408.4592,-3.40,-2.50,-11.74,5.50
7408.4912,-3.40,-2.50,-11.74,5.50
7408.5233,-3.39,-2.50,-11.74,5.50
7408.5548,-3.39,-2.50,-11.74,5.50
7408.5868,-3.39,-2.50,-11.74,5.50
7408.6189,-3.39,-2.50,-11.74,5.50
7408.6510,-3.39,-2.49,-11.74,5.50
7408.6831,-3.39,-2.49,-11.73,5.50
7408.7158,-3.38,-2.53,-11.74,5.46
7408.7475,-3.38,-2.56,-11.75,5.44
7408.7801,-3.40,-2.57,-11.73,5.43
7408.8130,-3.42,-2.58,-11.71,5.43
7408.8452,-3.39,-2.50,-11.77,5.49
7408.8773,-3.39,-2.51,-11.75,5.51
7408.9096,-3.39,-2.52,-11.73,5.51
7408.9419,-3.39,-2.52,-11.71,5.52
7408.9738,-3.36,-2.70,-11.67,5.53
7409.0059,-3.37,-2.78,-11.64,5.54
7409.0382,-3.38,-2.85,-11.61,5.56
7409.0703,-3.39,-2.91,-11.58,5.58
7409.1018,-2.56,-2.96,-11.90,5.50
7409.1338,-1.89,-3.04,-12.08,5.45
7409.1658,-1.32,-3.10,-12.23,5.42
7409.1977,-0.41,-3.08,-12.62,5.46
7409.2304,0.37,-3.07,-12.94,5.44
7409.2623,1.02,-3.06,-13.22,5.43
7409.2945,1.56,-3.08,-13.45,5.41
7409.3267,2.79,-2.89,-13.90,5.70
7409.3585,3.84,-2.74,-14.28,5.70
7409.3911,4.73,-2.62,-14.60,5.67
7409.4228,5.50,-2.51,-14.88,5.64
7409.4546,7.34,-1.85,-15.03,5.83
7409.4860,8.90,-1.29,-15.15,5.95
7409.5188,10.23,-0.82,-15.26,6.02
7409.5506,11.37,-0.46,-15.37,6.03
7409.5827,13.82,1.04,-15.08,6.51
7409.6151,15.90,2.35,-14.82,6.84
7409.6470,17.67,3.49,-14.60,7.04
7409.6795,20.59,6.01,-13.67,8.96
7409.7116,23.07,8.25,-12.86,9.36
7409.7434,25.17,10.24,-12.17,9.57
7409.7760,26.98,12.03,-11.51,9.64
7409.8082,29.66,15.39,-9.98,11.38
7409.8401,31.94,18.40,-8.65,12.78
7409.8721,33.89,21.08,-7.51,12.75
7409.9045,35.56,23.71,-6.28,12.59
7409.9367,37.93,27.43,-4.59,13.58
7409.9686,39.96,30.72,-3.13,14.32
7410.0007,41.71,33.61,-1.87,13.86
7410.0332,43.82,37.06,-0.32,14.01
7410.0653,45.64,40.06,1.02,14.01
7410.0975,47.22,42.66,2.17,13.91
7410.1296,48.59,44.90,3.16,13.63
7410.1457,49.69,46.75,4.02,13.31
7410.1775,51.04,48.22,4.69,12.78
7410.2096,52.20,49.49,5.27,12.25
7410.2414,53.19,50.59,5.76,12.18
7410.2737,54.08,50.45,6.16,11.19
7410.3060,54.83,50.34,6.51,10.31
7410.3382,55.47,50.26,6.80,9.54
7410.3700,56.01,50.20,7.06,9.56
7410.4027,56.36,49.11,7.22,8.73
7410.4347,56.67,48.16,7.36,8.04
7410.4673,56.94,47.35,7.48,7.47
7410.4996,57.18,46.67,7.57,7.30
7410.5321,57.31,45.63,7.59,6.85
7410.5644,57.43,44.73,7.60,6.50
7410.5965,57.54,43.96,7.61,6.55
7410.6283,57.62,43.27,7.63,6.64
7410.6606,57.69,41.94,7.34,6.17
7410.6928,57.75,40.78,7.09,5.81
7410.7256,57.80,39.78,6.89,6.03
7410.7580,57.98,37.96,6.27,5.49
7410.7901,58.12,36.36,5.75,5.09
7410.8220,58.25,34.96,5.31,4.79
7410.8542,58.36,33.74,4.94,5.10
7410.8864,58.68,31.81,4.30,4.73
7410.9193,58.95,30.10,3.75,4.46
7410.9519,59.18,28.60,3.29,4.29
7410.9838,59.38,27.30,2.89,4.19
7411.0159,59.55,26.16,2.55,4.51
7411.0490,59.70,25.18,2.26,4.84
7411.0813,60.02,23.60,1.86,4.66
7411.1131,60.32,22.25,1.52,4.54
7411.1454,60.58,21.07,1.24,5.03
7411.1776,60.98,19.17,0.92,4.96
7411.2095,61.32,17.49,0.66,4.96
7411.2420,61.62,16.03,0.44,5.01
7411.2743,61.87,14.76,0.25,5.19
7411.3066,62.18,13.28,0.00,5.17
7411.3391,62.45,12.00,-0.21,5.20
7411.3717,62.68,10.88,-0.39,5.26
7411.4036,62.88,9.92,-0.54,5.35
7411.4354,63.09,9.03,-0.69,5.44
7411.4674,63.26,8.26,-0.80,5.55
7411.4996,63.41,7.59,-0.90,5.66
7411.5311,63.55,6.96,-1.00,5.75
7411.5629,63.67,6.41,-1.08,5.88
7411.5945,63.78,5.94,-1.15,6.01
7411.6267,63.88,5.55,-1.21,6.14
7411.6587,63.95,5.19,-1.25,6.26
7411.6905,64.02,4.89,-1.29,6.38
7411.7226,64.07,4.62,-1.32,6.49
7411.7550,64.12,4.40,-1.35,6.60
7411.7868,64.16,4.20,-1.36,6.70
7411.8188,64.19,4.03,-1.37,6.79
7411.8507,64.22,3.88,-1.38,6.88
7411.8833,64.24,3.76,-1.38,6.96
7411.9157,64.25,3.64,-1.38,7.03
7411.9480,64.26,3.54,-1.38,7.10
7411.9794,64.27,3.45,-1.38,7.16
7412.0104,64.28,3.37,-1.38,7.22
7412.0426,64.28,3.31,-1.36,7.27
7412.0751,64.27,3.25,-1.35,7.32
7412.1074,64.27,3.21,-1.35,7.37
7412.1393,64.25,3.29,-1.30,7.46
7412.1712,64.23,3.36,-1.25,7.49
7412.2035,64.22,3.41,-1.22,7.52
7412.2359,64.22,3.43,-1.20,7.54
7412.2676,64.22,3.73,-1.07,7.68
7412.2996,64.21,3.98,-0.96,7.69
7412.3318,64.21,4.19,-0.87,7.69
7412.3642,64.23,4.24,-0.85,7.69
7412.3805,64.27,5.35,-0.38,8.12
7412.4128,64.30,6.29,0.02,8.14
7412.4454,64.32,7.09,0.36,8.14
7412.4771,64.39,7.66,0.58,8.12
7412.5094,64.44,9.89,1.52,8.82
7412.5418,64.48,11.76,2.31,8.93
7412.5737,64.51,13.34,2.99,8.98
7412.6061,64.54,14.69,3.57,8.99
7412.6373,64.51,17.59,4.82,9.24
7412.6698,64.48,19.99,5.89,9.40
7412.7020,64.45,21.98,6.80,9.49
7412.7342,64.36,25.27,8.35,10.34
7412.7666,64.27,27.93,9.66,10.51
7412.7990,64.19,30.10,10.79,10.59
7412.8309,64.10,31.85,11.75,10.60
7412.8632,63.87,34.66,13.34,11.45
7412.8955,63.66,36.89,14.70,11.55
7412.9272,63.46,38.69,15.86,11.57
7412.9592,63.30,40.16,16.84,11.53
7412.9909,62.91,42.17,18.28,12.21
7413.0231,62.55,43.77,19.51,12.26
7413.0551,62.24,45.05,20.55,12.24
7413.0873,61.97,46.09,21.44,12.15
7413.1201,61.55,47.49,22.68,12.24
7413.1526,61.18,48.62,23.74,12.24
7413.1847,60.85,49.53,24.63,12.18
7413.2172,60.29,50.60,25.81,12.62
7413.2495,59.79,51.46,26.82,12.60
7413.2816,59.36,52.16,27.67,12.52
7413.3133,58.97,52.72,28.40,12.39
7413.3455,58.24,53.40,29.43,12.82
7413.3780,57.60,53.95,30.31,12.73
7413.4098,57.04,54.40,31.06,12.59
7413.4435,56.56,54.77,31.69,12.42
7413.4745,55.74,55.35,32.71,12.46
7413.5070,55.01,55.82,33.57,12.44
7413.5393,54.38,56.21,34.31,12.36
7413.5709,53.81,56.52,34.93,12.23
7413.6034,52.96,56.97,35.86,12.33
7413.6347,52.21,57.34,36.65,12.36
7413.6663,51.55,57.65,37.32,12.34
7413.6986,50.90,58.00,38.03,12.44
7413.7308,50.32,58.29,38.63,12.41
7413.7631,49.82,58.54,39.15,12.34
7413.7953,49.27,58.76,39.70,12.25
7413.8272,48.79,58.95,40.17,12.13
7413.8593,48.38,59.10,40.57,12.41
7413.8915,48.35,59.11,40.63,12.24
7413.9238,48.30,59.15,40.72,12.10
7413.9561,48.26,59.19,40.79,12.83
7413.9877,48.22,59.22,40.86,13.49
7414.0200,48.68,58.47,39.93,12.93
7414.0519,49.10,57.85,39.10,12.48
7414.0837,49.44,57.31,38.39,13.30
7414.1157,50.57,54.92,35.52,11.52
7414.1482,51.40,52.72,33.10,10.11
7414.1803,51.99,50.68,31.05,9.00
7414.2127,52.44,48.85,29.31,9.04
7414.2448,52.86,45.59,26.72,7.89
7414.2769,53.14,42.52,24.50,7.05
7414.3090,53.34,39.75,22.63,6.45
7414.3415,53.49,37.26,21.05,6.39
7414.3740,53.10,33.38,19.09,6.01
7414.4062,52.82,29.91,17.36,5.80
7414.4382,52.56,26.89,15.91,5.71
7414.4701,52.33,24.26,14.68,5.67
7414.5027,51.65,20.76,13.19,5.63
7414.5351,51.07,17.78,11.95,5.66
7414.5673,50.58,15.27,10.90,5.57
7414.5835,50.15,13.14,10.00,5.50
7414.6157,49.37,11.06,9.18,5.73
7414.6477,48.70,9.33,8.48,5.94
7414.6800,48.14,7.88,7.89,6.05
7414.7124,47.80,6.69,7.43,6.03
7414.7448,47.51,5.68,7.04,6.02
7414.7775,47.22,4.81,6.69,6.03
7414.8097,46.97,4.08,6.40,6.38
7414.8417,47.88,4.00,6.72,6.06
7414.8740,48.66,3.95,6.99,5.92
7414.9053,49.32,3.90,7.22,5.90
7414.9371,49.88,3.87,7.42,6.31
7414.9691,51.70,4.42,7.97,6.28
7415.0012,53.25,4.98,8.44,6.39
7415.0334,54.57,5.49,8.84,6.64
7415.0656,55.70,5.96,9.19,6.88
7415.0981,57.54,6.96,9.73,7.04
7415.1297,59.08,7.87,10.21,7.24
7415.1619,60.38,8.73,10.63,7.46
7415.1946,62.14,9.93,11.12,7.64
7415.2265,63.63,11.07,11.54,7.82
7415.2579,64.87,12.04,11.89,7.99
7415.2910,65.93,12.95,12.19,8.09
7415.3231,67.44,14.52,12.66,8.29
7415.3555,68.72,15.98,13.05,8.46
7415.3871,69.80,17.34,13.38,8.60
7415.4193,70.72,18.61,13.67,8.66
7415.4515,72.06,20.65,14.12,8.80
7415.4834,73.20,22.61,14.50,8.91
7415.5156,74.17,24.45,14.83,8.95
7415.5476,75.00,26.17,15.12,9.00
7415.5800,76.27,29.15,15.55,9.11
7415.6121,77.36,32.00,15.92,9.20
7415.6445,78.29,34.69,16.25,9.24
7415.6765,79.62,38.99,16.58,9.32
7415.7085,80.76,43.11,16.87,9.39
7415.7399,81.73,46.99,17.12,9.44
7415.7714,82.56,50.56,17.33,9.45
7415.8040,83.68,55.74,17.47,9.49
7415.8351,84.63,60.47,17.59,9.52
7415.8671,85.44,64.69,17.70,9.54
7415.8993,86.13,68.41,17.79,9.52
7415.9319,87.12,73.88,17.85,9.53
7415.9605,87.96,78.60,17.91,9.53
7415.9924,88.67,82.63,17.96,9.54
7416.0246,89.28,86.03,18.00,9.56
7416.0573,89.80,88.88,18.04,9.58
7416.0901,90.23,91.24,18.07,9.60
7416.1264,90.96,95.15,18.11,9.61
7416.1583,91.58,98.40,18.14,9.61
7416.1906,92.10,101.09,18.17,9.63
7416.2220,92.85,104.82,18.21,9.56
7416.2546,93.49,107.88,18.24,9.57
7416.2858,94.03,110.38,18.27,9.58
7416.3180,94.49,112.43,18.29,9.60
7416.3505,94.88,114.13,18.32,9.63
7416.3829,95.21,115.53,18.33,9.71
7416.4153,96.02,118.74,18.43,9.67
7416.4475,96.71,121.30,18.52,9.64
7416.4784,97.30,123.35,18.59,9.65
7416.5099,97.80,125.01,18.65,9.68
7416.5422,98.68,127.61,18.88,9.64
7416.5739,99.43,129.63,19.09,9.62
7416.6062,100.07,131.23,19.27,9.64
7416.6378,100.82,132.99,19.52,9.64
7416.6693,101.45,134.39,19.75,9.64
7416.6927,101.99,135.50,19.94,9.64
7416.7250,102.44,136.40,20.11,9.67
7416.7571,102.98,137.44,20.33,9.68
7416.7893,103.44,138.28,20.52,9.68
7416.8213,103.84,138.97,20.69,9.69
7416.8534,104.17,139.54,20.83,9.72
7416.8860,104.61,140.24,21.05,9.74
7416.9267,104.99,140.81,21.24,9.75
7416.9591,105.31,141.28,21.41,9.78
7416.9935,105.67,141.78,21.60,9.80
7417.0255,105.97,142.18,21.76,9.83
7417.0569,106.22,142.52,21.90,9.85
7417.0849,106.44,142.80,22.02,9.87
7417.1257,106.78,143.18,22.25,9.90
7417.1577,107.07,143.49,22.45,9.92
7417.1899,107.32,143.75,22.62,9.94
7417.2222,107.53,143.95,22.76,9.98
7417.2541,107.89,144.34,23.00,9.98
7417.2863,108.20,144.65,23.21,9.99
7417.3185,108.47,144.91,23.39,10.03
7417.3506,108.69,145.13,23.54,10.08
7417.3828,109.08,145.54,23.77,10.07
7417.4140,109.40,145.86,23.98,10.07
7417.4465,109.67,146.13,24.15,10.10
7417.4785,110.08,146.56,24.37,10.09
7417.5099,110.42,146.92,24.55,10.08
7417.5421,110.71,147.20,24.72,10.08
7417.5745,110.96,147.44,24.87,10.11
7417.6069,111.33,147.80,25.04,10.10
7417.6388,111.64,148.11,25.18,10.10
7417.6708,111.90,148.36,25.31,10.10
7417.7028,112.12,148.57,25.41,10.12
7417.7275,112.50,148.88,25.58,10.11
7417.7593,112.82,149.14,25.71,10.11
7417.7909,113.09,149.36,25.83,10.11
7417.8224,113.32,149.54,25.93,10.14
7417.8538,113.74,149.90,26.00,10.11
7417.8858,114.10,150.20,26.06,10.09
7417.9266,114.40,150.45,26.11,10.10
7417.9589,114.83,150.75,26.22,10.09
7417.9906,115.19,151.01,26.31,10.08
7418.0286,115.50,151.22,26.39,10.08
7418.0604,115.77,151.39,26.45,10.07
7418.0924,116.09,151.54,26.62,10.09
7418.1210,116.37,151.67,26.77,10.10
7418.1530,116.60,151.78,26.89,10.11
7418.1853,116.81,151.87,26.99,10.12
7418.2177,117.06,151.98,27.15,10.13
7418.2501,117.28,152.07,27.29,10.14
7418.2821,117.46,152.14,27.40,10.15
7418.3148,117.75,152.22,27.64,10.16
7418.3466,117.99,152.29,27.83,10.17
7418.3781,118.20,152.34,28.00,10.18
7418.4098,118.37,152.39,28.15,10.20
7418.4421,118.65,152.51,28.32,10.19
7418.4592,118.89,152.61,28.47,10.18
7418.4910,119.09,152.69,28.59,10.18
7418.5226,119.27,152.76,28.70,10.19
7418.5546,119.55,152.89,28.85,10.18
7418.5870,119.79,153.00,28.98,10.17
7418.6194,120.00,153.10,29.10,10.16
7418.6599,120.17,153.17,29.19,10.18
7418.6916,120.31,153.23,29.28,10.21
7418.7242,120.43,153.29,29.35,10.23
7418.7564,120.68,153.47,29.41,10.25
7418.7882,120.90,153.62,29.46,10.28
7418.8208,121.08,153.74,29.50,10.30
7418.8524,121.50,154.16,29.47,10.16
7418.8932,121.86,154.51,29.45,10.12
7418.9252,122.17,154.81,29.43,10.09
7418.9575,122.44,155.06,29.42,10.08
7418.9739,122.95,155.56,29.33,9.91
7419.0060,123.39,155.98,29.25,9.86
7419.0435,123.76,156.32,29.18,9.84
7419.0758,124.07,156.61,29.13,9.82
7419.1081,124.56,157.17,28.85,9.63
7419.1355,124.98,157.64,28.60,9.59
7419.1749,125.33,158.03,28.40,9.56
7419.2069,125.63,158.35,28.23,9.55
7419.2391,126.17,159.02,27.85,9.31
7419.2712,126.64,159.57,27.51,9.12
7419.3033,127.03,160.04,27.23,9.11
7419.3352,127.87,160.79,26.77,8.91
7419.3677,128.58,161.41,26.37,8.76
7419.3999,129.19,161.93,26.02,8.66
7419.4314,129.70,162.36,25.71,8.64
7419.4636,130.56,162.83,25.50,8.64
7419.4960,131.30,163.21,25.31,8.65
7419.5293,131.92,163.54,25.15,8.67
7419.5593,132.45,163.81,25.01,8.68
7419.5917,133.05,164.08,24.93,8.70
7419.6239,133.57,164.31,24.86,8.72
7419.6558,134.01,164.50,24.80,8.73
7419.6883,134.38,164.66,24.75,8.75
7419.7201,134.88,164.77,24.92,8.81
7419.7525,135.30,164.87,25.05,8.87
7419.7766,135.66,164.95,25.16,8.88
7419.8089,135.96,165.02,25.26,8.88
7419.8410,136.42,165.02,25.64,8.95
7419.8731,136.80,165.04,25.95,9.00
7419.9047,137.13,165.05,26.21,8.99
7419.9363,137.75,164.95,26.99,9.09
7419.9603,138.28,164.86,27.67,9.17
7419.9916,138.73,164.79,28.25,9.24
7420.0237,139.11,164.74,28.76,9.27
7420.0600,139.73,164.68,29.54,9.32
7420.0929,140.26,164.63,30.23,9.36
7420.1245,140.71,164.59,30.82,9.40
7420.1524,141.09,164.56,31.34,9.42
7420.1924,141.56,164.58,31.86,9.42
7420.2247,141.96,164.60,32.30,9.42
7420.2569,142.30,164.62,32.68,9.42
7420.2889,142.59,164.64,33.01,9.42
7420.3205,142.97,164.67,33.44,9.43
7420.3526,143.30,164.69,33.81,9.44
7420.3847,143.57,164.71,34.13,9.45
7420.4174,143.92,164.77,34.46,9.43
7420.4497,144.21,164.82,34.74,9.43
7420.4824,144.45,164.86,34.98,9.43
7420.5148,144.66,164.89,35.20,9.44
7420.5463,144.95,164.90,35.55,9.45
7420.5764,145.19,164.92,35.86,9.47
7420.6081,145.40,164.93,36.12,9.48
7420.6405,145.58,164.95,36.32,9.49
7420.6731,145.79,164.92,36.68,9.54
7420.7056,145.96,164.90,36.99,9.58
7420.7378,146.11,164.88,37.26,9.59
7420.7702,146.24,164.87,37.46,9.59
7420.8025,146.43,164.79,37.93,9.66
7420.8431,146.58,164.72,38.33,9.72
7420.8747,146.72,164.66,38.66,9.72
7420.9067,146.94,164.51,39.38,9.81
7420.9386,147.14,164.37,39.99,9.88
7420.9710,147.30,164.26,40.51,9.94
7421.0032,147.44,164.17,40.95,9.91
7421.0274,147.56,164.09,41.33,9.88
7421.0602,147.66,164.03,41.66,9.86
7421.0921,147.86,163.86,42.39,9.92
7421.1243,148.03,163.71,43.01,9.90
7421.1528,148.17,163.60,43.54,9.88
7421.1855,148.29,163.49,44.00,9.85
7421.2179,148.47,163.28,44.84,9.84
7421.2500,148.63,163.10,45.55,9.82
7421.2822,148.76,162.95,46.16,9.80
7421.3143,149.00,162.71,47.16,9.86
7421.3470,149.20,162.50,48.02,9.87
7421.3787,149.37,162.32,48.76,9.86
7421.4107,149.52,162.17,49.39,9.85
7421.4426,149.70,162.01,50.10,9.86
7421.4749,149.85,161.87,50.72,9.84
7421.5068,149.98,161.75,51.25,9.82
7421.5389,150.09,161.65,51.71,9.80
7421.5708,150.23,161.54,52.27,9.80
7421.6027,150.35,161.44,52.75,9.78
7421.6351,150.45,161.35,53.15,9.75
7421.6675,150.54,161.28,53.50,9.72
7421.6991,150.66,161.18,54.00,9.71
7421.7314,150.77,161.09,54.44,9.69
7421.7595,150.86,161.01,54.81,9.67
7421.7914,150.95,160.95,55.15,9.66
7421.8238,151.03,160.89,55.45,9.64
7421.8553,151.10,160.85,55.70,9.62
7421.8878,151.16,160.81,55.92,9.60
7421.9198,151.22,160.78,56.12,9.57
7421.9511,151.27,160.75,56.30,9.56
7421.9763,151.32,160.73,56.44,9.54
7422.0077,151.35,160.71,56.57,9.53
7422.0390,151.40,160.70,56.69,9.51
7422.0764,151.43,160.69,56.78,9.50
7422.1099,151.46,160.68,56.87,9.50
7422.1351,151.48,160.67,56.94,9.49
7422.1743,151.51,160.66,57.03,9.48
7422.1979,151.53,160.65,57.11,9.47
7422.2304,151.55,160.64,57.18,9.46
7422.2628,151.57,160.63,57.24,9.46
7422.2946,151.59,160.59,57.39,9.46
7422.3263,151.61,160.56,57.51,9.46
7422.3584,151.62,160.54,57.61,9.46
7422.3906,151.64,160.52,57.70,9.46
7422.4231,151.65,160.42,57.99,9.48
7422.4554,151.66,160.33,58.24,9.48
7422.4883,151.67,160.26,58.46,9.48
7422.5206,151.69,160.01,59.18,9.65
7422.5525,151.71,159.80,59.80,9.68
7422.5928,151.73,159.62,60.32,9.69
7422.6246,151.74,159.47,60.76,9.69
7422.6566,151.78,159.17,61.63,9.76
7422.6890,151.81,158.92,62.37,9.82
7422.7217,151.83,158.71,62.99,9.85
7422.7534,151.85,158.52,63.52,9.87
7422.7774,151.87,158.36,63.97,9.90
7422.8093,151.88,158.23,64.36,9.93
7422.8415,151.91,158.13,64.68,9.93
7422.8730,151.93,158.03,64.98,9.93
7422.9056,151.94,157.95,65.23,9.94
7422.9379,151.97,157.91,65.40,9.92
7422.9698,152.00,157.88,65.54,9.90
7422.9940,152.02,157.85,65.67,9.89
7423.0254,152.05,157.83,65.77,9.84
7423.0571,152.06,157.79,65.90,9.81
7423.0936,152.07,157.76,66.01,9.79
7423.1261,152.08,157.74,66.10,9.77
7423.1573,152.09,157.71,66.18,9.72
7423.1862,152.09,157.67,66.29,9.71
7423.2186,152.09,157.64,66.38,9.69
7423.2503,152.09,157.61,66.45,9.67
7423.2824,152.09,157.58,66.52,9.62
7423.3141,152.06,157.48,66.73,9.65
7423.3457,152.03,157.39,66.91,9.67
7423.3780,152.01,157.32,67.06,9.57
7423.4102,152.00,157.25,67.18,9.47
7423.4424,151.95,156.91,67.96,9.64
7423.4754,151.90,156.61,68.63,9.77
7423.5068,151.86,156.35,69.19,9.68
7423.5392,151.80,155.79,70.52,9.89
7423.5714,151.76,155.33,71.61,10.05
7423.6033,151.73,154.93,72.52,10.18
7423.6355,151.70,154.60,73.29,10.27
7423.6756,151.68,154.40,73.76,10.26
7423.7078,151.65,154.20,74.20,10.25
7423.7401,151.63,154.03,74.58,10.30
7423.7727,151.65,153.98,74.78,10.26
7423.8051,151.67,153.94,74.94,10.22
7423.8372,151.69,153.90,75.09,10.18
7423.8694,151.70,153.88,75.21,10.16
7423.9096,151.73,153.86,75.35,10.14
7423.9413,151.76,153.84,75.46,10.11
7423.9734,151.78,153.83,75.57,10.13
7424.0059,151.81,153.83,75.66,10.14
7424.0377,151.83,153.89,75.59,10.09
7424.0695,151.84,153.95,75.53,10.05
7424.1098,151.85,153.99,75.48,10.09
7424.1414,151.88,154.17,75.23,10.01
7424.1736,151.91,154.32,75.02,9.94
7424.1987,151.93,154.44,74.84,9.89
7424.2393,151.94,154.54,74.69,9.98
7424.2718,151.95,154.63,74.56,10.08
7424.3040,151.96,154.70,74.45,10.16
7424.3357,152.01,155.03,73.91,10.16
7424.3675,152.05,155.31,73.44,10.18
7424.3997,152.09,155.55,73.04,10.20
7424.4316,152.15,155.98,72.29,10.02
7424.4640,152.21,156.36,71.64,9.90
7424.4965,152.25,156.67,71.07,9.81
7424.5285,152.28,156.94,70.58,9.75
7424.5610,152.32,157.10,70.34,9.76
7424.5930,152.35,157.25,70.11,9.74
7424.6249,152.37,157.38,69.91,9.73
7424.6573,152.40,157.49,69.74,9.73
7424.6895,152.42,157.58,69.60,9.73
7424.7216,152.43,157.65,69.48,9.74
7424.7536,152.45,157.72,69.38,9.75
7424.7858,152.46,157.78,69.29,9.75
7424.8106,152.47,157.83,69.21,9.77
7424.8422,152.48,157.87,69.14,9.77
7424.8740,152.50,157.90,69.13,9.79
7424.9064,152.51,157.92,69.12,9.80
7424.9388,152.52,157.94,69.11,9.81
7424.9708,152.53,157.94,69.12,9.83
7425.0036,152.53,157.95,69.12,9.84
7425.0365,152.54,157.96,69.13,9.86
7425.0761,152.54,157.96,69.12,9.87
7425.1000,152.54,157.97,69.12,9.88
7425.1425,152.55,157.98,69.11,9.88
7425.1747,152.54,157.97,69.13,9.89
7425.2016,152.53,157.96,69.13,9.89
7425.2261,152.53,157.96,69.13,9.90
7425.2582,152.52,157.96,69.13,9.90
7425.2899,152.52,157.95,69.14,9.91
7425.3221,152.51,157.94,69.16,9.92
7425.3543,152.51,157.93,69.17,9.94
7425.3867,152.51,157.93,69.19,9.95
7425.4190,152.44,157.94,69.00,9.95
7425.4512,152.39,157.96,68.85,9.95
7425.4836,152.35,157.97,68.73,9.96
7425.5161,152.04,158.01,68.05,9.95
7425.5481,151.77,158.05,67.48,9.98
7425.5800,151.57,158.10,66.98,10.01
7425.6096,151.40,158.14,66.56,10.04
7425.6427,150.02,158.13,64.55,10.24
7425.6742,148.83,158.12,62.97,10.31
7425.7062,147.84,158.12,61.68,10.35
7425.7382,146.99,158.13,60.62,10.38
7425.7703,144.04,157.74,57.30,11.26
7425.7862,141.55,157.42,54.77,11.56
7425.8260,139.46,157.17,52.78,11.77
7425.8580,137.69,156.97,51.20,11.91
7425.8899,133.69,156.13,47.25,13.48
7425.9218,130.30,155.30,44.28,13.82
7425.9540,127.43,154.49,42.01,14.03
7425.9859,125.00,153.70,40.23,14.12
7426.0105,120.97,152.22,37.33,15.43
7426.0425,117.56,150.66,35.11,15.49
7426.0748,114.67,149.04,33.37,15.42
7426.1069,112.23,147.38,32.00,15.26
7426.1391,108.42,145.07,29.47,15.52
7426.1713,105.21,142.35,27.48,15.63
7426.1948,102.49,139.20,25.90,15.61
7426.2260,100.18,135.37,24.71,15.51
7426.2581,97.25,128.17,23.27,15.43
7426.2904,94.77,119.18,22.11,15.26
7426.3231,92.66,108.47,21.17,15.02
7426.3553,89.47,85.89,20.18,15.92
7426.3879,86.76,64.95,19.39,15.72
7426.4191,84.45,49.74,18.75,15.43
7426.4512,82.49,39.64,18.23,15.08
7426.4836,78.99,26.93,17.30,16.06
7426.5160,76.02,19.92,16.55,16.85
7426.5475,73.49,15.66,15.93,17.47
7426.5791,71.35,12.85,15.43,16.93
7426.6114,68.97,10.88,14.98,16.90
7426.6432,66.94,9.53,14.62,16.78
7426.6756,65.21,8.55,14.31,16.46
7426.7073,63.72,7.68,14.01,16.10
7426.7394,62.51,7.10,13.79,15.68
7426.7716,61.48,6.65,13.60,15.26
7426.8039,60.61,6.29,13.44,14.84
7426.8363,60.04,5.92,13.20,14.26
7426.8764,59.56,5.62,13.00,13.72
7426.9080,59.15,5.37,12.84,13.21
7426.9407,58.79,5.20,12.71,12.55
7426.9731,59.34,3.83,11.65,10.92
7427.0059,59.80,2.61,10.75,9.56
7427.0373,60.18,1.55,9.98,8.99
7427.0692,60.47,0.55,9.32,8.62
7427.1097,61.46,-1.05,8.10,7.68
7427.1417,62.28,-2.51,7.05,7.08
7427.1736,63.01,-4.04,5.97,7.27
7427.2060,64.32,-5.37,5.21,6.89
7427.2380,65.44,-6.62,4.55,6.72
7427.2702,66.38,-7.79,3.98,6.70
7427.3027,67.23,-8.86,3.46,6.99
7427.3429,68.27,-9.38,3.24,6.92
7427.3749,69.16,-9.87,3.05,6.92
7427.4076,69.91,-10.33,2.88,6.84
7427.4397,70.65,-10.48,2.78,6.70
7427.4685,71.28,-10.62,2.69,6.61
7427.5005,71.81,-10.76,2.62,6.55
7427.5326,72.26,-10.86,2.56,6.60
7427.5648,72.98,-11.01,2.49,6.43
7427.5976,73.60,-11.15,2.43,6.30
7427.6299,74.13,-11.28,2.38,6.21
7427.6619,74.55,-11.49,2.35,6.31
7427.6942,75.30,-11.19,2.34,6.04
7427.7262,75.94,-10.92,2.34,5.82
7427.7580,76.48,-10.67,2.33,5.81
7427.7902,76.95,-10.77,2.24,5.83
7427.8220,77.36,-10.58,2.28,5.80
7427.8540,77.71,-10.42,2.31,5.78
7427.8864,78.01,-10.27,2.33,5.83
7427.9181,78.31,-8.90,2.63,5.66
7427.9504,78.57,-7.68,2.89,5.53
7427.9822,78.79,-6.59,3.11,5.44
7428.0151,79.00,-5.50,3.27,5.40
7428.0467,79.26,-5.22,3.33,5.43
7428.0787,79.48,-4.97,3.38,5.46
7428.1109,79.67,-4.75,3.42,5.50
7428.1428,79.80,-4.57,3.53,5.65
7428.1752,79.92,-4.43,3.59,5.77
7428.2074,80.03,-4.30,3.65,5.89
7428.2396,80.12,-4.19,3.69,5.85
7428.2713,80.15,-4.75,3.62,5.99
7428.3032,80.18,-5.23,3.56,6.11
7428.3347,80.20,-5.64,3.51,6.21
7428.3665,80.22,-5.99,3.47,6.28
7428.3988,80.22,-6.29,3.46,6.34
7428.4313,80.22,-6.54,3.45,6.40
7428.4632,80.27,-6.64,3.44,6.39
7428.4954,80.32,-6.74,3.42,6.34
7428.5278,80.35,-6.82,3.41,6.30
7428.5603,80.39,-6.74,3.42,6.27
7428.5925,80.40,-7.34,3.33,6.34
7428.6245,80.41,-7.85,3.26,6.39
7428.6569,80.42,-8.28,3.20,6.45
7428.6891,80.42,-8.65,3.16,6.50
7428.7209,80.41,-8.93,3.13,6.54
7428.7533,80.39,-9.16,3.10,6.58
7428.7857,80.38,-9.36,3.08,6.60
7428.8017,80.37,-9.52,3.06,6.61
7428.8338,80.38,-9.70,3.04,6.61
7428.8660,80.38,-9.84,3.03,6.60
7428.8988,80.38,-9.97,3.01,6.62
7428.9304,80.38,-10.08,3.01,6.63
7428.9624,80.41,-10.29,2.99,6.62
7428.9944,80.44,-10.47,2.98,6.62
7429.0263,80.46,-10.63,2.96,6.63
7429.0588,80.55,-11.04,2.93,6.61
7429.0908,80.62,-11.40,2.90,6.60
7429.1229,80.68,-11.71,2.88,6.58
7429.1549,80.73,-11.98,2.86,6.61
7429.1871,80.89,-12.61,2.78,6.58
7429.2195,81.03,-13.16,2.72,6.55
7429.2512,81.15,-13.64,2.67,6.53
7429.2832,81.24,-14.06,2.63,6.55
7429.3156,81.46,-14.94,2.52,6.51
7429.3479,81.65,-15.71,2.43,6.48
7429.3802,81.80,-16.39,2.36,6.46
7429.4127,82.05,-17.52,2.25,6.41
7429.4451,82.25,-18.52,2.15,6.40
7429.4771,82.43,-19.41,2.07,6.40
7429.5097,82.57,-20.19,2.00,6.40
7429.5408,82.73,-21.11,1.93,6.41
7429.5729,82.86,-21.92,1.87,6.42
7429.6053,82.97,-22.62,1.82,6.43
7429.6374,83.06,-23.22,1.77,6.44
7429.6701,83.20,-24.05,1.72,6.42
7429.7019,83.31,-24.76,1.68,6.44
7429.7343,83.41,-25.37,1.64,6.45
7429.7664,83.49,-25.91,1.61,6.46
7429.7985,83.58,-26.54,1.59,6.48
7429.8309,83.67,-27.10,1.56,6.49
7429.8634,83.73,-27.58,1.54,6.50
7429.8952,83.82,-28.12,1.52,6.51
7429.9121,83.89,-28.58,1.51,6.51
7429.9439,83.94,-28.96,1.50,6.52
7429.9757,83.99,-29.29,1.49,6.54
7430.0085,84.03,-29.57,1.49,6.55
7430.0403,84.08,-29.92,1.48,6.56
7430.0726,84.13,-30.23,1.47,6.57
7430.1049,84.16,-30.49,1.46,6.58
7430.1373,84.18,-30.70,1.45,6.60
7430.1692,84.19,-30.87,1.45,6.61
7430.2013,84.20,-31.02,1.45,6.63
7430.2336,84.21,-31.13,1.45,6.64
7430.2660,84.21,-31.32,1.44,6.66
7430.2987,84.22,-31.49,1.42,6.67
7430.3314,84.22,-31.63,1.41,6.68
7430.3630,84.22,-31.75,1.40,6.69
7430.3942,84.22,-32.03,1.37,6.70
7430.4260,84.22,-32.26,1.35,6.72
7430.4582,84.22,-32.46,1.32,6.73
7430.4906,84.22,-32.63,1.31,6.74
7430.5225,84.22,-32.78,1.29,6.74
7430.5556,84.24,-33.19,1.26,6.75
7430.5872,84.27,-33.53,1.23,6.75
7430.6190,84.28,-33.82,1.20,6.76
7430.6514,84.30,-34.06,1.19,6.76
7430.6838,84.33,-34.49,1.15,6.76
7430.7162,84.36,-34.84,1.12,6.76
7430.7489,84.38,-35.13,1.09,6.76
7430.7808,84.40,-35.39,1.07,6.77
7430.8131,84.42,-35.59,1.05,6.77
7430.8457,84.44,-35.76,1.04,6.77
7430.8782,84.46,-35.91,1.04,6.75
7430.9099,84.47,-36.03,1.03,6.75
7430.9420,84.47,-36.03,1.03,6.75
7430.9740,84.47,-36.07,1.02,6.76
7431.0062,84.47,-36.10,1.02,6.74
7431.0382,84.39,-35.55,1.07,6.76
7431.0703,84.32,-35.08,1.11,6.78
7431.1024,84.26,-34.69,1.15,6.79
7431.1340,84.24,-34.44,1.16,6.75
7431.1663,84.12,-33.94,1.16,6.80
7431.1984,84.01,-33.52,1.16,6.83
7431.2306,83.93,-33.18,1.16,6.86
7431.2628,83.87,-32.95,1.16,6.88
7431.2946,83.29,-31.39,0.91,7.14
7431.3274,82.80,-30.21,0.69,7.35
7431.3593,82.38,-29.31,0.51,7.51
7431.3914,80.60,-26.80,-0.28,8.96
7431.4237,79.09,-25.20,-0.93,8.90
7431.4556,77.80,-24.10,-1.48,8.78
7431.4876,76.70,-23.30,-1.94,8.61
7431.5203,73.21,-19.58,-2.37,10.57
7431.5519,70.24,-17.31,-2.72,10.80
7431.5842,67.71,-15.80,-3.00,10.88
7431.6160,65.54,-14.72,-3.22,10.84
7431.6480,61.70,-11.21,-2.72,12.07
7431.6799,58.45,-8.82,-2.31,12.38
7431.7118,55.69,-7.10,-1.97,12.52
7431.7439,53.35,-5.82,-1.68,12.53
7431.7760,50.13,-4.30,-1.42,12.83
7431.8080,47.39,-3.16,-1.21,12.97
7431.8398,45.06,-2.27,-1.03,12.97
7431.8720,42.65,-1.04,-0.94,13.14
7431.9042,40.60,-0.06,-0.85,13.06
7431.9360,38.87,0.73,-0.79,12.91
7431.9680,37.39,1.38,-0.73,12.69
7431.9997,35.77,2.33,-0.71,12.68
7432.0323,34.39,3.10,-0.70,12.43
7432.0646,33.22,3.75,-0.69,12.14
7432.0968,32.25,4.33,-0.69,11.84
7432.1290,31.43,4.81,-0.69,11.53
7432.1615,30.73,5.22,-0.69,10.87
7432.1937,29.57,5.52,-0.91,10.79
7432.2260,28.57,5.75,-1.07,10.67
7432.2581,27.72,5.95,-1.22,10.27
7432.2905,27.00,6.12,-1.34,9.87
7432.3227,26.16,5.62,-1.90,9.92
7432.3542,25.44,5.22,-2.38,9.92
7432.3863,24.84,4.89,-2.79,9.88
7432.4181,24.29,4.57,-3.17,9.87
7432.4503,23.82,4.29,-3.50,9.83
7432.4819,23.42,4.07,-3.77,9.79
7432.5132,23.07,3.87,-4.00,9.73
7432.5445,22.79,3.72,-4.23,9.65
7432.5765,22.55,3.60,-4.39,9.57
7432.6088,22.35,3.50,-4.52,9.48
7432.6409,22.18,3.42,-4.63,9.39
7432.6729,22.07,3.27,-4.77,9.32
7432.7054,21.95,3.17,-4.79,9.25
7432.7377,21.85,3.08,-4.82,9.14
7432.7697,21.76,3.01,-4.83,9.03
7432.8023,21.44,2.81,-5.02,9.20
7432.8344,21.17,2.64,-5.18,9.33
7432.8662,20.93,2.50,-5.32,9.04
7432.8990,20.73,2.37,-5.43,8.78
7432.9312,20.56,2.27,-5.53,8.55
7432.9635,18.97,2.24,-6.24,9.26
7432.9952,17.66,2.25,-6.78,9.22
7433.0278,16.54,2.27,-7.24,9.17
7433.0595,15.59,2.29,-7.62,9.10
7433.0916,12.67,2.50,-9.27,10.27
7433.1237,10.19,2.72,-10.70,10.45
7433.1559,8.10,2.96,-11.90,10.52
7433.1876,6.32,3.20,-12.93,10.51
7433.2135,2.34,3.28,-14.30,11.42
7433.2542,-1.07,3.38,-15.27,12.09
7433.2704,-3.97,3.52,-16.09,12.56
7433.3035,-6.43,3.66,-16.80,12.87
7433.3435,-8.45,3.30,-17.74,13.18
7433.3680,-10.21,3.02,-18.45,13.36
7433.4078,-11.70,2.80,-19.05,13.45
7433.4402,-12.82,2.80,-19.56,13.24
7433.4718,-13.83,2.77,-19.99,13.22
7433.5039,-14.69,2.75,-20.37,13.16
7433.5359,-15.42,2.74,-20.69,13.07
7433.5678,-15.07,3.59,-20.68,11.70
7433.5997,-14.79,4.29,-20.69,11.31
7433.6320,-14.55,4.88,-20.70,11.00
7433.6648,-14.35,5.39,-20.71,10.75
7433.6966,-12.89,5.55,-20.12,10.24
7433.7286,-11.63,5.79,-19.62,9.85
7433.7605,-10.56,6.00,-19.19,9.56
7433.7929,-8.63,5.53,-18.52,9.16
7433.8246,-6.99,5.16,-17.95,8.97
7433.8567,-5.59,4.86,-17.46,8.84
7433.8890,-4.41,4.62,-17.05,8.75
7433.9210,-3.18,3.83,-16.31,9.10
7433.9452,-2.12,3.16,-15.68,9.12
7433.9768,-1.19,2.70,-15.13,9.12
7434.0098,-0.39,2.30,-14.66,9.12
7434.0406,0.72,2.08,-14.18,8.85
7434.0726,1.57,1.86,-13.76,8.81
7434.1047,2.29,1.67,-13.40,8.79
7434.1373,2.91,1.52,-13.10,8.77
7434.1693,3.43,1.39,-12.84,8.76
7434.1933,3.87,1.29,-12.63,8.93
7434.2252,4.96,1.27,-12.57,8.73
7434.2572,5.88,1.25,-12.52,8.57
7434.2894,6.66,1.23,-12.47,8.45
7434.3217,7.40,1.24,-12.42,8.01
7434.3537,6.81,0.78,-12.44,8.51
7434.3913,6.31,0.40,-12.45,8.96
7434.4138,5.89,0.08,-12.47,8.83
7434.4466,5.52,-0.22,-12.48,8.69
7434.4795,4.33,-0.73,-11.91,9.18
7434.5104,3.33,-1.17,-11.42,9.60
7434.5429,2.48,-1.55,-11.01,9.69
7434.5761,1.39,-1.84,-10.43,9.88
7434.6010,0.47,-2.10,-9.94,10.02
7434.6427,-0.31,-2.33,-9.52,10.12
7434.6750,-0.98,-2.55,-9.12,10.19
7434.7070,-1.54,-2.75,-8.77,10.23
7434.7411,-2.02,-2.91,-8.48,10.24
7434.7815,-2.41,-3.02,-8.30,10.19
7434.8141,-2.75,-3.09,-8.15,10.14
7434.8467,-3.04,-3.16,-8.01,10.07
7434.8787,-3.29,-3.23,-7.90,10.02
7434.9039,-3.50,-3.29,-7.80,9.95
7434.9352,-3.69,-3.35,-7.72,9.89
7434.9667,-3.84,-3.39,-7.65,9.82
7434.9993,-3.97,-3.40,-7.60,9.73
7435.0313,-4.08,-3.43,-7.54,9.66
7435.0641,-4.18,-3.45,-7.49,9.59
7435.0963,-4.26,-3.47,-7.45,9.53
7435.1284,-4.33,-3.48,-7.47,9.47
7435.1603,-4.39,-3.49,-7.44,9.41
7435.1928,-4.43,-3.50,-7.42,9.36
7435.2245,-4.47,-3.50,-7.40,9.31
7435.2566,-4.51,-3.51,-7.39,9.27
7435.2884,-4.55,-3.51,-7.38,9.23
7435.3202,-4.58,-3.50,-7.37,9.19
7435.3521,-4.62,-3.51,-7.36,9.17
7435.3836,-4.65,-3.52,-7.35,9.13
7435.4157,-4.67,-3.53,-7.34,9.09
7435.4478,-4.69,-3.54,-7.33,9.05
7435.4803,-4.73,-3.57,-7.31,9.05
7435.5125,-4.77,-3.61,-7.29,9.05
7435.5452,-4.80,-3.65,-7.27,9.04
7435.5770,-4.83,-3.67,-7.26,9.04
7435.6086,-4.85,-3.72,-7.24,9.05
7435.6406,-4.86,-3.76,-7.23,9.01
7435.6732,-4.87,-3.80,-7.22,8.98
7435.7050,-4.88,-3.82,-7.21,8.96
7435.7371,-4.84,-3.89,-7.19,8.92
7435.7695,-4.81,-3.94,-7.17,8.88
7435.8016,-4.78,-3.99,-7.16,8.84
7435.8337,-4.79,-3.99,-7.14,8.79
7435.8658,-4.79,-3.99,-7.13,8.76
7435.8979,-4.79,-4.00,-7.12,8.73
7435.9302,-4.78,-4.01,-7.11,8.70
7435.9627,-4.78,-4.00,-7.09,8.67
7435.9947,-4.78,-4.00,-7.08,8.64
7436.0275,-4.79,-4.00,-7.07,8.62
7436.0595,-4.79,-4.00,-7.07,8.60
7436.0915,-4.78,-3.98,-7.06,8.56
7436.1236,-4.77,-3.97,-7.06,8.55
7436.1561,-4.77,-3.95,-7.06,8.54
7436.1881,-4.76,-3.94,-7.06,8.53
7436.2200,-4.72,-3.90,-7.07,8.51
7436.2521,-4.69,-3.87,-7.07,8.49
7436.2843,-4.66,-3.84,-7.08,8.48
7436.3166,-4.61,-3.82,-7.09,8.47
7436.3483,-4.57,-3.81,-7.10,8.46
7436.3643,-4.53,-3.79,-7.11,8.46
7436.3962,-4.51,-3.78,-7.11,8.46
7436.4284,-4.48,-3.77,-7.12,8.46
7436.4607,-4.41,-3.76,-7.13,8.46
7436.4927,-4.35,-3.75,-7.13,8.46
7436.5247,-4.31,-3.74,-7.14,8.46
7436.5566,-4.15,-3.72,-7.11,8.39
7436.5887,-4.01,-3.71,-7.08,8.38
7436.6215,-3.91,-3.70,-7.06,8.38
7436.6527,-3.82,-3.70,-7.04,8.38
7436.6846,-3.43,-3.75,-6.71,8.26
7436.7164,-3.12,-3.78,-6.42,8.22
7436.7486,-2.86,-3.80,-6.18,8.19
7436.7812,-2.63,-3.82,-5.97,8.17
7436.8133,-2.03,-3.83,-5.61,8.08
7436.8453,-1.54,-3.84,-5.28,8.01
7436.8783,-1.12,-3.85,-5.00,7.97
7436.9101,-0.77,-3.86,-4.76,7.94
7436.9420,0.05,-3.82,-4.36,7.80
7436.9741,0.74,-3.76,-4.01,7.69
7437.0062,1.33,-3.71,-3.71,7.62
7437.0378,2.35,-3.63,-3.54,7.28
7437.0699,3.23,-3.55,-3.40,7.19
7437.1031,3.96,-3.47,-3.25,7.14
7437.1357,4.59,-3.41,-3.13,7.11
7437.1681,5.62,-3.34,-3.10,6.87
7437.1999,6.50,-3.28,-3.06,6.83
7437.2322,7.24,-3.22,-3.03,6.82
7437.2643,7.87,-3.18,-3.00,6.82
7437.2962,8.86,-3.08,-2.93,6.74
7437.3282,9.69,-2.99,-2.86,6.70
7437.3598,10.40,-2.92,-2.81,6.69
7437.3926,11.59,-2.88,-2.66,6.49
7437.4244,12.59,-2.84,-2.54,6.41
7437.4565,13.45,-2.81,-2.44,6.37
7437.4881,14.18,-2.78,-2.35,6.34
7437.5206,15.31,-2.69,-2.19,6.10
7437.5523,16.27,-2.62,-2.06,6.04
7437.5847,17.08,-2.55,-1.95,6.00
7437.6172,17.78,-2.50,-1.86,5.99
7437.6490,18.88,-2.41,-1.63,5.78
7437.6807,19.82,-2.33,-1.42,5.73
7437.7129,20.61,-2.26,-1.24,5.70
7437.7453,21.29,-2.20,-1.09,5.70
7437.7775,22.39,-2.09,-0.80,5.59
7437.8096,23.33,-1.97,-0.52,5.52
7437.8418,24.13,-1.87,-0.29,5.48
7437.8733,25.32,-1.74,0.08,5.24
7437.9055,26.33,-1.61,0.40,5.17
7437.9375,27.19,-1.49,0.68,5.12
7437.9701,27.92,-1.38,0.92,5.11
7438.0028,29.07,-1.20,1.41,4.86
7438.0351,30.05,-1.01,1.83,4.77
7438.0675,30.89,-0.84,2.19,4.71
7438.0993,31.60,-0.69,2.50,4.69
7438.1311,32.66,-0.49,3.02,4.48
7438.1629,33.56,-0.29,3.47,4.40
7438.1952,34.33,-0.12,3.85,4.36
7438.2265,34.98,0.04,4.17,4.34
7438.2588,35.53,0.18,4.45,4.54
7438.2904,36.01,0.30,4.68,4.77
7438.3224,36.88,0.53,5.12,4.67
7438.3548,37.63,0.74,5.49,4.61
7438.3866,38.26,0.93,5.81,4.76
7438.4186,39.31,1.17,6.33,4.58
7438.4508,40.20,1.40,6.77,4.46
7438.4831,40.96,1.60,7.14,4.38
7438.5162,41.60,1.78,7.46,4.51
7438.5474,42.86,1.97,7.84,4.20
7438.5799,43.93,2.15,8.19,3.98
7438.6121,44.84,2.30,8.48,3.99
7438.6445,45.61,2.45,8.73,4.04
7438.6762,46.74,2.59,9.08,3.84
7438.7080,47.69,2.73,9.37,3.70
7438.7395,48.50,2.86,9.62,3.76
7438.7713,49.61,3.11,9.92,3.57
7438.8034,50.55,3.33,10.18,3.43
7438.8355,51.35,3.53,10.40,3.34
7438.8674,52.03,3.71,10.59,3.46
7438.8995,53.02,4.08,10.87,3.28
7438.9312,53.87,4.42,11.11,3.16
7438.9634,54.59,4.71,11.32,3.08
7438.9962,55.20,4.97,11.49,3.25
7439.0285,56.28,5.38,11.73,3.08
7439.0606,57.20,5.76,11.94,2.96
7439.0921,57.97,6.10,12.12,3.04
7439.1246,58.65,6.42,12.26,3.16
7439.1568,59.69,6.79,12.42,3.03
7439.1846,60.58,7.13,12.56,2.94
7439.2207,61.33,7.44,12.67,3.04
7439.2531,62.45,7.83,12.81,2.89
7439.2853,63.41,8.19,12.92,2.80
7439.3166,64.22,8.52,13.02,2.74
7439.3483,64.91,8.82,13.10,2.88
7439.3648,65.49,9.08,13.18,3.05
7439.3966,66.40,9.58,13.25,2.93
7439.4286,67.16,10.03,13.31,2.86
7439.4607,67.82,10.44,13.35,2.95
7439.4924,68.37,10.81,13.39,3.07
7439.5248,68.84,11.14,13.43,3.20
7439.5570,69.53,11.61,13.41,3.13
7439.5892,70.12,12.03,13.40,3.20
7439.6213,70.62,12.40,13.39,3.28
7439.6536,71.05,12.72,13.38,3.37
7439.6861,71.59,13.18,13.37,3.33
7439.7180,72.06,13.60,13.35,3.40
7439.7501,72.46,13.97,13.34,3.48
7439.7820,72.80,14.30,13.33,3.58
7439.8140,73.42,14.98,13.36,3.54
7439.8463,73.94,15.59,13.39,3.54
7439.8786,74.38,16.13,13.41,3.55
7439.9096,74.76,16.62,13.43,3.58
7439.9416,75.23,17.17,13.48,3.60
7439.9736,75.64,17.67,13.53,3.63
7440.0063,75.98,18.11,13.56,3.67
7440.0378,76.37,18.57,13.62,3.66
7440.0694,76.69,18.98,13.68,3.76
7440.1021,76.97,19.35,13.72,3.87
7440.1340,77.20,19.67,13.76,3.98
7440.1653,77.56,20.35,13.86,3.93
7440.1974,77.86,20.96,13.95,3.97
7440.2296,78.12,21.50,14.02,4.03
7440.2614,78.35,21.99,14.09,4.09
7440.2929,78.68,22.78,14.20,4.08
7440.3249,78.97,23.48,14.30,4.09
7440.3572,79.21,24.10,14.38,4.11
7440.3891,79.42,24.63,14.45,4.14
7440.4210,79.59,25.11,14.50,4.27
7440.4528,79.88,25.81,14.59,4.27
7440.4852,80.13,26.44,14.67,4.28
7440.5179,80.34,26.99,14.73,4.30
7440.5498,80.52,27.46,14.79,4.44
7440.5822,80.83,28.45,14.90,4.43
7440.6140,81.09,29.31,14.98,4.43
7440.6464,81.32,30.06,15.06,4.44
7440.6785,81.52,30.73,15.12,4.53
7440.7107,81.84,32.06,15.25,4.46
7440.7425,82.13,33.19,15.36,4.40
7440.7745,82.37,34.20,15.45,4.45
7440.8061,82.57,35.09,15.53,4.51
7440.8379,82.89,36.37,15.58,4.44
7440.8694,83.16,37.53,15.63,4.40
7440.9011,83.39,38.56,15.67,4.41
7440.9334,83.63,39.65,15.67,4.39
7440.9657,83.85,40.61,15.68,4.38
7440.9979,84.03,41.48,15.69,4.38
7441.0303,84.19,42.24,15.69,4.42
7441.0630,84.39,43.20,15.67,4.40
7441.0952,84.57,44.04,15.65,4.40
7441.1276,84.72,44.79,15.64,4.40
7441.1596,84.85,45.44,15.62,4.47
7441.1915,85.05,46.53,15.61,4.45
7441.2233,85.22,47.53,15.60,4.44
7441.2393,85.37,48.42,15.59,4.44
7441.2716,85.50,49.19,15.58,4.48
7441.3041,85.68,50.30,15.56,4.45
7441.3354,85.84,51.31,15.55,4.44
7441.3675,85.97,52.18,15.54,4.44
7441.3997,86.08,52.95,15.53,4.47
7441.4321,86.23,53.98,15.53,4.46
7441.4646,86.35,54.83,15.54,4.46
7441.4965,86.45,55.57,15.54,4.48
7441.5285,86.53,56.21,15.54,4.51
7441.5604,86.65,57.03,15.50,4.50
7441.5930,86.75,57.76,15.47,4.50
7441.6250,86.84,58.40,15.45,4.51
7441.6573,86.96,59.29,15.37,4.49
7441.6891,87.06,60.06,15.30,4.48
7441.7215,87.15,60.77,15.24,4.47
7441.7537,87.23,61.38,15.19,4.46
7441.7862,87.32,62.18,15.07,4.44
7441.8179,87.41,62.92,14.96,4.44
7441.8502,87.49,63.56,14.86,4.45
7441.8821,87.55,64.11,14.78,4.45
7441.9141,87.61,64.61,14.55,4.46
7441.9457,87.66,65.02,14.35,4.47
7441.9780,87.70,65.37,14.18,4.48
7442.0108,87.71,65.35,13.60,4.52
7442.0423,87.72,65.33,13.10,4.55
7442.0742,87.73,65.27,12.68,4.58
7442.1065,87.74,65.22,12.31,4.61
7442.1391,87.72,64.97,11.74,4.65
7442.1709,87.70,64.69,11.25,4.68
7442.2029,87.68,64.46,10.83,4.70
7442.2353,87.67,64.26,10.47,4.73
7442.2674,87.66,64.13,10.04,4.75
7442.2996,87.65,64.01,9.67,4.78
7442.3321,87.64,63.91,9.35,4.80
7442.3646,87.64,63.82,9.08,4.83
7442.3974,87.65,63.98,8.85,4.85
7442.4297,87.66,64.03,8.65,4.88
7442.4619,87.66,64.08,8.48,4.90
7442.4941,87.68,64.39,8.37,4.89
7442.5261,87.71,64.65,8.27,4.90
7442.5585,87.72,64.80,8.18,4.91
7442.5908,87.73,64.92,8.11,4.92
7442.6230,87.76,65.31,8.07,4.90
7442.6549,87.79,65.56,8.03,4.91
7442.6872,87.81,65.77,7.99,4.92
7442.7195,87.83,65.95,7.96,4.93
7442.7516,87.89,66.62,7.93,4.90
7442.7835,87.95,67.21,7.91,4.90
7442.8161,88.00,67.72,7.89,4.91
7442.8484,88.05,68.16,7.88,4.92
7442.8643,88.10,68.73,7.85,4.91
7442.8964,88.15,69.24,7.83,4.91
7442.9279,88.20,69.67,7.81,4.92
7442.9599,88.23,70.04,7.79,4.93
7442.9920,88.28,70.49,7.77,4.92
7443.0242,88.31,70.86,7.76,4.94
7443.0565,88.34,71.17,7.74,4.95
7443.0925,88.40,71.81,7.72,4.93
7443.1245,88.45,72.35,7.71,4.94
7443.1561,88.49,72.78,7.69,4.96
7443.1802,88.53,73.15,7.68,4.97
7443.2149,88.62,74.18,7.67,4.93
7443.2551,88.70,75.05,7.65,4.93
7443.2876,88.77,75.79,7.64,4.94
7443.3196,88.82,76.43,7.64,4.95
7443.3515,88.92,77.49,7.62,4.92
7443.3840,89.00,78.44,7.60,4.93
7443.4164,89.07,79.25,7.59,4.94
7443.4490,89.14,79.94,7.58,4.95
7443.4811,89.22,80.94,7.57,4.95
7443.5128,89.30,81.82,7.55,4.95
7443.5445,89.36,82.57,7.54,4.95
7443.5757,89.44,83.42,7.52,4.95
7443.6075,89.50,84.14,7.51,4.96
7443.6400,89.56,84.78,7.49,4.97
7443.6721,89.60,85.32,7.48,4.98
7443.7044,89.69,86.34,7.48,4.95
7443.7365,89.77,87.28,7.48,4.95
7443.7685,89.84,88.08,7.48,4.96
7443.7925,89.89,88.75,7.48,4.97
7443.8245,90.03,90.39,7.51,4.89
7443.8569,90.16,91.81,7.53,4.88
7443.8891,90.26,93.00,7.55,4.89
7443.9213,90.35,94.00,7.56,4.90
7443.9527,90.51,95.84,7.60,4.89
7443.9772,90.65,97.38,7.63,4.90
7444.0093,90.77,98.66,7.65,4.91
7444.0406,90.87,99.74,7.67,4.92
7444.0767,90.96,100.65,7.69,5.04
7444.1089,91.03,101.41,7.71,5.16
7444.1405,91.24,103.51,7.76,5.12
7444.1612,91.41,105.25,7.80,5.09
7444.2080,91.56,106.68,7.84,5.20
7444.2402,91.91,110.04,7.85,5.10
7444.2723,92.20,112.76,7.86,5.04
7444.3050,92.45,114.98,7.87,4.99
7444.3368,92.66,116.75,7.88,5.15
7444.3689,93.26,121.73,7.88,4.91
7444.4015,93.78,125.58,7.88,4.73
7444.4332,94.22,128.58,7.87,4.86
7444.4654,94.58,130.87,7.88,5.00
7444.4978,95.37,135.06,7.94,4.68
7444.5298,96.04,138.14,7.99,4.43
7444.5619,96.62,140.45,8.04,4.44
7444.5929,97.31,142.47,8.19,4.25
7444.6255,97.89,143.98,8.33,4.11
7444.6576,98.39,145.16,8.43,4.01
7444.6900,98.82,146.09,8.52,3.95
7444.7222,99.46,147.27,8.64,3.63
7444.7535,99.96,148.29,8.71,3.52
7444.7765,100.39,149.10,8.77,3.45
7444.8090,100.75,149.74,8.83,3.41
7444.8413,101.39,150.75,8.93,3.08
7444.8733,101.94,151.56,9.00,3.13
7444.9057,102.40,152.21,9.07,3.21
7444.9385,102.80,152.73,9.13,3.29
7444.9617,103.37,153.59,9.15,3.20
7444.9934,103.85,154.30,9.17,3.27
7445.0253,104.26,154.88,9.18,3.36
7445.0568,104.61,155.35,9.19,3.46
7445.0928,105.23,156.18,9.19,3.46
7445.1251,105.77,156.86,9.18,3.49
7445.1574,106.23,157.41,9.18,3.54
7445.1873,106.61,157.85,9.18,3.61
7445.2114,107.27,158.34,9.33,3.37
7445.2433,107.83,158.75,9.43,3.41
7445.2752,108.31,159.09,9.53,3.48
7445.3067,108.71,159.37,9.61,3.56
7445.3386,109.42,159.69,9.83,3.52
7445.3709,110.02,159.93,10.03,3.52
7445.4034,110.53,160.13,10.21,3.54
7445.4359,111.33,160.49,10.46,3.27
7445.4674,112.00,160.78,10.67,3.27
7445.4998,112.57,161.02,10.85,3.31
7445.5323,113.06,161.21,11.01,3.37
7445.5639,113.90,161.64,11.21,3.09
7445.5979,114.59,161.96,11.40,3.11
7445.6251,115.18,162.22,11.57,3.16
7445.6575,115.68,162.43,11.71,3.23
7445.6895,116.55,162.92,11.84,2.96
7445.7222,117.29,163.32,11.96,3.00
7445.7546,117.92,163.64,12.06,3.07
7445.7706,118.42,163.88,12.15,3.16
7445.8033,119.37,164.32,12.33,2.83
7445.8353,120.17,164.66,12.49,2.86
7445.8752,120.85,164.94,12.63,2.92
7445.9068,121.44,165.19,12.73,3.01
7445.9389,122.45,165.52,12.98,2.96
7445.9710,123.30,165.79,13.19,2.96
7445.9954,124.02,166.01,13.38,2.99
7446.0266,124.64,166.19,13.54,3.06
7446.0591,125.17,166.34,13.67,3.44
7446.0838,125.62,166.47,13.79,3.82
7446.1250,126.49,166.65,14.12,3.72
7446.1573,127.23,166.78,14.42,3.68
7446.1844,127.86,166.89,14.69,4.00
7446.2171,129.20,167.00,15.41,3.55
7446.2496,130.34,167.09,16.05,3.21
7446.2821,131.30,167.15,16.62,2.96
7446.3145,132.12,167.20,17.12,3.14
7446.3462,133.36,167.23,17.97,2.81
7446.3783,134.42,167.26,18.73,2.58
7446.4108,135.32,167.27,19.40,2.43
7446.4429,136.08,167.29,19.98,2.64
7446.4752,137.22,167.33,20.84,2.42
7446.5078,138.18,167.34,21.63,2.28
7446.5396,138.99,167.34,22.33,2.47
7446.5716,140.22,167.35,23.40,2.20
7446.6040,141.27,167.35,24.36,2.01
7446.6360,142.17,167.35,25.22,1.90
7446.6682,142.93,167.36,25.97,2.12
7446.7008,144.12,167.40,27.09,1.91
7446.7328,145.12,167.40,28.15,1.78
7446.7656,145.96,167.41,29.08,1.70
7446.7974,146.69,167.41,29.91,1.96
7446.8293,147.88,167.49,31.07,1.80
7446.8592,148.89,167.54,32.16,1.71
7446.8914,149.75,167.58,33.13,1.67
7446.9234,150.48,167.62,34.00,1.87
7446.9561,151.53,167.69,35.24,1.78
7446.9882,152.43,167.75,36.35,1.74
7447.0211,153.20,167.80,37.34,1.97
7447.0526,154.25,167.75,39.23,1.84
7447.0848,155.15,167.71,40.93,1.77
7447.1248,155.91,167.67,42.45,1.74
7447.1567,156.60,167.69,43.72,1.97
7447.1888,157.54,167.69,45.63,1.94
7447.2164,158.33,167.70,47.35,1.95
7447.2510,159.01,167.70,48.89,1.99
7447.2829,159.57,167.67,50.37,2.12
7447.3150,160.26,167.75,51.74,2.18
7447.3469,160.85,167.82,52.96,2.25
7447.3785,161.36,167.88,54.05,2.47
7447.4105,161.79,167.95,54.96,2.68
7447.4431,162.42,167.99,56.58,2.68
7447.4751,162.97,168.03,58.01,2.70
7447.5073,163.42,168.06,59.28,2.83
7447.5396,163.98,168.09,60.95,2.84
7447.5715,164.46,168.11,62.43,2.87
7447.6036,164.86,168.13,63.74,2.92
7447.6353,165.21,168.15,64.89,3.05
7447.6752,165.66,168.22,66.23,3.10
7447.7077,166.05,168.28,67.41,3.15
7447.7399,166.38,168.33,68.45,3.27
7447.7720,166.77,168.40,69.67,3.31
7447.8043,167.10,168.46,70.75,3.37
7447.8367,167.38,168.51,71.70,3.43
7447.8686,167.62,168.56,72.52,3.52
7447.9083,167.88,168.60,73.45,3.57
7447.9398,168.10,168.64,74.25,3.63
7447.9718,168.29,168.67,74.94,3.68
7448.0037,168.45,168.70,75.55,3.79
7448.0362,168.66,168.75,76.30,3.84
7448.0601,168.85,168.81,76.93,3.89
7448.0919,169.01,168.86,77.47,3.94
7448.1160,169.14,168.90,77.95,4.01
7448.1585,169.30,168.96,78.44,4.05
7448.1907,169.44,169.00,78.88,4.09
7448.2238,169.55,169.05,79.25,4.17
7448.2558,169.73,169.10,79.95,4.17
7448.2879,169.89,169.14,80.55,4.19
7448.3199,170.01,169.18,81.05,4.20
7448.3522,170.12,169.21,81.47,4.27
7448.3845,170.31,169.26,82.25,4.27
7448.4163,170.47,169.30,82.95,4.27
7448.4486,170.60,169.33,83.56,4.28
7448.4813,170.72,169.36,84.09,4.36
7448.5135,170.96,169.36,85.56,4.30
7448.5456,171.16,169.37,86.79,4.26
7448.5774,171.34,169.37,87.86,4.34
7448.6097,171.49,169.38,88.78,4.41
7448.6411,171.76,169.38,90.57,4.36
7448.6732,172.00,169.37,92.17,4.32
7448.7054,172.20,169.37,93.55,4.32
7448.7377,172.41,169.37,95.05,4.29
7448.7697,172.60,169.37,96.35,4.28
7448.7936,172.75,169.38,97.44,4.27
7448.8261,172.89,169.38,98.37,4.32
7448.8582,173.08,169.35,99.92,4.28
7448.8904,173.24,169.33,101.26,4.26
7448.9226,173.38,169.32,102.38,4.25
7448.9544,173.50,169.32,103.34,4.30
7448.9863,173.70,169.33,104.80,4.28
7449.0191,173.86,169.32,106.12,4.28
7449.0439,174.00,169.32,107.25,4.28
7449.0759,174.12,169.32,108.22,4.30
7449.1078,174.26,169.37,109.11,4.33
7449.1396,174.38,169.41,109.90,4.36
7449.1708,174.48,169.45,110.59,4.38
7449.1926,174.56,169.48,111.18,4.41
7449.2258,174.66,169.52,111.80,4.43
7449.2584,174.74,169.55,112.34,4.45
7449.2909,174.81,169.58,112.80,4.47
7449.3232,174.87,169.61,113.19,4.52
7449.3548,174.96,169.63,113.87,4.52
7449.3866,175.03,169.65,114.42,4.53
7449.4190,175.09,169.66,114.89,4.57
7449.4510,175.20,169.68,115.74,4.57
7449.4837,175.29,169.70,116.47,4.57
7449.5162,175.37,169.71,117.13,4.58
7449.5488,175.43,169.72,117.70,4.59
7449.5805,175.51,169.76,118.22,4.60
7449.6126,175.57,169.79,118.66,4.61
7449.6433,175.62,169.81,119.04,4.62
7449.6758,175.67,169.83,119.37,4.66
7449.7076,175.78,169.84,120.37,4.64
7449.7396,175.88,169.86,121.25,4.62
7449.7713,175.96,169.87,122.00,4.60
7449.8028,176.04,169.88,122.65,4.65
7449.8352,176.10,169.89,123.20,4.70
7449.8751,176.24,169.89,124.54,4.67
7449.9073,176.36,169.89,125.69,4.65
7449.9394,176.46,169.89,126.68,4.64
7449.9708,176.54,169.89,127.52,4.63
7450.0031,176.63,169.91,128.25,4.64
7450.0358,176.70,169.93,128.87,4.63
7450.0604,176.75,169.95,129.41,4.63
7450.0924,176.80,169.97,129.85,4.64
7450.1245,176.84,169.96,130.27,4.63
7450.1566,176.88,169.96,130.62,4.63
7450.1887,176.91,169.96,130.92,4.63
7450.2182,176.94,169.96,131.21,4.64
7450.2407,176.92,169.97,130.97,4.69
7450.2869,176.90,169.99,130.77,4.68
7450.3193,176.89,170.00,130.59,4.68
7450.3516,176.81,170.01,129.77,4.74
7450.3839,176.75,170.03,129.07,4.72
7450.4163,176.69,170.04,128.47,4.71
7450.4488,176.64,170.05,127.96,4.69
7450.4812,176.37,170.08,125.12,4.87
7450.5130,176.13,170.12,122.73,4.85
7450.5461,175.93,170.15,120.72,4.82
7450.5782,175.76,170.17,118.97,4.79
7450.6107,175.35,170.31,114.75,5.03
7450.6425,175.00,170.42,111.20,5.02
7450.6684,174.70,170.52,108.20,4.99
7450.7080,174.45,170.61,105.68,4.96
7450.7403,174.03,170.82,101.21,4.98
7450.7720,173.68,171.02,97.36,4.99
7450.8043,173.39,171.19,94.11,4.97
7450.8371,172.93,171.44,89.21,5.17
7450.8687,172.55,171.65,85.10,5.15
7450.9096,172.22,171.84,81.62,5.12
7450.9419,171.94,172.00,78.70,5.07
7450.9739,171.47,172.10,75.12,5.07
7451.0059,171.08,172.19,72.17,5.05
7451.0380,170.75,172.26,69.75,5.00
7451.0698,170.46,172.33,67.75,4.95
7451.1089,169.97,172.26,65.72,4.93
7451.1411,169.54,172.19,64.10,4.89
7451.1732,169.19,172.14,62.79,4.84
7451.2050,168.60,172.07,60.59,5.02
7451.2288,168.10,172.01,58.84,4.99
7451.2592,167.68,171.96,57.46,4.93
7451.2911,167.32,171.92,56.33,4.87
7451.3229,166.74,171.96,53.89,5.08
7451.3552,166.26,172.00,51.94,5.04
7451.3873,165.84,172.03,50.36,4.97
7451.4196,165.49,172.06,49.07,4.90
7451.4515,164.84,172.15,46.52,5.17
7451.4837,164.28,172.22,44.48,5.15
7451.5156,163.80,172.28,42.83,5.11
7451.5485,163.40,172.33,41.49,5.04
7451.5795,162.68,172.38,39.31,5.08
7451.6124,162.06,172.43,37.58,5.09
7451.6447,161.54,172.47,36.17,5.06
7451.6763,160.79,172.45,34.60,5.28
7451.7082,160.16,172.44,33.34,5.27
7451.7408,159.62,172.44,32.29,5.22
7451.7732,159.17,172.44,31.43,5.16
7451.8054,158.40,172.43,30.05,5.44
7451.8370,157.76,172.43,28.94,5.40
7451.8696,157.21,172.42,28.05,5.34
7451.9097,156.74,172.42,27.32,5.26
7451.9415,155.93,172.37,26.25,5.27
7451.9735,155.23,172.32,25.39,5.25
7452.0058,154.64,172.28,24.69,5.19
7452.0381,153.60,172.19,23.57,5.62
7452.0696,152.72,172.10,22.68,5.59
7452.1091,151.97,172.03,21.97,5.53
7452.1411,151.33,171.96,21.38,5.44
7452.1729,150.10,171.93,20.03,5.55
7452.2051,149.07,171.90,18.96,5.58
7452.2346,148.19,171.87,18.10,5.57
7452.2595,147.44,171.85,17.40,5.51
7452.3010,146.16,171.71,16.66,5.62
7452.3331,145.09,171.61,16.01,5.66
7452.3654,144.18,171.52,15.49,5.65
7452.3977,142.65,171.29,15.05,6.30
7452.4298,141.35,171.09,14.71,6.30
7452.4617,140.25,170.92,14.42,6.25
7452.4939,139.31,170.78,14.19,6.14
7452.5257,137.77,170.55,13.95,6.72
7452.5577,136.45,170.37,13.74,6.69
7452.5900,135.34,170.20,13.58,6.60
7452.6224,134.39,170.07,13.44,6.46
7452.6540,132.75,169.92,13.19,6.52
7452.6859,131.36,169.78,13.02,6.48
7452.7101,130.18,169.67,12.88,6.39
7452.7424,129.17,169.59,12.76,6.24
7452.7746,127.31,169.38,12.59,6.39
7452.8058,125.73,169.23,12.43,6.44
7452.8389,124.39,169.11,12.29,6.40
7452.8709,122.04,168.36,12.50,7.44
7452.9036,120.04,167.67,12.66,7.42
7452.9361,118.34,167.05,12.78,7.30
7452.9596,116.89,166.49,12.88,7.11
7452.9909,114.20,164.43,13.59,8.25
7453.0234,111.90,162.39,14.15,8.25
7453.0555,109.95,160.38,14.59,8.14
7453.0878,108.29,158.42,14.95,7.95
7453.1198,105.49,153.91,15.83,9.02
7453.1515,103.10,149.08,16.53,9.00
7453.1936,101.07,143.97,17.09,8.87
7453.2254,99.34,138.70,17.55,8.65
7453.2572,96.75,129.86,17.77,8.85
7453.2944,94.54,119.75,17.96,8.91
7453.3268,92.67,108.86,18.11,8.85
7453.3489,91.08,98.01,18.24,8.70
7453.3900,89.26,84.49,18.45,8.70
7453.4217,87.70,73.41,18.62,8.61
7453.4537,86.39,64.83,18.77,8.46
7453.4857,84.46,53.81,18.66,9.06
7453.5183,82.83,46.19,18.59,8.95
7453.5506,81.44,40.81,18.53,8.77
7453.5822,80.27,36.91,18.48,8.54
7453.6138,78.75,31.11,17.43,8.40
7453.6456,77.45,26.85,16.55,8.19
7453.6777,76.34,23.68,15.82,7.94
7453.7091,75.40,21.28,15.21,7.66
7453.7412,73.17,16.16,12.84,7.92
7453.7735,71.30,12.86,10.89,8.05
7453.8056,69.69,10.57,9.26,8.08
7453.8373,66.73,7.35,6.90,9.65
7453.8697,64.20,5.31,4.96,9.90
7453.9099,62.04,3.96,3.35,10.00
7453.9413,60.18,3.03,2.02,9.97
7453.9739,57.36,2.07,0.58,11.08
7454.0059,54.95,1.44,-0.61,11.93
7454.0382,52.90,1.02,-1.60,11.64
7454.0694,51.16,0.75,-2.39,11.29
7454.1096,48.48,0.36,-3.22,12.07
7454.1418,46.19,0.10,-3.91,12.64
7454.1738,44.25,-0.09,-4.48,12.05
7454.2059,41.61,-0.23,-4.80,12.38
7454.2385,39.37,-0.33,-5.07,12.55
7454.2707,37.47,-0.40,-5.30,12.60
7454.3023,35.85,-0.46,-5.49,12.25
7454.3427,34.47,-0.51,-5.65,11.86
7454.3744,33.05,-0.36,-5.62,11.63
7454.4067,31.85,-0.23,-5.60,11.35
7454.4389,30.83,-0.14,-5.57,11.05
7454.4715,29.96,-0.06,-5.55,10.73
7454.4971,29.19,-0.03,-5.52,10.44
7454.5263,28.54,0.00,-5.50,10.13
7454.5581,27.98,0.04,-5.49,9.83
7454.5904,27.50,0.07,-5.48,9.53
7454.6224,27.08,0.09,-5.46,9.26
7454.6545,26.73,0.09,-5.45,8.99
7454.6860,26.42,0.09,-5.43,8.73
7454.7180,26.16,0.10,-5.42,8.49
7454.7507,25.94,0.10,-5.41,8.27
7454.7825,25.75,0.10,-5.40,8.06
7454.8150,25.58,0.10,-5.38,7.86
7454.8467,25.44,0.10,-5.37,7.68
7454.8793,25.32,0.10,-5.37,7.47
7454.9107,25.19,0.08,-5.34,7.29
7454.9426,25.09,0.07,-5.32,7.12
7454.9742,25.00,0.05,-5.30,6.97
7455.0064,24.92,0.04,-5.29,6.51
7455.0387,24.46,0.02,-5.22,6.45
7455.0709,24.07,0.01,-5.17,6.37
7455.1031,23.74,-0.01,-5.12,6.29
7455.1355,23.45,-0.04,-5.07,4.98
7455.1673,19.74,-0.40,-5.47,6.59
7455.1998,16.58,-0.67,-5.81,8.01
7455.2312,13.90,-0.89,-6.09,9.18
7455.2595,11.61,-1.06,-6.33,8.32
7455.2941,6.65,-1.51,-7.12,10.25
7455.3232,2.43,-1.83,-7.79,11.78
7455.3527,-1.16,-2.08,-8.36,11.90
7455.3919,-5.54,-2.31,-9.43,13.08
7455.4249,-9.26,-2.45,-10.33,13.94
7455.4451,-12.43,-2.53,-11.11,14.53
7455.4918,-15.12,-2.57,-11.77,14.14
7455.5239,-18.43,-2.60,-12.61,14.61
7455.5557,-21.23,-2.59,-13.32,14.87
7455.5874,-23.62,-2.55,-13.94,14.98
7455.6194,-25.65,-2.51,-14.46,14.49
7455.6520,-27.95,-2.46,-15.12,14.50
7455.6840,-29.91,-2.39,-15.69,14.40
7455.7163,-31.57,-2.32,-16.18,14.10
7455.7488,-33.01,-2.25,-16.59,13.76
7455.7813,-34.23,-2.17,-16.95,13.39
7455.8129,-35.15,-2.15,-17.26,12.90
7455.8431,-35.92,-2.12,-17.52,12.53
7455.8762,-36.58,-2.09,-17.75,12.17
7455.9085,-37.14,-2.06,-17.94,11.82
7455.9408,-37.34,-2.01,-18.21,11.23
7455.9727,-37.50,-1.96,-18.43,10.85
7456.0050,-37.63,-1.91,-18.62,10.50
7456.0381,-37.75,-1.87,-18.78,10.19
7456.0694,-37.62,-1.85,-19.05,9.72
7456.1096,-37.51,-1.83,-19.27,9.42
7456.1418,-37.41,-1.82,-19.46,9.15
7456.1742,-37.21,-1.80,-19.65,8.82
7456.2064,-37.04,-1.79,-19.81,8.62
7456.2378,-36.91,-1.80,-19.97,8.44
7456.2709,-36.80,-1.80,-20.11,8.30
7456.3029,-36.71,-2.06,-20.03,8.30
7456.3427,-36.62,-2.25,-19.99,8.22
7456.3747,-36.54,-2.40,-19.95,8.15
7456.4075,-36.47,-2.53,-19.93,8.08
7456.4397,-36.76,-2.57,-19.86,8.08
7456.4714,-36.94,-2.57,-19.78,8.07
7456.5035,-37.09,-2.58,-19.71,8.05
7456.5359,-37.22,-2.58,-19.65,8.03
7456.5517,-37.33,-2.58,-19.60,7.45
7456.5911,-38.71,-2.55,-19.53,7.69
7456.6238,-39.88,-2.52,-19.46,7.88
7456.6489,-40.88,-2.49,-19.41,8.01
7456.6908,-41.73,-2.48,-19.36,7.17
7456.7228,-44.54,-2.34,-19.92,7.58
7456.7553,-46.92,-2.18,-20.41,7.89
7456.7875,-48.94,-2.02,-20.83,8.11
7456.8201,-50.66,-1.86,-21.18,8.02
7456.8527,-53.22,-1.34,-21.88,8.51
7456.8849,-55.40,-0.83,-22.49,8.89
7456.9166,-57.25,-0.32,-23.01,9.05
7456.9489,-58.82,0.17,-23.47,9.13
7456.9809,-60.74,1.04,-24.19,9.49
7457.0135,-62.36,1.90,-24.80,9.77
7457.0456,-63.74,2.72,-25.34,9.49
7457.0770,-66.20,4.67,-26.45,10.04
7457.1094,-68.28,6.70,-27.41,10.48
7457.1414,-70.04,8.78,-28.26,10.81
7457.1740,-71.53,10.93,-29.03,10.28
7457.2060,-74.20,15.82,-30.29,10.80
7457.2386,-76.47,21.26,-31.40,11.19
7457.2709,-78.40,27.13,-32.37,11.45
7457.3032,-80.03,33.37,-33.27,10.98
7457.3346,-82.31,43.28,-34.20,11.27
7457.3664,-84.26,53.70,-35.01,11.44
7457.3983,-85.91,63.82,-35.72,10.98
7457.4297,-87.31,72.91,-36.35,10.49
7457.4618,-89.42,86.38,-36.97,10.82
7457.4930,-91.21,97.26,-37.52,11.02
7457.5253,-92.74,105.57,-38.00,10.55
7457.5569,-94.92,115.66,-38.59,10.83
7457.5891,-96.77,122.62,-39.11,10.98
7457.6144,-98.35,127.52,-39.56,11.04
7457.6553,-99.69,131.08,-39.96,10.52
7457.6878,-101.67,135.53,-40.51,10.72
7457.7193,-103.35,138.68,-41.00,10.81
7457.7514,-104.78,140.98,-41.42,10.82
7457.7840,-106.00,142.72,-41.81,10.30
7457.8158,-107.80,145.08,-42.28,10.45
7457.8479,-109.33,146.84,-42.70,10.51
7457.8801,-110.64,148.18,-43.07,10.00
7457.9117,-112.68,150.23,-43.51,10.31
7457.9439,-114.41,151.77,-43.91,10.50
7457.9753,-115.89,152.95,-44.26,10.60
7458.0071,-117.14,153.88,-44.57,9.86
7458.0396,-119.58,155.55,-45.04,10.37
7458.0710,-121.65,156.81,-45.47,10.73
7458.1031,-123.41,157.85,-45.80,10.96
7458.1430,-124.91,158.66,-46.10,10.14
7458.1747,-127.75,160.04,-46.71,10.77
7458.2067,-130.16,161.08,-47.31,11.22
7458.2390,-132.21,161.90,-47.87,10.71
7458.2710,-134.83,163.07,-48.23,11.03
7458.3034,-137.06,163.99,-48.57,11.20
7458.3356,-138.95,164.77,-48.82,11.24
7458.3763,-140.56,165.41,-49.05,10.83
7458.4085,-142.38,166.07,-49.43,10.83
7458.4406,-143.93,166.62,-49.77,10.74
7458.4726,-145.24,167.08,-50.07,10.24
7458.5047,-146.35,167.45,-50.36,9.73
7458.5300,-147.97,167.86,-51.21,9.84
7458.5586,-149.35,168.20,-51.99,9.86
7458.5920,-150.52,168.48,-52.71,9.34
7458.6239,-151.52,168.72,-53.36,8.81
7458.6558,-153.07,169.12,-54.43,8.99
7458.6803,-154.38,169.45,-55.44,9.07
7458.7201,-155.50,169.73,-56.37,8.83
7458.7528,-156.64,170.01,-57.42,8.75
7458.7849,-157.60,170.24,-58.39,8.61
7458.8171,-158.42,170.45,-59.23,8.45
7458.8491,-159.12,170.62,-59.99,8.19
7458.8966,-159.91,170.84,-60.84,8.13
7458.9291,-160.56,171.02,-61.55,8.03
7458.9611,-161.12,171.18,-62.18,7.75
7458.9925,-161.87,171.33,-63.42,7.73
7459.0244,-162.51,171.45,-64.54,7.67
7459.0567,-163.05,171.55,-65.55,7.58
7459.0882,-163.51,171.64,-66.45,7.28
7459.1203,-164.23,171.73,-68.17,7.28
7459.1526,-164.85,171.81,-69.73,7.25
7459.1771,-165.38,171.88,-71.14,7.20
7459.2089,-165.82,171.93,-72.41,6.94
7459.2410,-166.56,171.97,-74.97,6.99
7459.2730,-167.19,172.00,-77.32,7.01
7459.3050,-167.73,172.02,-79.45,7.00
7459.3369,-168.16,172.09,-81.01,6.72
7459.3685,-169.01,172.10,-85.07,6.86
7459.4087,-169.73,172.11,-88.85,6.95
7459.4408,-170.35,172.12,-92.35,6.67
7459.4722,-171.52,172.14,-99.70,6.99
7459.5042,-172.52,172.16,-106.88,7.22
7459.5301,-173.36,172.17,-113.73,7.39
7459.5566,-174.08,172.18,-120.16,7.02
7459.5919,-174.70,172.18,-126.11,6.66
7459.6239,-175.22,172.18,-131.52,6.31
7459.6555,-176.41,172.21,-144.97,6.67
7459.6875,-177.43,172.24,-157.76,6.50
7459.7195,-178.29,172.25,-169.57,6.30
7459.7512,-179.03,172.26,-180.08,6.09
7459.7831,-179.03,172.32,-199.49,6.52
7459.8148,-179.03,172.36,-216.06,6.36
7459.8472,-179.03,172.40,-229.62,6.17
7459.8797,-179.03,172.43,-240.52,5.95
7459.9110,-179.03,172.52,-260.69,6.65
7459.9435,-179.03,172.60,-275.17,6.85
7459.9757,-179.03,172.67,-285.65,6.96
7460.0077,-179.03,172.73,-293.39,7.01
7460.0402,-179.03,172.82,-302.04,7.11
7460.0722,-179.03,172.90,-308.37,7.14
7460.1051,-179.03,172.96,-313.13,7.12
7460.1369,-179.03,173.05,-319.47,7.71
7460.1687,-179.03,173.12,-324.08,7.71
7460.1935,-179.03,173.18,-327.53,7.65
7460.2251,-179.03,173.23,-330.18,7.55
7460.2574,-179.03,173.31,-334.00,8.11
7460.2898,-179.03,173.38,-336.85,8.05
7460.3219,-179.03,173.43,-339.01,7.93
7460.3546,-179.03,173.47,-340.69,7.78
7460.3865,-179.03,173.63,-343.66,8.48
7460.4182,-179.03,173.77,-345.91,8.43
7460.4584,-179.03,173.89,-347.64,8.32
7460.4974,-179.03,174.05,-349.82,8.93
7460.5250,-179.03,174.20,-351.47,8.93
7460.5567,-179.03,174.35,-352.77,8.86
7460.5926,-179.03,174.48,-353.79,8.74
7460.6170,-179.03,174.61,-354.68,8.59
7460.6491,-179.03,174.73,-355.40,8.42
7460.6810,-179.03,174.85,-356.02,8.23
7460.7131,-179.03,174.96,-356.53,8.02
7460.7455,-179.03,175.02,-356.85,7.92
7460.7777,-179.03,175.10,-357.16,7.70
7460.8094,-179.03,175.16,-357.43,7.48
7460.8416,-179.03,175.22,-357.64,7.27
7460.8738,-179.03,175.36,-358.00,7.09
7460.9064,-179.03,175.45,-358.26,6.90
7460.9387,-179.03,175.54,-358.48,6.72
7460.9707,-179.03,175.61,-358.66,6.54
7461.0031,-179.03,175.78,-359.00,6.42
7461.0273,-179.03,175.94,-359.32,6.29
7461.0586,-179.03,176.08,-359.59,6.16
7461.0906,-179.03,176.20,-359.81,6.02
7461.1223,-179.03,176.43,-359.81,5.96
7461.1541,-179.03,176.64,-359.81,5.88
7461.1857,-179.03,176.82,-359.81,5.79
7461.2101,-179.03,176.98,-359.81,5.68
7461.2423,-179.03,177.32,-359.81,5.70
7461.2740,-179.03,177.62,-359.81,5.68
7461.3056,-179.03,177.88,-359.81,5.62
7461.3426,-179.03,178.20,-359.81,5.99
7461.3749,-179.03,178.45,-359.81,5.93
7461.4081,-179.03,178.66,-359.81,5.84
7461.4405,-179.03,178.85,-359.81,5.72
7461.4725,-179.03,179.14,-359.81,6.09
7461.4966,-179.03,179.41,-359.81,6.38
7461.5269,-179.03,179.65,-359.81,6.60
7461.5589,-179.03,179.93,-359.81,6.41
7461.5847,-179.03,179.93,-359.81,7.07
7461.6251,-179.03,179.93,-359.81,7.60
7461.6572,-179.03,179.93,-359.81,6.69
7461.6897,-179.03,179.93,-359.81,5.85
7461.7216,-179.03,179.93,-359.81,7.16
7461.7532,-179.03,179.83,-359.81,8.23
7461.7852,-179.03,179.61,-359.81,6.88
7461.8173,-179.03,179.61,-359.81,9.09
7461.8497,-179.03,179.61,-359.81,10.81
7461.8819,-179.03,179.61,-359.81,12.14
7461.9141,-179.03,179.61,-359.81,11.28
7461.9462,-179.03,179.61,-359.81,12.67
7461.9775,-179.03,179.61,-359.81,13.66
7462.0092,-179.03,179.61,-359.81,14.33
7462.0415,-179.03,179.61,-359.81,13.55
7462.0733,-179.03,179.61,-359.81,14.52
7462.1055,-179.03,179.61,-359.81,15.16
7462.1378,-179.03,179.61,-359.81,14.50
7462.1697,-179.03,179.61,-359.81,13.74
7462.2015,-179.03,179.61,-359.81,14.48
7462.2258,-179.03,179.61,-359.81,14.94
7462.2581,-179.03,179.61,-359.81,14.00
7462.2899,-179.03,179.61,-359.81,13.03
7462.3217,-179.03,179.61,-359.81,14.05
7462.3541,-179.03,179.61,-359.81,14.76
7462.3855,-179.03,179.61,-359.81,13.38
7462.4251,-179.03,179.61,-359.81,15.11
7462.4571,-179.03,179.61,-359.81,16.39
7462.4891,-179.03,179.61,-359.81,17.30
7462.5264,-179.03,179.61,-359.81,15.68
7462.5585,-179.03,179.61,-359.81,17.38
7462.5902,-179.03,179.61,-359.81,18.59
7462.6151,-179.03,179.61,-359.81,17.81
7462.6559,-179.03,179.61,-359.81,18.59
7462.6880,-179.03,179.61,-359.81,19.02
7462.7205,-179.03,179.61,-359.81,19.17
7462.7526,-179.03,179.61,-359.81,19.15
7462.7851,-179.03,179.61,-359.81,18.60
7462.8170,-179.03,179.61,-359.81,17.99
7462.8493,-179.03,179.61,-359.81,17.34
7462.8815,-179.03,179.61,-359.81,16.88
7462.9136,-179.03,179.61,-359.81,15.99
7462.9454,-179.03,179.61,-359.81,15.16
7462.9771,-179.03,179.61,-359.81,15.24
7463.0090,-179.03,179.61,-359.81,15.28
7463.0419,-179.03,179.61,-359.81,13.62
7463.0741,-179.03,179.61,-359.81,12.23
7463.1061,-179.03,179.61,-359.81,12.43
7463.1386,-179.03,179.61,-359.81,10.64
7463.1706,-179.03,179.61,-359.81,9.25
7463.2031,-179.03,179.61,-359.81,8.20
7463.2352,-179.03,179.61,-359.81,8.02
7463.2597,-179.03,179.61,-359.81,7.25
7463.2923,-179.03,179.61,-359.81,6.71
7463.3245,-179.03,179.61,-359.81,6.33
7463.3563,-179.03,179.61,-359.81,6.07
7463.3882,-179.03,179.61,-359.81,5.90
7463.4208,-179.03,179.61,-359.81,5.78
7463.4524,-179.03,179.61,-359.81,5.67
7463.4768,-179.03,179.61,-359.81,5.59
7463.5083,-179.03,179.61,-359.81,5.64
7463.5436,-179.03,179.61,-359.81,5.70
7463.5756,-179.03,179.61,-359.81,5.59
7463.6075,-179.03,179.61,-359.81,5.51
7463.6428,-179.03,179.61,-359.81,5.44
7463.6684,-179.03,179.61,-359.81,5.39
7463.7007,-179.03,179.61,-359.81,5.44
7463.7335,-179.03,179.61,-359.81,5.48
7463.7657,-179.03,179.61,-359.81,5.51
7463.7975,-179.03,179.61,-359.81,6.05
7463.8289,-179.03,179.61,-359.81,6.38
7463.8605,-179.03,179.61,-359.81,6.66
7463.8922,-179.03,179.61,-359.81,6.89
7463.9240,-179.03,179.61,-359.81,7.06
7463.9567,-179.03,179.61,-359.81,7.05
7463.9893,-179.03,179.61,-359.81,7.34
7464.0216,-179.03,179.61,-359.81,7.57
7464.0541,-179.03,179.61,-359.81,7.73
7464.0855,-179.03,179.61,-359.81,7.85
7464.1179,-179.03,179.61,-359.81,7.95
7464.1502,-179.03,179.61,-359.81,8.02
7464.1824,-179.03,179.61,-359.81,8.07
7464.2147,-179.03,179.61,-359.81,8.08
7464.2468,-179.03,179.61,-359.81,8.08
7464.2783,-179.03,179.61,-359.81,8.06
7464.3104,-179.03,179.61,-359.81,8.02
7464.3427,-179.03,179.61,-359.81,8.19
7464.3749,-179.03,179.61,-359.81,8.32
7464.4070,-179.03,179.61,-359.81,8.43
7464.4395,-179.03,179.61,-359.81,7.78
7464.4715,-179.03,179.61,-359.81,8.65
7464.5038,-179.03,179.61,-359.81,9.41
7464.5366,-179.03,179.61,-359.81,8.66
7464.5763,-179.03,179.61,-359.81,9.80
7464.6083,-179.03,179.61,-359.81,10.72
7464.6403,-179.03,179.61,-359.81,11.43
7464.6676,-179.03,179.61,-359.81,11.32
7464.6977,-179.03,179.61,-359.81,11.79
7464.7298,-179.03,179.61,-359.81,12.09
7464.7617,-179.03,179.61,-359.81,12.25
7464.7938,-179.03,179.61,-359.81,12.26
7464.8260,-179.03,179.61,-359.81,12.21
7464.8579,-179.03,179.61,-359.81,12.09
7464.8907,-179.03,179.61,-359.81,11.94
7464.9224,-179.03,179.61,-359.81,11.79
7464.9549,-179.03,179.61,-359.81,11.53
7464.9868,-179.03,179.61,-359.81,11.28
7465.0191,-179.03,179.61,-359.81,11.52
7465.0513,-179.03,179.61,-359.81,10.64
7465.0758,-179.03,179.61,-359.81,9.95
7465.1083,-179.03,179.61,-359.81,9.40
7465.1392,-179.03,179.61,-359.81,10.22
7465.1707,-179.03,179.61,-359.81,11.02
7465.2033,-179.03,179.61,-359.81,9.51
7465.2359,-179.03,179.61,-359.81,8.44
7465.2685,-179.03,179.61,-359.81,8.86
7465.2916,-179.03,179.61,-359.81,7.54
7465.3236,-179.03,179.61,-359.81,6.81
7465.3559,-179.03,179.61,-359.81,6.48
7465.3881,-179.03,179.61,-359.81,6.25
7465.4210,-179.03,179.61,-359.81,6.16
7465.4534,-179.03,179.61,-359.81,6.13
7465.4857,-179.03,179.61,-359.81,6.11
7465.5105,-179.03,179.61,-359.81,6.06
7465.5433,-179.03,179.61,-359.81,5.98
7465.5821,-179.03,179.61,-359.81,5.86
7465.6084,-179.03,179.61,-359.81,5.74
7465.6408,-179.03,179.61,-359.81,5.63
7465.6682,-179.03,179.61,-359.81,5.53
7465.7093,-179.03,179.61,-359.81,5.43
7465.7412,-179.03,179.61,-359.81,5.35
7465.7737,-179.03,179.61,-359.81,5.29
7465.8057,-179.03,179.61,-359.81,5.25
7465.8377,-179.03,179.61,-359.81,5.25
7465.8699,-179.03,179.61,-359.81,5.28
7465.9015,-179.03,179.61,-359.81,5.33
7465.9335,-179.03,179.61,-359.81,5.40
7465.9660,-179.03,179.61,-359.81,5.50
7465.9976,-179.03,179.61,-359.81,5.59
7466.0303,-179.03,179.61,-359.81,5.69
7466.0621,-179.03,179.61,-359.81,5.80
7466.0922,-179.03,179.61,-359.81,5.87
7466.1244,-179.03,179.61,-359.81,5.94
7466.1568,-179.03,179.61,-359.81,6.02
7466.1886,-179.03,179.61,-359.81,6.09
7466.2214,-179.03,179.61,-359.81,6.21
7466.2530,-179.03,179.61,-359.81,6.32
7466.2851,-179.03,179.61,-359.81,6.41
7466.3089,-179.03,179.61,-359.81,6.49
7466.3405,-179.03,179.61,-359.81,6.50
7466.3765,-179.03,179.61,-359.81,6.52
7466.4071,-179.03,179.61,-359.81,6.54
7466.4393,-179.03,179.61,-359.81,6.55
7466.4713,-179.03,179.61,-359.81,6.57
7466.5031,-179.03,179.61,-359.81,6.59
7466.5356,-179.03,179.61,-359.81,6.62
7466.5599,-179.03,179.61,-359.81,6.64
7466.5845,-179.03,179.61,-359.81,6.85
7466.6247,-179.03,179.61,-359.81,6.92
7466.6570,-179.03,179.61,-359.81,6.98
7466.6891,-179.03,179.61,-359.81,7.05
7466.7092,-179.03,179.61,-359.81,7.68
7466.7421,-179.03,179.61,-359.81,7.05
7466.7743,-179.03,179.61,-359.81,6.58
7466.8061,-179.03,179.61,-359.81,6.23
7466.8383,-179.03,179.61,-359.81,6.62
7466.8708,-179.03,179.61,-359.81,7.03
7466.9034,-179.03,179.61,-359.81,7.43
7466.9359,-179.03,179.61,-359.81,7.21
7466.9676,-179.03,179.61,-359.81,7.11
7466.9999,-179.03,179.61,-359.81,7.09
7467.0315,-179.03,179.61,-359.81,6.15
7467.0631,-179.03,179.61,-359.81,6.01
7467.0930,-179.03,179.61,-359.81,5.96
7467.1254,-179.03,179.61,-359.81,5.99
7467.1571,-179.03,179.61,-359.81,4.80
7467.1896,-179.03,179.61,-359.81,4.64
7467.2219,-179.03,179.61,-359.81,4.59
7467.2532,-179.03,179.61,-359.81,4.60
7467.2849,-179.03,179.61,-359.81,3.82
7467.3092,-179.03,179.61,-359.81,3.58
7467.3415,-179.03,179.61,-359.81,3.41
7467.3736,-179.03,179.61,-359.81,3.28
7467.4059,-179.03,179.61,-359.81,3.55
7467.4379,-179.03,179.61,-359.81,3.45
7467.4704,-179.03,179.61,-359.81,3.28
7467.5030,-179.03,179.61,-359.81,3.07
7467.5351,-179.03,179.61,-359.81,3.02
7467.5602,-179.03,179.61,-359.81,2.89
7467.5925,-179.03,179.61,-359.81,2.69
7467.6244,-179.03,179.61,-359.81,2.41
7467.6568,-179.03,179.61,-359.81,2.62
7467.6817,-179.03,179.61,-359.81,2.69
7467.7220,-179.03,179.02,-359.81,2.61
7467.7546,-179.03,179.43,-359.81,4.87
7467.7707,-179.03,179.27,-359.81,6.72
7467.8027,-179.03,179.09,-359.81,6.78
7467.8346,-179.03,178.92,-359.81,6.65
7467.8667,-179.03,178.76,-359.81,6.38
7467.8993,-179.03,178.61,-359.81,8.23
7467.9316,-179.03,178.50,-359.81,9.68
7467.9639,-179.03,178.40,-359.81,9.07
7467.9964,-179.03,178.25,-359.81,10.24
7468.0285,-179.03,178.12,-359.81,11.06
7468.0609,-179.03,178.01,-359.81,11.60
7468.0936,-179.03,177.41,-358.58,10.77
7468.1256,-179.03,176.22,-354.47,11.83
7468.1575,-179.03,175.28,-350.28,12.58
7468.1896,-179.03,174.53,-346.06,13.09
7468.2224,-179.03,173.91,-341.85,11.40
7468.2546,-179.03,173.01,-332.00,12.10
7468.2865,-179.03,172.30,-320.86,12.49
7468.3189,-179.03,171.66,-308.10,10.78
7468.3592,-179.03,170.97,-279.09,11.66
7468.3913,-179.03,170.31,-239.84,12.18
7468.4230,-179.03,169.63,-195.73,12.41
7468.4551,-178.39,168.96,-158.05,11.14
7468.4880,-173.03,167.52,-115.69,12.32
7468.5196,-168.37,166.15,-93.14,13.11
7468.5526,-164.39,164.90,-80.28,12.35
7468.5917,-159.52,163.07,-70.60,12.98
7468.6246,-155.34,161.42,-64.64,13.30
7468.6584,-151.77,159.92,-60.67,13.39
7468.6903,-148.72,158.57,-57.84,12.15
7468.7134,-143.47,157.47,-52.39,13.17
7468.7401,-139.03,156.52,-48.59,13.90
7468.7722,-135.30,155.67,-45.88,14.39
7468.8040,-132.14,154.93,-43.84,12.28
7468.8361,-125.12,154.32,-38.47,14.57
7468.8693,-119.31,153.89,-34.67,16.36
7468.9011,-114.57,153.51,-32.06,17.72
7468.9334,-110.63,153.25,-30.07,15.86
7468.9653,-107.34,153.13,-28.52,14.04
7468.9976,-104.53,153.14,-27.20,12.31
7469.0295,-99.16,147.49,-25.45,13.26
7469.0618,-94.62,135.63,-24.11,13.22
7469.0927,-90.78,103.00,-23.06,13.01
7469.1249,-87.54,44.57,-22.19,12.69
7469.1505,-82.62,15.97,-22.64,13.34
7469.1906,-78.45,8.80,-23.00,12.91
7469.2236,-74.90,5.57,-23.29,12.42
7469.2548,-68.29,3.77,-24.27,13.92
7469.2875,-62.68,2.70,-25.05,15.23
7469.3189,-57.91,1.94,-25.67,16.28
7469.3592,-53.82,1.45,-26.15,15.94
7469.3912,-49.07,0.71,-25.78,16.57
7469.4236,-45.03,0.21,-25.48,16.92
7469.4555,-41.60,-0.15,-25.24,16.29
7469.4875,-38.69,-0.44,-25.04,15.58
7469.5194,-34.76,-0.84,-24.22,16.04
7469.5431,-31.41,-1.11,-23.54,16.26
7469.5753,-28.57,-1.29,-22.97,15.20
7469.6073,-26.12,-1.40,-22.49,14.15
7469.6396,-22.99,-1.58,-21.41,13.97
7469.6715,-20.33,-1.67,-20.50,13.67
7469.7037,-18.06,-1.72,-19.74,12.49
7469.7359,-14.97,-1.80,-18.48,12.27
7469.7603,-12.34,-1.82,-17.42,11.94
7469.7932,-10.10,-1.79,-16.52,11.53
7469.8240,-8.20,-1.74,-15.76,10.84
7469.8561,-6.37,-1.69,-15.02,10.29
7469.8877,-4.81,-1.62,-14.40,9.74
7469.9205,-3.49,-1.55,-13.86,9.21
7469.9443,-2.37,-1.48,-13.41,8.77
7469.9755,-1.61,-1.51,-13.21,8.28
7470.0093,-0.97,-1.53,-13.03,7.86
7470.0417,-0.43,-1.55,-12.88,7.49
7470.0735,0.03,-1.53,-12.78,7.24
7470.1057,0.19,-1.54,-12.76,6.97
7470.1390,0.33,-1.55,-12.74,6.77
7470.1703,0.45,-1.56,-12.72,6.63
7470.2016,0.57,-1.57,-12.71,6.58
7470.2334,0.49,-1.36,-12.78,6.32
7470.2659,0.42,-1.19,-12.84,6.14
7470.2981,0.37,-1.04,-12.89,6.80
7470.3303,0.32,-0.91,-12.95,7.41
7470.3622,-0.48,1.09,-13.09,6.18
7470.3941,-1.15,2.80,-13.21,5.32
7470.4260,-1.72,4.25,-13.31,4.79
7470.4584,-2.38,7.61,-13.28,3.55
7470.4901,-2.94,10.47,-13.26,3.50
7470.5225,-3.44,12.90,-13.24,3.62
7470.5544,-3.87,14.97,-13.22,3.78
7470.5863,-2.92,18.04,-12.96,3.63
7470.6185,-2.11,20.66,-12.74,3.39
7470.6505,-1.41,22.89,-12.55,3.15
7470.6833,-0.83,24.74,-12.39,2.88
7470.7159,0.47,25.46,-11.61,2.37
7470.7476,1.58,26.08,-10.95,1.90
7470.7797,2.52,26.63,-10.38,1.48
7470.8114,4.06,24.31,-9.24,1.92
7470.8438,5.37,22.36,-8.26,2.74
7470.8761,6.50,20.72,-7.44,3.37
7470.9090,7.46,19.34,-6.74,3.86
7470.9409,8.30,18.17,-6.17,4.23
7470.9739,9.02,17.18,-5.69,2.55
7471.0058,9.05,13.88,-5.30,3.37
7471.0370,9.10,11.07,-4.99,3.95
7471.0697,9.16,8.67,-4.73,4.34
7471.1012,9.23,6.64,-4.50,4.82
7471.1334,8.69,5.22,-4.82,4.83
7471.1658,8.22,4.03,-5.13,4.78
7471.1983,7.82,3.03,-5.39,4.68
7471.2307,7.48,2.18,-5.60,4.55
7471.2632,6.45,1.37,-6.03,4.51
7471.2956,5.57,0.71,-6.40,4.47
7471.3278,4.81,0.15,-6.71,4.40
7471.3597,4.15,-0.31,-6.94,4.33
7471.3914,3.56,-0.72,-7.15,4.25
7471.4236,3.06,-1.07,-7.32,4.17
7471.4558,2.63,-1.36,-7.47,4.05
7471.4883,2.12,-1.59,-7.61,4.00
7471.5205,1.71,-1.80,-7.72,3.95
7471.5532,1.35,-1.98,-7.81,3.77
7471.5844,1.05,-2.13,-7.89,3.59
7471.6168,0.34,-2.23,-8.04,3.70
7471.6494,-0.26,-2.31,-8.17,3.79
7471.6819,-0.77,-2.38,-8.28,3.78
7471.7135,-1.23,-2.41,-8.35,3.76
7471.7456,-1.62,-2.44,-8.41,3.73
7471.7784,-1.94,-2.49,-8.49,3.68
7471.8096,-2.21,-2.54,-8.55,3.64
7471.8421,-2.44,-2.57,-8.61,3.59
7471.8744,-2.63,-2.60,-8.65,3.54
7471.9067,-2.81,-2.61,-8.68,3.48
7471.9383,-2.93,-2.62,-8.73,3.40
7471.9699,-3.03,-2.64,-8.77,3.32
7472.0021,-3.12,-2.65,-8.80,3.24
7472.0347,-3.18,-2.69,-8.79,3.17
7472.0671,-3.24,-2.70,-8.80,3.10
7472.0993,-3.29,-2.72,-8.81,3.03
7472.1309,-3.32,-2.76,-8.81,2.97
7472.1634,-3.34,-2.79,-8.80,2.90
7472.1953,-3.39,-2.78,-8.84,2.84
7472.2272,-3.43,-2.76,-8.87,2.79
7472.2593,-3.49,-2.72,-8.87,2.74
7472.2916,-3.50,-2.74,-8.88,2.70
7472.3240,-3.52,-2.75,-8.90,2.67
7472.3565,-3.53,-2.76,-8.91,2.63
7472.3895,-3.54,-2.79,-8.90,2.61
7472.4206,-3.59,-2.74,-8.94,2.58
7472.4524,-3.64,-2.70,-8.98,2.54
7472.4845,-3.67,-2.67,-9.01,2.51
7472.5165,-3.70,-2.70,-9.03,2.48
7472.5486,-3.68,-2.72,-9.02,2.46
7472.5809,-3.67,-2.73,-9.01,2.43
7472.6133,-3.61,-2.72,-8.99,2.36
7472.6450,-3.57,-2.71,-8.98,2.32
7472.6611,-3.54,-2.72,-8.97,2.29
7472.6937,-3.52,-2.72,-8.96,2.26
7472.7260,-3.50,-2.73,-8.95,2.23
7472.7582,-3.49,-2.76,-8.94,2.22
7472.7902,-3.48,-2.75,-8.93,2.20
7472.8223,-3.47,-2.75,-8.92,2.19
7472.8546,-3.45,-2.74,-8.98,2.15
7472.8870,-3.42,-2.72,-9.04,2.16
7472.9188,-3.40,-2.75,-9.07,2.17
7472.9510,-3.39,-2.77,-9.09,2.17
7472.9837,-3.22,-2.38,-8.96,1.87
7473.0154,-3.09,-2.05,-8.85,1.88
7473.0475,-2.98,-1.77,-8.76,1.92
7473.0793,-2.89,-1.53,-8.68,1.97
7473.1113,-2.97,0.49,-8.41,1.95
7473.1427,-3.02,2.25,-8.18,2.04
7473.1747,-3.07,3.75,-7.98,2.09
7473.2072,-3.12,5.03,-7.81,2.10
7473.2395,-3.37,8.09,-7.39,3.48
7473.2704,-3.62,10.70,-7.03,4.89
7473.3025,-3.84,12.91,-6.72,4.93
7473.3347,-4.11,16.24,-6.24,6.16
7473.3667,-4.37,19.07,-5.83,7.15
7473.3990,-4.62,21.46,-5.47,7.92
7473.4313,-4.86,23.49,-5.16,7.19
7473.4631,-5.13,26.75,-4.95,7.86
7473.4947,-5.39,29.52,-4.75,8.31
7473.5270,-5.63,31.88,-4.58,8.58
7473.5598,-5.86,33.88,-4.44,7.66
7473.5914,-6.37,36.77,-4.41,7.91
7473.6232,-6.85,39.21,-4.38,7.99
7473.6558,-7.28,41.29,-4.35,7.57
7473.6881,-7.68,43.05,-4.33,7.09
7473.7206,-8.19,45.13,-4.29,7.14
7473.7531,-8.65,46.91,-4.23,7.09
7473.7850,-9.06,48.43,-4.19,6.28
7473.8174,-10.27,50.87,-3.95,6.68
7473.8340,-11.40,52.95,-3.74,6.92
7473.8657,-12.44,54.74,-3.56,7.03
7473.8980,-13.41,56.26,-3.40,6.03
7473.9302,-14.28,57.56,-3.26,5.06
7473.9622,-16.42,60.23,-3.19,5.71
7473.9948,-18.47,62.48,-3.13,6.16
7474.0260,-20.43,64.40,-3.08,5.45
7474.0580,-23.39,67.36,-3.23,6.03
7474.0895,-26.39,69.89,-3.37,6.42
7474.1218,-29.40,72.03,-3.49,6.65
7474.1457,-32.37,73.85,-3.59,6.46
7474.1922,-35.79,75.56,-3.57,6.35
7474.2246,-39.15,77.04,-3.58,6.18
7474.2570,-42.35,78.30,-3.59,6.00
7474.2896,-45.34,79.37,-3.60,5.78
7474.3296,-48.08,80.26,-3.56,5.53
7474.3623,-50.59,81.03,-3.51,5.28
7474.3949,-52.84,81.68,-3.47,5.02
7474.4263,-54.92,82.26,-3.34,4.80
7474.4426,-56.76,82.75,-3.23,4.59
7474.4751,-58.35,83.16,-3.14,4.40
7474.5076,-59.74,83.51,-3.07,4.22
7474.5395,-60.84,83.79,-2.90,4.06
7474.5715,-61.84,84.03,-2.74,3.91
7474.6040,-62.70,84.24,-2.61,3.78
7474.6356,-63.45,84.42,-2.50,3.65
7474.6755,-63.59,84.52,-2.42,3.63
7474.7075,-63.86,84.62,-2.28,3.63
7474.7395,-64.09,84.71,-2.16,3.36
7474.7712,-63.15,84.78,-2.21,3.55
7474.8034,-62.31,84.83,-2.26,3.72
7474.8355,-61.70,84.91,-2.25,3.87
7474.8761,-61.16,84.97,-2.25,3.60
7474.9079,-59.85,85.16,-2.30,3.90
7474.9391,-58.67,85.35,-2.35,4.12
7474.9710,-57.55,85.52,-2.39,4.29
7475.0032,-56.51,85.66,-2.42,4.30
7475.0358,-58.04,86.24,-2.21,4.46
7475.0518,-59.76,86.74,-2.03,4.57
7475.0912,-61.55,87.17,-1.87,4.64
7475.1234,-63.38,87.54,-1.74,4.67
7475.1475,-74.09,88.66,-1.29,4.75
7475.1915,-85.29,89.63,-0.89,4.83
7475.2243,-95.81,90.45,-0.55,4.90
7475.2742,-117.21,92.16,-0.25,5.26
7475.3062,-132.03,93.63,0.02,5.57
7475.3387,-141.44,94.88,0.27,5.82
7475.3704,-147.55,95.94,0.48,6.02
7475.4027,-155.21,97.62,0.57,6.24
7475.4345,-159.82,98.99,0.62,6.38
7475.4664,-162.89,100.16,0.67,6.47
7475.4988,-166.20,101.36,0.54,6.78
7475.5310,-168.56,102.38,0.42,6.83
7475.5638,-170.29,103.25,0.33,6.85
7475.5956,-171.60,103.99,0.24,6.84
7475.6275,-172.74,105.01,0.22,6.98
7475.6592,-173.61,105.88,0.18,7.07
7475.6912,-174.29,106.63,0.14,7.13
7475.7233,-174.81,107.26,0.11,7.13
7475.7551,-174.29,108.06,0.47,6.97
7475.7869,-173.88,108.72,0.77,6.81
7475.8187,-173.55,109.28,1.04,6.75
7475.8597,-172.88,109.80,1.11,6.58
7475.8911,-172.58,110.26,1.09,6.43
7475.9238,-172.34,110.65,1.06,6.30
7475.9553,-172.14,110.98,1.05,6.58
7475.9873,-169.92,111.23,0.17,6.12
7476.0198,-168.21,111.38,-0.64,5.74
7476.0433,-166.81,111.52,-1.33,5.45
7476.0756,-165.67,111.66,-1.92,5.84
7476.1076,-162.76,111.57,-5.15,5.45
7476.1393,-160.37,111.58,-7.84,5.16
7476.1760,-158.43,111.65,-10.13,5.04
7476.2074,-156.89,111.75,-12.08,4.98
7476.2396,-155.83,112.23,-16.97,4.92
7476.2735,-155.03,112.72,-21.10,4.90
7476.3046,-154.49,113.18,-24.65,4.96
7476.3368,-154.10,113.92,-29.10,4.85
7476.3687,-153.93,114.58,-32.95,4.80
7476.4010,-153.58,115.14,-36.08,4.77
7476.4334,-153.36,115.62,-38.77,5.59
7476.4655,-152.81,117.63,-41.23,5.16
7476.4979,-152.70,119.47,-43.37,4.93
7476.5300,-152.79,121.08,-45.28,4.83
7476.5629,-152.99,122.47,-46.97,5.14
7476.5939,-153.13,124.01,-48.81,5.22
7476.6260,-153.40,125.33,-50.50,5.31
7476.6576,-153.69,126.45,-51.98,5.45
7476.6846,-153.98,127.42,-53.29,5.57
7476.7087,-154.32,128.40,-54.41,5.66
7476.7407,-154.72,129.17,-55.66,5.74
7476.7721,-155.08,129.82,-56.74,5.88
7476.8044,-155.40,130.37,-57.69,6.01
7476.8369,-155.54,130.73,-58.52,6.08
7476.8690,-155.68,131.15,-59.02,6.16
7476.9094,-155.80,131.51,-59.45,6.03
7476.9411,-156.28,131.80,-60.35,6.21
7476.9732,-156.59,131.91,-61.20,6.35
7477.0059,-156.85,132.01,-61.92,6.48
7477.0377,-157.06,132.08,-62.53,6.77
7477.0700,-156.48,131.99,-61.72,6.61
7477.1019,-156.12,131.93,-61.21,6.52
7477.1425,-155.81,131.89,-60.77,6.46
7477.1672,-155.55,131.84,-60.40,6.44
7477.2078,-155.98,132.16,-60.97,6.53
7477.2406,-156.27,132.39,-61.38,6.62
7477.2863,-156.52,132.58,-61.73,6.74
7477.3196,-156.54,132.77,-61.75,6.71
7477.3520,-156.70,132.90,-61.99,6.68
7477.3849,-156.84,133.02,-62.18,6.70
7477.4168,-156.99,133.03,-62.55,6.81
7477.4490,-157.13,133.04,-62.87,6.91
7477.4815,-157.19,133.09,-62.98,7.00
7477.5133,-157.24,133.13,-63.07,7.11
7477.5456,-157.22,133.24,-62.95,7.11
7477.5790,-157.19,133.29,-62.89,7.12
7477.6112,-157.17,133.33,-62.84,7.13
7477.6440,-157.14,133.37,-62.80,7.29
7477.6761,-157.13,133.72,-64.41,7.19
7477.7081,-157.11,134.07,-65.67,7.11
7477.7404,-157.09,134.37,-66.75,7.01
7477.7729,-157.14,134.75,-69.24,6.86
7477.8057,-157.20,135.09,-71.37,6.73
7477.8378,-157.27,135.34,-73.30,6.63
7477.8696,-157.34,135.55,-74.95,6.66
7477.9026,-158.27,136.46,-78.74,6.62
7477.9417,-159.09,137.18,-82.13,6.63
7477.9740,-159.81,137.77,-85.10,6.64
7478.0061,-160.43,138.26,-87.69,6.66
7478.0382,-161.49,139.18,-91.30,6.57
7478.0702,-162.43,139.92,-94.53,6.51
7478.1021,-163.24,140.53,-97.39,6.48
7478.1429,-163.94,141.03,-99.89,6.46
7478.1762,-164.45,141.45,-101.93,6.43
7478.1922,-165.07,141.91,-104.52,6.42
7478.2239,-165.60,142.29,-106.78,6.28
7478.2555,-166.06,142.61,-108.74,6.15
7478.2873,-166.45,142.87,-110.44,6.03
7478.3190,-167.55,143.43,-114.28,6.06
7478.3515,-168.48,143.88,-117.66,6.12
7478.3833,-169.28,144.24,-120.62,6.16
7478.4152,-169.96,144.53,-123.22,6.19
7478.4475,-171.03,144.94,-127.50,6.41
7478.4797,-171.94,145.27,-131.25,6.55
7478.5118,-172.72,145.53,-134.51,6.66
7478.5439,-173.38,145.68,-137.38,6.74
7478.5756,-174.00,146.05,-140.61,6.78
7478.6076,-174.54,146.35,-143.42,6.81
7478.6399,-175.00,146.60,-145.86,6.84
7478.6714,-175.24,147.08,-147.87,6.61
7478.7034,-175.46,147.49,-149.63,6.63
7478.7353,-175.65,147.83,-151.16,6.66
7478.7673,-175.82,148.12,-152.49,6.69
7478.7992,-175.77,148.72,-153.45,6.46
7478.8259,-175.75,149.23,-154.29,6.46
7478.8583,-175.74,149.66,-155.03,6.47
7478.8901,-175.74,150.03,-155.68,6.48
7478.9223,-175.60,150.56,-155.99,6.31
7478.9548,-175.48,151.01,-156.28,6.29
7478.9863,-175.39,151.39,-156.52,6.27
7479.0187,-175.31,151.74,-156.68,6.27
7479.0511,-175.22,152.42,-156.85,6.16
7479.0676,-175.16,153.00,-157.00,6.21
7479.0992,-175.12,153.49,-157.13,6.26
7479.1314,-175.06,153.86,-157.23,6.31
7479.1635,-174.98,154.62,-157.02,6.24
7479.1947,-174.92,155.26,-156.84,6.28
7479.2260,-174.88,155.81,-156.69,6.32
7479.2588,-174.84,156.27,-156.57,6.37
7479.3018,-174.81,156.82,-156.38,6.40
7479.3493,-174.79,157.28,-156.21,6.43
7479.3812,-174.78,157.82,-155.89,6.46
7479.4138,-174.71,158.46,-155.23,6.41
7479.4456,-174.66,159.01,-154.64,6.37
7479.4896,-174.62,159.48,-154.11,6.40
7479.5205,-174.60,160.30,-153.16,6.41
7479.5599,-174.58,160.99,-152.30,6.43
7479.5871,-174.57,161.57,-151.52,6.46
7479.6205,-174.56,162.08,-150.79,6.50
7479.6593,-174.55,162.50,-150.14,6.54
7479.6788,-174.54,162.87,-149.56,6.58
7479.7121,-174.56,163.39,-148.86,6.63
7479.7401,-174.60,163.86,-148.24,6.68
7479.7760,-174.62,164.26,-147.70,6.72
7479.8098,-174.65,164.59,-147.21,6.75
7479.8341,-174.66,164.94,-146.63,6.77
7479.8743,-174.67,165.23,-146.13,6.79
7479.9062,-174.69,165.49,-145.68,6.81
7479.9385,-174.68,165.77,-145.06,6.80
7479.9702,-174.67,166.00,-144.51,6.82
7479.9944,-174.68,166.20,-144.07,6.83
7480.0271,-174.68,166.37,-143.70,6.84
7480.0590,-174.66,166.54,-143.18,6.84
7480.0903,-174.65,166.68,-142.73,6.84
7480.1221,-174.64,166.81,-142.36,6.85
7480.1543,-174.63,166.91,-142.04,6.86
7480.1862,-174.59,167.06,-141.35,6.82
7480.2103,-174.56,167.19,-140.76,6.82
7480.2421,-174.53,167.29,-140.30,6.81
7480.2738,-174.51,167.38,-139.90,6.81
7480.3093,-174.50,167.45,-139.56,6.82
7480.3393,-174.48,167.51,-139.26,6.84
7480.3713,-174.46,167.65,-138.68,6.84
7480.4035,-174.44,167.77,-138.18,6.84
7480.4353,-174.43,167.87,-137.74,6.84
7480.4674,-174.41,167.96,-137.35,6.85
7480.4997,-174.40,168.09,-136.85,6.85
7480.5318,-174.40,168.20,-136.41,6.85
7480.5645,-174.39,168.29,-136.04,6.84
7480.5958,-174.44,168.46,-135.85,6.86
7480.6279,-174.48,168.61,-135.68,6.88
7480.6601,-174.51,168.73,-135.54,6.90
7480.6921,-174.54,168.84,-135.31,6.87
7480.7214,-174.71,169.14,-135.80,6.93
7480.7436,-174.87,169.39,-136.25,6.98
7480.7753,-175.00,169.60,-136.64,7.02
7480.8072,-175.11,169.77,-136.99,7.01
7480.8401,-175.32,170.15,-137.50,7.05
7480.8727,-175.50,170.47,-137.98,7.08
7480.9048,-175.65,170.73,-138.41,7.10
7480.9372,-175.79,170.97,-138.78,7.10
7480.9690,-175.99,171.37,-139.19,7.14
7480.9928,-176.17,171.70,-139.57,7.17
7481.0246,-176.32,171.98,-139.93,7.19
7481.0568,-176.45,172.23,-140.25,7.17
7481.0887,-176.59,172.55,-140.35,7.16
7481.1210,-176.71,172.82,-140.45,7.15
7481.1525,-176.82,173.05,-140.54,7.11
7481.1770,-176.91,173.25,-140.60,7.07
7481.2248,-177.03,173.43,-141.25,7.07
7481.2614,-177.14,173.59,-141.83,7.08
7481.2912,-177.23,173.72,-142.35,7.07
7481.3234,-177.28,173.82,-142.50,7.03
7481.3498,-177.33,173.91,-142.62,7.00
7481.3902,-177.37,173.99,-142.73,6.96
7481.4223,-177.41,174.05,-142.92,6.94
7481.4542,-177.44,174.10,-143.08,6.92
7481.4866,-177.47,174.14,-143.22,6.90
7481.5181,-177.47,174.17,-143.14,6.88
7481.5504,-177.48,174.19,-143.05,6.85
7481.5825,-177.49,174.22,-142.97,6.83
7481.6140,-177.49,174.23,-142.96,6.81
7481.6300,-177.50,174.24,-142.94,6.80
7481.6621,-177.50,174.25,-142.82,6.78
7481.6941,-177.49,174.26,-142.72,6.76
7481.7262,-177.49,174.26,-142.63,6.75
7481.7583,-177.49,174.26,-142.59,6.74
7481.7909,-177.49,174.26,-142.55,6.72
7481.8231,-177.48,174.26,-142.51,6.71
7481.8550,-177.47,174.25,-142.29,6.69
7481.8870,-177.45,174.24,-142.11,6.67
7481.9191,-177.44,174.24,-141.94,6.65
7481.9434,-177.44,174.24,-141.80,6.64
7481.9748,-177.43,174.24,-141.64,6.62
7482.0070,-177.42,174.24,-141.50,6.61
7482.0387,-177.41,174.25,-141.32,6.59
7482.0711,-177.40,174.25,-141.16,6.58
7482.1029,-177.39,174.22,-141.07,6.57
7482.1352,-177.37,174.21,-141.01,6.56
7482.1761,-177.36,174.19,-140.95,6.54
7482.2081,-177.35,174.18,-140.90,6.53
7482.2405,-177.36,174.16,-141.03,6.53
7482.2724,-177.35,174.15,-141.12,6.53
7482.3044,-177.35,174.14,-141.19,6.52
7482.3378,-177.35,174.12,-141.26,6.51
7482.3712,-177.35,174.11,-141.33,6.51
7482.4021,-177.35,174.09,-141.38,6.50
7482.4337,-177.35,174.08,-141.43,6.48
7482.4656,-177.36,174.06,-141.73,6.49
7482.4980,-177.36,174.05,-141.90,6.49
7482.5304,-177.37,174.03,-142.05,6.49
7482.5633,-177.37,174.02,-142.17,6.48
7482.5949,-177.37,173.99,-142.46,6.48
7482.6269,-177.38,173.96,-142.68,6.48
7482.6591,-177.38,173.94,-142.87,6.47
7482.6918,-177.38,173.90,-143.08,6.46
7482.7240,-177.37,173.87,-143.25,6.46
7482.7563,-177.38,173.84,-143.54,6.45
7482.7879,-177.39,173.82,-143.77,6.45
7482.8204,-177.38,173.74,-144.13,6.46
7482.8527,-177.39,173.69,-144.57,6.47
7482.8923,-177.40,173.64,-144.95,6.42
7482.9243,-177.40,173.59,-145.26,6.38
7482.9564,-177.42,173.25,-147.43,6.49
7482.9884,-177.46,172.97,-149.40,6.59
7483.0208,-177.49,172.73,-150.98,6.51
7483.0528,-177.50,171.91,-154.30,6.72
7483.0917,-177.53,171.20,-156.88,6.91
7483.1239,-177.55,170.60,-158.80,7.09
7483.1561,-177.58,170.09,-160.25,7.04
7483.1879,-177.65,169.22,-162.34,7.30
7483.2200,-177.71,168.47,-163.87,7.51
7483.2518,-177.78,167.83,-165.04,7.68
7483.2763,-177.83,167.29,-165.94,7.60
7483.3082,-177.80,166.24,-165.97,7.85
7483.3411,-177.81,165.33,-166.22,8.05
7483.3685,-177.84,164.56,-166.41,8.22
7483.4010,-177.87,163.90,-166.55,8.12
7483.4328,-177.72,162.58,-165.34,8.47
7483.4648,-177.64,161.45,-164.49,8.77
7483.4968,-177.58,160.48,-163.85,8.63
7483.5294,-177.55,159.67,-163.34,8.48
7483.5613,-177.30,158.07,-161.44,8.86
7483.5927,-177.14,156.69,-160.12,9.20
7483.6250,-177.04,155.52,-159.11,9.11
7483.6576,-176.29,153.39,-155.12,9.56
7483.6899,-175.71,151.57,-152.20,9.98
7483.7215,-175.30,149.98,-150.09,10.32
7483.7533,-174.98,148.62,-148.47,10.23
7483.7855,-173.27,146.37,-142.30,10.47
7483.8096,-171.84,144.39,-137.70,10.71
7483.8416,-170.65,142.70,-134.14,10.92
7483.8740,-169.65,141.23,-131.36,10.70
7483.9059,-167.41,139.11,-126.08,10.86
7483.9375,-165.49,137.24,-122.01,11.00
7483.9698,-163.85,135.62,-118.83,11.09
7484.0017,-162.44,134.20,-116.31,11.01
7484.0256,-159.59,132.65,-111.67,10.89
7484.0579,-157.14,131.29,-107.96,10.78
7484.0890,-155.02,130.10,-104.98,10.67
7484.1210,-153.18,129.05,-102.57,10.16
7484.1534,-148.19,126.85,-96.52,10.54
7484.1858,-143.86,124.86,-91.78,10.96
7484.2100,-140.12,123.06,-88.02,11.33
7484.2416,-136.90,121.46,-85.00,10.20
7484.2738,-128.95,117.45,-79.08,11.38
7484.3060,-122.15,113.75,-74.52,12.44
7484.3385,-116.40,110.33,-70.97,11.10
7484.3764,-105.72,103.44,-64.91,12.92
7484.4016,-97.21,96.75,-60.35,14.48
7484.4335,-90.45,90.45,-56.86,15.70
7484.4657,-85.03,84.65,-54.11,13.86
7484.4966,-76.37,72.91,-49.26,16.21
7484.5285,-69.88,61.76,-45.52,18.10
7484.5613,-64.91,51.86,-42.61,19.53
7484.5925,-60.96,43.38,-40.27,18.21
7484.6250,-55.89,34.30,-37.91,18.39
7484.6571,-51.67,27.25,-35.97,18.25
7484.6893,-48.17,21.81,-34.38,17.87
7484.7215,-45.24,17.58,-33.07,17.36
7484.7536,-42.75,14.10,-31.98,16.81
7484.7865,-40.65,11.38,-31.06,16.17
7484.8188,-38.88,9.19,-30.29,15.45
7484.8595,-37.37,7.40,-29.64,14.71
7484.8911,-36.09,5.95,-29.13,13.94
7484.9226,-35.01,4.74,-28.70,13.16
7484.9555,-34.10,3.75,-28.34,12.28
7484.9874,-33.14,2.65,-27.25,11.70
7485.0196,-32.31,1.83,-26.38,11.12
7485.0514,-31.60,1.16,-25.64,10.54
7485.0754,-30.98,0.60,-25.01,9.54
7485.1073,-29.21,0.00,-23.47,9.40
7485.1390,-27.68,-0.43,-22.16,9.21
7485.1707,-26.37,-0.76,-21.06,8.97
7485.2028,-25.26,-1.02,-20.12,7.86
7485.2273,-22.51,-1.43,-18.55,8.13
7485.2587,-20.16,-1.70,-17.23,8.30
7485.2917,-18.16,-1.88,-16.11,8.37
7485.3229,-16.46,-2.00,-15.17,7.32
7485.3549,-14.01,-2.30,-13.99,7.22
7485.3860,-11.91,-2.51,-12.99,7.02
7485.4256,-10.12,-2.66,-12.14,6.74
7485.4580,-8.60,-2.77,-11.42,6.40
7485.4899,-7.31,-2.84,-10.81,6.04
7485.5216,-6.18,-2.84,-9.75,5.69
7485.5543,-5.21,-2.81,-8.86,5.12
7485.5934,-4.39,-2.78,-8.09,4.58
7485.6180,-3.71,-2.75,-7.42,4.06
7485.6512,-2.72,-2.70,-6.67,3.88
7485.6828,-1.88,-2.64,-6.03,3.55
7485.7152,-1.17,-2.59,-5.49,3.21
7485.7469,-0.58,-2.55,-5.03,2.88
7485.7788,-0.08,-2.54,-4.53,2.61
7485.8111,0.35,-2.52,-4.12,2.35
7485.8431,0.72,-2.51,-3.76,2.10
7485.8753,0.48,-2.77,-4.34,1.81
7485.9074,0.29,-2.99,-4.84,1.80
7485.9395,0.12,-3.18,-5.26,1.82
7485.9716,0.01,-3.23,-5.55,1.87
7486.0040,-0.13,-3.17,-6.17,1.84
7486.0367,-0.26,-3.12,-6.70,1.95
7486.0688,-0.36,-3.08,-7.15,2.06
7486.1005,-0.41,-3.09,-7.46,2.16
7486.1323,-0.69,-2.43,-7.53,2.29
7486.1646,-0.93,-1.87,-7.59,2.43
7486.1970,-1.13,-1.40,-7.64,2.58
7486.2288,-1.27,-1.02,-7.71,2.72
7486.2612,-2.34,1.31,-7.71,2.62
7486.2936,-3.26,3.29,-7.70,2.71
7486.3256,-4.04,4.98,-7.70,2.86
7486.3577,-3.97,8.25,-7.86,2.32
7486.3894,-3.90,11.04,-8.00,2.79
7486.4213,-3.85,13.40,-8.11,3.14
7486.4536,-3.81,15.42,-8.19,3.41
7486.4858,-1.57,19.42,-8.21,3.47
7486.5177,0.40,22.84,-8.23,3.71
7486.5505,2.13,25.75,-8.25,3.86
7486.5815,3.62,28.24,-8.28,3.91
7486.6126,4.65,28.93,-7.72,3.93
7486.6450,5.53,29.52,-7.24,3.91
7486.6769,6.27,30.04,-6.84,3.87
7486.7088,6.91,30.43,-6.48,3.80
7486.7411,8.46,27.84,-5.11,2.80
7486.7748,9.79,25.66,-3.96,2.04
7486.8070,10.93,23.83,-2.98,1.47
7486.8392,12.08,20.19,-1.52,1.06
7486.8717,13.12,17.11,-0.29,2.05
7486.9045,14.05,14.49,0.75,2.77
7486.9368,14.82,12.18,1.61,3.29
7486.9693,15.08,10.65,2.14,3.19
7487.0011,15.31,9.35,2.59,3.25
7487.0331,15.52,8.24,2.98,3.24
7487.0652,15.72,7.32,3.21,3.18
7487.0972,15.50,6.17,2.79,3.35
7487.1295,15.30,5.19,2.44,3.46
7487.1614,15.13,4.37,2.15,3.52
7487.1934,15.27,3.44,0.47,3.58
7487.2256,15.37,2.66,-0.96,3.68
7487.2580,15.44,1.99,-2.17,3.74
7487.2902,15.49,1.41,-3.20,3.78
7487.3223,15.34,0.82,-4.59,4.01
7487.3544,15.20,0.33,-5.77,3.99
7487.3866,15.07,-0.09,-6.77,3.96
7487.4187,14.95,-0.40,-7.63,3.90
7487.4509,14.25,-0.70,-8.26,4.17
7487.4828,13.65,-0.95,-8.80,4.14
7487.5151,13.14,-1.15,-9.25,4.09
7487.5471,12.76,-1.22,-9.61,4.01
7487.5796,12.43,-1.28,-9.91,3.80
7487.6115,11.68,-1.32,-10.09,3.89
7487.6437,11.04,-1.36,-10.24,3.95
7487.6757,10.45,-1.38,-10.27,3.98
7487.7076,9.95,-1.41,-10.29,3.97
7487.7238,9.53,-1.43,-10.30,3.95
7487.7562,9.22,-1.47,-10.36,3.88
7487.7883,8.95,-1.52,-10.41,3.81
7487.8211,8.71,-1.57,-10.45,3.77
7487.8533,8.67,-1.50,-10.07,3.53
7487.8854,8.63,-1.43,-9.76,3.31
7487.9176,8.55,-1.37,-9.43,3.12
7487.9494,8.48,-1.31,-9.15,3.47
7487.9814,9.00,-0.52,-7.98,2.90
7488.0138,9.40,0.13,-6.92,2.46
7488.0465,9.73,0.69,-6.02,2.13
7488.0787,10.01,1.17,-5.25,2.05
7488.1106,10.18,1.65,-4.98,2.05
7488.1425,10.34,2.10,-4.76,2.07
7488.1745,10.48,2.48,-4.58,1.97
7488.2071,10.59,2.80,-4.42,1.89
7488.2390,10.41,3.13,-4.48,2.09
7488.2712,10.28,3.42,-4.53,2.26
7488.3032,10.17,3.66,-4.58,2.08
7488.3352,9.63,3.30,-4.52,2.42
7488.3677,9.17,2.98,-4.47,2.70
7488.3999,8.77,2.68,-4.42,2.95
7488.4318,8.44,2.43,-4.38,2.96
7488.4641,8.09,2.13,-4.27,3.04
7488.4965,7.79,1.88,-4.18,3.10
7488.5287,7.54,1.66,-4.10,3.13
7488.5616,7.32,1.43,-4.09,2.91
7488.5927,6.54,1.28,-3.35,3.25
7488.6246,5.88,1.15,-2.73,3.52
7488.6563,5.31,1.03,-2.19,3.20
7488.6886,4.85,0.88,-1.82,2.88
7488.7197,3.71,0.72,-0.93,3.30
7488.7512,2.74,0.57,-0.18,3.64
7488.7825,1.92,0.44,0.46,3.83
7488.8149,1.25,0.34,0.98,3.97
7488.8471,0.68,0.25,1.42,4.07
7488.8794,0.20,0.16,1.80,4.12
7488.9111,-0.23,0.07,2.12,4.14
7488.9437,-0.58,-0.00,2.39,4.13
7488.9760,-0.88,-0.07,2.62,4.10
7489.0077,-1.13,-0.13,2.82,4.06
7489.0398,-1.35,-0.18,2.99,3.96
7489.0724,-1.64,-0.23,3.00,3.96
7489.1029,-1.89,-0.32,2.97,3.95
7489.1350,-2.10,-0.40,2.94,3.85
7489.1676,-2.29,-0.47,2.92,3.75
7489.1995,-2.52,-0.58,2.86,3.73
7489.2318,-2.67,-0.62,2.73,3.70
7489.2642,-2.79,-0.65,2.63,3.68
7489.2962,-2.86,-0.66,2.52,3.60
7489.3282,-2.91,-0.66,2.43,3.52
7489.3602,-3.00,-0.73,2.29,3.45
7489.3922,-3.08,-0.79,2.17,3.38
7489.4245,-3.16,-0.78,2.11,3.32
7489.4568,-3.22,-0.77,2.03,3.26
7489.4887,-3.27,-0.75,1.96,3.21
7489.5050,-3.31,-0.74,1.90,3.14
7489.5373,-3.39,-0.82,1.95,3.13
7489.5701,-3.45,-0.88,1.99,3.11
7489.6014,-3.57,-0.96,1.92,3.09
7489.6336,-3.67,-1.02,1.85,3.07
7489.6654,-3.76,-0.98,1.80,3.06
7489.6977,-3.79,-1.00,1.69,3.04
7489.7296,-3.81,-1.01,1.60,3.02
7489.7611,-3.82,-1.02,1.52,2.96
7489.7928,-3.93,-1.01,1.49,2.98
7489.8255,-3.93,-1.05,1.41,3.00
7489.8577,-3.94,-1.09,1.35,3.02
7489.8898,-3.95,-1.12,1.29,3.04
7489.9211,-3.89,-0.90,1.43,2.98
7489.9540,-4.05,-0.99,1.20,2.94
7489.9858,-4.18,-1.06,1.00,2.91
7490.0183,-4.35,-1.08,1.21,2.94
7490.0501,-4.50,-1.08,1.39,3.02
7490.0835,-4.39,-0.97,1.14,3.09
7490.1150,-4.30,-0.87,0.93,3.14
7490.1470,-4.59,-0.84,0.88,3.55
7490.1792,-4.69,-0.80,0.77,3.66
7490.2114,-4.78,-0.77,0.68,3.74
7490.2433,-4.85,-0.74,0.60,3.80
7490.2757,-4.80,-0.80,0.61,3.72
7490.3077,-4.80,-0.81,0.60,3.65
7490.3392,-4.80,-0.81,0.59,3.58
7490.3708,-4.79,-0.82,0.58,3.51
7490.4032,-4.83,-0.85,0.56,3.45
7490.4351,-4.81,-0.86,0.57,3.40
7490.4676,-4.80,-0.88,0.58,3.34
7490.5002,-4.79,-0.89,0.59,3.29
7490.5327,-4.78,-0.92,0.60,3.25
7490.5651,-4.83,-0.94,0.59,3.25
7490.5980,-4.87,-0.95,0.59,3.25
7490.6297,-4.91,-0.97,0.59,3.25
7490.6460,-4.94,-0.98,0.59,3.23
7490.6780,-4.95,-0.99,0.58,3.21
7490.7100,-4.96,-1.00,0.58,3.19
7490.7415,-4.96,-1.00,0.58,3.17
7490.7732,-4.97,-1.01,0.57,3.15
7490.8047,-4.96,-1.02,0.57,3.13
7490.8364,-4.96,-1.03,0.57,3.11
7490.8690,-4.96,-1.03,0.57,3.09
7490.9015,-4.95,-1.04,0.57,3.08
7490.9333,-4.94,-1.04,0.57,3.06
7490.9655,-4.93,-1.05,0.57,3.05
7490.9984,-4.92,-1.05,0.57,3.03
7491.0296,-4.91,-1.07,0.57,3.01
7491.0622,-4.89,-1.08,0.57,3.00
7491.0952,-4.88,-1.08,0.58,2.98
7491.1262,-4.87,-1.09,0.58,2.97
7491.1588,-4.85,-1.09,0.58,2.96
7491.1904,-4.84,-1.10,0.58,2.94
7491.2145,-4.82,-1.10,0.58,2.94
7491.2432,-4.81,-1.11,0.58,2.93
7491.2919,-4.80,-1.11,0.58,2.92
7491.3240,-4.79,-1.12,0.58,2.91
7491.3560,-4.78,-1.13,0.58,2.91
7491.3879,-4.77,-1.13,0.59,2.90
7491.4201,-4.76,-1.14,0.59,2.89
7491.4522,-4.75,-1.14,0.59,2.89
7491.4841,-4.74,-1.15,0.59,2.88
7491.5160,-4.74,-1.15,0.59,2.88
7491.5473,-4.73,-1.15,0.59,2.87
7491.5792,-4.72,-1.15,0.59,2.87
7491.6106,-4.71,-1.16,0.59,2.86
7491.6314,-4.71,-1.17,0.59,2.86
7491.6743,-4.70,-1.17,0.59,2.86
7491.7057,-4.70,-1.18,0.59,2.86
7491.7372,-4.69,-1.18,0.59,2.85
7491.7691,-4.69,-1.19,0.59,2.85
7491.8014,-4.68,-1.19,0.58,2.85
7491.8329,-4.68,-1.19,0.58,2.84
7491.8648,-4.67,-1.20,0.58,2.84
7491.8974,-4.67,-1.20,0.58,2.84
7491.9303,-4.67,-1.20,0.58,2.84
7491.9607,-4.66,-1.21,0.58,2.83
7491.9932,-4.66,-1.21,0.57,2.83
7492.0269,-4.66,-1.21,0.57,2.83
7492.0568,-4.66,-1.21,0.57,2.83
7492.0904,-4.66,-1.21,0.57,2.83
7492.1227,-4.65,-1.21,0.57,2.83
7492.1460,-4.65,-1.22,0.57,2.83
7492.1859,-4.65,-1.22,0.57,2.82
7492.2178,-4.64,-1.22,0.57,2.82
7492.2491,-4.64,-1.23,0.57,2.82
7492.2810,-4.64,-1.23,0.57,2.82
7492.3127,-4.64,-1.23,0.57,2.82
7492.3444,-4.63,-1.23,0.58,2.82
7492.3769,-4.63,-1.23,0.58,2.82
7492.4268,-4.63,-1.24,0.58,2.81
7492.4459,-4.63,-1.24,0.58,2.81
7492.4628,-4.63,-1.24,0.58,2.81
7492.4976,-4.62,-1.24,0.58,2.81
7492.5216,-4.62,-1.25,0.58,2.80
7492.5563,-4.61,-1.25,0.58,2.80
7492.5923,-4.61,-1.25,0.58,2.80
7492.6247,-4.61,-1.26,0.58,2.80
7492.6515,-4.60,-1.26,0.58,2.79
7492.6891,-4.60,-1.26,0.58,2.79
7492.7150,-4.60,-1.27,0.58,2.79
7492.7519,-4.60,-1.27,0.58,2.78
7492.7779,-4.59,-1.27,0.58,2.78
7492.8031,-4.59,-1.27,0.58,2.78
7492.8345,-4.59,-1.27,0.58,2.78
7492.8663,-4.59,-1.27,0.58,2.78
7492.8975,-4.59,-1.27,0.57,2.78
7492.9289,-4.59,-1.27,0.57,2.77
7492.9602,-4.59,-1.28,0.57,2.77
7492.9921,-4.59,-1.28,0.57,2.77
7493.0238,-4.59,-1.28,0.57,2.77
7493.0557,-4.60,-1.28,0.57,2.77
7493.0873,-4.60,-1.28,0.57,2.77
7493.1192,-4.60,-1.28,0.57,2.77
7493.1502,-4.60,-1.28,0.57,2.77
7493.1820,-4.60,-1.28,0.56,2.77
7493.2135,-4.60,-1.28,0.56,2.76
7493.2450,-4.60,-1.28,0.56,2.76
7493.2769,-4.60,-1.28,0.56,2.77
7493.3093,-4.60,-1.28,0.56,2.77
7493.3409,-4.60,-1.29,0.56,2.77
7493.3730,-4.59,-1.29,0.56,2.77
7493.4045,-4.59,-1.29,0.56,2.77
7493.4366,-4.59,-1.29,0.56,2.77
7493.4687,-4.59,-1.29,0.56,2.77
7493.5012,-4.59,-1.29,0.56,2.77
7493.5330,-4.59,-1.29,0.56,2.76
7493.5646,-4.59,-1.30,0.56,2.76
7493.5983,-4.59,-1.30,0.56,2.76
7493.6303,-4.59,-1.30,0.56,2.76
7493.6626,-4.59,-1.30,0.56,2.76
7493.6948,-4.58,-1.30,0.56,2.76
7493.7273,-4.58,-1.30,0.56,2.76
7493.7594,-4.58,-1.30,0.56,2.76
7493.7913,-4.58,-1.31,0.56,2.76
7493.8235,-4.58,-1.31,0.56,2.76
7493.8559,-4.58,-1.31,0.56,2.76
7493.8877,-4.57,-1.31,0.56,2.76
7493.9199,-4.57,-1.31,0.56,2.76
7493.9517,-4.57,-1.31,0.56,2.76
7493.9843,-4.57,-1.31,0.56,2.76
7494.0160,-4.57,-1.32,0.56,2.76
7494.0481,-4.57,-1.32,0.56,2.76
7494.0803,-4.56,-1.32,0.56,2.75
7494.1121,-4.56,-1.33,0.57,2.75
7494.1442,-4.56,-1.33,0.57,2.75
7494.1767,-4.56,-1.33,0.57,2.75
7494.2088,-4.56,-1.34,0.57,2.75
7494.2411,-4.56,-1.34,0.57,2.75
7494.2730,-4.56,-1.34,0.57,2.75
7494.3051,-4.56,-1.34,0.57,2.75
7494.3375,-4.56,-1.34,0.57,2.75
7494.3700,-4.56,-1.35,0.57,2.75
7494.4020,-4.56,-1.35,0.57,2.74
7494.4341,-4.56,-1.35,0.57,2.74
7494.4661,-4.56,-1.35,0.58,2.74
7494.4986,-4.57,-1.35,0.58,2.74
7494.5305,-4.57,-1.35,0.58,2.74
7494.5621,-4.57,-1.35,0.58,2.74
7494.5939,-4.57,-1.36,0.58,2.74
7494.6255,-4.57,-1.36,0.58,2.74
7494.6498,-4.57,-1.36,0.58,2.74
7494.6841,-4.57,-1.36,0.58,2.74
7494.7209,-4.58,-1.36,0.58,2.74
7494.7535,-4.58,-1.36,0.58,2.74
7494.7848,-4.58,-1.37,0.58,2.74
7494.8164,-4.58,-1.37,0.58,2.74
7494.8481,-4.58,-1.37,0.58,2.74
7494.8646,-4.58,-1.37,0.58,2.74
7494.8961,-4.58,-1.37,0.58,2.74
7494.9281,-4.58,-1.37,0.59,2.74
7494.9599,-4.58,-1.37,0.59,2.73
7494.9915,-4.58,-1.37,0.59,2.73
7495.0238,-4.58,-1.37,0.59,2.73
7495.0564,-4.58,-1.37,0.59,2.73
7495.0881,-4.58,-1.37,0.59,2.73
7495.1196,-4.58,-1.37,0.60,2.73
7495.1515,-4.58,-1.37,0.60,2.73
7495.1837,-4.58,-1.37,0.60,2.73
7495.2160,-4.58,-1.37,0.60,2.73
7495.2481,-4.57,-1.37,0.60,2.72
7495.2809,-4.57,-1.37,0.60,2.72
7495.3132,-4.57,-1.37,0.60,2.73
7495.3452,-4.58,-1.36,0.61,2.73
7495.3765,-4.58,-1.36,0.61,2.73
7495.4088,-4.58,-1.36,0.61,2.73
7495.4411,-4.57,-1.36,0.61,2.73
7495.4734,-4.57,-1.35,0.61,2.73
7495.4897,-4.57,-1.35,0.61,2.73
7495.5215,-4.57,-1.35,0.61,2.73
7495.5533,-4.57,-1.35,0.61,2.73
7495.5858,-4.57,-1.35,0.61,2.73
7495.6182,-4.57,-1.34,0.61,2.73
7495.6501,-4.56,-1.34,0.61,2.73
7495.6822,-4.56,-1.34,0.61,2.73
7495.7147,-4.56,-1.34,0.61,2.73
7495.7469,-4.56,-1.34,0.62,2.72
7495.7792,-4.56,-1.34,0.62,2.72
7495.8110,-4.55,-1.34,0.62,2.72
7495.8426,-4.55,-1.34,0.62,2.72
7495.8744,-4.55,-1.33,0.62,2.72
7495.9065,-4.55,-1.33,0.62,2.72
7495.9387,-4.55,-1.33,0.62,2.72
7495.9710,-4.55,-1.33,0.62,2.72
7496.0030,-4.55,-1.33,0.62,2.72
7496.0351,-4.55,-1.32,0.62,2.72
7496.0669,-4.55,-1.32,0.62,2.72
7496.0994,-4.55,-1.32,0.62,2.72
7496.1310,-4.55,-1.31,0.62,2.72
7496.1628,-4.55,-1.31,0.62,2.72
7496.1947,-4.55,-1.31,0.63,2.72
7496.2271,-4.55,-1.31,0.63,2.72
7496.2590,-4.56,-1.31,0.63,2.73
7496.2908,-4.56,-1.30,0.63,2.73
7496.3229,-4.56,-1.30,0.63,2.73
7496.3551,-4.56,-1.30,0.63,2.73
7496.3872,-4.56,-1.30,0.63,2.73
7496.4192,-4.56,-1.30,0.63,2.74
7496.4522,-4.56,-1.30,0.63,2.74
7496.4846,-4.56,-1.31,0.64,2.74
7496.5164,-4.57,-1.31,0.64,2.74
7496.5486,-4.57,-1.31,0.64,2.74
7496.5807,-4.57,-1.31,0.64,2.75
7496.6129,-4.57,-1.30,0.64,2.75
7496.6444,-4.57,-1.30,0.64,2.75
7496.6613,-4.58,-1.30,0.64,2.75
7496.7089,-4.58,-1.30,0.64,2.75
7496.7405,-4.58,-1.30,0.64,2.75
7496.7725,-4.58,-1.31,0.64,2.75
7496.8048,-4.58,-1.30,0.64,2.76
7496.8371,-4.58,-1.30,0.64,2.76
7496.8695,-4.58,-1.30,0.64,2.76
7496.9017,-4.59,-1.30,0.63,2.76
7496.9339,-4.59,-1.30,0.63,2.76
7496.9662,-4.59,-1.30,0.63,2.76
7496.9985,-4.59,-1.30,0.63,2.76
7497.0303,-4.59,-1.30,0.64,2.76
7497.0616,-4.59,-1.30,0.64,2.76
7497.0936,-4.58,-1.30,0.64,2.76
7497.1253,-4.58,-1.30,0.64,2.76
7497.1574,-4.58,-1.30,0.64,2.76
7497.1899,-4.58,-1.30,0.64,2.76
7497.2220,-4.58,-1.30,0.64,2.76
7497.2545,-4.58,-1.30,0.64,2.76
7497.2867,-4.58,-1.30,0.65,2.76
7497.3192,-4.57,-1.30,0.65,2.76
7497.3514,-4.57,-1.30,0.65,2.76
7497.3837,-4.57,-1.30,0.65,2.76
7497.4159,-4.57,-1.30,0.65,2.76
7497.4483,-4.57,-1.30,0.65,2.76
7497.4807,-4.57,-1.30,0.65,2.76
7497.5125,-4.57,-1.30,0.64,2.76
7497.5446,-4.58,-1.30,0.64,2.76
7497.5771,-4.58,-1.30,0.64,2.76
7497.6094,-4.58,-1.30,0.64,2.77
7497.6413,-4.58,-1.30,0.64,2.77
7497.6736,-4.58,-1.30,0.64,2.77
7497.7053,-4.58,-1.30,0.64,2.77
7497.7379,-4.58,-1.31,0.64,2.77
7497.7707,-4.58,-1.31,0.64,2.77
7497.8034,-4.58,-1.31,0.64,2.77
7497.8356,-4.58,-1.31,0.64,2.77
7497.8676,-4.58,-1.30,0.64,2.78
7497.8997,-4.58,-1.30,0.64,2.78
7497.9323,-4.58,-1.30,0.64,2.78
7497.9647,-4.58,-1.30,0.63,2.78
7497.9963,-4.58,-1.31,0.63,2.78
7498.0279,-4.58,-1.31,0.63,2.78
7498.0603,-4.58,-1.31,0.63,2.78
7498.0915,-4.57,-1.31,0.63,2.78
7498.1240,-4.57,-1.31,0.63,2.78
7498.1566,-4.57,-1.31,0.63,2.78
7498.1888,-4.57,-1.31,0.63,2.78
7498.2209,-4.57,-1.31,0.63,2.78
7498.2528,-4.57,-1.31,0.63,2.78
7498.2854,-4.57,-1.31,0.63,2.78
7498.3168,-4.57,-1.31,0.63,2.78
7498.3490,-4.57,-1.31,0.63,2.78
7498.3810,-4.57,-1.31,0.63,2.78
7498.4130,-4.57,-1.31,0.63,2.79
7498.4449,-4.57,-1.30,0.63,2.79
7498.4766,-4.56,-1.30,0.63,2.79
7498.5085,-4.56,-1.30,0.63,2.79
7498.5408,-4.56,-1.30,0.63,2.78
7498.5727,-4.56,-1.30,0.63,2.78
7498.6059,-4.56,-1.30,0.63,2.78
7498.6383,-4.55,-1.30,0.63,2.78
7498.6707,-4.55,-1.30,0.63,2.78
7498.7026,-4.55,-1.30,0.63,2.78
7498.7343,-4.55,-1.30,0.63,2.78
7498.7664,-4.55,-1.30,0.63,2.78
7498.7987,-4.55,-1.30,0.63,2.78
7498.8304,-4.55,-1.30,0.63,2.78
7498.8625,-4.55,-1.30,0.63,2.78
7498.8946,-4.55,-1.30,0.63,2.78
7498.9266,-4.55,-1.30,0.63,2.78
7498.9585,-4.55,-1.29,0.63,2.78
7498.9907,-4.55,-1.29,0.63,2.78
7499.0225,-4.55,-1.29,0.63,2.78
7499.0545,-4.55,-1.29,0.63,2.77
7499.0862,-4.55,-1.29,0.63,2.77
7499.1177,-4.56,-1.29,0.64,2.77
7499.1499,-4.56,-1.28,0.64,2.77
7499.1814,-4.56,-1.28,0.64,2.77
7499.2135,-4.56,-1.28,0.64,2.77
7499.2454,-4.56,-1.28,0.64,2.76
7499.2776,-4.56,-1.28,0.64,2.76
7499.3084,-4.56,-1.28,0.64,2.76
7499.3415,-4.56,-1.28,0.64,2.76
7499.3740,-4.56,-1.28,0.64,2.76
7499.4063,-4.56,-1.28,0.64,2.76
7499.4381,-4.56,-1.28,0.64,2.75
7499.4703,-4.56,-1.28,0.64,2.75
7499.5020,-4.56,-1.28,0.64,2.75
7499.5339,-4.56,-1.28,0.64,2.75
7499.5661,-4.56,-1.28,0.64,2.75
7499.5985,-4.56,-1.28,0.64,2.75
7499.6307,-4.56,-1.28,0.64,2.74
7499.6625,-4.56,-1.28,0.64,2.74
7499.6948,-4.56,-1.28,0.64,2.74
7499.7272,-4.57,-1.28,0.64,2.75
7499.7599,-4.57,-1.28,0.64,2.75
7499.7919,-4.57,-1.28,0.65,2.75
7499.8237,-4.57,-1.28,0.65,2.75
7499.8561,-4.57,-1.28,0.65,2.75
7499.8883,-4.57,-1.28,0.65,2.75
7499.9198,-4.57,-1.28,0.65,2.75
7499.9522,-4.57,-1.28,0.65,2.75
7499.9847,-4.57,-1.28,0.65,2.75
7500.0169,-4.58,-1.28,0.65,2.75
7500.0493,-4.58,-1.28,0.65,2.75
7500.0816,-4.58,-1.28,0.65,2.75
7500.1137,-4.58,-1.28,0.65,2.75
7500.1465,-4.58,-1.28,0.65,2.75
7500.1786,-4.58,-1.28,0.65,2.75
7500.2105,-4.58,-1.28,0.65,2.75
7500.2425,-4.58,-1.28,0.65,2.75
7500.2746,-4.58,-1.28,0.65,2.75
7500.3070,-4.58,-1.28,0.65,2.75
7500.3386,-4.57,-1.28,0.65,2.75
7500.3709,-4.57,-1.29,0.65,2.75
7500.4029,-4.57,-1.29,0.65,2.75
7500.4351,-4.57,-1.29,0.65,2.75
7500.4671,-4.57,-1.29,0.65,2.75
7500.4994,-4.57,-1.29,0.65,2.75
7500.5307,-4.57,-1.29,0.65,2.75
7500.5625,-4.57,-1.29,0.65,2.75
7500.5945,-4.57,-1.29,0.65,2.75
7500.6269,-4.56,-1.29,0.65,2.75
7500.6600,-4.56,-1.29,0.66,2.75
7500.6908,-4.56,-1.29,0.66,2.75
7500.7231,-4.56,-1.30,0.66,2.75
7500.7392,-4.56,-1.30,0.66,2.75
7500.7715,-4.56,-1.30,0.66,2.75
7500.8033,-4.56,-1.30,0.66,2.75
7500.8352,-4.56,-1.30,0.66,2.74
7500.8668,-4.55,-1.30,0.66,2.74
7500.8987,-4.55,-1.30,0.65,2.74
7500.9305,-4.55,-1.30,0.66,2.74
7500.9625,-4.55,-1.30,0.66,2.74
7500.9946,-4.55,-1.31,0.66,2.74
7501.0266,-4.55,-1.31,0.66,2.74
7501.0587,-4.55,-1.31,0.66,2.74
7501.0902,-4.55,-1.31,0.66,2.74
7501.1223,-4.55,-1.31,0.65,2.74
7501.1542,-4.55,-1.31,0.65,2.74
7501.1858,-4.55,-1.31,0.65,2.74
7501.2173,-4.55,-1.32,0.65,2.74
7501.2490,-4.55,-1.32,0.65,2.74
7501.2809,-4.54,-1.32,0.65,2.74
7501.3122,-4.54,-1.32,0.65,2.74
7501.3447,-4.54,-1.31,0.65,2.73
7501.3768,-4.54,-1.31,0.65,2.73
7501.4092,-4.54,-1.31,0.66,2.73
7501.4412,-4.54,-1.31,0.66,2.73
7501.4731,-4.54,-1.32,0.66,2.73
7501.5055,-4.54,-1.32,0.66,2.73
7501.5372,-4.54,-1.32,0.66,2.73
7501.5698,-4.54,-1.32,0.66,2.73
7501.6018,-4.54,-1.32,0.65,2.73
7501.6337,-4.54,-1.32,0.65,2.73
7501.6660,-4.54,-1.32,0.65,2.73
7501.6979,-4.54,-1.32,0.65,2.73
7501.7302,-4.55,-1.32,0.65,2.73
7501.7626,-4.55,-1.32,0.65,2.73
7501.7950,-4.55,-1.32,0.65,2.73
7501.8270,-4.55,-1.32,0.65,2.73
7501.8592,-4.55,-1.32,0.65,2.73
7501.8903,-4.55,-1.33,0.65,2.73
7501.9222,-4.54,-1.33,0.64,2.73
7501.9544,-4.54,-1.33,0.64,2.73
7501.9864,-4.54,-1.33,0.64,2.73
7502.0189,-4.54,-1.33,0.64,2.73
7502.0513,-4.54,-1.33,0.64,2.73
7502.0676,-4.54,-1.33,0.64,2.73
7502.0999,-4.54,-1.33,0.64,2.73
7502.1322,-4.54,-1.32,0.64,2.73
7502.1646,-4.54,-1.32,0.64,2.73
7502.1967,-4.54,-1.32,0.64,2.72
7502.2285,-4.54,-1.32,0.64,2.72
7502.2603,-4.54,-1.32,0.64,2.72
7502.2926,-4.54,-1.32,0.64,2.72
7502.3243,-4.54,-1.32,0.63,2.72
7502.3564,-4.54,-1.31,0.63,2.72
7502.3887,-4.55,-1.31,0.63,2.73
7502.4211,-4.55,-1.31,0.63,2.73
7502.4535,-4.55,-1.30,0.63,2.73
7502.4857,-4.55,-1.30,0.63,2.73
7502.5180,-4.55,-1.30,0.63,2.73
7502.5498,-4.56,-1.30,0.63,2.73
7502.5815,-4.56,-1.30,0.63,2.73
7502.6130,-4.56,-1.30,0.63,2.74
7502.6452,-4.56,-1.30,0.63,2.74
7502.6614,-4.56,-1.30,0.63,2.74
7502.6933,-4.56,-1.30,0.63,2.74
7502.7255,-4.56,-1.30,0.63,2.74
7502.7573,-4.56,-1.29,0.63,2.74
7502.7895,-4.56,-1.29,0.63,2.74
7502.8219,-4.56,-1.29,0.63,2.74
7502.8538,-4.56,-1.29,0.63,2.74
7502.8865,-4.56,-1.29,0.63,2.74
7502.9190,-4.56,-1.28,0.63,2.74
7502.9507,-4.56,-1.28,0.63,2.74
7502.9827,-4.56,-1.28,0.63,2.74
7503.0149,-4.56,-1.28,0.63,2.74
7503.0473,-4.56,-1.28,0.63,2.74
7503.0799,-4.56,-1.28,0.63,2.74
7503.1116,-4.56,-1.28,0.63,2.74
7503.1440,-4.56,-1.28,0.63,2.74
7503.1762,-4.56,-1.28,0.63,2.74
7503.2088,-4.56,-1.28,0.63,2.74
7503.2410,-4.57,-1.28,0.63,2.75
7503.2726,-4.57,-1.28,0.63,2.75
7503.3043,-4.57,-1.29,0.62,2.75
7503.3359,-4.57,-1.29,0.62,2.75
7503.3680,-4.57,-1.29,0.62,2.75
7503.4002,-4.58,-1.29,0.62,2.75
7503.4324,-4.58,-1.29,0.62,2.76
7503.4646,-4.58,-1.29,0.62,2.76
7503.4968,-4.59,-1.29,0.62,2.76
7503.5287,-4.59,-1.29,0.62,2.76
7503.5610,-4.59,-1.30,0.62,2.76
7503.5934,-4.60,-1.30,0.62,2.76
7503.6251,-4.60,-1.30,0.62,2.76
7503.6566,-4.60,-1.31,0.62,2.76
7503.6890,-4.60,-1.31,0.62,2.76
7503.7213,-4.60,-1.31,0.62,2.75
7503.7531,-4.60,-1.31,0.62,2.76
7503.7852,-4.60,-1.31,0.62,2.76
7503.8173,-4.60,-1.30,0.62,2.76
7503.8498,-4.60,-1.30,0.61,2.76
7503.8823,-4.60,-1.30,0.61,2.76
7503.9141,-4.60,-1.30,0.61,2.76
7503.9464,-4.60,-1.30,0.61,2.77
7503.9795,-4.61,-1.31,0.61,2.77
7504.0118,-4.61,-1.31,0.61,2.77
7504.0442,-4.61,-1.31,0.61,2.77
7504.0773,-4.61,-1.31,0.61,2.77
7504.1091,-4.61,-1.31,0.61,2.78
7504.1411,-4.61,-1.30,0.61,2.78
7504.1732,-4.61,-1.30,0.61,2.78
7504.2047,-4.61,-1.30,0.61,2.77
7504.2369,-4.61,-1.30,0.61,2.77
7504.2689,-4.62,-1.30,0.61,2.77
7504.3013,-4.62,-1.30,0.61,2.77
7504.3336,-4.62,-1.30,0.61,2.77
7504.3659,-4.61,-1.30,0.61,2.77
7504.3983,-4.61,-1.30,0.61,2.77
7504.4309,-4.61,-1.30,0.61,2.76
7504.4629,-4.61,-1.30,0.61,2.76
7504.4955,-4.61,-1.30,0.61,2.76
7504.5279,-4.60,-1.30,0.61,2.76
7504.5599,-4.60,-1.30,0.62,2.76
7504.5914,-4.60,-1.30,0.62,2.76
7504.6235,-4.60,-1.31,0.62,2.76
7504.6560,-4.59,-1.31,0.62,2.76
7504.6877,-4.59,-1.31,0.62,2.76
7504.7203,-4.59,-1.31,0.62,2.76
7504.7527,-4.59,-1.31,0.62,2.76
7504.7851,-4.58,-1.31,0.62,2.76
7504.8171,-4.58,-1.30,0.62,2.76
7504.8330,-4.58,-1.30,0.62,2.76
7504.8654,-4.58,-1.30,0.62,2.76
7504.8979,-4.58,-1.30,0.62,2.76
7504.9298,-4.58,-1.31,0.62,2.76
7504.9614,-4.58,-1.31,0.62,2.76
7504.9928,-4.58,-1.31,0.62,2.76
7505.0251,-4.58,-1.31,0.62,2.76
7505.0570,-4.58,-1.32,0.62,2.76
7505.0890,-4.58,-1.32,0.62,2.76
7505.1209,-4.58,-1.32,0.62,2.76
7505.1539,-4.58,-1.31,0.62,2.76
7505.1859,-4.58,-1.31,0.62,2.76
7505.2185,-4.58,-1.31,0.62,2.75
7505.2508,-4.58,-1.31,0.63,2.75
7505.2832,-4.58,-1.31,0.63,2.75
7505.3158,-4.58,-1.31,0.63,2.75
7505.3478,-4.57,-1.32,0.63,2.75
7505.3796,-4.57,-1.32,0.63,2.75
7505.4115,-4.57,-1.32,0.63,2.75
7505.4437,-4.57,-1.32,0.64,2.75
7505.4758,-4.57,-1.32,0.64,2.75
7505.5080,-4.57,-1.32,0.64,2.75
7505.5403,-4.57,-1.31,0.64,2.75
7505.5721,-4.57,-1.31,0.64,2.75
7505.6046,-4.57,-1.31,0.64,2.75
7505.6369,-4.57,-1.32,0.64,2.75
7505.6693,-4.57,-1.32,0.64,2.75
7505.7014,-4.57,-1.32,0.64,2.75
7505.7333,-4.57,-1.32,0.64,2.75
7505.7649,-4.57,-1.32,0.64,2.75
7505.7968,-4.57,-1.32,0.65,2.76
7505.8294,-4.57,-1.32,0.65,2.76
7505.8614,-4.57,-1.32,0.65,2.76
7505.8937,-4.57,-1.32,0.65,2.76
7505.9262,-4.57,-1.32,0.65,2.76
7505.9583,-4.57,-1.32,0.65,2.76
7505.9912,-4.57,-1.32,0.65,2.76
7506.0235,-4.58,-1.32,0.65,2.76
7506.0559,-4.58,-1.33,0.65,2.76
7506.0878,-4.58,-1.33,0.66,2.76
7506.1204,-4.58,-1.33,0.66,2.76
7506.1529,-4.58,-1.33,0.66,2.76
7506.1840,-4.58,-1.33,0.66,2.76
7506.2165,-4.59,-1.33,0.66,2.76
7506.2485,-4.59,-1.33,0.66,2.76
7506.2806,-4.59,-1.33,0.66,2.76
7506.3128,-4.59,-1.33,0.66,2.76
7506.3455,-4.59,-1.32,0.66,2.76
7506.3774,-4.59,-1.32,0.66,2.76
7506.4090,-4.59,-1.32,0.66,2.76
7506.4411,-4.59,-1.32,0.65,2.76
7506.4729,-4.59,-1.32,0.65,2.76
7506.4894,-4.59,-1.32,0.65,2.76
7506.5217,-4.59,-1.32,0.65,2.76
7506.5537,-4.59,-1.32,0.65,2.76
7506.5861,-4.59,-1.32,0.65,2.76
7506.6180,-4.59,-1.32,0.65,2.76
7506.6500,-4.59,-1.32,0.65,2.76
7506.6822,-4.59,-1.32,0.65,2.76
7506.7135,-4.60,-1.32,0.65,2.76
7506.7458,-4.60,-1.32,0.65,2.76
7506.7781,-4.60,-1.32,0.65,2.76
7506.8101,-4.60,-1.32,0.65,2.76
7506.8419,-4.60,-1.32,0.65,2.76
7506.8740,-4.60,-1.32,0.65,2.76
7506.9057,-4.59,-1.32,0.65,2.76
7506.9376,-4.59,-1.32,0.65,2.75
7506.9701,-4.59,-1.32,0.65,2.75
7507.0023,-4.59,-1.32,0.65,2.75
7507.0340,-4.59,-1.32,0.65,2.75
7507.0660,-4.59,-1.32,0.65,2.75
7507.0982,-4.59,-1.32,0.65,2.75
7507.1301,-4.58,-1.32,0.65,2.75
7507.1625,-4.58,-1.32,0.65,2.75
7507.1947,-4.58,-1.32,0.65,2.75
7507.2270,-4.58,-1.32,0.65,2.75
7507.2593,-4.58,-1.32,0.65,2.75
7507.2909,-4.58,-1.32,0.65,2.74
7507.3229,-4.58,-1.32,0.65,2.74
7507.3545,-4.58,-1.32,0.65,2.75
7507.3871,-4.58,-1.32,0.65,2.75
7507.4192,-4.58,-1.32,0.66,2.75
7507.4514,-4.58,-1.32,0.66,2.75
7507.4830,-4.58,-1.32,0.66,2.75
7507.5149,-4.58,-1.32,0.65,2.75
7507.5470,-4.58,-1.32,0.65,2.75
7507.5789,-4.58,-1.32,0.65,2.75
7507.6109,-4.58,-1.32,0.65,2.75
7507.6436,-4.58,-1.32,0.66,2.75
7507.6744,-4.58,-1.33,0.66,2.75
7507.7064,-4.58,-1.33,0.66,2.75
7507.7387,-4.58,-1.33,0.66,2.75
7507.7711,-4.58,-1.33,0.66,2.75
7507.8035,-4.59,-1.33,0.65,2.75
7507.8356,-4.59,-1.33,0.65,2.76
7507.8679,-4.59,-1.33,0.65,2.76
7507.8997,-4.59,-1.33,0.65,2.76
7507.9317,-4.59,-1.33,0.65,2.76
7507.9640,-4.59,-1.33,0.65,2.76
7507.9968,-4.59,-1.33,0.65,2.76
7508.0287,-4.60,-1.33,0.65,2.76
7508.0523,-4.60,-1.33,0.65,2.76
7508.0849,-4.60,-1.33,0.65,2.76
7508.1166,-4.60,-1.33,0.65,2.76
7508.1501,-4.60,-1.33,0.65,2.76
7508.1816,-4.60,-1.33,0.65,2.76
7508.2141,-4.60,-1.33,0.65,2.76
7508.2457,-4.60,-1.33,0.65,2.76
7508.2780,-4.60,-1.33,0.65,2.76
7508.3099,-4.61,-1.33,0.65,2.76
7508.3416,-4.61,-1.33,0.65,2.76
7508.3739,-4.61,-1.33,0.65,2.76
7508.4059,-4.61,-1.33,0.65,2.76
7508.4382,-4.61,-1.33,0.65,2.76
7508.4702,-4.61,-1.33,0.65,2.77
7508.5025,-4.61,-1.33,0.65,2.76
7508.5348,-4.61,-1.33,0.65,2.76
7508.5674,-4.61,-1.33,0.65,2.76
7508.6000,-4.61,-1.33,0.65,2.76
7508.6318,-4.61,-1.33,0.65,2.76
7508.6640,-4.61,-1.33,0.65,2.76
7508.6966,-4.61,-1.33,0.65,2.76
7508.7286,-4.61,-1.33,0.65,2.76
7508.7606,-4.61,-1.33,0.65,2.76
7508.7931,-4.61,-1.33,0.65,2.76
7508.8253,-4.61,-1.33,0.65,2.76
7508.8570,-4.60,-1.33,0.65,2.76
7508.8890,-4.60,-1.33,0.65,2.76
7508.9213,-4.60,-1.33,0.65,2.76
7508.9538,-4.60,-1.33,0.65,2.76
7508.9861,-4.60,-1.33,0.65,2.76
7509.0185,-4.60,-1.32,0.65,2.76
7509.0507,-4.60,-1.32,0.65,2.76
7509.0826,-4.60,-1.32,0.65,2.76
7509.1147,-4.60,-1.32,0.65,2.76
7509.1477,-4.60,-1.32,0.65,2.76
7509.1795,-4.60,-1.32,0.65,2.76
7509.2111,-4.59,-1.32,0.65,2.76
7509.2435,-4.59,-1.32,0.65,2.76
7509.2761,-4.59,-1.32,0.65,2.76
7509.3076,-4.59,-1.32,0.65,2.76
7509.3394,-4.59,-1.32,0.65,2.76
7509.3720,-4.59,-1.32,0.65,2.76
7509.4042,-4.59,-1.32,0.65,2.77
7509.4362,-4.59,-1.32,0.65,2.77
7509.4681,-4.59,-1.32,0.65,2.77
7509.5010,-4.59,-1.32,0.65,2.77
7509.5332,-4.58,-1.32,0.65,2.77
7509.5655,-4.58,-1.32,0.65,2.77
7509.5971,-4.58,-1.32,0.65,2.77
7509.6288,-4.58,-1.32,0.65,2.77
7509.6614,-4.58,-1.32,0.65,2.77
7509.6935,-4.58,-1.32,0.65,2.77
7509.7255,-4.58,-1.32,0.65,2.77
7509.7579,-4.58,-1.32,0.65,2.77
7509.7898,-4.58,-1.32,0.65,2.77
7509.8224,-4.58,-1.32,0.65,2.77
7509.8547,-4.59,-1.32,0.65,2.77
7509.8873,-4.59,-1.32,0.65,2.77
7509.9184,-4.59,-1.32,0.65,2.77
7509.9509,-4.59,-1.32,0.65,2.78
7509.9832,-4.59,-1.32,0.65,2.78
7510.0154,-4.59,-1.32,0.65,2.78
7510.0483,-4.59,-1.32,0.65,2.78
7510.0809,-4.59,-1.32,0.65,2.78
7510.1129,-4.59,-1.32,0.65,2.78
7510.1453,-4.59,-1.32,0.65,2.78
7510.1618,-4.60,-1.32,0.65,2.78
7510.1938,-4.60,-1.32,0.64,2.78
7510.2258,-4.60,-1.32,0.64,2.78
7510.2581,-4.60,-1.32,0.64,2.78
7510.2903,-4.60,-1.32,0.64,2.78
7510.3228,-4.60,-1.32,0.64,2.78
7510.3548,-4.60,-1.32,0.64,2.78
7510.3868,-4.60,-1.32,0.64,2.78
7510.4189,-4.60,-1.32,0.65,2.78
7510.4514,-4.60,-1.32,0.65,2.78
7510.4838,-4.59,-1.32,0.65,2.78
7510.5162,-4.59,-1.32,0.65,2.78
7510.5483,-4.59,-1.32,0.65,2.78
7510.5807,-4.59,-1.32,0.65,2.78
7510.6130,-4.59,-1.32,0.65,2.77
7510.6453,-4.59,-1.32,0.65,2.77
7510.6772,-4.59,-1.32,0.65,2.77
7510.7090,-4.59,-1.32,0.65,2.77
7510.7413,-4.59,-1.32,0.65,2.77
7510.7736,-4.59,-1.32,0.65,2.76
7510.8056,-4.58,-1.32,0.65,2.76
7510.8378,-4.58,-1.32,0.65,2.75
7510.8701,-4.59,-1.32,0.65,2.75
7510.9024,-4.58,-1.31,0.65,2.75
7510.9345,-4.58,-1.30,0.65,2.75
7510.9668,-4.58,-1.30,0.65,2.74
7510.9991,-4.58,-1.29,0.65,2.74
7511.0316,-4.59,-1.30,0.65,2.75
7511.0635,-4.59,-1.30,0.65,2.75
7511.0953,-4.59,-1.30,0.65,2.75
7511.1269,-4.60,-1.31,0.65,2.75
7511.1589,-4.60,-1.30,0.65,2.75
7511.1914,-4.60,-1.30,0.65,2.74
7511.2234,-4.60,-1.30,0.65,2.74
7511.2551,-4.59,-1.29,0.65,2.74
7511.2871,-4.59,-1.29,0.65,2.74
7511.3199,-4.59,-1.28,0.65,2.73
7511.3515,-4.58,-1.28,0.65,2.73
7511.3834,-4.58,-1.28,0.65,2.73
7511.4155,-4.58,-1.28,0.66,2.73
7511.4479,-4.58,-1.28,0.66,2.73
7511.4800,-4.58,-1.28,0.66,2.72
7511.5120,-4.57,-1.28,0.66,2.72
7511.5444,-4.57,-1.28,0.66,2.72
7511.5768,-4.57,-1.28,0.66,2.72
7511.6087,-4.57,-1.28,0.66,2.72
7511.6413,-4.57,-1.28,0.66,2.73
7511.6729,-4.58,-1.28,0.66,2.73
7511.7039,-4.58,-1.28,0.66,2.73
7511.7357,-4.58,-1.28,0.66,2.73
7511.7679,-4.58,-1.28,0.66,2.73
7511.8003,-4.58,-1.28,0.66,2.73
7511.8332,-4.58,-1.28,0.66,2.73
7511.8649,-4.58,-1.28,0.66,2.73
7511.8973,-4.58,-1.28,0.66,2.73
7511.9295,-4.58,-1.29,0.66,2.73
7511.9620,-4.58,-1.28,0.66,2.73
7511.9939,-4.57,-1.28,0.66,2.73
7512.0260,-4.57,-1.28,0.66,2.73
7512.0586,-4.57,-1.28,0.66,2.73
7512.0902,-4.57,-1.28,0.66,2.73
7512.1226,-4.57,-1.28,0.65,2.73
7512.1552,-4.58,-1.28,0.65,2.73
7512.1874,-4.58,-1.28,0.65,2.73
7512.2191,-4.58,-1.28,0.65,2.73
7512.2514,-4.58,-1.28,0.65,2.74
7512.2836,-4.58,-1.28,0.65,2.74
7512.3157,-4.58,-1.28,0.64,2.74
7512.3478,-4.58,-1.28,0.64,2.74
7512.3800,-4.58,-1.29,0.64,2.74
7512.4126,-4.59,-1.29,0.64,2.74
7512.4445,-4.59,-1.29,0.64,2.74
7512.4765,-4.59,-1.29,0.64,2.74
7512.5089,-4.59,-1.29,0.64,2.75
7512.5409,-4.59,-1.29,0.64,2.75
7512.5734,-4.59,-1.29,0.64,2.75
7512.6055,-4.60,-1.29,0.64,2.75
7512.6379,-4.60,-1.29,0.64,2.75
7512.6697,-4.60,-1.29,0.64,2.76
7512.7017,-4.60,-1.29,0.64,2.76
7512.7340,-4.61,-1.29,0.64,2.76
7512.7663,-4.60,-1.29,0.64,2.76
7512.7987,-4.60,-1.29,0.64,2.76
7512.8308,-4.60,-1.28,0.64,2.76
7512.8625,-4.60,-1.28,0.64,2.76
7512.8948,-4.60,-1.28,0.64,2.76
7512.9266,-4.61,-1.28,0.64,2.76
7512.9586,-4.61,-1.28,0.64,2.76
7512.9902,-4.61,-1.28,0.64,2.76
7513.0224,-4.61,-1.28,0.63,2.76
7513.0540,-4.62,-1.28,0.63,2.77
7513.0863,-4.62,-1.28,0.63,2.77
7513.1180,-4.62,-1.28,0.63,2.77
7513.1500,-4.62,-1.27,0.62,2.77
7513.1825,-4.62,-1.28,0.62,2.77
7513.2143,-4.62,-1.28,0.62,2.77
7513.2461,-4.62,-1.28,0.62,2.77
7513.2785,-4.61,-1.27,0.62,2.77
7513.3110,-4.61,-1.27,0.62,2.77
7513.3430,-4.61,-1.27,0.62,2.77
7513.3749,-4.60,-1.27,0.62,2.77
7513.4070,-4.60,-1.27,0.62,2.77
7513.4387,-4.60,-1.27,0.62,2.77
7513.4711,-4.60,-1.27,0.62,2.76
7513.5031,-4.59,-1.27,0.62,2.76
7513.5351,-4.59,-1.27,0.62,2.76
7513.5678,-4.59,-1.27,0.62,2.76
7513.5999,-4.59,-1.27,0.62,2.76
7513.6318,-4.59,-1.27,0.62,2.76
7513.6645,-4.59,-1.27,0.62,2.76
7513.6966,-4.58,-1.27,0.62,2.76
7513.7289,-4.58,-1.28,0.62,2.76
7513.7609,-4.58,-1.28,0.62,2.76
7513.7923,-4.58,-1.28,0.62,2.76
7513.8243,-4.58,-1.28,0.62,2.76
7513.8564,-4.58,-1.28,0.62,2.76
7513.8881,-4.58,-1.28,0.62,2.76
7513.9204,-4.58,-1.29,0.62,2.76
7513.9522,-4.58,-1.29,0.62,2.76
7513.9847,-4.58,-1.29,0.62,2.76
7514.0168,-4.58,-1.29,0.62,2.76
7514.0493,-4.58,-1.29,0.62,2.76
7514.0816,-4.58,-1.30,0.62,2.76
7514.1136,-4.58,-1.30,0.62,2.76
7514.1299,-4.58,-1.30,0.62,2.76
7514.1618,-4.58,-1.30,0.62,2.76
7514.1937,-4.58,-1.30,0.62,2.76
7514.2257,-4.58,-1.30,0.62,2.76
7514.2577,-4.58,-1.30,0.62,2.76
7514.2896,-4.58,-1.30,0.62,2.76
7514.3216,-4.57,-1.30,0.61,2.76
7514.3536,-4.57,-1.30,0.61,2.76
7514.3855,-4.57,-1.30,0.62,2.76
7514.4177,-4.57,-1.30,0.62,2.76
7514.4498,-4.57,-1.30,0.62,2.76
7514.4821,-4.57,-1.30,0.62,2.76
7514.5143,-4.57,-1.30,0.62,2.76
7514.5467,-4.57,-1.30,0.62,2.76
7514.5790,-4.57,-1.30,0.62,2.76
7514.6111,-4.57,-1.30,0.62,2.76
7514.6435,-4.57,-1.30,0.62,2.76
7514.6756,-4.57,-1.30,0.62,2.76
7514.7080,-4.57,-1.30,0.62,2.77
7514.7236,-4.57,-1.29,0.62,2.77
7514.7561,-4.57,-1.29,0.62,2.77
7514.7884,-4.57,-1.29,0.62,2.77
7514.8205,-4.57,-1.29,0.62,2.77
7514.8525,-4.57,-1.29,0.62,2.77
7514.8850,-4.57,-1.29,0.62,2.77
7514.9178,-4.57,-1.29,0.62,2.77
7514.9499,-4.57,-1.29,0.62,2.77
7514.9818,-4.57,-1.29,0.62,2.77
7515.0143,-4.57,-1.29,0.62,2.77
7515.0462,-4.57,-1.29,0.62,2.77
7515.0785,-4.57,-1.29,0.62,2.77
7515.1106,-4.57,-1.29,0.62,2.77
7515.1424,-4.57,-1.29,0.62,2.77
7515.1741,-4.58,-1.29,0.62,2.77
7515.2067,-4.58,-1.29,0.62,2.78
7515.2386,-4.58,-1.29,0.62,2.78
7515.2705,-4.58,-1.29,0.62,2.78
7515.3027,-4.58,-1.29,0.62,2.78
7515.3346,-4.58,-1.29,0.63,2.78
7515.3670,-4.58,-1.29,0.63,2.78
7515.3994,-4.59,-1.29,0.63,2.78
7515.4310,-4.59,-1.29,0.63,2.78
7515.4635,-4.59,-1.29,0.63,2.78
7515.4953,-4.59,-1.29,0.63,2.78
7515.5278,-4.59,-1.29,0.63,2.78
7515.5596,-4.59,-1.29,0.63,2.78
7515.5913,-4.59,-1.29,0.63,2.79
7515.6238,-4.59,-1.29,0.63,2.79
7515.6556,-4.59,-1.29,0.63,2.79
7515.6886,-4.59,-1.28,0.63,2.79
7515.7205,-4.59,-1.28,0.63,2.79
7515.7529,-4.59,-1.28,0.62,2.79
7515.7855,-4.59,-1.28,0.62,2.79
7515.8174,-4.59,-1.28,0.62,2.79
7515.8639,-4.59,-1.28,0.62,2.79
7515.8954,-4.59,-1.28,0.62,2.79
7515.9275,-4.59,-1.28,0.62,2.79
7515.9592,-4.59,-1.28,0.62,2.79
7515.9909,-4.59,-1.28,0.62,2.79
7516.0232,-4.60,-1.28,0.62,2.79
7516.0558,-4.60,-1.28,0.62,2.79
7516.0881,-4.60,-1.28,0.62,2.79
7516.1202,-4.59,-1.28,0.62,2.79
7516.1526,-4.59,-1.28,0.62,2.79
7516.1850,-4.59,-1.28,0.62,2.79
7516.2172,-4.59,-1.28,0.62,2.79
7516.2499,-4.59,-1.28,0.62,2.79
7516.2822,-4.59,-1.28,0.62,2.79
7516.3142,-4.59,-1.28,0.62,2.79
7516.3462,-4.59,-1.28,0.62,2.79
7516.3785,-4.59,-1.28,0.62,2.79
7516.4110,-4.59,-1.28,0.62,2.79
7516.4271,-4.59,-1.28,0.63,2.79
7516.4591,-4.59,-1.28,0.63,2.79
7516.4910,-4.59,-1.28,0.63,2.79
7516.5235,-4.59,-1.28,0.63,2.79
7516.5557,-4.58,-1.28,0.63,2.79
7516.5880,-4.58,-1.28,0.63,2.78
7516.6194,-4.58,-1.28,0.63,2.78
7516.6512,-4.58,-1.28,0.63,2.78
7516.6831,-4.59,-1.28,0.63,2.78
7516.7148,-4.59,-1.28,0.63,2.78
7516.7458,-4.59,-1.29,0.63,2.79
7516.7784,-4.59,-1.29,0.63,2.79
7516.8098,-4.59,-1.29,0.63,2.78
7516.8422,-4.59,-1.28,0.63,2.78
7516.8745,-4.59,-1.28,0.63,2.78
7516.9063,-4.59,-1.28,0.63,2.78
7516.9384,-4.59,-1.28,0.63,2.78
7516.9706,-4.59,-1.28,0.63,2.78
7517.0023,-4.58,-1.28,0.63,2.78
7517.0338,-4.58,-1.28,0.63,2.78
7517.0654,-4.58,-1.28,0.63,2.77
7517.0970,-4.58,-1.28,0.63,2.77
7517.1286,-4.58,-1.28,0.63,2.77
7517.1594,-4.58,-1.28,0.63,2.77
7517.1916,-4.58,-1.28,0.63,2.77
7517.2235,-4.58,-1.28,0.63,2.77
7517.2551,-4.58,-1.28,0.63,2.77
7517.2867,-4.58,-1.28,0.63,2.77
7517.3180,-4.58,-1.28,0.63,2.77
7517.3497,-4.58,-1.28,0.63,2.77
7517.3821,-4.58,-1.28,0.63,2.77
7517.4158,-4.58,-1.28,0.63,2.77
7517.4528,-4.58,-1.28,0.63,2.78
7517.4776,-4.58,-1.28,0.63,2.78
7517.5096,-4.59,-1.28,0.63,2.78
7517.5414,-4.59,-1.28,0.63,2.78
7517.5684,-4.59,-1.28,0.63,2.78
7517.6016,-4.59,-1.28,0.63,2.78
7517.6415,-4.59,-1.28,0.63,2.78
7517.6689,-4.59,-1.28,0.63,2.78
7517.7006,-4.59,-1.28,0.63,2.78
7517.7247,-4.59,-1.28,0.63,2.78
7517.7570,-4.59,-1.28,0.63,2.78
7517.7885,-4.59,-1.27,0.63,2.78
7517.8211,-4.59,-1.27,0.63,2.78
7517.8626,-4.59,-1.27,0.63,2.78
7517.8908,-4.59,-1.27,0.63,2.78
7517.9156,-4.59,-1.27,0.63,2.78
7517.9489,-4.59,-1.27,0.63,2.78
7517.9737,-4.59,-1.27,0.64,2.78
7518.0059,-4.59,-1.27,0.64,2.78
7518.0374,-4.58,-1.27,0.64,2.77
7518.0751,-4.58,-1.27,0.63,2.77
7518.1069,-4.58,-1.27,0.63,2.77
7518.1317,-4.58,-1.27,0.63,2.77
7518.1720,-4.58,-1.27,0.64,2.77
7518.1963,-4.58,-1.27,0.64,2.77
7518.2256,-4.58,-1.27,0.64,2.77
7518.2569,-4.58,-1.27,0.64,2.77
7518.2887,-4.58,-1.27,0.64,2.77
7518.3263,-4.57,-1.27,0.64,2.77
7518.3586,-4.57,-1.27,0.64,2.76
7518.3827,-4.57,-1.27,0.64,2.76
7518.4157,-4.57,-1.27,0.64,2.76
7518.4434,-4.57,-1.27,0.64,2.76
7518.4790,-4.57,-1.27,0.64,2.76
7518.5067,-4.57,-1.27,0.64,2.76
7518.5385,-4.57,-1.27,0.64,2.75
7518.5714,-4.57,-1.27,0.64,2.75
7518.6092,-4.57,-1.27,0.64,2.75
7518.6371,-4.57,-1.28,0.64,2.75
7518.6765,-4.57,-1.28,0.64,2.75
7518.7087,-4.57,-1.28,0.64,2.75
7518.7398,-4.57,-1.28,0.64,2.75
7518.7713,-4.57,-1.28,0.64,2.75
7518.8048,-4.57,-1.28,0.64,2.75
7518.8370,-4.57,-1.28,0.64,2.75
7518.8719,-4.57,-1.28,0.64,2.75
7518.9013,-4.57,-1.28,0.64,2.75
7518.9342,-4.57,-1.28,0.64,2.75
7518.9741,-4.57,-1.28,0.64,2.75
7519.0162,-4.57,-1.27,0.64,2.75
7519.0389,-4.56,-1.27,0.64,2.75
7519.0793,-4.56,-1.27,0.64,2.75
7519.1126,-4.56,-1.28,0.64,2.75
7519.1431,-4.56,-1.28,0.64,2.75
7519.1672,-4.56,-1.28,0.64,2.75
7519.2028,-4.56,-1.28,0.64,2.75
7519.2296,-4.56,-1.28,0.64,2.75
7519.2623,-4.56,-1.27,0.64,2.75
7519.2867,-4.56,-1.27,0.64,2.74
7519.3249,-4.56,-1.27,0.64,2.74
7519.3568,-4.56,-1.27,0.64,2.74
7519.3891,-4.56,-1.27,0.64,2.74
7519.4215,-4.56,-1.27,0.64,2.74
7519.4427,-4.56,-1.27,0.64,2.74
7519.4761,-4.56,-1.27,0.64,2.74
7519.5108,-4.56,-1.27,0.64,2.74
7519.5432,-4.56,-1.27,0.64,2.74
7519.5739,-4.56,-1.27,0.64,2.74
7519.6057,-4.56,-1.27,0.64,2.75
7519.6371,-4.56,-1.27,0.64,2.75
7519.6693,-4.56,-1.28,0.64,2.75
7519.7010,-4.56,-1.28,0.64,2.75
7519.7248,-4.56,-1.28,0.64,2.75
7519.7570,-4.56,-1.28,0.64,2.75
7519.7887,-4.56,-1.28,0.64,2.75
7519.8254,-4.56,-1.28,0.64,2.75
7519.8578,-4.56,-1.28,0.64,2.75
7519.8897,-4.56,-1.28,0.64,2.75
7519.9208,-4.56,-1.28,0.64,2.75
7519.9490,-4.56,-1.29,0.64,2.75
7519.9751,-4.56,-1.29,0.64,2.75
7520.0096,-4.56,-1.29,0.64,2.75
7520.0408,-4.56,-1.29,0.64,2.75
7520.0723,-4.56,-1.29,0.64,2.75
7520.1049,-4.56,-1.29,0.64,2.75
7520.1306,-4.56,-1.29,0.64,2.75
7520.1682,-4.56,-1.29,0.64,2.75
7520.1998,-4.56,-1.29,0.64,2.75
7520.2238,-4.57,-1.29,0.64,2.75
7520.2758,-4.57,-1.29,0.64,2.75
7520.3039,-4.57,-1.30,0.64,2.75
7520.3413,-4.57,-1.29,0.64,2.75
7520.3737,-4.57,-1.29,0.64,2.75
7520.4053,-4.57,-1.29,0.64,2.75
7520.4371,-4.57,-1.29,0.64,2.75
7520.4591,-4.57,-1.29,0.64,2.75
7520.4927,-4.57,-1.30,0.64,2.75
7520.5252,-4.57,-1.30,0.64,2.75
7520.5595,-4.57,-1.30,0.64,2.75
7520.5906,-4.58,-1.30,0.64,2.75
7520.6203,-4.58,-1.30,0.64,2.76
7520.6590,-4.58,-1.30,0.64,2.76
7520.6915,-4.58,-1.30,0.65,2.76
7520.7234,-4.58,-1.30,0.65,2.76
7520.7550,-4.58,-1.30,0.65,2.76
7520.7885,-4.58,-1.30,0.65,2.76
7520.8208,-4.58,-1.30,0.65,2.76
7520.8549,-4.59,-1.30,0.64,2.76
7520.8808,-4.59,-1.30,0.64,2.76
7520.9208,-4.58,-1.30,0.65,2.76
7520.9478,-4.58,-1.30,0.65,2.76
7520.9846,-4.58,-1.30,0.65,2.76
7521.0139,-4.58,-1.30,0.65,2.76
7521.0412,-4.58,-1.30,0.65,2.75
7521.0741,-4.58,-1.30,0.65,2.75
7521.1059,-4.58,-1.30,0.65,2.75
7521.1384,-4.58,-1.31,0.65,2.75
7521.1630,-4.58,-1.31,0.64,2.74
7521.2089,-4.58,-1.31,0.64,2.74
7521.2413,-4.58,-1.31,0.64,2.74
7521.2747,-4.58,-1.32,0.64,2.74
7521.3088,-4.58,-1.32,0.64,2.74
7521.3330,-4.58,-1.32,0.64,2.74
7521.3745,-4.58,-1.32,0.64,2.74
7521.3994,-4.58,-1.32,0.64,2.74
7521.4400,-4.58,-1.33,0.64,2.73
7521.4727,-4.58,-1.33,0.64,2.73
7521.4975,-4.58,-1.33,0.64,2.73
7521.5257,-4.58,-1.33,0.64,2.73
7521.5600,-4.58,-1.33,0.64,2.73
7521.5888,-4.58,-1.33,0.64,2.73
7521.6169,-4.58,-1.33,0.64,2.73
7521.6537,-4.58,-1.33,0.64,2.72
7521.6776,-4.58,-1.33,0.64,2.72
7521.7192,-4.58,-1.33,0.64,2.72
7521.7429,-4.58,-1.33,0.64,2.72
7521.7838,-4.58,-1.33,0.64,2.73
7521.8174,-4.58,-1.33,0.64,2.73
7521.8335,-4.58,-1.33,0.64,2.73
7521.8758,-4.58,-1.33,0.64,2.73
7521.9068,-4.58,-1.33,0.64,2.74
7521.9410,-4.58,-1.33,0.64,2.74
7521.9651,-4.58,-1.33,0.64,2.74
7521.9903,-4.58,-1.33,0.63,2.75
7522.0252,-4.58,-1.33,0.63,2.75
7522.0567,-4.59,-1.33,0.63,2.75
7522.0983,-4.59,-1.33,0.63,2.75
7522.1207,-4.59,-1.33,0.63,2.75
7522.1520,-4.59,-1.33,0.63,2.76
7522.1840,-4.59,-1.33,0.63,2.76
7522.2116,-4.59,-1.32,0.63,2.76
7522.2525,-4.59,-1.32,0.63,2.76
7522.2762,-4.59,-1.32,0.64,2.76
7522.3088,-4.59,-1.32,0.64,2.76
7522.3335,-4.59,-1.32,0.64,2.76
7522.3707,-4.59,-1.32,0.64,2.76
7522.3964,-4.59,-1.32,0.64,2.77
7522.4291,-4.59,-1.32,0.64,2.77
7522.4619,-4.59,-1.32,0.64,2.77
7522.4952,-4.59,-1.32,0.64,2.77
7522.5342,-4.59,-1.32,0.64,2.78
7522.5588,-4.59,-1.32,0.63,2.78
7522.5942,-4.59,-1.31,0.63,2.78
7522.6198,-4.59,-1.31,0.63,2.78
7522.6498,-4.59,-1.31,0.63,2.78
7522.6895,-4.59,-1.31,0.63,2.78
7522.7273,-4.59,-1.31,0.63,2.78
7522.7600,-4.59,-1.31,0.63,2.78
7522.7875,-4.59,-1.31,0.63,2.78
7522.8258,-4.59,-1.31,0.63,2.78
7522.8591,-4.59,-1.31,0.63,2.78
7522.8922,-4.59,-1.31,0.63,2.78
7522.9170,-4.59,-1.31,0.63,2.78
7522.9426,-4.59,-1.31,0.63,2.78
7522.9755,-4.59,-1.31,0.63,2.78
7523.0162,-4.59,-1.31,0.63,2.78
7523.0417,-4.59,-1.31,0.63,2.78
7523.0758,-4.59,-1.31,0.63,2.78
7523.1085,-4.59,-1.31,0.63,2.78
7523.1331,-4.60,-1.31,0.63,2.78
7523.1661,-4.60,-1.31,0.63,2.78
7523.2033,-4.60,-1.31,0.63,2.78
7523.2421,-4.60,-1.31,0.63,2.78
7523.2758,-4.60,-1.31,0.63,2.78
7523.3094,-4.60,-1.31,0.63,2.78
7523.3361,-4.60,-1.31,0.63,2.78
7523.3774,-4.60,-1.31,0.63,2.78
7523.4016,-4.60,-1.31,0.63,2.78
7523.4270,-4.60,-1.31,0.63,2.78
7523.4599,-4.60,-1.31,0.63,2.78
7523.5015,-4.60,-1.31,0.63,2.78
7523.5345,-4.60,-1.31,0.63,2.78
7523.5675,-4.60,-1.31,0.63,2.78
7523.6157,-4.60,-1.31,0.63,2.78
7523.6487,-4.60,-1.31,0.63,2.78
7523.6880,-4.60,-1.31,0.63,2.78
7523.7119,-4.60,-1.31,0.63,2.78
7523.7423,-4.60,-1.31,0.63,2.78
7523.7753,-4.60,-1.31,0.63,2.78
7523.8070,-4.59,-1.31,0.63,2.78
7523.8407,-4.59,-1.31,0.63,2.78
7523.8653,-4.59,-1.31,0.63,2.78
7523.9032,-4.59,-1.31,0.63,2.78
7523.9430,-4.59,-1.31,0.63,2.78
7523.9754,-4.59,-1.31,0.63,2.78
7524.0089,-4.59,-1.31,0.63,2.78
7524.0421,-4.59,-1.31,0.63,2.78
7524.0753,-4.59,-1.31,0.63,2.78
7524.1087,-4.59,-1.31,0.63,2.77
7524.1408,-4.59,-1.31,0.63,2.77
7524.1723,-4.59,-1.31,0.63,2.77
7524.1959,-4.58,-1.31,0.63,2.77
7524.2277,-4.58,-1.31,0.63,2.77
7524.2676,-4.58,-1.31,0.63,2.77
7524.2929,-4.58,-1.31,0.63,2.77
7524.3263,-4.58,-1.31,0.64,2.77
7524.3513,-4.58,-1.31,0.64,2.77
7524.3922,-4.58,-1.32,0.64,2.77
7524.4170,-4.58,-1.32,0.64,2.77
7524.4487,-4.58,-1.32,0.64,2.77
7524.4805,-4.58,-1.32,0.64,2.77
7524.5123,-4.58,-1.32,0.64,2.77
7524.5440,-4.58,-1.32,0.64,2.77
7524.5676,-4.58,-1.32,0.64,2.77
7524.6004,-4.58,-1.32,0.64,2.77
7524.6328,-4.58,-1.32,0.64,2.76
7524.6739,-4.58,-1.32,0.64,2.76
7524.6978,-4.58,-1.32,0.64,2.76
7524.7398,-4.58,-1.32,0.64,2.76
7524.7719,-4.58,-1.33,0.63,2.76
7524.8050,-4.58,-1.33,0.63,2.77
7524.8390,-4.58,-1.33,0.63,2.77
7524.8774,-4.58,-1.33,0.63,2.77
7524.9024,-4.58,-1.33,0.63,2.77
7524.9266,-4.58,-1.33,0.63,2.77
7524.9659,-4.58,-1.34,0.63,2.77
7525.0003,-4.58,-1.34,0.64,2.77
7525.0341,-4.58,-1.34,0.64,2.77
7525.0590,-4.58,-1.34,0.64,2.77
7525.0854,-4.58,-1.34,0.64,2.77
7525.1255,-4.58,-1.34,0.64,2.76
7525.1460,-4.58,-1.34,0.64,2.76
7525.1847,-4.58,-1.34,0.64,2.76
7525.2079,-4.58,-1.34,0.64,2.76
7525.2402,-4.58,-1.34,0.64,2.76
7525.2717,-4.58,-1.34,0.64,2.76
7525.3041,-4.58,-1.34,0.64,2.76
7525.3361,-4.58,-1.34,0.64,2.76
7525.3692,-4.58,-1.35,0.64,2.75
7525.4024,-4.58,-1.35,0.64,2.75
7525.4268,-4.58,-1.35,0.64,2.75
7525.4600,-4.58,-1.35,0.64,2.75
7525.4926,-4.58,-1.35,0.64,2.75
7525.5332,-4.58,-1.35,0.64,2.75
7525.5572,-4.58,-1.35,0.64,2.75
7525.5888,-4.58,-1.35,0.64,2.75
7525.6211,-4.57,-1.34,0.64,2.75
7525.6524,-4.57,-1.34,0.64,2.74
7525.6923,-4.57,-1.34,0.64,2.74
7525.7240,-4.57,-1.34,0.64,2.74
7525.7565,-4.57,-1.34,0.64,2.74
7525.7886,-4.57,-1.33,0.64,2.74
7525.8199,-4.57,-1.33,0.64,2.74
7525.8516,-4.56,-1.33,0.64,2.74
7525.8914,-4.56,-1.33,0.64,2.74
7525.9234,-4.56,-1.33,0.65,2.73
7525.9569,-4.56,-1.32,0.64,2.73
7525.9797,-4.56,-1.32,0.64,2.73
7526.0068,-4.56,-1.32,0.64,2.73
7526.0472,-4.55,-1.32,0.64,2.73
7526.0719,-4.55,-1.32,0.64,2.73
7526.0989,-4.55,-1.32,0.64,2.73
7526.1454,-4.55,-1.32,0.64,2.72
7526.1859,-4.55,-1.32,0.64,2.72
7526.2083,-4.55,-1.32,0.64,2.72
7526.2429,-4.55,-1.32,0.64,2.72
7526.2842,-4.55,-1.33,0.64,2.72
7526.3159,-4.55,-1.33,0.64,2.72
7526.3475,-4.55,-1.33,0.64,2.72
7526.3793,-4.55,-1.33,0.64,2.72
7526.4101,-4.55,-1.33,0.64,2.72
7526.4419,-4.55,-1.33,0.64,2.72
7526.4581,-4.55,-1.33,0.64,2.72
7526.4894,-4.55,-1.34,0.64,2.72
7526.5214,-4.55,-1.34,0.64,2.72
7526.5532,-4.55,-1.34,0.64,2.72
7526.5848,-4.55,-1.34,0.64,2.72
7526.6163,-4.55,-1.35,0.64,2.72
7526.6479,-4.55,-1.35,0.64,2.72
7526.6795,-4.55,-1.35,0.64,2.72
7526.7103,-4.55,-1.35,0.64,2.72
7526.7535,-4.56,-1.35,0.64,2.72
7526.7848,-4.56,-1.35,0.64,2.72
7526.8090,-4.56,-1.35,0.64,2.72
7526.8413,-4.56,-1.36,0.64,2.72
7526.8730,-4.56,-1.36,0.64,2.72
7526.8995,-4.56,-1.36,0.64,2.72
7526.9328,-4.56,-1.36,0.64,2.71
7526.9641,-4.56,-1.36,0.64,2.71
7526.9966,-4.56,-1.36,0.64,2.71
7527.0204,-4.56,-1.36,0.64,2.71
7527.0559,-4.57,-1.36,0.64,2.71
7527.0989,-4.57,-1.36,0.64,2.71
7527.1157,-4.57,-1.36,0.64,2.71
7527.1510,-4.57,-1.36,0.64,2.71
7527.1824,-4.57,-1.36,0.64,2.71
7527.2222,-4.57,-1.36,0.64,2.71
7527.2541,-4.57,-1.36,0.64,2.71
7527.2854,-4.57,-1.36,0.64,2.71
7527.3015,-4.57,-1.36,0.64,2.71
7527.3373,-4.57,-1.36,0.64,2.71
7527.3736,-4.57,-1.36,0.64,2.71
7527.4052,-4.57,-1.36,0.64,2.71
7527.4350,-4.57,-1.36,0.64,2.71
7527.4613,-4.57,-1.36,0.64,2.71
7527.4911,-4.57,-1.36,0.64,2.71
7527.5237,-4.57,-1.36,0.64,2.71
7527.5652,-4.58,-1.37,0.64,2.71
7527.5870,-4.58,-1.37,0.64,2.72
7527.6146,-4.58,-1.37,0.64,2.72
7527.6476,-4.58,-1.37,0.64,2.72
7527.6808,-4.58,-1.37,0.64,2.72
7527.7136,-4.58,-1.37,0.64,2.72
7527.7462,-4.58,-1.37,0.64,2.72
7527.7714,-4.58,-1.37,0.64,2.72
7527.8045,-4.58,-1.37,0.64,2.72
7527.8400,-4.58,-1.37,0.64,2.72
7527.8746,-4.58,-1.37,0.64,2.72
7527.8993,-4.58,-1.37,0.64,2.73
7527.9414,-4.58,-1.37,0.64,2.73
7527.9659,-4.58,-1.37,0.64,2.73
7527.9909,-4.58,-1.37,0.64,2.73
7528.0237,-4.58,-1.37,0.64,2.73
7528.0641,-4.58,-1.37,0.64,2.73
7528.0970,-4.58,-1.37,0.64,2.73
7528.1215,-4.59,-1.36,0.64,2.74
7528.1523,-4.58,-1.36,0.64,2.74
7528.1831,-4.59,-1.36,0.64,2.74
7528.2158,-4.59,-1.36,0.64,2.74
7528.2495,-4.59,-1.36,0.64,2.74
7528.2754,-4.59,-1.35,0.64,2.75
7528.3023,-4.59,-1.35,0.64,2.75
7528.3398,-4.59,-1.35,0.64,2.75
7528.3724,-4.59,-1.35,0.64,2.75
7528.3972,-4.59,-1.35,0.64,2.75
7528.4309,-4.58,-1.35,0.64,2.75
7528.4735,-4.58,-1.34,0.64,2.76
7528.5028,-4.58,-1.34,0.64,2.76
7528.5314,-4.58,-1.34,0.64,2.76
7528.5592,-4.58,-1.34,0.64,2.76
7528.5890,-4.58,-1.34,0.64,2.76
7528.6212,-4.58,-1.34,0.64,2.77
7528.6537,-4.58,-1.34,0.64,2.77
7528.6783,-4.58,-1.34,0.64,2.77
7528.7194,-4.57,-1.33,0.64,2.77
7528.7400,-4.57,-1.33,0.64,2.77
7528.7856,-4.57,-1.33,0.64,2.77
7528.8031,-4.57,-1.33,0.64,2.77
7528.8426,-4.57,-1.33,0.64,2.77
7528.8753,-4.57,-1.33,0.64,2.78
7528.8990,-4.57,-1.33,0.64,2.78
7528.9396,-4.57,-1.33,0.64,2.78
7528.9727,-4.57,-1.32,0.64,2.78
7529.0059,-4.57,-1.32,0.64,2.78
7529.0468,-4.57,-1.32,0.64,2.78
7529.0716,-4.57,-1.32,0.64,2.78
7529.1048,-4.56,-1.32,0.64,2.78
7529.1374,-4.56,-1.32,0.64,2.78
7529.1619,-4.56,-1.31,0.64,2.78
7529.1952,-4.56,-1.31,0.64,2.78
7529.2286,-4.56,-1.31,0.64,2.77
7529.2614,-4.56,-1.31,0.64,2.77
7529.2938,-4.56,-1.31,0.64,2.77
7529.3265,-4.56,-1.30,0.64,2.77
7529.3587,-4.56,-1.30,0.64,2.77
7529.3911,-4.56,-1.30,0.64,2.77
7529.4225,-4.56,-1.30,0.64,2.77
7529.4543,-4.56,-1.30,0.64,2.77
7529.4806,-4.56,-1.30,0.64,2.77
7529.5190,-4.56,-1.30,0.64,2.77
7529.5431,-4.56,-1.30,0.64,2.77
7529.5749,-4.56,-1.30,0.64,2.77
7529.6069,-4.56,-1.29,0.64,2.77
7529.6386,-4.56,-1.29,0.64,2.77
7529.6628,-4.56,-1.29,0.64,2.77
7529.6952,-4.56,-1.29,0.64,2.77
7529.7440,-4.56,-1.29,0.64,2.77
7529.7632,-4.56,-1.29,0.64,2.77
7529.7904,-4.56,-1.29,0.64,2.77
7529.8216,-4.56,-1.29,0.64,2.77
7529.8536,-4.56,-1.29,0.64,2.77
7529.8865,-4.56,-1.29,0.64,2.77
7529.9192,-4.56,-1.29,0.64,2.78
7529.9518,-4.56,-1.29,0.64,2.78
7529.9842,-4.56,-1.29,0.64,2.78
7530.0167,-4.56,-1.29,0.64,2.78
7530.0484,-4.56,-1.29,0.64,2.78
7530.0770,-4.56,-1.29,0.64,2.78
7530.1025,-4.56,-1.29,0.64,2.78
7530.1405,-4.56,-1.29,0.64,2.78
7530.1726,-4.56,-1.29,0.64,2.78
7530.1939,-4.56,-1.29,0.64,2.78
7530.2278,-4.57,-1.29,0.64,2.78
7530.2593,-4.57,-1.30,0.64,2.78
7530.2911,-4.57,-1.30,0.64,2.78
7530.3233,-4.57,-1.30,0.64,2.78
7530.3551,-4.57,-1.30,0.64,2.78
7530.3871,-4.57,-1.30,0.64,2.78
7530.4196,-4.57,-1.30,0.63,2.78
7530.4512,-4.57,-1.30,0.63,2.78
7530.4828,-4.58,-1.30,0.63,2.78
7530.5154,-4.58,-1.30,0.63,2.78
7530.5474,-4.58,-1.31,0.63,2.78
7530.5795,-4.58,-1.31,0.63,2.78
7530.6116,-4.58,-1.31,0.63,2.78
7530.6432,-4.58,-1.31,0.63,2.78
7530.6748,-4.58,-1.31,0.63,2.78
7530.7069,-4.58,-1.31,0.63,2.78
7530.7382,-4.58,-1.32,0.63,2.78
7530.7704,-4.58,-1.32,0.63,2.78
7530.7865,-4.58,-1.32,0.63,2.78
7530.8190,-4.58,-1.32,0.63,2.78
7530.8510,-4.58,-1.32,0.63,2.78
7530.8830,-4.58,-1.33,0.63,2.78
7530.9153,-4.58,-1.33,0.63,2.78
7530.9473,-4.58,-1.33,0.63,2.78
7530.9785,-4.58,-1.33,0.63,2.78
7531.0117,-4.57,-1.34,0.63,2.77
7531.0439,-4.57,-1.34,0.64,2.77
7531.0761,-4.57,-1.34,0.64,2.77
7531.1080,-4.57,-1.34,0.64,2.77
7531.1403,-4.57,-1.34,0.64,2.77
7531.1728,-4.57,-1.34,0.64,2.77
7531.2052,-4.57,-1.34,0.64,2.77
7531.2375,-4.57,-1.34,0.63,2.76
7531.2695,-4.57,-1.34,0.63,2.76
7531.3018,-4.57,-1.34,0.63,2.76
7531.3337,-4.57,-1.34,0.63,2.76
7531.3658,-4.57,-1.34,0.63,2.76
7531.3982,-4.56,-1.34,0.63,2.76
7531.4304,-4.56,-1.34,0.63,2.75
7531.4633,-4.56,-1.34,0.64,2.75
7531.4950,-4.56,-1.34,0.64,2.75
7531.5264,-4.56,-1.34,0.64,2.75
7531.5584,-4.56,-1.34,0.64,2.75
7531.5906,-4.56,-1.34,0.64,2.75
7531.6229,-4.56,-1.34,0.64,2.75
7531.6548,-4.56,-1.34,0.64,2.75
7531.6870,-4.56,-1.34,0.64,2.75
7531.7198,-4.56,-1.34,0.64,2.75
7531.7519,-4.56,-1.34,0.64,2.75
7531.7840,-4.56,-1.34,0.64,2.75
7531.8162,-4.56,-1.34,0.64,2.75
7531.8482,-4.56,-1.34,0.64,2.75
7531.8809,-4.56,-1.34,0.64,2.75
7531.9132,-4.56,-1.34,0.64,2.75
7531.9457,-4.56,-1.34,0.64,2.75
7531.9778,-4.56,-1.34,0.64,2.75
7532.0097,-4.56,-1.34,0.64,2.75
7532.0417,-4.56,-1.33,0.64,2.75
7532.0738,-4.56,-1.33,0.64,2.76
7532.1062,-4.56,-1.33,0.64,2.76
7532.1386,-4.56,-1.33,0.64,2.76
7532.1705,-4.56,-1.33,0.64,2.76
7532.2030,-4.57,-1.34,0.63,2.76
7532.2351,-4.58,-1.35,0.62,2.77
7532.2675,-4.55,-1.30,0.65,2.77
7532.2993,-4.57,-1.28,0.61,2.76
7532.3310,-4.59,-1.27,0.58,2.76
7532.3632,-4.61,-1.26,0.55,2.74
7532.3956,-4.68,-1.27,0.65,2.77
7532.4276,-4.74,-1.28,0.66,2.79
7532.4599,-4.79,-1.30,0.67,2.84
7532.4914,-4.70,-0.83,0.56,2.88
7532.5232,-4.61,-0.43,0.47,2.94
7532.5553,-4.55,-0.16,0.40,3.01
7532.5870,-4.49,0.07,0.34,2.67
7532.6197,-4.60,2.81,-0.18,3.37
7532.6513,-4.68,5.17,-0.62,4.25
7532.6835,-4.74,7.17,-1.00,5.05
7532.7154,-4.77,8.88,-1.32,3.98
7532.7476,-5.41,13.38,-1.22,5.57
7532.7794,-5.99,17.32,-1.14,6.88
7532.8118,-6.51,20.67,-1.08,7.91
7532.8438,-6.97,23.52,-1.02,7.46
7532.8768,-7.70,28.20,-0.58,8.96
7532.9087,-8.36,32.11,-0.11,10.13
7532.9404,-9.02,35.44,0.30,9.77
7532.9732,-9.72,39.97,0.75,10.81
7533.0048,-10.45,43.82,1.14,11.55
7533.0204,-11.22,47.12,1.49,12.04
7533.0526,-11.97,49.93,1.79,11.43
7533.0849,-12.71,52.31,2.05,10.75
7533.1172,-13.86,55.31,2.68,10.97
7533.1490,-15.09,57.91,3.36,11.02
7533.1810,-16.33,60.11,3.94,10.43
7533.2128,-18.32,62.73,4.88,10.56
7533.2458,-20.35,64.96,5.70,10.55
7533.2773,-22.54,66.83,6.52,10.43
7533.3090,-24.67,68.43,7.24,9.91
7533.3412,-26.93,70.17,7.88,9.73
7533.3739,-29.36,71.63,8.54,9.49
7533.3985,-31.67,72.87,9.10,9.20
7533.4276,-33.82,73.92,9.59,8.89
7533.4592,-35.59,74.71,9.99,8.47
7533.4907,-37.20,75.39,10.33,8.05
7533.5226,-38.76,76.05,10.63,7.64
7533.5605,-40.16,76.61,10.88,7.45
7533.5857,-40.12,76.61,10.82,6.78
7533.6260,-40.00,76.57,10.76,6.19
7533.6583,-39.89,76.54,10.72,6.27
7533.6905,-39.80,76.51,10.68,6.34
7533.7230,-35.65,75.00,10.05,4.92
7533.7549,-32.45,73.68,9.52,3.73
7533.7861,-29.97,72.56,9.07,4.00
7533.8177,-25.25,69.51,8.75,2.23
7533.8493,-21.98,66.92,8.49,0.78
7533.8809,-19.77,64.83,8.41,0.39
7533.9250,-18.10,63.06,8.33,0.25
7533.9568,-15.90,59.93,8.26,1.48
7533.9883,-14.68,57.27,8.52,2.50
7534.0198,-13.75,55.01,8.74,2.33
7534.0520,-12.51,51.52,9.02,3.58
7534.0917,-11.77,48.51,9.40,4.53
7534.1243,-11.17,45.95,9.73,5.25
7534.1566,-10.68,43.77,10.00,4.74
7534.1881,-9.83,40.13,10.31,5.86
7534.2196,-9.17,37.04,10.58,6.70
7534.2517,-8.62,34.41,10.81,7.31
7534.2758,-8.17,32.18,11.00,6.64
7534.3084,-7.13,28.49,11.01,7.53
7534.3406,-6.30,25.38,11.03,8.16
7534.3724,-5.63,22.74,11.05,7.72
7534.4048,-5.07,20.50,11.07,7.22
7534.4366,-4.08,17.37,10.82,7.68
7534.4688,-3.29,14.68,10.69,7.96
7534.4941,-2.64,12.40,10.58,7.91
7534.5260,-2.09,10.46,10.48,7.77
7534.5580,-1.58,8.81,10.38,7.54
7534.5903,-1.16,7.43,10.28,7.27
7534.6216,-0.81,6.26,10.19,6.93
7534.6534,-0.51,5.26,10.12,6.57
7534.6773,-0.26,4.42,10.06,6.22
7534.7096,-0.07,3.71,9.99,5.87
7534.7419,0.11,3.07,9.97,5.56
7534.7735,0.26,2.53,9.95,5.26
7534.8056,0.38,2.08,9.94,4.98
7534.8380,0.49,1.68,9.92,4.74
7534.8702,0.58,1.34,9.91,4.52
7534.9025,0.65,1.05,9.90,4.33
7534.9352,0.72,0.81,9.89,4.16
7534.9675,0.76,0.62,9.89,4.02
7534.9997,0.80,0.45,9.88,3.91
7535.0316,0.84,0.31,9.88,3.82
7535.0639,0.86,0.18,9.87,3.76
7535.0959,0.90,0.08,9.87,3.70
7535.1282,0.93,0.00,9.87,3.65
7535.1604,0.96,-0.07,9.87,3.63
7535.1920,0.99,-0.13,9.87,3.60
7535.2084,1.01,-0.18,9.87,3.59
7535.2406,1.03,-0.22,9.87,3.59
7535.2727,1.05,-0.25,9.87,3.59
7535.3052,1.06,-0.28,9.87,3.60
7535.3374,1.08,-0.31,9.87,3.61
7535.3696,1.10,-0.33,9.87,3.62
7535.4017,1.11,-0.34,9.87,3.63
7535.4334,1.12,-0.36,9.87,3.64
7535.4659,1.13,-0.36,9.87,3.65
7535.4980,1.14,-0.38,9.87,3.66
7535.5309,1.15,-0.38,9.87,3.68
7535.5628,1.16,-0.39,9.87,3.69
7535.5946,1.16,-0.40,9.87,3.70
7535.6268,1.17,-0.41,9.87,3.72
7535.6586,1.17,-0.41,9.87,3.73
7535.6904,1.18,-0.42,9.87,3.74
7535.7226,1.19,-0.42,9.87,3.75
7535.7550,1.19,-0.43,9.86,3.76
7535.7704,1.20,-0.44,9.86,3.77
7535.8024,1.20,-0.44,9.87,3.77
7535.8345,1.21,-0.45,9.87,3.78
7535.8669,1.21,-0.45,9.87,3.79
7535.8991,1.22,-0.46,9.87,3.79
7535.9309,1.22,-0.46,9.87,3.80
7535.9626,1.22,-0.47,9.87,3.81
7535.9946,1.23,-0.47,9.87,3.81
7536.0268,1.24,-0.48,9.87,3.81
7536.0603,1.24,-0.48,9.87,3.82
7536.0910,1.24,-0.48,9.87,3.82
7536.1237,1.24,-0.49,9.87,3.82
7536.1561,1.25,-0.49,9.87,3.82
7536.1876,1.25,-0.49,9.87,3.83
7536.2199,1.25,-0.50,9.87,3.83
7536.2521,1.25,-0.50,9.87,3.83
7536.2843,1.25,-0.50,9.87,3.83
7536.3159,1.25,-0.51,9.87,3.83
7536.3481,1.25,-0.51,9.87,3.83
7536.3805,1.25,-0.52,9.87,3.84
7536.4134,1.25,-0.52,9.87,3.84
7536.4457,1.25,-0.52,9.87,3.84
7536.4781,1.25,-0.53,9.87,3.84
7536.5097,1.25,-0.53,9.87,3.84
7536.5415,1.25,-0.53,9.87,3.84
7536.5742,1.25,-0.54,9.87,3.84
7536.6062,1.25,-0.54,9.87,3.84
7536.6382,1.25,-0.54,9.87,3.84
7536.6700,1.24,-0.55,9.87,3.84
7536.7022,1.24,-0.55,9.87,3.85
7536.7336,1.24,-0.56,9.87,3.85
7536.7655,1.24,-0.56,9.87,3.85
7536.7976,1.24,-0.57,9.87,3.85
7536.8300,1.24,-0.57,9.87,3.85
7536.8621,1.24,-0.57,9.87,3.85
7536.8945,1.24,-0.58,9.87,3.85
7536.9268,1.24,-0.58,9.87,3.85
7536.9588,1.24,-0.58,9.87,3.85
7536.9908,1.24,-0.59,9.87,3.85
7537.0235,1.24,-0.59,9.88,3.85
7537.0560,1.24,-0.60,9.88,3.85
7537.0879,1.24,-0.60,9.88,3.85
7537.1201,1.24,-0.60,9.88,3.85
7537.1525,1.24,-0.61,9.88,3.85
7537.1849,1.24,-0.61,9.88,3.85
7537.2172,1.24,-0.61,9.88,3.85
7537.2492,1.24,-0.62,9.88,3.85
7537.2815,1.24,-0.62,9.88,3.84
7537.3139,1.24,-0.62,9.88,3.84
7537.3468,1.24,-0.62,9.88,3.84
7537.3789,1.24,-0.62,9.89,3.84
7537.4111,1.24,-0.63,9.89,3.84
7537.4431,1.24,-0.63,9.89,3.84
7537.4751,1.24,-0.63,9.89,3.84
7537.5073,1.24,-0.63,9.89,3.84
7537.5394,1.23,-0.63,9.89,3.84
7537.5719,1.23,-0.63,9.89,3.84
7537.6040,1.23,-0.63,9.89,3.83
7537.6364,1.23,-0.63,9.89,3.83
7537.6681,1.23,-0.63,9.89,3.83
7537.7003,1.23,-0.63,9.89,3.83
7537.7326,1.23,-0.63,9.89,3.83
7537.7651,1.23,-0.63,9.89,3.83
7537.7978,1.23,-0.63,9.89,3.83
7537.8301,1.23,-0.63,9.89,3.83
7537.8623,1.23,-0.63,9.89,3.83
7537.8945,1.23,-0.63,9.90,3.83
7537.9264,1.23,-0.63,9.90,3.83
7537.9586,1.23,-0.62,9.90,3.83
7537.9903,1.23,-0.62,9.90,3.83
7538.0226,1.23,-0.62,9.90,3.83
7538.0545,1.23,-0.62,9.90,3.83
7538.0865,1.24,-0.62,9.90,3.83
7538.1183,1.24,-0.63,9.90,3.83
7538.1507,1.24,-0.63,9.90,3.83
7538.1826,1.24,-0.63,9.90,3.83
7538.2153,1.24,-0.63,9.90,3.83
7538.2480,1.24,-0.63,9.90,3.82
7538.2799,1.24,-0.63,9.91,3.82
7538.3120,1.24,-0.63,9.91,3.82
7538.3438,1.24,-0.63,9.91,3.82
7538.3754,1.25,-0.63,9.91,3.82
7538.4072,1.25,-0.63,9.91,3.82
7538.4395,1.25,-0.62,9.91,3.82
7538.4719,1.25,-0.62,9.91,3.82
7538.5045,1.24,-0.62,9.91,3.82
7538.5370,1.24,-0.62,9.91,3.82
7538.5692,1.24,-0.62,9.91,3.82
7538.6015,1.24,-0.62,9.91,3.82
7538.6339,1.24,-0.62,9.91,3.82
7538.6661,1.24,-0.62,9.91,3.82
7538.6983,1.24,-0.62,9.91,3.82
7538.7303,1.24,-0.62,9.91,3.82
7538.7627,1.24,-0.62,9.91,3.82
7538.7948,1.24,-0.61,9.91,3.82
7538.8265,1.24,-0.61,9.91,3.82
7538.8581,1.23,-0.61,9.91,3.82
7538.8903,1.23,-0.61,9.91,3.82
7538.9230,1.23,-0.61,9.91,3.82
7538.9553,1.23,-0.61,9.91,3.82
7538.9874,1.23,-0.61,9.91,3.82
7539.0193,1.23,-0.61,9.91,3.82
7539.0515,1.23,-0.61,9.91,3.82
7539.0680,1.22,-0.61,9.91,3.82
7539.1001,1.22,-0.60,9.91,3.81
7539.1324,1.22,-0.60,9.91,3.81
7539.1644,1.22,-0.60,9.91,3.81
7539.1971,1.22,-0.60,9.91,3.81
7539.2292,1.22,-0.60,9.91,3.81
7539.2613,1.22,-0.60,9.91,3.81
7539.2935,1.22,-0.60,9.91,3.81
7539.3256,1.22,-0.60,9.91,3.81
7539.3576,1.22,-0.59,9.91,3.81
7539.3901,1.22,-0.59,9.91,3.81
7539.4216,1.22,-0.59,9.91,3.81
7539.4539,1.22,-0.59,9.91,3.81
7539.4863,1.22,-0.59,9.91,3.81
7539.5183,1.22,-0.59,9.91,3.81
7539.5496,1.22,-0.59,9.91,3.81
7539.5820,1.22,-0.59,9.91,3.81
7539.6141,1.22,-0.59,9.91,3.81
7539.6460,1.22,-0.59,9.91,3.81
7539.6780,1.22,-0.59,9.91,3.82
7539.7102,1.23,-0.59,9.91,3.82
7539.7412,1.23,-0.59,9.91,3.82
7539.7732,1.23,-0.59,9.91,3.82
7539.8053,1.23,-0.59,9.91,3.82
7539.8373,1.23,-0.58,9.91,3.82
7539.8692,1.23,-0.58,9.91,3.82
7539.9011,1.23,-0.58,9.91,3.82
7539.9334,1.23,-0.58,9.91,3.82
7539.9652,1.23,-0.58,9.91,3.82
7539.9975,1.22,-0.58,9.91,3.82
7540.0295,1.22,-0.58,9.91,3.82
7540.0624,1.22,-0.57,9.91,3.82
7540.0942,1.22,-0.57,9.91,3.82
7540.1263,1.22,-0.57,9.91,3.82
7540.1585,1.22,-0.57,9.91,3.82
7540.1908,1.22,-0.57,9.91,3.82
7540.2233,1.22,-0.57,9.91,3.82
7540.2396,1.22,-0.57,9.91,3.82
7540.2713,1.22,-0.57,9.91,3.82
7540.3031,1.22,-0.57,9.91,3.82
7540.3354,1.22,-0.57,9.91,3.82
7540.3679,1.22,-0.57,9.91,3.82
7540.3999,1.22,-0.57,9.91,3.82
7540.4316,1.22,-0.57,9.91,3.82
7540.4643,1.22,-0.57,9.91,3.82
7540.4962,1.22,-0.57,9.91,3.81
7540.5287,1.22,-0.57,9.91,3.81
7540.5608,1.22,-0.57,9.91,3.81
7540.5935,1.22,-0.57,9.91,3.81
7540.6258,1.22,-0.57,9.91,3.81
7540.6578,1.22,-0.57,9.91,3.81
7540.6900,1.22,-0.57,9.91,3.81
7540.7227,1.22,-0.58,9.91,3.81
7540.7552,1.22,-0.58,9.91,3.81
7540.7873,1.22,-0.58,9.91,3.81
7540.8195,1.22,-0.58,9.91,3.81
7540.8520,1.22,-0.58,9.91,3.81
7540.8839,1.22,-0.58,9.91,3.81
7540.9152,1.22,-0.58,9.91,3.81
7540.9468,1.22,-0.58,9.91,3.81
7540.9790,1.22,-0.58,9.91,3.81
7541.0101,1.22,-0.58,9.91,3.81
7541.0421,1.22,-0.58,9.91,3.81
7541.0740,1.22,-0.58,9.91,3.81
7541.1064,1.22,-0.58,9.91,3.81
7541.1385,1.22,-0.58,9.91,3.81
7541.1704,1.22,-0.58,9.91,3.81
7541.2026,1.22,-0.58,9.91,3.81
7541.2346,1.22,-0.58,9.91,3.81
7541.2671,1.22,-0.58,9.91,3.81
7541.2986,1.22,-0.57,9.91,3.81
7541.3309,1.22,-0.57,9.91,3.81
7541.3633,1.22,-0.57,9.91,3.81
7541.3950,1.22,-0.57,9.91,3.81
7541.4270,1.22,-0.57,9.91,3.81
7541.4587,1.22,-0.57,9.91,3.80
7541.4907,1.22,-0.57,9.91,3.80
7541.5226,1.22,-0.57,9.91,3.80
7541.5549,1.22,-0.57,9.91,3.80
7541.5872,1.22,-0.58,9.91,3.80
7541.6199,1.22,-0.57,9.91,3.80
7541.6518,1.22,-0.57,9.91,3.80
7541.6846,1.22,-0.58,9.91,3.80
7541.7161,1.22,-0.58,9.91,3.80
7541.7485,1.22,-0.57,9.91,3.80
7541.7807,1.22,-0.57,9.91,3.80
7541.8130,1.22,-0.58,9.91,3.80
7541.8457,1.22,-0.58,9.91,3.80
7541.8779,1.22,-0.58,9.91,3.80
7541.9097,1.22,-0.58,9.91,3.80
7541.9415,1.22,-0.58,9.91,3.80
7541.9743,1.22,-0.58,9.91,3.80
7542.0064,1.22,-0.58,9.91,3.80
7542.0389,1.22,-0.58,9.91,3.80
7542.0716,1.22,-0.58,9.91,3.80
7542.1036,1.23,-0.58,9.91,3.80
7542.1353,1.23,-0.58,9.91,3.80
7542.1673,1.23,-0.58,9.91,3.80
7542.1994,1.23,-0.58,9.91,3.80
7542.2313,1.23,-0.58,9.91,3.80
7542.2641,1.23,-0.58,9.91,3.80
7542.2968,1.23,-0.58,9.91,3.80
7542.3288,1.23,-0.58,9.91,3.80
7542.3607,1.23,-0.59,9.91,3.79
7542.3926,1.23,-0.59,9.91,3.79
7542.4242,1.23,-0.59,9.91,3.79
7542.4562,1.23,-0.59,9.91,3.79
7542.4777,1.23,-0.59,9.91,3.79
7542.5058,1.23,-0.59,9.91,3.79
7542.5520,1.24,-0.59,9.91,3.79
7542.5841,1.24,-0.59,9.91,3.79
7542.6163,1.24,-0.59,9.91,3.79
7542.6478,1.24,-0.60,9.91,3.79
7542.6809,1.24,-0.60,9.91,3.79
7542.7120,1.24,-0.60,9.91,3.79
7542.7438,1.24,-0.60,9.91,3.79
7542.7759,1.24,-0.60,9.91,3.79
7542.8079,1.23,-0.60,9.91,3.79
7542.8399,1.23,-0.60,9.91,3.79
7542.8720,1.23,-0.60,9.91,3.79
7542.9038,1.23,-0.60,9.91,3.79
7542.9359,1.23,-0.60,9.91,3.79
7542.9672,1.23,-0.60,9.91,3.79
7542.9984,1.23,-0.60,9.91,3.79
7543.0290,1.23,-0.60,9.91,3.79
7543.0557,1.23,-0.60,9.91,3.79
7543.0936,1.23,-0.60,9.91,3.79
7543.1256,1.23,-0.60,9.91,3.79
7543.1573,1.23,-0.60,9.91,3.79
7543.1898,1.23,-0.61,9.91,3.79
7543.2211,1.23,-0.60,9.91,3.80
7543.2538,1.23,-0.60,9.91,3.80
7543.2858,1.23,-0.60,9.91,3.80
7543.3178,1.23,-0.60,9.91,3.80
7543.3497,1.23,-0.61,9.91,3.80
7543.3820,1.23,-0.61,9.91,3.80
7543.4143,1.23,-0.61,9.91,3.80
7543.4467,1.23,-0.61,9.92,3.80
7543.4791,1.23,-0.61,9.91,3.80
7543.5114,1.23,-0.61,9.91,3.80
7543.5434,1.23,-0.61,9.91,3.80
7543.5752,1.23,-0.60,9.91,3.80
7543.6079,1.24,-0.60,9.91,3.80
7543.6398,1.24,-0.60,9.91,3.80
7543.6715,1.24,-0.60,9.91,3.80
7543.7041,1.24,-0.60,9.91,3.80
7543.7358,1.24,-0.60,9.91,3.80
7543.7685,1.24,-0.60,9.91,3.80
7543.8003,1.24,-0.60,9.91,3.80
7543.8330,1.24,-0.60,9.91,3.80
7543.8490,1.24,-0.60,9.91,3.81
7543.8813,1.25,-0.60,9.91,3.81
7543.9132,1.25,-0.60,9.91,3.81
7543.9454,1.25,-0.60,9.91,3.81
7543.9781,1.25,-0.60,9.91,3.81
7544.0099,1.25,-0.60,9.91,3.81
7544.0419,1.25,-0.60,9.91,3.81
7544.0741,1.25,-0.60,9.91,3.81
7544.1063,1.25,-0.60,9.91,3.81
7544.1385,1.25,-0.60,9.92,3.81
7544.1707,1.25,-0.60,9.92,3.81
7544.2032,1.25,-0.60,9.91,3.82
7544.2356,1.25,-0.60,9.91,3.82
7544.2680,1.25,-0.60,9.91,3.82
7544.3003,1.25,-0.60,9.91,3.82
7544.3327,1.25,-0.60,9.91,3.82
7544.3647,1.25,-0.60,9.91,3.82
7544.3967,1.25,-0.60,9.91,3.82
7544.4293,1.25,-0.60,9.91,3.82
7544.4613,1.25,-0.60,9.91,3.82
7544.4933,1.25,-0.60,9.91,3.83
7544.5249,1.25,-0.60,9.91,3.83
7544.5563,1.25,-0.60,9.91,3.83
7544.5885,1.25,-0.60,9.91,3.83
7544.6208,1.25,-0.60,9.91,3.83
7544.6524,1.25,-0.60,9.91,3.83
7544.6837,1.25,-0.60,9.91,3.83
7544.7157,1.25,-0.61,9.91,3.83
7544.7476,1.25,-0.61,9.91,3.83
7544.7797,1.25,-0.61,9.91,3.83
7544.8112,1.25,-0.61,9.91,3.83
7544.8430,1.25,-0.61,9.91,3.83
7544.8741,1.25,-0.61,9.91,3.83
7544.9062,1.25,-0.61,9.91,3.83
7544.9377,1.25,-0.60,9.91,3.83
7544.9694,1.25,-0.60,9.91,3.83
7545.0013,1.25,-0.60,9.92,3.83
7545.0331,1.25,-0.60,9.92,3.83
7545.0651,1.25,-0.60,9.92,3.83
7545.0965,1.25,-0.60,9.91,3.83
7545.1206,1.25,-0.60,9.91,3.83
7545.1480,1.25,-0.60,9.91,3.83
7545.1917,1.25,-0.60,9.91,3.84
7545.2233,1.25,-0.60,9.91,3.84
7545.2555,1.25,-0.60,9.91,3.84
7545.2872,1.25,-0.60,9.91,3.84
7545.3196,1.25,-0.59,9.91,3.84
7545.3516,1.25,-0.59,9.91,3.84
7545.3838,1.25,-0.59,9.91,3.84
7545.4164,1.25,-0.59,9.91,3.84
7545.4481,1.25,-0.59,9.91,3.84
7545.4806,1.25,-0.59,9.91,3.84
7545.5123,1.25,-0.59,9.91,3.84
7545.5448,1.25,-0.59,9.91,3.84
7545.5779,1.25,-0.59,9.91,3.84
7545.6097,1.25,-0.59,9.91,3.84
7545.6419,1.25,-0.59,9.91,3.84
7545.6739,1.25,-0.59,9.91,3.84
7545.7060,1.25,-0.59,9.91,3.84
7545.7383,1.25,-0.59,9.91,3.84
7545.7706,1.25,-0.59,9.91,3.84
7545.8021,1.25,-0.59,9.91,3.84
7545.9215,1.25,-0.59,9.91,3.84
