timestamp_s,flexion,abduction,ext_rot,elbow
8104.2333,-1.42,1.08,-0.66,0.86
8104.2603,-1.45,1.14,-0.59,0.85
8104.2773,-1.48,1.18,-0.52,0.85
8104.3105,-1.50,1.22,-0.46,0.84
8104.3468,-1.45,1.20,-0.46,0.90
8104.3756,-1.50,1.32,-0.42,0.95
8104.4023,-1.55,1.42,-0.39,0.99
8104.4344,-1.58,1.50,-0.36,1.01
8104.4663,-1.50,1.54,-0.32,1.09
8104.4981,-1.48,1.73,-0.21,1.16
8104.5299,-1.46,1.89,-0.13,1.22
8104.5617,-1.44,2.03,-0.05,1.27
8104.5937,-1.37,2.12,0.08,1.36
8104.6253,-1.34,2.25,0.18,1.44
8104.6574,-1.31,2.37,0.27,1.57
8104.6891,-1.28,2.47,0.34,1.68
8104.7211,-1.23,2.62,0.60,1.72
8104.7527,-1.20,2.68,0.73,1.76
8104.7848,-1.18,2.73,0.84,1.90
8104.8019,-1.16,2.77,0.93,2.03
8104.8413,-1.18,2.91,1.18,2.03
8104.8726,-1.00,2.89,1.39,2.04
8104.9046,-0.85,2.87,1.56,2.10
8104.9360,-0.72,2.86,1.71,2.17
8104.9696,-0.61,2.85,1.83,2.22
8105.0011,-0.49,2.90,2.04,2.21
8105.0333,-0.38,2.95,2.22,2.19
8105.0651,-0.29,2.99,2.37,2.18
8105.0968,-0.21,3.23,2.85,2.18
8105.1287,-0.15,3.43,3.25,2.18
8105.1548,-0.09,3.61,3.60,2.12
8105.1869,0.01,3.68,3.72,2.17
8105.2184,0.06,3.97,4.03,2.21
8105.2505,0.11,4.22,4.29,2.25
8105.2818,0.14,4.43,4.51,2.05
8105.3137,0.22,4.46,4.36,2.02
8105.3456,0.28,4.76,4.40,2.00
8105.3774,0.33,5.01,4.44,1.74
8105.4092,0.37,5.22,4.47,1.51
8105.4265,0.54,4.96,3.96,1.74
8105.4729,0.69,4.73,3.52,1.92
8105.5046,0.81,4.54,3.15,1.87
8105.5232,1.15,4.65,2.95,1.82
8105.5520,1.40,4.44,2.92,2.07
8105.5921,1.62,4.26,2.90,2.26
8105.6168,1.80,4.12,2.87,2.42
8105.6573,2.25,4.18,3.03,2.69
8105.6890,2.64,4.24,3.16,2.88
8105.7209,2.96,4.29,3.27,3.03
8105.7522,3.24,4.33,3.37,3.15
8105.7844,3.61,4.42,3.38,3.20
8105.8163,3.92,4.49,3.39,3.34
8105.8480,4.18,4.54,3.40,3.46
8105.8800,4.25,4.57,3.33,3.56
8105.9123,4.46,4.70,3.56,3.48
8105.9445,4.65,4.82,3.76,3.63
8105.9767,4.81,4.92,3.93,3.78
8106.0083,4.78,4.90,3.93,3.91
8106.0403,4.80,5.12,4.17,3.94
8106.0719,4.81,5.30,4.37,3.98
8106.1039,4.82,5.46,4.54,4.03
8106.1356,4.55,6.01,5.13,3.72
8106.1681,4.31,6.47,5.64,3.53
8106.1999,4.11,6.87,6.06,3.43
8106.2323,3.94,7.20,6.43,3.65
8106.2641,3.53,8.20,7.09,3.55
8106.2961,3.18,9.05,7.66,3.72
8106.3285,2.87,9.77,8.14,4.04
8106.3605,2.45,10.24,8.62,4.07
8106.3924,1.68,12.13,10.47,4.50
8106.4245,0.97,13.72,12.04,5.16
8106.4563,0.32,15.06,13.37,4.73
8106.4887,-0.36,16.07,14.58,4.44
8106.5206,-1.50,18.55,16.73,4.85
8106.5524,-2.56,20.63,18.55,5.30
8106.5842,-3.55,22.37,20.11,5.01
8106.6162,-4.92,25.37,22.35,5.40
8106.6479,-6.25,27.90,24.26,5.79
8106.6801,-7.50,30.03,25.90,6.12
8106.7120,-8.65,31.82,27.30,5.36
8106.7440,-10.13,34.83,29.04,5.22
8106.7763,-11.56,37.37,30.54,5.12
8106.8078,-12.91,39.53,31.82,4.99
8106.8397,-14.26,41.25,32.90,3.59
8106.8713,-15.75,44.07,34.59,2.90
8106.9036,-17.19,46.47,36.05,2.48
8106.9353,-18.58,48.51,37.30,1.40
8106.9671,-19.95,50.17,38.36,1.70
8106.9994,-21.59,52.65,39.65,2.95
8107.0313,-23.17,54.76,40.77,4.01
8107.0631,-24.67,56.55,41.73,5.39
8107.0946,-26.67,58.88,43.10,6.68
8107.1268,-28.61,60.86,44.28,7.80
8107.1586,-30.44,62.54,45.30,8.77
8107.1909,-32.15,63.98,46.17,10.02
8107.2229,-34.54,65.91,46.96,11.02
8107.2434,-36.78,67.56,47.64,11.92
8107.2857,-38.85,68.96,48.23,12.73
8107.3177,-40.77,70.16,48.67,13.74
8107.3500,-43.46,71.79,49.12,14.48
8107.3817,-45.95,73.17,49.51,15.16
8107.4231,-48.20,74.35,49.85,15.98
8107.4540,-51.18,75.87,50.27,16.60
8107.4858,-53.92,77.16,50.63,17.16
8107.5108,-56.32,78.25,50.86,17.68
8107.5510,-58.48,79.17,51.07,18.32
8107.5830,-61.14,80.30,51.20,18.84
8107.6148,-63.40,81.24,51.25,19.33
8107.6470,-65.41,82.03,51.28,19.78
8107.6792,-67.19,82.70,51.31,20.19
8107.7111,-68.74,83.28,51.34,20.57
8107.7441,-69.94,83.74,51.23,20.96
8107.7759,-71.29,84.25,51.06,21.32
8107.8072,-72.47,84.69,50.91,21.64
8107.8390,-73.50,85.06,50.79,21.89
8107.8710,-74.39,85.38,50.61,22.12
8107.9030,-75.17,85.68,50.49,22.36
8107.9349,-75.85,85.92,50.38,22.57
8107.9669,-76.45,86.13,50.29,22.73
8107.9991,-76.77,86.26,50.20,22.91
8108.0310,-77.05,86.37,50.12,23.08
8108.0550,-77.29,86.46,50.05,23.23
8108.0875,-77.49,86.54,50.00,23.35
8108.1196,-77.67,86.61,49.96,23.47
8108.1516,-77.82,86.67,49.93,23.57
8108.1834,-77.95,86.72,49.90,23.67
8108.2157,-78.11,86.77,49.88,23.72
8108.2482,-78.24,86.82,49.86,23.78
8108.2718,-78.35,86.85,49.84,23.83
8108.3036,-78.44,86.89,49.82,23.87
8108.3356,-78.54,86.91,49.82,23.91
8108.3676,-78.63,86.95,49.81,23.96
8108.4052,-78.72,86.98,49.80,24.00
8108.4371,-78.79,87.00,49.79,24.02
8108.4690,-78.81,87.01,49.81,24.04
8108.4988,-78.84,87.02,49.79,24.06
8108.5309,-78.87,87.04,49.78,24.09
8108.5628,-78.89,87.05,49.76,24.09
8108.5945,-78.86,87.04,49.77,24.09
8108.6268,-78.88,87.05,49.75,24.09
8108.6593,-78.90,87.06,49.74,24.09
8108.6914,-78.91,87.06,49.73,24.06
8108.7236,-78.84,87.05,49.71,24.05
8108.7559,-78.78,87.04,49.70,24.04
8108.7879,-78.72,87.03,49.70,24.04
8108.8199,-78.66,87.01,49.71,24.02
8108.8518,-78.55,86.99,49.72,24.03
8108.8837,-78.46,86.97,49.73,24.03
8108.9151,-78.39,86.95,49.74,24.04
8108.9471,-78.36,86.95,49.75,24.06
8108.9783,-78.28,86.92,49.80,24.07
8109.0109,-78.21,86.90,49.83,24.07
8109.0428,-78.15,86.89,49.86,24.07
8109.0714,-78.14,86.89,49.89,24.07
8109.1031,-77.97,86.84,49.88,24.09
8109.1353,-77.83,86.80,49.88,24.11
8109.1672,-77.70,86.77,49.87,24.08
8109.1996,-77.38,86.71,49.86,24.17
8109.2314,-77.11,86.67,49.84,24.24
8109.2631,-76.87,86.63,49.83,24.30
8109.2953,-76.69,86.60,49.79,24.18
8109.3272,-76.10,86.55,49.54,24.33
8109.3589,-75.58,86.50,49.32,24.45
8109.3903,-75.13,86.45,49.14,24.54
8109.4137,-74.72,86.42,48.99,24.36
8109.4536,-73.70,86.35,48.57,24.58
8109.4861,-72.77,86.29,48.22,24.75
8109.5175,-71.92,86.24,47.91,24.55
8109.5422,-71.34,86.22,47.72,24.36
8109.5910,-69.60,86.14,47.10,24.64
8109.6225,-67.94,86.08,46.57,24.86
8109.6541,-66.61,86.05,46.18,24.65
8109.6871,-63.64,85.96,45.28,24.93
8109.7192,-60.66,85.90,44.51,25.14
8109.7516,-57.71,85.84,43.87,25.29
8109.7835,-55.37,85.81,43.41,25.07
8109.8158,-50.43,85.77,42.63,25.29
8109.8479,-45.36,85.73,41.96,25.45
8109.8801,-40.29,85.70,41.40,25.30
8109.9121,-36.28,85.71,41.01,25.12
8109.9524,-28.33,85.71,40.34,25.32
8109.9843,-20.48,85.72,39.76,25.45
8110.0159,-13.09,85.72,39.28,25.53
8110.0478,-2.56,85.77,38.60,25.91
8110.0717,6.72,85.80,38.03,25.96
8110.1038,14.48,85.84,37.54,25.97
8110.1357,20.50,85.89,37.15,25.95
8110.1680,28.71,85.96,36.56,26.16
8110.2000,35.01,86.03,36.05,26.08
8110.2319,39.84,86.08,35.62,25.98
8110.2642,43.46,86.13,35.29,25.86
8110.2890,48.09,86.24,34.93,25.88
8110.3203,51.65,86.33,34.63,25.76
8110.3521,54.42,86.41,34.37,25.62
8110.3839,56.52,86.47,34.15,25.49
8110.4159,58.76,86.53,33.77,25.36
8110.4550,60.51,86.58,33.45,25.23
8110.4876,61.90,86.62,33.17,25.10
8110.5198,62.99,86.66,32.93,24.96
8110.5470,63.88,86.68,32.72,24.83
8110.5788,64.67,86.71,32.55,24.72
8110.6110,65.31,86.73,32.41,24.58
8110.6429,65.86,86.76,32.29,24.45
8110.6747,66.31,86.78,32.18,24.33
8110.7069,66.68,86.80,32.09,24.22
8110.7398,66.92,86.83,32.06,24.08
8110.7715,64.40,86.49,32.09,23.92
8110.8036,62.28,86.20,32.12,23.77
8110.8349,60.49,85.96,32.14,23.32
8110.8675,59.16,85.75,32.06,22.93
8110.8993,58.06,85.57,31.99,22.58
8110.9312,57.14,85.42,31.93,22.28
8110.9710,56.37,85.29,31.88,21.81
8111.0024,47.39,83.76,32.00,21.23
8111.0343,40.87,82.46,32.09,20.70
8111.0665,36.09,81.36,32.17,20.21
8111.0979,32.43,80.46,32.23,19.68
8111.1220,21.58,76.68,32.85,18.94
8111.1536,15.48,73.47,33.35,18.38
8111.1858,11.67,70.75,33.76,17.95
8111.2177,8.93,68.50,34.17,17.00
8111.2492,5.91,64.44,33.49,16.66
8111.2809,3.83,61.00,32.95,16.37
8111.3049,2.29,58.09,32.51,16.08
8111.3366,1.04,55.70,32.16,15.05
8111.3685,0.03,52.05,31.28,14.97
8111.4006,-0.81,48.96,30.55,14.81
8111.4324,-1.50,46.34,29.96,14.57
8111.4643,-2.14,44.18,29.44,13.39
8111.5048,-2.44,41.01,27.99,13.32
8111.5368,-2.76,38.32,26.78,13.12
8111.5684,-3.08,36.04,25.77,12.19
8111.6007,-3.18,33.05,24.45,12.24
8111.6324,-3.34,30.52,23.35,12.16
8111.6643,-3.52,28.37,22.43,11.97
8111.7039,-3.64,26.58,21.58,11.27
8111.7366,-3.54,24.17,20.61,11.43
8111.7638,-3.50,22.12,19.80,11.44
8111.7971,-3.50,20.38,19.11,10.86
8111.8287,-3.45,18.91,18.45,10.24
8111.8605,-3.34,17.08,17.44,10.17
8111.8924,-3.28,15.52,16.58,10.02
8111.9243,-3.25,14.20,15.85,9.82
8111.9566,-3.20,13.07,15.16,9.58
8111.9883,-3.17,12.11,14.58,9.29
8112.0207,-3.16,11.12,14.36,9.15
8112.0530,-3.16,10.28,14.18,8.99
8112.0852,-3.12,9.54,13.95,8.81
8112.1176,-3.08,8.91,13.75,8.61
8112.1500,-3.03,8.43,13.52,8.35
8112.1822,-2.98,8.01,13.29,8.12
8112.2145,-2.93,7.65,13.10,7.89
8112.2468,-2.89,7.35,12.93,7.67
8112.2781,-2.89,7.11,12.80,7.46
8112.3100,-2.85,6.90,12.67,7.26
8112.3420,-2.82,6.72,12.56,7.07
8112.3741,-2.94,6.68,12.58,6.78
8112.4063,-3.05,6.63,12.60,6.64
8112.4381,-3.09,6.59,12.59,6.51
8112.4700,-3.13,6.55,12.58,6.39
8112.5019,-3.22,6.95,13.00,5.85
8112.5342,-3.27,7.25,13.33,5.84
8112.5664,-3.32,7.50,13.62,5.85
8112.5984,-3.36,7.71,13.86,5.88
8112.6301,-3.52,8.87,14.80,4.95
8112.6624,-3.65,9.79,15.60,5.04
8112.6946,-3.76,10.57,16.28,5.24
8112.7274,-3.87,11.23,16.86,5.51
8112.7593,-4.24,13.11,18.27,5.62
8112.7917,-4.57,14.66,19.53,5.91
8112.8234,-4.89,15.96,20.60,6.30
8112.8553,-5.56,18.35,22.17,5.82
8112.8875,-6.20,20.37,23.51,6.38
8112.9192,-6.79,22.01,24.72,6.95
8112.9516,-7.34,23.40,25.75,7.51
8112.9831,-8.26,25.78,27.23,7.52
8113.0156,-9.12,27.72,28.56,8.11
8113.0474,-9.92,29.37,29.70,8.65
8113.0791,-10.65,30.76,30.67,9.14
8113.1116,-11.80,33.07,31.95,9.27
8113.1434,-12.86,34.97,33.09,9.86
8113.1751,-13.82,36.59,34.07,10.39
8113.2081,-14.70,37.95,34.91,10.87
8113.2406,-15.99,40.35,36.31,11.59
8113.2718,-17.20,42.34,37.52,12.22
8113.3037,-18.32,44.03,38.56,12.76
8113.3360,-19.79,46.56,39.83,13.17
8113.3683,-21.20,48.71,40.93,13.85
8113.4000,-22.47,50.48,41.87,14.43
8113.4324,-23.64,51.99,42.67,14.94
8113.4646,-25.21,54.23,43.60,15.36
8113.4965,-26.69,56.13,44.40,15.72
8113.5287,-28.08,57.75,45.09,16.03
8113.5609,-29.30,59.08,45.69,16.50
8113.5934,-31.00,61.04,46.40,16.92
8113.6252,-32.61,62.71,47.01,17.28
8113.6573,-34.10,64.13,47.54,17.69
8113.6894,-35.42,65.31,48.00,18.06
8113.7211,-37.37,67.07,48.48,18.36
8113.7534,-39.20,68.57,48.90,18.61
8113.7843,-40.90,69.84,49.25,18.89
8113.8159,-43.26,71.58,49.56,19.13
8113.8331,-45.49,73.06,49.82,19.31
8113.8803,-47.56,74.31,50.05,19.47
8113.9213,-49.45,75.37,50.26,19.64
8113.9532,-52.19,76.87,50.46,19.76
8113.9780,-54.74,78.15,50.64,19.85
8114.0293,-57.09,79.23,50.79,19.95
8114.0614,-60.26,80.60,50.84,20.01
8114.0941,-63.18,81.77,50.88,20.05
8114.1264,-65.84,82.76,50.92,20.09
8114.1583,-68.17,83.58,50.92,20.14
8114.1904,-71.15,84.61,50.95,20.19
8114.2222,-73.84,85.49,50.97,20.23
8114.2544,-76.25,86.23,50.99,20.25
8114.2779,-78.35,86.86,50.95,20.28
8114.3031,-80.75,87.55,50.86,20.32
8114.3361,-82.86,88.14,50.77,20.35
8114.3684,-84.71,88.64,50.70,20.39
8114.4017,-86.33,89.06,50.64,20.40
8114.4297,-87.96,89.49,50.57,20.42
8114.4712,-89.39,89.85,50.48,20.45
8114.4954,-90.63,90.16,50.40,20.47
8114.5212,-91.69,90.42,50.34,20.50
8114.5534,-92.64,90.65,50.26,20.53
8114.5853,-93.49,90.85,50.22,20.57
8114.6167,-94.22,91.03,50.18,20.58
8114.6491,-94.83,91.18,50.15,20.60
8114.6815,-95.29,91.29,50.15,20.63
8114.7213,-95.74,91.40,50.14,20.66
8114.7537,-96.12,91.49,50.13,20.67
8114.7854,-96.38,91.56,50.11,20.69
8114.8169,-96.60,91.61,50.10,20.71
8114.8407,-96.79,91.66,50.09,20.73
8114.8709,-96.95,91.69,50.08,20.73
8114.9026,-96.92,91.69,50.00,20.74
8114.9355,-96.91,91.69,49.93,20.76
8114.9681,-96.89,91.68,49.88,20.77
8115.0001,-96.53,91.61,50.02,20.79
8115.0323,-95.97,91.48,50.16,20.84
8115.0641,-95.50,91.38,50.27,20.89
8115.0965,-95.10,91.28,50.37,20.87
8115.1286,-94.57,91.15,50.48,20.85
8115.1606,-94.13,91.04,50.56,20.84
8115.1925,-93.75,90.94,50.64,20.82
8115.2241,-93.43,90.86,50.45,20.80
8115.2557,-93.24,90.80,50.18,20.78
8115.2872,-93.08,90.76,49.95,20.76
8115.3192,-93.04,90.74,49.65,20.75
8115.3509,-93.01,90.72,49.39,20.74
8115.3830,-93.07,90.73,49.06,20.73
8115.4146,-93.13,90.74,48.78,20.72
8115.4539,-93.16,90.74,48.63,20.73
8115.4856,-93.15,90.74,48.47,20.73
8115.5179,-93.15,90.73,48.34,20.74
8115.5505,-93.14,90.73,48.22,20.74
8115.5825,-93.17,90.73,48.17,20.75
8115.6143,-93.10,90.72,48.11,20.76
8115.6533,-93.05,90.71,48.07,20.76
8115.6860,-92.99,90.69,48.04,20.76
8115.7178,-92.93,90.68,48.02,20.77
8115.7498,-92.88,90.67,47.99,20.78
8115.7814,-92.84,90.66,47.97,20.78
8115.8053,-92.42,90.56,47.99,20.83
8115.8367,-92.13,90.49,47.96,20.86
8115.8685,-91.88,90.43,47.93,20.89
8115.9008,-91.67,90.39,47.91,20.92
8115.9384,-90.37,90.08,47.99,21.02
8115.9629,-89.36,89.85,47.94,21.11
8116.0036,-88.50,89.65,47.90,21.18
8116.0355,-86.26,89.13,48.05,21.38
8116.0674,-84.39,88.69,48.18,21.50
8116.0995,-83.18,88.40,48.25,21.59
8116.1313,-82.16,88.15,48.30,21.67
8116.1629,-80.35,87.69,48.55,21.78
8116.1947,-79.17,87.36,48.85,21.93
8116.2272,-78.19,87.09,49.11,22.05
8116.2590,-77.38,86.85,49.32,22.15
8116.2908,-76.47,86.57,49.62,22.23
8116.3226,-75.85,86.36,49.92,22.33
8116.3548,-75.34,86.18,50.17,22.41
8116.3861,-74.92,86.03,50.39,22.47
8116.4180,-74.37,85.85,50.52,22.57
8116.4494,-73.85,85.68,50.62,22.64
8116.4815,-73.42,85.54,50.71,22.68
8116.5050,-73.05,85.42,50.79,22.70
8116.5368,-72.72,85.31,50.84,22.73
8116.5686,-72.36,85.19,50.93,22.76
8116.6012,-72.06,85.09,51.00,22.77
8116.6328,-71.81,85.01,51.06,22.79
8116.6648,-71.70,84.96,51.09,22.78
8116.7046,-71.61,84.90,51.22,22.77
8116.7365,-71.53,84.85,51.32,22.81
8116.7685,-71.38,84.79,51.42,22.89
8116.8013,-71.24,84.73,51.57,22.95
8116.8334,-71.12,84.68,51.70,23.01
8116.8659,-71.02,84.63,51.81,23.06
8116.9045,-70.60,84.54,51.80,23.25
8116.9366,-70.23,84.46,51.82,23.41
8116.9628,-69.91,84.40,51.84,23.44
8117.0039,-69.10,84.31,51.72,23.74
8117.0362,-68.41,84.25,51.59,24.00
8117.0679,-67.80,84.20,51.49,24.21
8117.0999,-67.27,84.16,51.40,24.14
8117.1317,-66.02,84.11,51.03,24.47
8117.1639,-64.95,84.09,50.73,24.74
8117.1961,-63.99,84.07,50.48,24.65
8117.2283,-63.13,84.06,50.26,24.54
8117.2608,-61.35,84.04,49.62,24.83
8117.2922,-59.99,84.06,49.15,25.05
8117.3243,-58.74,84.07,48.76,24.94
8117.3563,-56.56,84.10,48.07,25.15
8117.3881,-54.49,84.12,47.48,25.30
8117.4204,-53.16,84.19,47.12,25.41
8117.4521,-51.95,84.24,46.81,25.27
8117.4842,-49.75,84.31,46.29,25.38
8117.5153,-48.36,84.41,45.96,25.45
8117.5470,-47.08,84.49,45.67,25.48
8117.5710,-45.91,84.56,45.43,25.32
8117.6030,-43.76,84.63,45.04,25.34
8117.6349,-42.33,84.71,44.79,25.33
8117.6667,-41.03,84.78,44.57,25.31
8117.6987,-39.85,84.84,44.39,25.14
8117.7307,-37.90,84.92,44.12,25.11
8117.7710,-36.55,84.99,43.94,25.06
8117.8026,-35.33,85.06,43.78,24.91
8117.8342,-33.66,85.16,43.63,24.84
8117.8661,-32.13,85.25,43.50,24.77
8117.9049,-30.97,85.33,43.39,24.68
8117.9364,-29.93,85.40,43.31,24.53
8117.9682,-28.54,85.48,43.19,24.43
8117.9936,-27.28,85.55,43.08,24.34
8118.0336,-26.35,85.61,42.98,24.24
8118.0658,-25.52,85.67,42.89,24.12
8118.0974,-24.72,85.74,42.84,24.01
8118.1296,-24.12,85.79,42.75,23.91
8118.1456,-23.58,85.84,42.68,23.81
8118.1780,-23.11,85.89,42.62,23.70
8118.2103,-22.26,85.92,42.53,23.64
8118.2430,-21.49,85.95,42.40,23.57
8118.2739,-20.82,85.98,42.28,23.51
8118.3060,-20.23,86.01,42.18,23.43
8118.3377,-19.34,86.03,42.07,23.39
8118.3698,-18.77,86.06,41.92,23.34
8118.4019,-18.27,86.08,41.80,23.28
8118.4335,-17.84,86.10,41.70,23.23
8118.4661,-16.99,86.12,41.59,23.21
8118.4979,-16.35,86.13,41.47,23.18
8118.5216,-15.80,86.15,41.36,23.13
8118.5535,-15.33,86.16,41.28,23.07
8118.5854,-14.29,86.18,41.16,23.06
8118.6171,-13.33,86.20,41.04,23.05
8118.6489,-12.51,86.21,40.94,22.98
8118.6807,-11.01,86.24,40.78,22.96
8118.7208,-9.62,86.26,40.63,22.95
8118.7530,-8.43,86.27,40.49,22.92
8118.7845,-7.39,86.28,40.38,22.88
8118.8166,-6.58,86.24,40.33,22.84
8118.8335,-5.90,86.21,40.28,22.80
8118.8650,-5.33,86.18,40.23,22.77
8118.9010,-5.50,86.16,40.22,22.78
8118.9383,-6.29,85.94,40.31,22.80
8118.9706,-6.90,85.75,40.39,22.82
8119.0026,-7.37,85.59,40.46,22.86
8119.0277,-7.57,85.48,40.46,22.90
8119.0524,-8.29,85.00,40.58,22.97
8119.0841,-8.81,84.60,40.68,23.04
8119.1160,-9.19,84.26,40.77,23.03
8119.1477,-9.17,83.97,40.81,23.02
8119.1804,-9.24,83.22,40.97,23.11
8119.2121,-9.29,82.59,41.10,23.18
8119.2450,-9.32,82.05,41.21,23.16
8119.2768,-9.18,81.04,41.29,23.29
8119.3085,-9.10,80.17,41.35,23.39
8119.3406,-8.85,79.43,41.39,23.48
8119.3726,-8.67,78.80,41.42,23.40
8119.4049,-8.41,77.76,41.42,23.48
8119.4367,-8.18,76.90,41.43,23.53
8119.4695,-8.01,76.17,41.45,23.56
8119.5018,-7.87,75.54,41.46,23.43
8119.5339,-7.52,74.55,41.31,23.49
8119.5657,-7.20,73.72,41.16,23.51
8119.5888,-6.95,73.01,41.04,23.52
8119.6212,-6.76,72.41,40.93,23.41
8119.6525,-6.50,71.63,40.80,23.42
8119.6847,-6.28,70.98,40.71,23.41
8119.7164,-6.11,70.43,40.63,23.32
8119.7483,-5.97,69.96,40.56,23.22
8119.7796,-5.83,69.46,40.35,23.17
8119.8048,-5.71,69.03,40.18,23.11
8119.8361,-5.62,68.67,40.03,23.05
8119.8684,-5.52,68.38,39.91,22.99
8119.9008,-5.45,68.19,39.83,22.89
8119.9326,-5.38,68.03,39.77,22.79
8119.9643,-5.33,67.89,39.71,22.71
8120.0043,-5.24,67.92,39.66,22.59
8120.0363,-5.16,67.95,39.63,22.50
8120.0685,-5.09,67.97,39.59,22.42
8120.1007,-4.95,67.97,39.56,22.35
8120.1326,-4.87,68.36,39.63,22.18
8120.1642,-4.80,68.69,39.69,22.14
8120.2048,-4.74,68.98,39.74,22.11
8120.2359,-4.85,69.83,39.93,21.91
8120.2596,-4.95,70.55,40.10,21.84
8120.2864,-5.06,71.17,40.25,21.78
8120.3321,-5.16,71.69,40.37,21.74
8120.3645,-5.51,72.81,40.72,21.52
8120.3878,-5.86,73.76,41.02,21.47
8120.4124,-6.20,74.57,41.28,21.42
8120.4527,-6.54,75.25,41.50,21.38
8120.4842,-7.32,76.44,41.73,21.17
8120.5157,-8.14,77.41,41.96,21.07
8120.5471,-8.95,78.23,42.15,20.98
8120.5786,-9.74,78.93,42.32,20.91
8120.6103,-10.50,79.53,42.46,20.85
8120.6422,-11.44,79.99,42.63,20.90
8120.6740,-13.50,80.85,42.80,20.73
8120.7058,-15.54,81.59,42.95,20.59
8120.7373,-17.54,82.21,43.08,20.57
8120.7695,-18.98,82.67,43.14,20.56
8120.8013,-22.60,83.60,43.32,20.31
8120.8329,-26.42,84.40,43.48,20.10
8120.8650,-30.36,85.07,43.61,19.95
8120.9040,-34.71,85.74,43.69,19.75
8120.9359,-39.15,86.31,43.76,19.58
8120.9682,-43.57,86.79,43.81,19.45
8121.0000,-47.51,87.19,43.85,19.36
8121.0318,-51.27,87.54,43.88,19.29
8121.0636,-54.81,87.83,43.90,19.23
8121.0874,-58.10,88.07,43.96,19.18
8121.1193,-61.13,88.28,44.01,19.14
8121.1515,-63.86,88.47,44.06,19.11
8121.1839,-66.26,88.63,44.10,19.09
8121.2157,-68.38,88.76,44.13,19.09
8121.2479,-70.77,88.90,44.19,19.10
8121.2720,-71.47,88.92,44.20,19.09
8121.3051,-72.03,88.93,44.21,19.09
8121.3372,-72.50,88.95,44.22,19.26
8121.3694,-73.37,88.98,44.26,19.41
8121.4100,-73.73,88.88,44.62,19.30
8121.4341,-73.97,88.79,44.92,19.21
8121.4668,-74.16,88.72,45.18,19.40
8121.4990,-74.77,88.60,45.78,19.27
8121.5307,-75.19,88.50,46.29,19.19
8121.5625,-75.50,88.41,46.68,19.13
8121.5949,-75.73,88.34,47.02,19.35
8121.6267,-76.29,88.26,47.57,19.33
8121.6589,-76.35,88.15,47.94,19.34
8121.6908,-76.41,88.07,48.26,19.37
8121.7229,-76.46,87.99,48.52,19.65
8121.7553,-76.93,87.93,49.08,19.68
8121.7705,-77.28,87.88,49.55,19.74
8121.8030,-77.04,87.78,49.68,19.81
8121.8345,-76.85,87.70,49.79,20.06
8121.8667,-76.88,87.62,50.11,20.17
8121.8990,-76.64,87.53,50.20,20.29
8121.9315,-76.45,87.46,50.27,20.42
8121.9629,-76.30,87.40,50.34,20.59
8122.0037,-76.05,87.31,50.45,20.74
8122.0358,-75.87,87.24,50.49,20.87
8122.0675,-75.72,87.18,50.52,20.97
8122.0996,-75.60,87.14,50.55,21.07
8122.1314,-75.49,87.10,50.58,21.16
8122.1637,-74.51,86.82,50.80,21.35
8122.2036,-73.72,86.58,50.98,21.52
8122.2357,-73.07,86.38,51.14,21.48
8122.2676,-72.65,86.21,51.32,21.43
8122.2996,-64.92,84.08,51.87,22.26
8122.3255,-59.42,82.26,52.33,23.03
8122.3548,-55.40,80.70,52.71,23.74
8122.3865,-52.50,79.42,53.07,24.36
8122.4127,-50.27,78.32,53.38,24.90
8122.4537,-48.54,77.38,53.64,23.69
8122.4856,-42.73,74.14,52.88,24.08
8122.5175,-38.84,71.38,52.26,24.30
8122.5494,-36.13,69.04,51.75,24.39
8122.5813,-30.72,64.32,49.97,26.68
8122.6131,-27.27,60.31,48.53,25.69
8122.6449,-24.95,56.90,47.35,24.54
8122.6768,-23.45,54.20,46.47,23.31
8122.7086,-18.96,48.38,42.96,25.52
8122.7409,-16.10,43.42,40.09,25.50
8122.7716,-14.20,39.19,37.74,25.16
8122.8034,-12.82,35.73,35.63,24.59
8122.8354,-10.69,31.56,32.83,24.05
8122.8672,-9.19,28.00,30.50,23.28
8122.8997,-8.12,24.95,28.54,22.37
8122.9380,-6.98,22.10,26.34,21.74
8122.9708,-6.14,19.67,24.49,21.00
8123.0025,-5.52,17.59,22.92,20.20
8123.0335,-5.06,15.81,21.60,19.14
8123.0660,-4.67,14.27,20.41,18.08
8123.0980,-4.38,12.96,19.40,17.07
8123.1217,-4.19,12.00,18.46,15.94
8123.1537,-4.05,11.18,17.66,14.88
8123.1858,-3.94,10.42,16.96,13.88
8123.2182,-3.86,9.77,16.36,12.96
8123.2501,-3.79,9.27,15.86,12.06
8123.2820,-3.75,8.78,15.43,11.27
8123.3140,-3.71,8.37,15.07,10.54
8123.3383,-3.69,8.02,14.76,9.87
8123.3707,-3.67,7.85,14.52,9.14
8123.4026,-3.65,7.69,14.34,8.55
8123.4352,-3.63,7.55,14.20,8.01
8123.4669,-3.62,7.43,14.07,7.53
8123.4987,-3.55,7.38,13.86,7.06
8123.5311,-3.51,7.36,13.73,6.64
8123.5548,-3.47,7.33,13.62,6.25
8123.5869,-3.43,7.31,13.53,5.91
8123.6196,-3.16,7.34,13.22,5.59
8123.6464,-2.94,7.41,12.98,5.31
8123.6859,-2.75,7.47,12.78,5.05
8123.7177,-1.77,7.93,12.14,4.71
8123.7504,-0.94,8.32,11.60,4.76
8123.7820,-0.27,8.67,11.10,4.89
8123.8139,0.31,8.97,10.68,5.04
8123.8459,2.14,10.07,9.58,5.86
8123.8781,3.70,10.99,8.60,6.79
8123.9099,5.04,11.75,7.78,7.56
8123.9417,6.19,12.39,7.07,8.18
8123.9731,7.19,12.93,6.47,8.67
8124.0054,7.98,13.40,5.97,8.87
8124.0371,10.40,14.95,5.52,9.97
8124.0700,12.48,16.28,5.14,10.85
8124.1016,14.28,17.41,4.80,11.42
8124.1332,15.74,18.44,4.60,11.87
8124.1651,19.68,21.06,4.13,13.41
8124.1971,23.12,23.37,3.72,14.75
8124.2288,26.12,25.39,3.36,15.62
8124.2604,30.51,28.45,2.69,17.31
8124.2921,34.35,31.18,2.10,18.68
8124.3249,37.71,33.62,1.57,19.76
8124.3571,40.54,35.83,1.20,20.18
8124.3891,42.99,37.78,0.87,20.41
8124.4209,45.10,39.50,0.58,20.50
8124.4530,48.35,42.12,-0.10,21.26
8124.4847,51.05,44.43,-0.67,21.51
8124.5167,53.38,46.47,-1.17,21.61
8124.5483,55.38,48.27,-1.61,21.60
8124.5799,58.23,50.84,-2.44,21.90
8124.6126,60.58,53.04,-3.18,22.05
8124.6444,62.58,54.99,-3.81,22.11
8124.6762,65.45,57.90,-4.60,22.59
8124.7082,67.89,60.50,-5.29,22.74
8124.7402,69.87,62.70,-5.87,22.79
8124.7714,71.56,64.63,-6.38,22.76
8124.8036,73.76,67.32,-7.10,22.95
8124.8357,75.54,69.59,-7.67,22.84
8124.8677,77.05,71.56,-8.17,22.67
8124.9059,78.34,73.27,-8.61,22.47
8124.9380,80.05,75.60,-9.15,22.34
8124.9699,81.44,77.56,-9.55,22.16
8125.0017,82.63,79.24,-9.90,21.96
8125.0270,83.64,80.68,-10.20,21.75
8125.0679,85.06,82.73,-10.60,21.57
8125.0998,86.19,84.39,-10.89,21.38
8125.1314,87.15,85.80,-11.14,21.17
8125.1638,88.44,87.70,-11.49,21.10
8125.1959,89.46,89.21,-11.77,20.89
8125.2281,90.33,90.49,-12.01,20.66
8125.2606,91.07,91.57,-12.22,20.44
8125.2930,92.09,93.08,-12.50,20.34
8125.3253,92.87,94.22,-12.73,20.12
8125.3570,93.53,95.18,-12.93,19.90
8125.3893,94.09,96.00,-13.11,19.69
8125.4208,94.92,97.20,-13.37,19.44
8125.4526,95.58,98.15,-13.58,19.20
8125.4846,96.15,98.94,-13.76,18.97
8125.5170,96.62,99.62,-13.91,18.75
8125.5486,97.03,100.19,-14.04,18.44
8125.5803,97.33,100.61,-14.14,18.16
8125.6041,97.59,100.97,-14.22,17.91
8125.6360,97.82,101.27,-14.29,17.68
8125.6678,98.00,101.53,-14.35,17.41
8125.6996,98.46,102.17,-14.49,17.24
8125.7316,98.85,102.71,-14.61,17.09
8125.7642,99.17,103.17,-14.72,16.94
8125.7888,99.45,103.55,-14.81,16.76
8125.8205,100.08,104.45,-15.01,16.69
8125.8525,100.61,105.21,-15.18,16.62
8125.8845,101.07,105.85,-15.32,16.55
8125.9216,101.45,106.40,-15.41,16.48
8125.9536,101.87,106.98,-15.55,16.42
8125.9851,102.23,107.48,-15.66,16.35
8126.0131,102.53,107.90,-15.75,16.29
8126.0373,102.78,108.26,-15.85,16.22
8126.0692,103.04,108.62,-15.90,16.14
8126.1017,103.26,108.93,-15.94,16.06
8126.1338,103.45,109.19,-15.97,15.99
8126.1657,103.61,109.42,-15.99,15.92
8126.1981,103.88,109.78,-15.97,15.83
8126.2291,104.11,110.09,-15.95,15.75
8126.2606,104.31,110.35,-15.93,15.67
8126.2924,104.47,110.55,-15.89,15.60
8126.3247,104.90,111.10,-15.83,15.47
8126.3569,105.27,111.57,-15.78,15.35
8126.3896,105.58,111.97,-15.73,15.24
8126.4215,106.28,112.83,-15.61,15.18
8126.4534,106.87,113.55,-15.51,15.00
8126.4853,107.37,114.15,-15.42,14.83
8126.5177,107.79,114.63,-15.26,14.67
8126.5496,108.66,115.64,-15.02,14.56
8126.5816,109.41,116.48,-14.82,14.28
8126.6056,110.04,117.19,-14.64,14.02
8126.6372,110.56,117.74,-14.45,13.79
8126.6692,111.51,118.75,-14.17,13.59
8126.7007,112.32,119.60,-13.92,13.27
8126.7326,113.01,120.31,-13.71,12.98
8126.7640,113.54,120.82,-13.50,12.71
8126.7881,114.55,121.80,-13.11,12.50
8126.8193,115.41,122.61,-12.77,12.19
8126.8512,116.14,123.29,-12.48,11.89
8126.8831,116.72,123.80,-12.18,11.63
8126.9161,117.78,124.73,-11.73,11.24
8126.9551,118.68,125.51,-11.34,10.88
8126.9870,119.44,126.16,-11.00,10.55
8127.0186,120.64,127.11,-10.42,10.25
8127.0481,121.66,127.90,-9.91,9.75
8127.0815,122.52,128.55,-9.46,9.29
8127.1131,123.26,129.10,-9.08,8.88
8127.1449,124.48,129.93,-8.16,8.52
8127.1628,125.51,130.61,-7.37,8.20
8127.2080,126.39,131.18,-6.67,7.91
8127.2402,127.14,131.63,-5.98,7.45
8127.2711,128.29,132.34,-5.14,7.10
8127.3035,129.26,132.93,-4.42,6.79
8127.3357,130.10,133.42,-3.78,6.28
8127.3673,130.80,133.80,-3.13,5.82
8127.3993,131.88,134.41,-2.33,5.50
8127.4313,132.79,134.92,-1.62,5.20
8127.4717,133.57,135.34,-1.01,4.67
8127.5033,134.69,135.89,0.08,4.27
8127.5357,135.65,136.35,1.02,3.91
8127.5675,136.46,136.73,1.85,3.57
8127.5992,137.13,137.01,2.66,3.06
8127.6311,138.06,137.44,3.74,2.70
8127.6716,138.85,137.80,4.68,2.37
8127.7031,139.52,138.09,5.49,1.76
8127.7352,140.40,138.46,6.56,1.28
8127.7676,141.15,138.77,7.49,0.87
8127.7993,141.79,139.02,8.29,0.52
8127.8312,142.33,139.23,8.99,0.27
8127.8551,142.80,139.38,9.65,0.77
8127.8874,143.20,139.51,10.23,1.29
8127.9193,143.79,139.75,10.97,1.66
8127.9515,144.29,139.95,11.61,2.01
8127.9835,144.72,140.12,12.16,2.34
8128.0073,145.09,140.27,12.63,2.64
8128.0464,145.33,140.38,12.95,2.91
8128.0707,145.53,140.48,13.23,3.31
8128.1023,145.93,140.64,13.60,3.61
8128.1341,146.24,140.78,13.90,3.89
8128.1664,146.50,140.90,14.15,4.15
8128.1988,146.73,141.00,14.37,4.38
8128.2311,147.44,141.19,15.20,4.52
8128.2632,148.02,141.36,15.88,4.85
8128.2954,148.51,141.51,16.46,5.16
8128.3279,148.93,141.63,16.96,5.44
8128.3591,149.75,141.85,17.99,5.76
8128.3913,150.43,142.03,18.84,6.06
8128.4235,151.00,142.19,19.57,6.34
8128.4546,151.77,142.34,20.69,6.63
8128.4865,152.42,142.48,21.65,6.90
8128.5187,152.99,142.59,22.49,7.14
8128.5506,153.47,142.69,23.21,7.60
8128.5824,154.08,142.86,24.09,7.97
8128.6143,154.63,143.01,24.88,8.31
8128.6542,155.09,143.15,25.57,8.81
8128.6864,155.49,143.26,26.15,9.26
8128.7182,155.83,143.34,26.55,9.67
8128.7505,156.10,143.43,26.84,10.04
8128.7826,156.33,143.51,27.08,10.39
8128.8139,156.50,143.57,27.21,10.70
8128.8381,156.66,143.62,27.31,10.98
8128.8703,156.79,143.67,27.41,11.23
8128.9020,156.91,143.72,27.50,11.43
8128.9335,157.00,143.76,27.57,11.61
8128.9594,157.13,143.79,27.70,11.79
8129.0040,157.26,143.83,27.84,11.95
8129.0358,157.37,143.87,27.96,12.05
8129.0627,157.60,143.86,28.36,12.21
8129.0874,157.79,143.85,28.71,12.35
8129.1198,157.98,143.87,29.00,12.47
8129.1520,158.13,143.89,29.24,12.50
8129.1844,158.48,143.75,29.97,12.73
8129.2171,158.81,143.65,30.60,12.93
8129.2493,159.09,143.57,31.14,13.09
8129.2815,159.33,143.50,31.60,12.98
8129.3139,159.88,143.22,32.95,13.18
8129.3457,160.39,142.97,34.20,13.34
8129.3775,160.83,142.76,35.26,13.24
8129.4094,161.20,142.58,36.17,13.15
8129.4412,162.12,142.11,38.48,13.48
8129.4718,162.91,141.71,40.46,13.75
8129.5043,163.60,141.38,42.13,13.75
8129.5362,164.80,140.65,45.09,14.29
8129.5686,165.85,140.04,47.56,14.72
8129.6005,166.72,139.54,49.53,15.07
8129.6327,167.46,139.12,51.19,15.03
8129.6645,168.66,138.20,53.70,15.63
8129.7045,169.60,137.48,55.56,16.11
8129.7368,170.42,136.87,57.11,16.06
8129.7689,171.13,136.36,58.40,15.99
8129.8004,172.37,135.41,60.43,16.49
8129.8325,173.46,134.66,62.11,16.88
8129.8645,174.43,134.03,63.49,16.83
8129.9047,175.97,132.89,65.29,17.42
8129.9364,177.37,131.94,66.76,17.89
8129.9681,178.61,131.15,67.96,18.25
8129.9999,179.74,130.52,69.00,18.23
8130.0216,179.74,129.34,70.44,18.86
8130.0632,179.74,128.36,71.62,19.36
8130.0951,179.74,127.53,72.59,19.36
8130.1271,179.74,126.86,73.39,19.34
8130.1588,179.74,125.63,74.59,19.98
8130.1907,179.74,124.60,75.57,20.48
8130.2229,179.74,123.73,76.38,20.46
8130.2554,179.74,122.25,77.18,21.16
8130.2863,179.74,121.00,77.83,21.72
8130.3182,179.74,119.95,78.37,22.16
8130.3502,179.74,119.06,78.80,22.02
8130.3825,179.74,117.38,78.91,22.76
8130.4149,179.74,115.96,79.00,23.35
8130.4465,179.74,114.75,79.07,23.81
8130.4868,179.74,113.76,78.97,23.61
8130.5188,179.74,112.06,79.00,24.22
8130.5503,179.74,110.60,79.02,24.71
8130.5825,179.74,109.37,79.04,24.56
8130.6143,179.74,107.42,78.64,25.25
8130.6548,179.74,105.77,78.30,25.81
8130.6867,179.74,104.36,78.01,26.25
8130.7185,179.74,103.17,77.78,26.08
8130.7507,179.74,101.23,77.17,26.70
8130.7826,179.74,99.62,76.78,27.17
8130.8144,179.74,98.25,76.47,27.54
8130.8383,179.74,97.09,76.20,27.81
8130.8705,179.74,95.23,75.74,28.69
8130.9021,179.74,93.65,75.49,29.02
8130.9338,179.74,92.31,75.29,29.26
8130.9656,179.74,91.17,75.11,29.42
8130.9899,179.74,89.29,74.65,30.19
8131.0215,179.74,87.69,74.39,30.42
8131.0530,179.74,86.33,74.17,30.56
8131.1011,179.74,84.25,73.53,31.33
8131.1327,179.74,82.48,72.99,31.92
8131.1644,179.74,80.97,72.58,32.38
8131.1964,179.74,79.68,72.23,32.11
8131.2281,179.74,77.65,71.50,32.52
8131.2602,179.74,75.95,70.87,32.80
8131.2920,179.74,74.51,70.35,32.98
8131.3242,179.74,73.29,69.91,32.54
8131.3564,179.74,71.28,68.78,32.83
8131.3883,179.74,69.60,67.79,32.98
8131.4197,179.74,68.18,66.97,32.22
8131.4518,179.74,66.98,66.27,31.50
8131.4838,179.74,64.97,64.66,31.53
8131.5159,179.74,63.29,63.30,31.47
8131.5480,179.74,61.85,62.16,30.73
8131.5721,179.74,60.63,61.20,30.01
8131.6047,179.74,58.64,59.82,30.00
8131.6357,179.74,56.96,58.66,29.91
8131.6678,179.74,55.53,57.69,29.14
8131.7002,179.74,54.31,56.87,28.40
8131.7322,179.74,53.27,56.19,27.69
8131.7638,179.74,51.51,55.00,27.66
8131.7881,179.74,50.01,54.01,26.98
8131.8201,179.74,48.74,53.17,26.31
8131.8527,179.74,47.65,52.47,25.65
8131.8841,179.74,45.69,51.13,25.81
8131.9162,179.74,44.03,50.01,24.99
8131.9482,179.74,42.61,49.07,24.18
8131.9876,179.74,41.43,48.30,23.38
8132.0120,179.74,38.64,45.61,24.21
8132.0375,179.74,36.25,43.37,23.62
8132.0690,179.74,34.21,41.49,22.96
8132.1009,179.74,32.54,39.87,22.26
8132.1303,179.74,30.09,37.41,22.47
8132.1711,179.74,27.99,35.34,21.43
8132.2029,179.74,26.20,33.61,20.39
8132.2342,179.74,24.02,31.29,20.10
8132.2661,179.74,22.15,29.34,19.01
8132.2982,179.74,20.54,27.70,17.94
8132.3302,179.74,19.17,26.30,16.91
8132.3623,179.74,17.74,24.71,16.22
8132.3942,179.74,16.51,23.36,15.12
8132.4261,179.74,15.47,22.22,14.09
8132.4579,179.74,14.58,21.23,13.13
8132.4897,179.74,13.81,20.38,12.32
8132.5210,179.74,13.14,19.66,11.65
8132.5528,179.74,12.57,19.05,11.03
8132.5848,179.74,12.08,18.53,10.44
8132.6170,179.74,11.76,18.07,9.81
8132.6488,179.74,11.49,17.69,9.23
8132.6804,179.74,11.26,17.36,8.72
8132.7215,179.74,11.18,17.32,8.09
8132.7540,179.74,11.11,17.29,7.86
8132.7859,179.74,11.05,17.26,7.66
8132.8176,179.74,10.98,17.19,7.48
8132.8496,179.74,11.72,17.86,6.51
8132.8815,179.74,12.35,18.44,6.42
8132.9137,179.74,12.88,18.93,6.39
8132.9536,179.74,13.28,19.35,6.41
8132.9862,179.74,15.10,20.90,6.36
8133.0185,179.74,16.64,22.23,6.53
8133.0504,179.74,17.94,23.36,6.83
8133.0823,179.74,20.66,25.62,6.07
8133.1065,179.74,22.96,27.56,6.82
8133.1306,179.74,24.91,29.22,7.58
8133.1697,179.74,26.55,30.64,8.29
8133.2012,179.74,29.56,32.84,8.45
8133.2335,179.74,32.10,34.73,9.48
8133.2659,179.74,34.25,36.36,10.38
8133.2976,179.74,36.05,37.78,11.17
8133.3295,179.74,39.28,39.98,11.77
8133.3618,179.74,42.02,41.89,12.82
8133.3937,179.74,44.34,43.54,13.71
8133.4267,179.74,46.28,45.00,14.48
8133.4587,179.74,49.73,47.41,15.50
8133.4912,179.74,52.65,49.50,16.34
8133.5233,179.74,55.13,51.33,17.05
8133.5543,179.74,58.83,53.77,17.76
8133.5862,179.74,61.97,55.91,18.44
8133.6181,179.74,64.64,57.79,18.99
8133.6510,179.74,66.90,59.43,19.47
8133.6832,179.74,70.19,61.40,19.93
8133.7150,179.74,72.98,63.14,20.27
8133.7477,179.74,75.36,64.66,20.56
8133.7714,179.74,77.38,66.00,20.83
8133.8040,179.74,80.30,67.63,21.06
8133.8357,179.74,82.78,69.07,21.07
8133.8665,179.74,84.88,70.33,21.10
8133.8996,179.74,86.60,71.44,21.15
8133.9315,179.74,88.06,72.40,21.24
8133.9711,179.74,89.29,73.24,21.26
8134.0023,179.74,91.43,74.50,21.21
8134.0344,179.74,93.17,75.58,21.18
8134.0581,179.74,94.66,76.54,21.19
8134.0870,179.74,95.92,77.37,21.23
8134.1190,179.74,97.90,78.52,21.08
8134.1539,179.74,99.53,79.49,20.97
8134.1859,179.74,100.92,80.35,20.91
8134.2174,179.74,102.10,81.10,20.89
8134.2494,179.74,103.11,81.75,20.77
8134.2810,179.74,104.98,82.41,20.60
8134.3126,179.74,106.57,83.00,20.47
8134.3448,179.74,107.93,83.52,20.36
8134.3771,179.74,109.09,83.97,20.00
8134.4089,179.74,110.08,84.37,19.76
8134.4413,179.74,110.87,84.69,19.61
8134.4733,179.74,112.26,84.82,19.46
8134.4894,179.74,113.44,84.94,19.35
8134.5222,179.74,114.44,85.05,19.27
8134.5535,179.74,115.30,85.15,18.98
8134.5856,179.74,116.68,84.44,18.85
8134.6168,179.74,117.85,83.81,18.75
8134.6487,179.74,118.86,83.27,18.66
8134.6804,179.74,119.71,82.76,18.28
8134.7213,179.74,121.05,81.06,18.24
8134.7542,179.74,122.20,79.56,18.21
8134.7856,179.74,123.18,78.23,17.60
8134.8172,179.43,124.39,75.85,17.41
8134.8494,177.07,125.44,73.75,17.22
8134.8812,175.17,126.33,71.91,17.02
8134.9210,173.67,127.13,70.27,16.46
8134.9526,171.62,128.06,67.99,16.23
8134.9844,169.97,128.86,65.99,16.00
8135.0160,168.62,129.55,64.25,15.39
8135.0480,167.51,130.15,62.74,14.83
8135.0766,165.76,130.94,60.28,14.66
8135.1038,164.34,131.66,58.05,14.48
8135.1363,163.18,132.27,56.11,13.89
8135.1625,162.21,132.83,54.29,13.34
8135.2036,160.57,133.53,51.39,13.25
8135.2354,159.22,134.13,48.89,13.14
8135.2681,158.11,134.65,46.73,12.57
8135.3001,156.33,135.18,43.31,12.55
8135.3321,154.85,135.63,40.39,12.50
8135.3645,153.63,136.02,37.91,12.40
8135.4118,152.58,136.39,35.62,11.83
8135.4436,150.80,136.50,32.37,11.95
8135.4756,149.30,136.59,29.66,12.01
8135.5068,148.05,136.66,27.39,11.51
8135.5384,146.93,136.77,25.21,11.02
8135.5704,145.98,136.86,23.38,10.55
8135.6022,144.51,136.62,21.13,10.63
8135.6339,143.29,136.47,19.14,10.18
8135.6663,142.26,136.33,17.49,9.74
8135.6982,141.39,136.21,16.10,9.30
8135.7305,139.56,135.32,14.14,9.77
8135.7549,138.04,134.65,12.41,9.55
8135.7874,136.75,134.05,10.99,9.29
8135.8197,135.66,133.53,9.82,9.00
8135.8516,133.61,132.14,8.30,9.61
8135.8832,131.87,131.02,6.95,9.49
8135.9154,130.38,130.03,5.84,9.31
8135.9475,129.12,129.16,4.93,9.09
8135.9877,127.13,127.53,4.07,8.87
8136.0196,125.47,126.21,3.30,8.59
8136.0518,124.05,125.07,2.67,8.27
8136.0841,121.52,122.75,2.00,8.93
8136.1160,119.40,120.81,1.44,8.63
8136.1546,117.58,119.11,0.99,8.28
8136.1791,116.02,117.64,0.61,7.89
8136.2111,112.98,114.56,0.08,8.78
8136.2433,110.44,111.95,-0.30,8.61
8136.2745,108.27,109.69,-0.61,8.37
8136.3063,106.40,107.73,-0.86,8.07
8136.3379,104.81,106.04,-1.08,6.87
8136.3702,103.45,104.59,-1.25,5.73
8136.4020,100.44,101.37,-1.38,6.01
8136.4336,97.94,98.67,-1.48,6.15
8136.4660,95.80,96.35,-1.56,5.22
8136.4978,92.00,92.20,-1.79,5.75
8136.5304,88.77,88.65,-1.97,6.09
8136.5625,86.15,85.76,-2.03,6.28
8136.5879,83.93,83.32,-2.07,5.27
8136.6203,79.39,78.33,-2.22,6.27
8136.6523,75.58,74.16,-2.33,6.99
8136.6844,72.39,70.68,-2.43,7.49
8136.7163,69.80,67.92,-2.42,6.77
8136.7489,67.63,65.61,-2.41,6.01
8136.7806,65.80,63.69,-2.41,5.24
8136.8044,62.11,59.88,-2.69,6.16
8136.8368,59.10,56.92,-2.81,5.75
8136.8690,56.58,54.49,-2.91,5.26
8136.9010,54.47,52.49,-2.99,4.70
8136.9326,50.75,49.15,-2.98,5.70
8136.9646,47.72,46.56,-2.94,5.36
8137.0043,45.19,44.44,-2.90,4.92
8137.0365,40.87,41.04,-2.72,6.36
8137.0684,37.30,38.31,-2.56,7.48
8137.1007,34.44,36.15,-2.39,8.33
8137.1325,32.06,34.38,-2.25,8.04
8137.1645,30.07,32.91,-2.13,7.68
8137.2043,28.50,31.72,-2.02,7.28
8137.2364,25.80,29.85,-1.76,7.52
8137.2688,23.55,28.30,-1.54,7.65
8137.3007,21.67,27.01,-1.36,7.68
8137.3327,20.13,25.93,-1.22,7.66
8137.3645,17.99,24.38,-0.53,7.65
8137.3972,16.20,23.07,0.04,7.53
8137.4339,14.76,21.96,0.46,7.35
8137.4660,13.00,20.48,1.40,7.67
8137.4982,11.55,19.21,2.20,7.87
8137.5300,10.34,18.14,2.87,7.96
8137.5621,9.35,17.21,3.35,7.71
8137.5943,8.42,16.46,3.88,7.53
8137.6260,7.63,15.82,4.32,7.32
8137.6583,6.97,15.27,4.70,7.07
8137.6906,6.39,14.80,4.95,6.82
8137.7217,6.00,14.35,5.09,6.49
8137.7540,5.66,13.97,5.20,6.17
8137.7852,5.38,13.64,5.29,5.84
8137.8172,5.18,13.47,5.17,5.42
8137.8489,5.00,13.33,5.06,5.05
8137.8810,4.86,13.21,4.96,4.73
8137.9129,4.73,13.11,4.88,4.53
8137.9452,4.90,13.30,4.44,4.06
8137.9771,5.04,13.47,4.07,3.71
8138.0093,5.17,13.61,3.75,3.47
8138.0418,5.14,13.71,3.44,3.39
8138.0737,5.91,14.27,3.09,3.03
8138.1059,6.58,14.73,2.78,2.90
8138.1376,7.14,15.13,2.52,2.69
8138.1694,7.56,15.43,2.21,2.54
8138.2014,9.18,16.33,1.87,2.40
8138.2330,10.57,17.09,1.59,2.65
8138.2645,11.77,17.74,1.34,2.08
8138.2969,14.33,19.10,1.14,2.70
8138.3291,16.54,20.28,0.97,3.40
8138.3609,18.43,21.29,0.83,4.01
8138.3930,20.06,22.17,0.70,4.48
8138.4247,23.02,23.91,0.42,6.53
8138.4568,25.57,25.43,0.18,6.91
8138.4882,27.78,26.76,-0.03,7.13
8138.5197,29.56,27.93,-0.19,7.22
8138.5517,32.75,30.01,-0.58,8.80
8138.5841,35.51,31.85,-0.92,8.43
8138.6160,37.89,33.47,-1.21,7.96
8138.6483,39.85,34.89,-1.47,7.42
8138.6803,43.17,37.25,-1.91,7.43
8138.7127,46.04,39.37,-2.30,7.28
8138.7449,48.51,41.25,-2.64,7.00
8138.7770,50.55,42.93,-2.88,6.64
8138.8088,52.30,44.41,-3.10,5.48
8138.8408,55.35,47.03,-3.54,5.62
8138.8728,57.96,49.38,-3.93,5.60
8138.9046,60.15,51.49,-4.20,5.46
8138.9361,62.03,53.35,-4.43,4.60
8138.9679,65.04,56.52,-5.01,4.80
8138.9999,67.60,59.38,-5.43,4.86
8139.0320,69.79,61.91,-5.80,4.80
8139.0643,71.65,64.15,-6.12,4.08
8139.0967,75.10,68.58,-6.85,4.72
8139.1290,78.02,72.50,-7.43,5.20
8139.1542,80.52,75.96,-7.93,5.01
8139.1867,82.63,78.98,-8.38,4.74
8139.2186,84.43,81.60,-8.76,4.40
8139.2507,85.93,83.82,-9.01,4.02
8139.2719,88.31,87.42,-9.48,4.47
8139.3174,90.33,90.50,-9.90,4.26
8139.3493,92.04,93.11,-10.26,3.98
8139.3813,94.96,97.48,-10.55,4.82
8139.4133,97.46,101.09,-10.81,4.99
8139.4456,99.58,104.10,-11.04,5.05
8139.4779,101.36,106.54,-11.15,5.02
8139.5101,103.80,109.70,-11.05,5.70
8139.5423,105.88,112.28,-10.95,5.65
8139.5742,107.65,114.40,-10.86,5.53
8139.6063,109.10,116.08,-10.74,5.36
8139.6380,111.15,118.29,-10.37,5.32
8139.6697,112.90,120.09,-10.03,5.23
8139.7018,114.39,121.57,-9.74,5.08
8139.7337,116.36,123.34,-9.21,5.51
8139.7655,118.04,124.79,-8.75,5.43
8139.7976,119.39,125.94,-8.31,5.31
8139.8216,120.55,126.89,-7.92,5.18
8139.8536,122.17,128.08,-7.24,5.57
8139.8865,123.55,129.05,-6.64,5.57
8139.9185,124.64,129.80,-6.05,5.56
8139.9507,125.56,130.42,-5.53,5.54
8139.9821,126.35,130.94,-5.08,5.51
8140.0130,127.02,131.37,-4.69,5.50
8140.0373,127.61,131.72,-4.23,5.49
8140.0695,128.11,132.01,-3.83,5.36
8140.1016,129.10,132.48,-3.16,5.65
8140.1335,129.99,132.86,-2.44,5.89
8140.1716,130.75,133.18,-1.80,6.11
8140.2044,131.40,133.45,-1.26,6.12
8140.2353,131.95,133.67,-0.78,6.17
8140.2578,132.46,133.85,-0.26,6.26
8140.3013,133.85,134.06,1.15,6.84
8140.3336,135.05,134.24,2.37,7.34
8140.3655,136.08,134.40,3.44,7.76
8140.3976,138.01,134.47,6.06,8.80
8140.4295,139.68,134.54,8.34,9.53
8140.4612,141.12,134.60,10.34,10.14
8140.4931,142.36,134.65,12.06,10.66
8140.5249,144.12,134.60,14.75,11.59
8140.5567,145.65,134.54,17.17,12.12
8140.5881,146.97,134.49,19.27,12.57
8140.6203,148.11,134.45,21.08,12.95
8140.6522,149.77,134.11,23.86,13.91
8140.6843,151.21,133.79,26.28,14.71
8140.7158,152.45,133.54,28.35,14.99
8140.7479,153.53,133.32,30.12,15.21
8140.7714,154.46,133.14,31.62,15.38
8140.8034,155.08,132.99,32.71,15.51
8140.8356,156.27,132.45,35.12,15.54
8140.8679,157.32,131.99,37.15,15.53
8140.8989,158.23,131.60,38.87,15.50
8140.9312,158.91,131.28,40.17,15.45
8140.9630,160.45,130.10,43.06,15.90
8141.0040,161.84,129.12,45.44,16.24
8141.0353,163.01,128.32,47.32,16.48
8141.0672,164.76,126.93,49.98,17.57
8141.0993,166.37,125.76,52.15,17.93
8141.1312,167.84,124.78,53.94,18.19
8141.1708,169.15,123.99,55.41,18.37
8141.1947,171.23,122.51,57.68,18.88
8141.2372,173.16,121.27,59.54,19.27
8141.2691,174.93,120.22,61.06,19.55
8141.3007,177.62,118.41,62.99,20.79
8141.3296,177.62,116.88,64.55,21.09
8141.3536,177.62,115.65,65.79,21.29
8141.3865,177.62,114.60,66.81,21.42
8141.4186,177.62,112.74,68.12,22.52
8141.4507,177.62,111.16,69.18,22.69
8141.4825,177.62,109.92,70.01,22.79
8141.5143,177.62,108.86,70.69,22.82
8141.5467,177.62,106.87,71.26,23.91
8141.5789,177.62,105.24,71.67,24.07
8141.6111,177.62,103.86,72.01,24.15
8141.6427,177.62,102.68,72.30,24.17
8141.6747,177.62,100.54,72.36,24.62
8141.7050,177.62,98.72,72.40,24.93
8141.7369,177.62,97.17,72.45,25.12
8141.7688,177.62,95.89,72.52,25.23
8141.8008,177.62,93.46,71.86,26.53
8141.8330,177.62,91.40,71.33,27.56
8141.8485,177.62,89.65,70.88,28.38
8141.8813,177.62,88.23,70.70,28.12
8141.9134,177.62,85.73,69.78,29.00
8141.9533,177.62,83.60,69.03,29.66
8141.9855,177.62,81.79,68.41,28.77
8142.0170,177.62,79.00,67.31,29.07
8142.0490,177.62,76.63,66.42,29.20
8142.0814,177.62,74.61,65.68,29.20
8142.1133,177.62,72.89,65.07,28.15
8142.1372,177.62,70.23,64.03,28.20
8142.1692,177.62,67.96,63.17,28.12
8142.2010,177.62,66.03,62.46,27.94
8142.2253,177.62,64.39,61.87,27.04
8142.2701,177.62,61.92,60.62,27.07
8142.3021,177.62,59.83,59.56,26.98
8142.3477,177.62,58.06,58.68,26.05
8142.3793,177.62,55.59,57.20,26.01
8142.4113,177.62,53.49,55.96,25.85
8142.4437,177.62,51.72,54.83,25.60
8142.4758,177.62,50.21,53.88,24.72
8142.5079,177.62,48.38,52.90,24.41
8142.5400,177.62,46.85,52.05,24.05
8142.5718,177.62,45.54,51.33,23.65
8142.6039,177.62,44.43,50.72,23.10
8142.6356,177.62,43.52,50.20,22.57
8142.6681,177.62,42.75,49.74,22.06
8142.7002,177.62,42.10,49.36,21.87
8142.7328,177.62,41.55,49.03,21.66
8142.7650,177.62,41.78,49.45,20.91
8142.7972,177.62,41.97,49.76,20.24
8142.8215,177.62,42.13,50.03,19.66
8142.8535,177.62,42.26,50.25,19.16
8142.8856,177.62,43.72,51.77,17.88
8142.9174,177.62,44.92,53.00,16.83
8142.9491,177.62,45.95,54.06,16.60
8142.9807,177.62,48.79,56.25,15.80
8143.0048,177.62,51.21,58.15,15.30
8143.0530,177.62,53.21,59.86,15.01
8143.0844,177.62,54.91,61.33,15.44
8143.1163,177.62,58.38,63.26,15.67
8143.1480,177.62,61.28,65.12,15.87
8143.1879,177.62,63.75,66.74,16.33
8143.2195,177.62,67.53,68.32,16.42
8143.2518,177.62,70.75,69.71,16.51
8143.2835,177.62,73.41,71.08,16.61
8143.3074,177.62,75.67,72.27,16.67
8143.3459,177.62,78.84,73.31,16.53
8143.3699,177.62,81.53,74.23,16.43
8143.4025,177.62,83.74,75.03,16.38
8143.4346,177.62,85.62,75.73,16.39
8143.4667,177.62,88.33,75.95,16.29
8143.4986,177.62,90.56,76.09,16.05
8143.5310,177.62,92.45,76.22,15.90
8143.5635,177.62,94.05,76.34,15.84
8143.5956,177.62,95.41,76.44,15.75
8143.6284,177.62,96.52,76.47,15.90
8143.6603,177.62,98.43,76.15,15.79
8143.6927,177.62,100.06,75.87,15.76
8143.7245,177.62,101.44,75.63,15.89
8143.7715,177.62,103.90,74.76,15.62
8143.8028,177.62,106.00,73.99,15.43
8143.8352,177.62,107.79,73.31,15.40
8143.8672,177.62,109.34,72.75,15.56
8143.8994,177.62,111.48,71.29,15.28
8143.9315,177.62,113.31,69.99,15.11
8143.9637,179.68,114.89,68.84,15.19
8144.0046,177.50,116.25,67.84,15.43
8144.0362,175.84,117.41,66.96,15.78
8144.0677,172.89,119.10,64.65,15.52
8144.0999,170.61,120.52,62.56,15.57
8144.1318,168.85,121.73,60.72,15.73
8144.1644,167.46,122.77,59.09,16.00
8144.2043,166.35,123.67,57.68,16.46
8144.2358,165.40,124.38,56.40,17.02
8144.2678,164.62,125.00,55.29,17.63
8144.3002,163.98,125.52,54.33,18.27
8144.3245,163.46,125.97,53.51,19.03
8144.3490,163.00,126.32,52.78,19.81
8144.3814,160.31,127.67,48.74,18.85
8144.4132,158.19,128.84,45.19,18.09
8144.4457,156.51,129.86,42.10,17.55
8144.4774,155.15,130.75,39.41,17.15
8144.5098,154.05,131.51,37.09,16.85
8144.5414,152.55,132.15,33.99,16.44
8144.5730,151.31,132.71,31.35,16.13
8144.6050,150.29,133.18,29.08,15.91
8144.6364,149.58,133.60,27.30,15.61
8144.6681,149.41,133.51,26.85,15.95
8144.7010,149.27,133.43,26.47,16.26
8144.7328,149.15,133.37,26.14,16.54
8144.7648,148.99,133.34,25.72,16.41
8144.7888,149.40,132.78,26.87,17.02
8144.8206,149.76,132.32,27.84,17.53
8144.8522,150.07,131.92,28.65,17.96
8144.8840,150.34,131.59,29.34,17.56
8144.9162,151.16,130.66,31.46,18.04
8144.9476,151.80,129.90,33.10,18.41
8144.9879,152.36,129.26,34.47,18.19
8145.0196,153.45,128.05,37.05,18.83
8145.0517,154.44,127.04,39.18,19.33
8145.0824,155.23,126.19,40.84,19.71
8145.1139,155.93,125.48,42.23,19.53
8145.1299,156.55,124.88,43.38,19.32
8145.1710,157.81,123.69,45.63,19.97
8145.2026,158.89,122.74,47.41,20.47
8145.2343,159.86,121.94,48.88,20.43
8145.2668,160.73,121.27,50.10,20.35
8145.2908,161.50,120.70,51.13,20.24
8145.3209,163.05,119.68,52.94,20.83
8145.3529,164.46,118.82,54.43,20.98
8145.3850,165.73,118.09,55.68,21.07
8145.4207,166.83,117.51,56.63,21.11
8145.4448,169.26,116.14,58.70,22.16
8145.4769,171.57,114.99,60.40,22.69
8145.5088,173.72,114.02,61.81,23.10
8145.5409,175.48,113.23,62.81,23.41
8145.5731,178.25,112.11,64.42,24.17
8145.6052,178.25,111.17,65.74,24.79
8145.6370,178.25,110.36,66.84,24.99
8145.6699,178.25,109.69,67.73,25.13
8145.7020,178.25,108.76,68.78,25.61
8145.7348,178.25,107.97,69.66,25.99
8145.7666,178.25,107.30,70.39,25.96
8145.7987,178.25,106.29,71.09,26.36
8145.8312,178.25,105.42,71.66,26.67
8145.8548,178.25,104.69,72.15,26.90
8145.8866,178.25,104.07,72.55,27.07
8145.9187,178.25,103.02,73.14,27.71
8145.9511,178.25,102.12,73.63,28.23
8145.9835,178.25,101.36,74.04,28.65
8146.0156,178.25,100.72,74.49,28.70
8146.0477,178.25,99.63,74.88,29.26
8146.0715,178.25,98.70,75.21,29.71
8146.1032,178.25,97.91,75.48,30.06
8146.1355,178.25,97.26,75.76,29.83
8146.1672,178.25,96.19,76.22,30.09
8146.1997,178.25,95.28,76.61,30.28
8146.2315,178.25,94.50,76.93,30.41
8146.2635,178.25,93.84,77.20,29.95
8146.2873,178.25,92.90,77.34,29.88
8146.3192,178.25,92.14,77.49,29.78
8146.3509,178.25,91.50,77.61,29.66
8146.3884,178.25,90.95,77.71,29.28
8146.4130,178.25,90.23,77.63,29.16
8146.4532,178.25,89.64,77.52,29.01
8146.4852,178.25,89.15,77.43,28.82
8146.5171,178.25,88.84,77.62,28.52
8146.5498,178.25,88.57,77.77,28.24
8146.5814,178.25,88.32,77.88,27.99
8146.6135,178.25,88.10,77.96,28.06
8146.6456,178.25,87.92,78.04,28.11
8146.6774,178.25,87.71,78.06,28.16
8146.7096,178.25,87.99,77.98,27.81
8146.7422,178.25,88.22,77.91,28.07
8146.7734,178.25,88.42,77.85,28.33
8146.8045,178.25,88.53,77.82,28.59
8146.8547,178.25,89.96,77.53,28.30
8146.8866,178.25,91.17,77.29,28.10
8146.9185,178.25,92.15,77.12,27.98
8146.9503,178.25,94.38,76.34,26.64
8146.9819,178.25,96.27,75.65,26.05
8147.0138,178.25,97.87,75.05,25.59
8147.0378,178.25,99.18,74.54,25.25
8147.0696,178.25,101.27,73.34,24.06
8147.1015,178.25,103.04,72.27,23.56
8147.1331,178.25,104.55,71.33,23.18
8147.1648,178.25,105.79,70.55,22.91
8147.1965,178.25,107.87,68.81,21.67
8147.2363,178.25,109.65,67.26,20.65
8147.2676,178.19,111.17,65.89,20.24
8147.2996,175.94,112.41,64.75,19.95
8147.3234,174.22,113.47,63.76,19.76
8147.3541,172.88,114.38,62.89,19.64
8147.3861,170.33,115.86,60.77,19.18
8147.4126,168.46,117.08,58.95,18.84
8147.4537,167.00,118.11,57.35,18.61
8147.4857,165.84,119.00,55.95,18.47
8147.5178,164.92,119.73,54.76,18.71
8147.5501,162.99,120.93,52.04,18.25
8147.5823,161.46,121.94,49.65,17.91
8147.6137,160.23,122.81,47.58,17.68
8147.6457,159.24,123.54,45.79,17.62
8147.6776,158.09,124.19,43.78,17.52
8147.7095,157.14,124.74,42.05,17.49
8147.7421,156.36,125.21,40.56,17.48
8147.7733,155.62,125.63,39.17,17.52
8147.8055,155.01,125.98,37.98,17.61
8147.8376,154.50,126.29,36.97,17.74
8147.8697,154.08,126.55,36.10,17.89
8147.9015,153.14,126.69,34.68,17.91
8147.9332,152.35,126.80,33.48,17.96
8147.9651,151.59,126.96,32.27,18.04
8147.9973,150.94,127.09,31.23,18.01
8148.0218,149.08,126.75,29.31,17.81
8148.0530,147.51,126.46,27.70,17.65
8148.0846,146.12,126.32,26.13,17.53
8148.1171,144.94,126.19,24.81,17.27
8148.1486,142.14,125.18,22.94,17.02
8148.1808,139.84,124.39,21.38,16.82
8148.2210,137.89,123.72,20.08,16.49
8148.2534,136.25,123.14,19.01,16.20
8148.2847,134.85,122.64,18.12,15.95
8148.3167,132.27,121.42,16.73,15.82
8148.3405,130.08,120.37,15.59,15.58
8148.3713,128.22,119.46,14.65,15.36
8148.4040,126.65,118.67,13.87,15.16
8148.4326,125.40,118.05,13.21,14.99
8148.4651,122.72,116.41,11.84,14.89
8148.4979,120.44,114.98,10.72,14.80
8148.5293,118.51,113.73,9.79,14.73
8148.5612,115.47,111.53,8.52,15.00
8148.5936,112.88,109.60,7.48,15.00
8148.6262,110.68,107.91,6.63,14.98
8148.6584,108.83,106.45,5.94,14.95
8148.6901,105.99,103.99,5.30,15.51
8148.7219,103.56,101.88,4.78,15.60
8148.7541,101.48,100.06,4.36,15.64
8148.7855,99.70,98.50,3.99,15.66
8148.8177,97.23,96.27,3.87,16.26
8148.8499,95.11,94.38,3.77,16.76
8148.8822,93.28,92.79,3.70,16.70
8148.9139,90.37,90.30,3.90,17.66
8148.9542,87.81,88.25,4.06,18.45
8148.9863,85.58,86.55,4.20,19.09
8149.0181,83.64,85.14,4.33,19.61
8149.0500,80.92,83.43,5.33,21.15
8149.0816,78.49,82.04,6.17,21.47
8149.1137,76.31,80.91,6.87,21.68
8149.1377,74.38,79.98,7.45,21.81
8149.1693,71.70,79.02,8.91,22.91
8149.2009,69.23,78.24,10.14,22.96
8149.2323,66.99,77.60,11.18,22.92
8149.2641,64.98,77.07,12.05,22.80
8149.2882,61.23,76.42,14.17,24.06
8149.3197,57.63,75.85,15.91,25.07
8149.3567,54.26,75.38,17.38,24.36
8149.3861,51.15,74.98,18.62,23.64
8149.4185,45.46,74.14,20.71,24.04
8149.4429,40.38,73.37,22.39,24.28
8149.4830,35.85,72.72,23.79,23.48
8149.5152,28.63,71.29,25.81,23.72
8149.5474,22.62,70.08,27.50,23.84
8149.5792,17.84,69.03,28.90,23.86
8149.6108,13.96,68.14,30.08,22.61
8149.6427,9.07,66.21,31.10,22.33
8149.6746,5.38,64.58,31.96,22.01
8149.7069,2.56,63.19,32.67,21.67
8149.7390,0.52,62.01,33.20,20.61
8149.7553,-1.05,59.90,33.41,20.15
8149.7872,-2.24,58.12,33.58,19.69
8149.8198,-3.18,56.60,33.71,19.24
8149.8519,-3.92,55.32,33.83,18.43
8149.8836,-3.62,53.31,33.11,17.95
8149.9157,-3.41,51.60,32.51,17.51
8149.9469,-3.27,50.15,32.00,17.09
8149.9883,-3.11,48.94,31.62,16.45
8150.0187,-2.99,47.92,31.30,15.83
8150.0504,-2.89,47.05,31.02,15.26
8150.0824,-2.11,45.52,29.60,14.79
8150.1143,-1.55,44.27,28.52,14.37
8150.1541,-1.11,43.20,27.61,13.98
8150.1863,-0.35,41.28,25.73,14.00
8150.2182,0.13,39.70,24.32,13.78
8150.2495,0.48,38.34,23.14,13.57
8150.2812,0.75,37.19,22.14,13.37
8150.3047,0.42,35.58,21.47,13.90
8150.3368,0.07,34.26,21.03,13.71
8150.3688,-0.23,33.13,20.67,13.49
8150.4009,-0.48,32.17,20.36,13.26
8150.4329,-1.23,30.92,20.51,13.65
8150.4651,-1.84,29.86,20.64,13.19
8150.4971,-2.36,28.96,20.75,12.73
8150.5219,-2.79,28.22,20.90,12.27
8150.5530,-3.39,27.02,21.08,12.33
8150.5861,-3.88,26.01,21.23,11.85
8150.6184,-4.30,25.14,21.36,11.37
8150.6504,-4.60,24.40,21.41,10.90
8150.6796,-4.64,23.15,21.03,10.59
8150.7152,-4.67,22.08,20.71,10.27
8150.7468,-4.71,21.18,20.44,9.95
8150.7790,-4.25,19.91,19.74,9.63
8150.8115,-3.87,18.84,19.15,9.46
8150.8434,-3.56,17.92,18.64,9.28
8150.8746,-3.31,17.14,18.18,9.11
8150.9069,-2.64,16.25,17.28,8.77
8150.9386,-2.08,15.49,16.52,8.46
8150.9706,-1.62,14.83,15.87,8.17
8151.0018,-1.22,14.30,15.38,7.92
8151.0338,-0.69,13.78,14.79,7.45
8151.0662,-0.24,13.33,14.28,7.04
8151.0985,0.13,12.95,13.85,6.68
8151.1304,0.46,12.66,13.55,6.35
8151.1625,0.49,12.43,13.34,6.16
8151.1955,0.52,12.24,13.16,5.97
8151.2276,0.54,12.08,13.01,5.80
8151.2596,0.14,11.88,13.28,5.99
8151.2917,-0.21,11.72,13.50,5.87
8151.3235,-0.50,11.57,13.70,5.73
8151.3549,-0.69,11.44,13.85,5.60
8151.3864,-1.68,11.20,14.12,6.11
8151.4181,-2.51,10.98,14.35,5.95
8151.4499,-3.22,10.80,14.55,5.79
8151.4817,-3.73,10.62,14.74,5.62
8151.5140,-5.13,10.07,14.80,5.82
8151.5461,-6.32,9.60,14.85,6.00
8151.5779,-7.32,9.21,14.89,6.18
8151.6098,-8.08,8.86,14.92,6.32
8151.6417,-9.69,8.07,14.70,7.10
8151.6742,-11.06,7.40,14.52,7.79
8151.7065,-12.23,6.83,14.36,8.38
8151.7386,-13.99,5.89,14.02,9.67
8151.7714,-15.48,5.09,13.72,10.74
8151.8034,-16.76,4.42,13.46,11.63
8151.8358,-17.79,3.83,13.16,12.27
8151.8679,-19.42,3.02,12.85,13.47
8151.8997,-20.80,2.33,12.59,14.47
8151.9321,-21.98,1.74,12.37,15.31
8151.9642,-23.03,1.21,12.10,16.03
8151.9961,-24.48,0.57,12.02,17.11
8152.0277,-25.71,0.01,11.96,18.02
8152.0593,-26.77,-0.46,11.90,18.73
8152.0916,-27.74,-0.88,11.78,19.34
8152.1234,-28.98,-1.32,11.74,20.17
8152.1557,-30.04,-1.70,11.70,20.87
8152.1873,-30.93,-2.03,11.68,21.48
8152.2192,-32.06,-2.41,11.55,22.27
8152.2517,-33.02,-2.74,11.44,22.94
8152.2837,-33.83,-3.01,11.34,23.51
8152.3156,-34.50,-3.23,11.27,24.01
8152.3474,-35.35,-3.52,11.16,24.60
8152.3793,-36.07,-3.77,11.06,25.10
8152.4114,-36.69,-3.98,10.99,25.53
8152.4434,-37.23,-4.13,10.86,25.92
8152.4754,-37.81,-4.25,10.69,26.33
8152.5073,-38.29,-4.35,10.54,26.69
8152.5390,-38.71,-4.44,10.42,26.95
8152.5711,-39.20,-4.52,10.27,27.17
8152.6031,-39.72,-4.46,10.18,27.50
8152.6346,-40.17,-4.42,10.10,27.79
8152.6671,-40.55,-4.38,10.03,27.95
8152.6992,-41.02,-4.29,9.94,28.17
8152.7311,-41.42,-4.22,9.86,28.36
8152.7626,-41.76,-4.16,9.80,28.51
8152.7942,-42.09,-4.07,9.76,28.57
8152.8271,-42.36,-3.96,9.72,28.64
8152.8589,-42.59,-3.87,9.68,28.69
8152.8912,-42.79,-3.79,9.64,28.73
8152.9232,-42.97,-3.72,9.66,28.70
8152.9564,-43.13,-3.61,9.66,28.70
8152.9883,-43.26,-3.51,9.66,28.70
8153.0204,-43.37,-3.43,9.66,28.63
8153.0531,-43.45,-3.35,9.68,28.57
8153.0852,-43.55,-3.31,9.67,28.52
8153.1180,-43.64,-3.28,9.66,28.46
8153.1498,-43.72,-3.25,9.66,28.29
8153.1823,-43.72,-3.21,9.64,28.14
8153.2140,-43.72,-3.16,9.63,28.00
8153.2464,-43.82,-3.17,9.59,27.90
8153.2783,-43.80,-3.11,9.49,27.61
8153.3098,-43.78,-3.07,9.41,27.35
8153.3416,-43.77,-3.03,9.34,27.11
8153.3731,-43.83,-3.01,9.23,26.94
8153.4058,-43.81,-2.95,9.07,26.60
8153.4370,-43.80,-2.90,8.93,26.30
8153.4688,-43.79,-2.86,8.81,26.03
8153.5003,-43.86,-2.87,8.69,25.61
8153.5325,-43.90,-2.87,8.54,25.23
8153.5644,-43.94,-2.88,8.41,24.89
8153.5965,-44.02,-2.83,8.37,24.65
8153.6288,-44.10,-2.80,8.33,24.21
8153.6455,-44.15,-2.77,8.25,23.82
8153.6779,-44.19,-2.74,8.18,23.47
8153.7098,-44.23,-2.72,8.12,23.16
8153.7421,-44.28,-2.66,8.10,22.82
8153.7747,-44.33,-2.63,8.07,22.52
8153.8068,-44.38,-2.61,8.05,22.25
8153.8393,-44.40,-2.54,8.01,22.03
8153.8710,-44.42,-2.48,7.97,21.97
8153.9028,-44.46,-2.46,7.98,21.91
8153.9351,-44.49,-2.45,7.99,21.85
8153.9678,-44.23,-2.47,7.91,21.70
8153.9999,-44.01,-2.49,7.87,21.70
8154.0327,-43.83,-2.51,7.83,21.72
8154.0646,-43.67,-2.52,7.80,21.73
8154.0969,-42.82,-2.54,7.70,21.47
8154.1287,-42.12,-2.52,7.63,21.25
8154.1605,-41.52,-2.51,7.58,21.05
8154.1921,-41.01,-2.50,7.53,20.88
8154.2239,-39.68,-2.36,7.39,20.38
8154.2555,-38.57,-2.21,7.32,19.93
8154.2872,-37.64,-2.09,7.26,19.52
8154.3195,-36.00,-1.89,7.39,18.94
8154.3517,-34.62,-1.71,7.49,18.20
8154.3838,-33.47,-1.55,7.66,17.52
8154.4166,-32.50,-1.41,7.80,16.91
8154.4487,-30.95,-1.12,7.91,16.22
8154.4801,-29.66,-0.87,8.14,15.37
8154.5122,-28.57,-0.65,8.34,14.58
8154.5443,-27.64,-0.45,8.50,13.86
8154.5761,-26.30,-0.18,8.53,13.02
8154.6082,-25.18,0.07,8.62,12.25
8154.6400,-24.23,0.28,8.69,11.55
8154.6722,-23.42,0.46,8.76,10.90
8154.7043,-21.92,0.73,8.84,10.08
8154.7359,-20.66,0.95,8.93,9.37
8154.7683,-19.58,1.15,9.01,8.47
8154.8005,-17.81,1.68,9.10,7.72
8154.8328,-16.32,2.14,9.18,7.10
8154.8641,-15.03,2.53,9.20,6.57
8154.8964,-13.93,2.86,9.22,5.56
8154.9285,-12.02,3.62,9.01,5.05
8154.9607,-10.39,4.26,8.84,4.61
8154.9925,-9.01,4.80,8.69,4.25
8155.0248,-7.82,5.29,8.55,3.10
8155.0539,-5.92,6.26,8.75,2.92
8155.0863,-4.31,7.08,8.92,2.85
8155.1185,-2.94,7.79,9.07,2.07
8155.1546,-1.02,8.93,9.55,2.45
8155.1823,0.62,9.91,9.96,2.84
8155.2233,2.01,10.75,10.31,3.22
8155.2544,3.11,11.53,10.61,3.42
8155.2712,4.05,12.19,10.86,3.87
8155.3030,5.79,13.24,11.34,4.65
8155.3351,7.28,14.14,11.74,5.34
8155.3671,8.55,14.93,12.08,6.04
8155.3996,10.53,16.09,12.32,6.89
8155.4318,12.22,17.10,12.52,7.64
8155.4640,13.67,17.97,12.69,8.30
8155.4956,14.87,18.72,12.81,8.88
8155.5277,16.65,19.80,12.92,9.56
8155.5541,18.18,20.73,13.00,10.14
8155.5861,19.49,21.54,13.07,10.65
8155.6181,20.58,22.25,13.16,11.04
8155.6499,21.99,23.09,13.12,11.52
8155.6818,23.19,23.81,13.10,11.93
8155.7135,24.22,24.44,13.07,12.30
8155.7529,25.07,25.00,13.09,12.59
8155.7857,25.89,25.48,13.04,12.93
8155.8173,26.59,25.88,13.00,13.23
8155.8493,27.19,26.23,12.96,13.46
8155.8812,27.33,26.32,13.00,13.69
8155.9214,27.45,26.39,13.03,13.90
8155.9531,27.56,26.46,13.05,14.11
8155.9853,27.64,26.56,13.12,14.22
8156.0176,27.72,26.64,13.18,14.31
8156.0498,27.78,26.72,13.22,14.39
8156.0815,26.98,26.33,13.37,14.30
8156.1074,26.29,26.02,13.52,14.21
8156.1374,25.70,25.76,13.64,14.13
8156.1697,25.20,25.53,13.74,14.05
8156.2020,23.56,24.69,13.92,13.84
8156.2343,22.16,23.97,14.03,13.64
8156.2668,20.98,23.36,14.12,13.45
8156.2994,17.93,21.67,14.51,13.74
8156.3235,15.37,20.26,14.83,13.69
8156.3551,13.27,19.07,15.07,13.65
8156.3877,11.51,18.06,15.28,13.58
8156.4123,10.03,17.22,15.45,13.50
8156.4446,8.77,16.51,15.59,12.80
8156.4765,6.31,15.36,16.05,12.64
8156.5085,4.23,14.38,16.44,12.50
8156.5407,2.48,13.55,16.77,12.37
8156.5723,1.01,12.84,17.04,11.43
8156.6046,-1.54,11.81,17.41,11.20
8156.6360,-3.70,10.93,17.71,11.02
8156.6683,-5.52,10.18,17.97,10.85
8156.7003,-6.88,9.48,18.16,9.76
8156.7326,-10.03,8.24,18.73,10.29
8156.7639,-12.69,7.15,19.20,10.81
8156.7966,-14.93,6.21,19.60,11.27
8156.8291,-16.64,5.38,19.81,11.63
8156.8609,-19.26,4.38,20.35,12.17
8156.8921,-21.47,3.49,20.81,12.60
8156.9239,-23.35,2.71,21.20,12.92
8156.9562,-25.39,1.89,21.53,13.76
8156.9877,-27.12,1.17,21.81,13.60
8157.0197,-28.60,0.55,22.04,13.41
8157.0512,-29.85,0.01,22.24,13.19
8157.0833,-31.56,-0.50,22.46,13.60
8157.1158,-32.92,-0.91,22.54,13.27
8157.1481,-34.08,-1.26,22.61,12.96
8157.1799,-35.07,-1.57,22.67,12.67
8157.2118,-36.34,-1.87,22.63,12.82
8157.2440,-37.37,-2.14,22.54,12.58
8157.2759,-38.25,-2.36,22.45,12.36
8157.3079,-38.99,-2.56,22.38,12.17
8157.3398,-39.95,-2.80,22.37,11.88
8157.3716,-40.66,-3.01,22.30,11.64
8157.4037,-41.26,-3.19,22.23,11.44
8157.4358,-42.02,-3.22,22.38,11.52
8157.4681,-42.67,-3.25,22.50,11.20
8157.5006,-43.16,-3.22,22.50,10.97
8157.5329,-43.57,-3.20,22.49,10.81
8157.5652,-44.18,-3.03,22.59,10.94
8157.5970,-44.62,-2.90,22.61,11.07
8157.6287,-45.00,-2.79,22.63,11.20
8157.6602,-45.32,-2.69,22.64,11.24
8157.6915,-45.81,-2.57,22.68,11.39
8157.7231,-46.19,-2.48,22.67,11.54
8157.7556,-46.51,-2.39,22.66,11.71
8157.7884,-46.78,-2.31,22.65,11.90
8157.8191,-47.25,-2.22,22.66,12.12
8157.8512,-47.62,-2.14,22.66,12.33
8157.8835,-47.93,-2.06,22.66,12.68
8157.9159,-48.61,-1.95,22.71,12.97
8157.9482,-49.19,-1.85,22.75,13.23
8157.9799,-49.62,-1.70,22.71,13.46
8158.0122,-49.98,-1.57,22.68,13.68
8158.0437,-50.56,-1.35,22.73,13.87
8158.0760,-50.98,-1.09,22.66,14.23
8158.1086,-51.34,-0.87,22.60,14.55
8158.1409,-51.65,-0.68,22.55,14.84
8158.1725,-51.91,-0.52,22.51,15.10
8158.2045,-52.09,-0.34,22.42,15.41
8158.2365,-52.41,-0.21,22.40,15.61
8158.2684,-52.67,-0.09,22.39,15.80
8158.3013,-52.90,0.01,22.37,16.07
8158.3329,-53.08,0.14,22.31,16.31
8158.3655,-53.42,0.27,22.24,16.45
8158.3977,-53.71,0.38,22.18,16.59
8158.4300,-53.96,0.47,22.14,16.83
8158.4618,-54.51,0.72,21.92,16.98
8158.4941,-54.98,0.94,21.73,17.11
8158.5265,-55.37,1.13,21.57,17.23
8158.5580,-55.58,1.25,21.35,17.41
8158.5904,-55.94,1.43,21.11,17.51
8158.6230,-56.24,1.58,20.91,17.60
8158.6550,-56.50,1.71,20.73,17.79
8158.6874,-56.57,1.71,20.55,17.96
8158.7195,-56.78,1.77,20.40,18.05
8158.7510,-56.96,1.82,20.27,18.14
8158.7835,-57.11,1.87,20.15,18.24
8158.8154,-57.15,1.84,20.06,18.38
8158.8473,-57.19,1.81,19.98,18.50
8158.8796,-57.22,1.79,19.91,18.62
8158.8955,-57.25,1.78,19.85,18.53
8158.9275,-57.35,1.80,19.86,18.46
8158.9592,-57.02,1.72,19.77,18.59
8158.9913,-56.74,1.65,19.69,18.70
8159.0228,-56.51,1.59,19.62,18.42
8159.0544,-55.45,1.42,19.39,18.63
8159.0866,-54.56,1.28,19.20,18.79
8159.1193,-53.79,1.16,19.04,18.91
8159.1517,-53.15,1.06,18.90,19.00
8159.1836,-52.81,0.96,18.98,19.06
8159.2157,-52.53,0.88,19.06,18.43
8159.2476,-52.28,0.81,19.12,17.86
8159.2796,-52.20,0.76,19.21,17.34
8159.3116,-51.44,1.27,19.00,17.53
8159.3438,-50.80,1.69,18.82,17.52
8159.3754,-50.25,2.05,18.67,17.50
8159.4077,-49.95,2.41,18.31,17.46
8159.4321,-50.28,5.40,18.86,18.40
8159.4658,-50.60,7.96,19.32,18.77
8159.5017,-50.89,10.16,19.70,19.06
8159.5216,-51.22,12.09,19.74,19.27
8159.5529,-51.58,16.41,20.50,20.69
8159.5855,-51.95,20.06,21.15,21.15
8159.6192,-52.33,23.15,21.69,21.48
8159.6528,-52.81,25.70,22.10,21.71
8159.6868,-52.96,29.80,23.02,22.38
8159.7191,-53.18,33.22,23.79,22.88
8159.7508,-53.44,36.07,24.44,23.24
8159.7826,-53.17,39.73,25.60,24.85
8159.8149,-53.06,42.76,26.57,25.44
8159.8466,-53.06,45.29,27.40,25.86
8159.8787,-53.30,47.43,28.27,26.15
8159.9109,-52.91,49.95,29.35,27.44
8159.9417,-52.68,52.08,30.27,27.75
8159.9663,-52.56,53.89,31.04,27.92
8159.9985,-52.76,55.51,31.86,28.01
8160.0304,-52.39,57.33,32.66,28.89
8160.0618,-52.15,58.89,33.34,29.56
8160.0935,-52.01,60.23,33.91,29.46
8160.1255,-52.20,61.44,34.53,29.30
8160.1571,-51.75,62.78,34.99,29.90
8160.1886,-51.42,63.93,35.37,30.33
8160.2207,-51.17,64.92,35.70,29.83
8160.2523,-50.98,65.77,35.97,29.33
8160.2838,-50.06,66.79,36.47,29.64
8160.3155,-49.46,67.75,36.93,29.82
8160.3472,-48.96,68.58,37.32,29.35
8160.3787,-47.50,69.51,37.85,29.70
8160.4105,-46.21,70.34,38.30,29.91
8160.4421,-45.06,71.11,38.53,30.01
8160.4579,-44.03,71.79,38.73,30.03
8160.5032,-43.12,72.37,38.89,29.99
8160.5353,-42.41,72.90,39.05,29.32
8160.5595,-40.55,73.49,39.23,29.30
8160.5878,-38.86,74.01,39.37,29.22
8160.6203,-37.31,74.46,39.49,29.09
8160.6521,-35.92,74.85,39.59,28.41
8160.6833,-34.24,75.23,39.66,28.08
8160.7151,-32.72,75.56,39.72,27.74
8160.7473,-31.35,75.85,39.77,27.40
8160.7791,-30.54,76.12,39.91,26.85
8160.8108,-29.13,76.21,39.98,26.51
8160.8426,-27.89,76.30,40.03,26.17
8160.8745,-26.82,76.37,40.08,25.70
8160.9064,-25.93,76.44,40.12,25.25
8160.9385,-24.46,76.28,40.14,25.02
8160.9707,-23.20,76.15,40.15,24.78
8161.0024,-22.13,76.04,40.16,24.39
8161.0339,-20.18,75.65,40.09,24.26
8161.0658,-18.56,75.32,40.04,24.12
8161.0975,-17.21,75.05,39.99,23.98
8161.1215,-16.08,74.81,39.96,23.62
8161.1539,-14.96,74.62,39.85,23.28
8161.1859,-13.17,74.06,39.68,23.26
8161.2179,-11.73,73.59,39.53,23.22
8161.2503,-10.55,73.18,39.41,22.93
8161.2819,-8.90,72.42,39.22,22.97
8161.3141,-7.58,71.76,39.06,22.97
8161.3381,-6.53,71.21,38.93,22.95
8161.3700,-5.68,70.74,38.82,22.66
8161.4021,-4.56,69.83,38.66,22.75
8161.4346,-3.68,69.05,38.53,22.79
8161.4669,-2.98,68.39,38.42,22.80
8161.4990,-2.50,67.84,38.36,22.46
8161.5239,-1.74,66.74,38.22,22.54
8161.5551,-1.13,65.81,38.11,22.57
8161.5868,-0.65,65.02,38.01,22.56
8161.6192,-0.27,64.35,37.94,22.13
8161.6515,0.31,63.06,37.67,22.17
8161.6837,0.75,61.96,37.44,22.16
8161.7162,1.11,61.03,37.25,21.66
8161.7480,1.39,60.26,37.11,21.17
8161.7720,1.72,58.79,36.69,21.17
8161.8044,1.98,57.54,36.33,21.12
8161.8448,2.17,56.48,36.04,20.53
8161.8761,2.40,54.57,35.48,20.56
8161.9084,2.57,52.96,35.01,20.53
8161.9404,2.68,51.58,34.61,20.45
8161.9729,2.77,50.41,34.28,19.64
8162.0044,2.81,48.35,33.53,19.53
8162.0368,2.82,46.60,32.90,19.36
8162.0693,2.81,45.11,32.37,19.14
8162.1012,2.75,43.88,31.94,18.89
8162.1337,2.79,41.76,30.98,19.42
8162.1660,2.79,39.96,30.17,19.10
8162.1982,2.76,38.43,29.49,18.74
8162.2304,2.70,37.18,28.92,18.36
8162.2633,2.73,35.20,27.72,17.95
8162.2957,2.72,33.52,26.70,17.49
8162.3274,2.68,32.09,25.85,17.00
8162.3601,2.76,30.21,24.23,17.15
8162.3920,2.78,28.61,22.86,16.08
8162.4244,2.76,27.25,21.71,15.04
8162.4563,2.70,26.13,20.72,14.05
8162.4884,2.73,24.56,19.52,13.68
8162.5206,2.72,23.22,18.52,12.78
8162.5530,2.69,22.08,17.67,11.90
8162.5850,2.65,21.14,16.95,11.07
8162.6166,2.60,20.35,16.35,9.88
8162.6494,2.55,19.67,15.84,8.77
8162.6814,2.56,18.61,15.03,8.22
8162.7130,2.55,17.72,14.35,7.70
8162.7456,2.54,16.96,13.77,6.96
8162.7779,2.56,16.01,13.09,6.62
8162.8102,2.57,15.21,12.52,6.30
8162.8420,2.57,14.52,12.04,6.00
8162.8740,2.56,13.94,11.63,5.69
8162.9064,2.57,13.47,11.11,5.40
8162.9386,2.57,13.06,10.67,5.14
8162.9700,2.57,12.72,10.30,4.92
8163.0020,2.58,12.45,10.02,4.67
8163.0339,2.60,12.21,9.61,4.47
8163.0662,2.61,12.00,9.26,4.31
8163.0982,2.62,11.83,8.97,4.17
8163.1304,2.61,11.69,8.73,4.06
8163.1626,2.67,11.54,8.56,3.96
8163.1947,2.71,11.41,8.41,3.88
8163.2265,2.75,11.30,8.29,3.87
8163.2591,2.77,11.30,8.26,3.80
8163.2914,2.78,11.30,8.23,3.75
8163.3230,2.80,11.30,8.21,3.72
8163.3544,2.74,11.32,8.16,4.09
8163.3863,2.79,11.56,8.55,4.24
8163.4194,2.83,11.76,8.88,4.40
8163.4515,2.87,11.93,9.16,4.56
8163.4837,2.83,12.09,9.34,5.75
8163.5163,3.16,12.63,10.02,6.36
8163.5479,3.43,13.10,10.61,6.94
8163.5804,3.65,13.50,11.11,9.00
8163.6123,3.78,13.84,11.50,10.87
8163.6299,4.50,14.50,12.24,11.90
8163.6761,5.11,15.07,12.88,12.88
8163.7077,5.62,15.55,13.42,15.51
8163.7395,6.48,16.18,14.22,17.41
8163.7716,7.21,16.72,14.90,19.17
8163.8040,7.83,17.19,15.48,20.81
8163.8364,8.23,17.66,16.08,22.33
8163.8682,8.56,18.07,16.58,23.73
8163.9002,8.84,18.41,17.01,26.65
8163.9319,9.41,18.71,17.52,29.06
8163.9641,9.80,19.02,18.06,31.26
8163.9955,10.13,19.29,18.52,34.96
8164.0277,10.41,19.52,18.91,38.31
8164.0597,10.71,19.64,19.54,41.34
8164.0916,10.91,19.77,20.14,44.08
8164.1233,11.08,19.89,20.64,46.97
8164.1550,10.87,19.88,21.56,49.91
8164.1872,10.69,19.87,22.33,52.55
8164.2188,10.56,19.83,22.97,54.93
8164.2511,10.45,19.80,23.51,57.04
8164.2828,10.36,19.77,23.98,58.94
8164.3157,10.34,19.71,24.30,60.65
8164.3481,10.20,19.70,24.63,62.24
8164.3642,10.08,19.70,24.91,63.63
8164.3966,9.98,19.69,25.15,64.87
8164.4283,9.90,19.68,25.35,65.98
8164.4604,9.81,19.71,25.57,66.97
8164.4926,9.73,19.73,25.76,67.81
8164.5248,9.72,19.73,25.88,68.57
8164.5567,9.70,19.73,25.98,69.24
8164.5890,9.28,19.73,25.99,70.15
8164.6207,9.01,19.76,26.02,70.34
8164.6529,8.78,19.77,26.05,70.50
8164.6848,8.59,19.79,26.07,70.63
8164.7167,7.83,19.43,25.52,70.48
8164.7489,7.27,19.16,25.03,70.30
8164.7809,6.79,18.92,24.61,70.11
8164.8126,6.39,18.73,24.25,69.90
8164.8450,5.81,17.97,24.32,70.09
8164.8768,5.32,17.33,24.37,70.21
8164.9093,4.90,16.79,24.42,70.28
8164.9406,4.69,16.29,24.58,70.26
8164.9727,4.51,15.88,24.71,70.21
8165.0044,4.36,15.52,24.82,70.15
8165.0363,4.33,15.16,24.79,70.13
8165.0686,4.36,14.99,25.28,69.97
8165.1008,4.38,14.84,25.70,69.82
8165.1330,4.40,14.71,26.05,69.68
8165.1651,4.46,14.57,26.31,69.58
8165.1965,4.46,14.54,27.50,69.46
8165.2285,4.47,14.52,28.51,69.36
8165.2612,4.47,14.50,29.36,69.36
8165.2928,4.48,14.47,30.08,69.39
8165.3243,4.27,14.75,31.78,69.34
8165.3562,4.09,14.99,33.22,69.32
8165.3889,3.92,15.18,34.44,69.31
8165.4211,3.65,15.60,36.41,69.17
8165.4536,3.41,15.94,38.09,69.29
8165.4856,3.20,16.23,39.51,69.43
8165.5165,3.07,16.43,40.64,69.58
8165.5484,2.60,16.91,42.44,69.59
8165.5816,2.19,17.31,43.98,69.87
8165.6141,1.83,17.64,45.29,70.14
8165.6446,1.57,17.88,46.33,70.42
8165.6767,0.83,18.39,48.10,70.57
8165.7092,0.18,18.81,49.61,70.72
8165.7414,-0.38,19.15,50.89,70.88
8165.7730,-0.81,19.41,51.95,71.04
8165.8057,-1.69,19.84,53.57,70.98
8165.8375,-2.46,20.18,54.95,70.93
8165.8694,-3.11,20.46,56.12,70.98
8165.9018,-4.08,20.71,57.53,70.94
8165.9336,-4.91,20.90,58.72,70.91
8165.9653,-5.62,21.06,59.73,70.90
8165.9970,-6.19,21.17,60.49,71.01
8166.0287,-7.02,21.28,61.50,71.02
8166.0606,-7.73,21.36,62.36,71.04
8166.0932,-8.34,21.42,63.09,71.05
8166.1257,-8.83,21.46,63.57,71.12
8166.1577,-9.41,21.51,64.21,71.11
8166.1892,-9.90,21.55,64.76,71.12
8166.2210,-10.32,21.58,65.22,71.13
8166.2530,-10.67,21.58,65.50,71.15
8166.2846,-10.96,21.58,65.73,71.19
8166.3162,-11.22,21.58,66.06,71.22
8166.3483,-11.43,21.59,66.33,71.26
8166.3806,-11.61,21.58,66.49,71.30
8166.4123,-11.75,21.58,66.63,71.33
8166.4445,-11.89,21.58,66.79,71.38
8166.4768,-12.00,21.57,66.93,71.42
8166.5085,-12.10,21.56,67.05,71.46
8166.5407,-12.16,21.55,67.13,71.49
8166.5729,-12.23,21.56,67.22,71.50
8166.6043,-12.29,21.57,67.30,71.51
8166.6364,-12.34,21.57,67.36,71.52
8166.6685,-12.37,21.57,67.43,71.53
8166.7007,-12.44,21.58,67.49,71.51
8166.7325,-12.50,21.59,67.54,71.49
8166.7645,-12.56,21.60,67.58,71.48
8166.7970,-12.56,21.66,67.61,71.46
8166.8283,-12.56,21.71,67.64,71.45
8166.8607,-12.56,21.75,67.66,71.44
8166.8925,-12.56,21.78,67.68,71.39
8166.9247,-12.49,21.93,67.63,71.30
8166.9573,-12.43,22.06,67.59,71.23
8166.9737,-12.37,22.17,67.56,71.16
8167.0056,-12.33,22.26,67.53,71.05
8167.0376,-12.03,22.54,67.23,70.92
8167.0696,-11.77,22.77,66.97,70.81
8167.1019,-11.55,22.97,66.75,70.71
8167.1341,-11.41,23.16,66.57,70.47
8167.1664,-10.59,23.47,65.82,70.41
8167.1990,-9.89,23.74,65.18,70.35
8167.2315,-9.29,23.95,64.64,70.28
8167.2633,-8.88,24.16,64.27,69.89
8167.2961,-7.71,24.32,62.93,69.85
8167.3273,-6.70,24.43,61.80,69.79
8167.3591,-5.84,24.52,60.84,69.18
8167.3912,-5.24,24.62,60.14,68.63
8167.4233,-4.01,24.62,58.22,68.38
8167.4552,-2.97,24.60,56.59,68.13
8167.4866,-2.09,24.56,55.21,67.20
8167.5183,-0.67,24.48,52.43,66.51
8167.5508,0.52,24.36,50.07,65.86
8167.5831,1.44,24.24,48.14,65.26
8167.6152,2.21,24.12,46.50,64.04
8167.6481,3.54,23.93,43.30,63.04
8167.6801,4.59,23.72,40.73,62.13
8167.7122,5.47,23.51,38.56,61.32
8167.7442,6.20,23.30,36.71,60.12
8167.7764,7.46,23.06,33.12,59.02
8167.8086,8.54,22.83,30.21,58.06
8167.8405,9.44,22.61,27.73,56.94
8167.8728,10.19,22.39,25.63,56.01
8167.9050,11.43,22.21,21.79,54.96
8167.9373,12.46,22.00,18.52,54.09
8167.9695,13.31,21.78,15.74,53.17
8168.0012,14.56,21.60,11.64,52.16
8168.0329,15.60,21.39,8.15,51.36
8168.0646,16.45,21.16,5.18,50.75
8168.0962,17.24,21.00,2.85,50.37
8168.1281,18.22,20.76,-0.42,49.94
8168.1595,19.04,20.53,-3.20,49.69
8168.1922,19.72,20.30,-5.57,49.58
8168.2240,20.32,20.13,-7.44,49.89
8168.2555,21.00,19.87,-9.90,50.14
8168.2876,21.55,19.63,-12.00,50.46
8168.3189,22.02,19.41,-13.78,51.12
8168.3510,22.42,19.24,-15.22,51.77
8168.3833,22.83,19.08,-17.02,52.35
8168.4151,23.18,18.94,-18.55,52.92
8168.4469,23.46,18.81,-19.85,53.68
8168.4791,23.63,18.65,-21.41,54.48
8168.5117,23.77,18.52,-22.74,55.22
8168.5446,23.89,18.40,-23.87,55.90
8168.5765,23.99,18.34,-24.77,56.55
8168.6086,24.05,18.24,-25.62,57.15
8168.6411,24.10,18.15,-26.35,57.70
8168.6727,24.14,18.08,-26.96,58.21
8168.7043,24.18,18.05,-27.46,58.70
8168.7363,24.17,17.93,-27.82,59.15
8168.7683,24.16,17.84,-28.12,59.55
8168.8013,24.15,17.75,-28.38,59.91
8168.8326,24.15,17.68,-28.60,60.24
8168.8651,24.15,17.63,-28.84,60.52
8168.8975,24.16,17.58,-29.04,60.78
8168.9296,24.17,17.54,-29.20,61.01
8168.9618,24.18,17.49,-29.39,61.21
8168.9938,24.20,17.45,-29.55,61.39
8169.0258,24.21,17.42,-29.69,61.56
8169.0580,24.22,17.38,-29.81,61.69
8169.0907,24.23,17.34,-29.92,61.82
8169.1231,24.23,17.31,-30.01,61.93
8169.1540,24.23,17.28,-30.06,62.01
8169.1866,24.24,17.25,-30.11,62.09
8169.2190,24.25,17.23,-30.14,62.15
8169.2513,24.25,17.22,-30.17,62.22
8169.2831,24.21,17.17,-30.17,62.24
8169.3151,24.19,17.13,-30.17,62.26
8169.3473,24.17,17.09,-30.17,62.27
8169.3793,24.12,17.03,-30.12,62.30
8169.4112,24.07,16.98,-30.07,62.28
8169.4431,24.05,16.94,-30.05,62.27
8169.4756,24.02,16.90,-30.04,62.25
8169.5075,24.00,16.87,-30.02,62.24
8169.5393,23.97,16.84,-30.02,62.11
8169.5713,23.87,16.79,-29.84,62.05
8169.6037,23.79,16.75,-29.69,61.99
8169.6359,23.72,16.71,-29.56,61.67
8169.6679,23.63,16.69,-29.47,61.38
8169.7000,23.32,16.54,-28.26,61.26
8169.7319,23.06,16.40,-27.23,61.14
8169.7640,22.84,16.28,-26.35,60.74
8169.7966,22.45,16.03,-24.72,60.46
8169.8279,22.13,15.82,-23.33,60.20
8169.8601,21.85,15.63,-22.15,59.97
8169.8920,21.63,15.47,-21.16,59.75
8169.9237,21.42,15.30,-20.38,59.56
8169.9554,21.24,15.15,-19.72,59.15
8169.9880,20.98,14.94,-18.60,58.86
8170.0199,20.72,14.73,-17.70,58.59
8170.0520,20.49,14.54,-16.94,58.36
8170.0839,20.31,14.39,-16.30,57.91
8170.1157,20.01,14.21,-15.11,57.64
8170.1479,19.73,14.05,-14.12,57.39
8170.1797,19.49,13.91,-13.28,57.00
8170.2105,19.29,13.79,-12.57,56.67
8170.2419,19.01,13.63,-11.40,56.46
8170.2741,18.72,13.50,-10.40,56.28
8170.3058,18.48,13.39,-9.55,56.02
8170.3374,18.19,13.25,-8.36,55.86
8170.3692,17.95,13.14,-7.34,55.72
8170.4015,17.75,13.04,-6.48,55.60
8170.4335,17.57,12.95,-5.75,55.39
8170.4661,17.36,12.89,-5.12,55.20
8170.4981,17.17,12.83,-4.58,55.05
8170.5299,16.93,12.77,-3.55,55.00
8170.5620,16.67,12.73,-2.67,54.95
8170.5939,16.45,12.70,-1.92,54.84
8170.6264,16.26,12.67,-1.28,54.75
8170.6581,16.02,12.66,-0.28,54.76
8170.6902,15.75,12.67,0.57,54.76
8170.7228,15.51,12.67,1.29,54.68
8170.7553,15.13,12.67,2.64,54.81
8170.7882,14.80,12.67,3.79,54.92
8170.8195,14.52,12.67,4.77,55.02
8170.8510,14.29,12.66,5.60,55.00
8170.8832,13.97,12.69,6.78,55.09
8170.9157,13.69,12.70,7.79,55.16
8170.9481,13.46,12.71,8.64,55.23
8170.9792,13.29,12.72,9.34,55.29
8171.0116,13.08,12.77,10.25,55.38
8171.0430,12.90,12.80,11.03,55.47
8171.0744,12.75,12.83,11.69,55.58
8171.1065,12.66,12.85,12.21,55.68
8171.1389,12.52,12.93,12.97,55.78
8171.1709,12.41,13.00,13.61,55.88
8171.2038,12.31,13.06,14.16,56.01
8171.2358,12.22,13.16,14.80,56.13
8171.2667,12.15,13.24,15.36,56.24
8171.2988,12.09,13.30,15.82,56.35
8171.3300,12.04,13.36,16.22,56.45
8171.3602,12.01,13.41,16.61,56.55
8171.3920,11.99,13.45,16.93,56.64
8171.4228,11.97,13.48,17.21,56.72
8171.4543,11.97,13.51,17.45,56.80
8171.4860,11.97,13.54,17.65,56.88
8171.5180,11.96,13.56,17.83,56.95
8171.5493,11.98,13.55,17.97,57.01
8171.5803,11.99,13.55,18.10,57.07
8171.6120,12.00,13.54,18.20,57.12
8171.6436,12.02,13.55,18.31,57.16
8171.6752,12.05,13.54,18.37,57.20
8171.7071,12.08,13.53,18.42,57.24
8171.7302,12.10,13.53,18.46,57.27
8171.7707,12.15,13.54,18.52,57.29
8171.8026,12.18,13.55,18.57,57.31
8171.8339,12.23,13.54,18.58,57.33
8171.8667,12.28,13.52,18.60,57.33
8171.8985,12.32,13.52,18.61,57.34
8171.9307,12.36,13.51,18.62,57.34
8171.9630,12.39,13.48,18.63,57.36
8171.9948,12.43,13.44,18.64,57.37
8172.0264,12.47,13.41,18.64,57.38
8172.0580,12.50,13.39,18.65,57.38
8172.0900,12.51,13.35,18.63,57.41
8172.1224,12.54,13.31,18.61,57.43
8172.1538,12.56,13.27,18.60,57.45
8172.1859,12.58,13.24,18.58,57.46
8172.2183,12.59,13.22,18.53,57.48
8172.2503,12.60,13.21,18.48,57.49
8172.2824,12.61,13.19,18.44,57.50
8172.3135,12.64,13.18,18.29,57.50
8172.3455,12.66,13.16,18.17,57.50
8172.3774,12.68,13.15,18.06,57.51
8172.4096,12.70,13.14,17.97,57.51
8172.4425,12.74,13.10,17.78,57.52
8172.4742,12.78,13.07,17.61,57.54
8172.5065,12.81,13.04,17.47,57.55
8172.5388,12.84,13.02,17.37,57.57
8172.5707,12.90,12.99,17.12,57.57
8172.6030,12.95,12.95,16.91,57.56
8172.6353,12.99,12.92,16.74,57.56
8172.6675,13.03,12.90,16.59,57.55
8172.6994,13.12,12.87,16.24,57.50
8172.7320,13.20,12.84,15.95,57.46
8172.7643,13.26,12.82,15.70,57.42
8172.7968,13.35,12.75,15.37,57.41
8172.8284,13.42,12.68,15.10,57.39
8172.8605,13.48,12.63,14.86,57.38
8172.8925,13.53,12.58,14.67,57.37
8172.9249,13.59,12.52,14.33,57.37
8172.9567,13.64,12.46,14.04,57.35
8172.9889,13.68,12.41,13.80,57.33
8173.0211,13.72,12.37,13.60,57.31
8173.0528,13.77,12.32,13.29,57.29
8173.0850,13.82,12.28,13.02,57.28
8173.1169,13.87,12.24,12.80,57.26
8173.1484,13.90,12.20,12.61,57.25
8173.1803,13.95,12.15,12.36,57.26
8173.2127,13.98,12.10,12.16,57.26
8173.2449,14.01,12.06,11.98,57.27
8173.2767,14.04,12.00,11.75,57.28
8173.3088,14.07,11.95,11.55,57.30
8173.3410,14.08,11.91,11.37,57.31
8173.3732,14.08,11.87,11.22,57.33
8173.4055,14.09,11.84,11.08,57.34
8173.4371,14.06,11.81,10.96,57.35
8173.4686,14.05,11.75,10.73,57.37
8173.5008,14.03,11.71,10.54,57.39
8173.5330,14.02,11.67,10.38,57.40
8173.5651,13.97,11.63,10.24,57.41
8173.5968,13.94,11.59,9.99,57.42
8173.6286,13.90,11.54,9.78,57.44
8173.6606,13.88,11.51,9.60,57.44
8173.6925,13.83,11.48,9.46,57.45
8173.7250,13.79,11.41,9.11,57.46
8173.7576,13.77,11.36,8.82,57.47
8173.7900,13.74,11.31,8.57,57.48
8173.8219,13.69,11.27,8.23,57.48
8173.8544,13.64,11.24,7.95,57.48
8173.8867,13.60,11.21,7.70,57.48
8173.9185,13.51,11.19,7.52,57.48
8173.9509,13.44,11.16,7.18,57.47
8173.9825,13.38,11.14,6.89,57.46
8174.0148,13.34,11.12,6.64,57.46
8174.0471,13.26,11.11,6.43,57.46
8174.0795,13.19,11.10,6.26,57.46
8174.1116,13.13,11.09,6.11,57.46
8174.1438,13.10,11.05,5.80,57.45
8174.1763,13.03,11.03,5.55,57.45
8174.2085,12.97,11.01,5.33,57.45
8174.2407,12.95,10.98,4.96,57.44
8174.2726,12.92,10.96,4.65,57.44
8174.3043,12.87,10.95,4.39,57.44
8174.3371,12.83,10.94,4.16,57.45
8174.3700,12.83,10.92,3.75,57.43
8174.4012,12.83,10.91,3.42,57.42
8174.4330,12.83,10.91,3.13,57.41
8174.4652,12.83,10.90,2.89,57.41
8174.4971,12.84,10.89,2.51,57.41
8174.5281,12.87,10.89,2.20,57.40
8174.5602,12.90,10.89,1.93,57.41
8174.5925,12.93,10.89,1.70,57.41
8174.6248,12.98,10.89,1.34,57.40
8174.6567,13.03,10.88,1.03,57.39
8174.6887,13.08,10.88,0.76,57.40
8174.7206,13.13,10.88,0.41,57.40
8174.7526,13.18,10.89,0.11,57.40
8174.7845,13.25,10.89,-0.15,57.41
8174.8174,13.32,10.89,-0.36,57.43
8174.8493,13.40,10.93,-0.70,57.41
8174.8810,13.48,10.96,-0.98,57.41
8174.9128,13.54,10.99,-1.22,57.40
8174.9448,13.63,11.00,-1.43,57.42
8174.9766,13.73,11.01,-1.65,57.42
8175.0091,13.82,11.02,-1.84,57.42
8175.0413,13.89,11.02,-2.00,57.43
8175.0731,13.97,11.03,-2.13,57.45
8175.1057,14.05,11.04,-2.26,57.46
8175.1377,14.11,11.06,-2.36,57.47
8175.1695,14.16,11.06,-2.45,57.47
8175.2016,14.22,11.07,-2.51,57.48
8175.2339,14.27,11.08,-2.56,57.50
8175.2655,14.31,11.08,-2.60,57.51
8175.2981,14.35,11.08,-2.64,57.52
8175.3292,14.38,11.09,-2.67,57.53
8175.3616,14.41,11.09,-2.69,57.54
8175.3935,14.43,11.09,-2.71,57.55
8175.4261,14.45,11.09,-2.74,57.55
8175.4585,14.46,11.10,-2.73,57.56
8175.4908,14.47,11.10,-2.72,57.58
8175.5233,14.48,11.11,-2.71,57.56
8175.5550,14.51,11.12,-2.71,57.56
8175.5876,14.53,11.13,-2.70,57.55
8175.6195,14.55,11.13,-2.70,57.55
8175.6513,14.56,11.14,-2.69,57.53
8175.6834,14.57,11.15,-2.68,57.53
8175.7151,14.57,11.17,-2.67,57.54
8175.7471,14.58,11.18,-2.65,57.54
8175.7791,14.60,11.25,-2.59,57.26
8175.8102,14.12,11.54,-2.13,57.48
8175.8429,13.70,11.77,-1.74,57.65
8175.8759,13.34,11.97,-1.40,56.18
8175.9090,13.04,12.21,-1.04,54.84
8175.9408,12.15,12.52,-0.19,54.22
8175.9725,11.38,12.78,0.54,53.62
8176.0042,10.72,12.99,1.16,50.57
8176.0363,9.88,12.81,2.06,48.18
8176.0681,9.16,12.65,2.82,45.99
8176.0998,8.55,12.51,3.47,43.99
8176.1322,8.04,12.38,4.02,40.21
8176.1641,7.45,11.78,4.80,37.13
8176.1959,6.95,11.27,5.47,34.34
8176.2376,6.54,10.83,6.03,30.99
8176.2694,6.25,10.48,6.46,27.96
8176.3022,5.60,9.82,7.06,25.76
8176.3313,5.05,9.25,7.56,23.76
8176.3627,4.59,8.76,8.00,21.88
8176.3945,4.10,8.18,8.38,20.38
8176.4262,3.68,7.67,8.70,19.02
8176.4427,3.33,7.24,8.98,17.79
8176.4745,3.03,6.88,9.21,16.72
8176.5063,2.70,6.56,9.38,15.76
8176.5383,2.49,6.35,9.63,14.81
8176.5701,2.32,6.17,9.85,13.98
8176.6018,2.18,6.02,10.04,13.31
8176.6339,2.02,5.89,10.25,12.69
8176.6660,1.88,5.78,10.44,12.15
8176.6988,1.77,5.69,10.60,11.70
8176.7304,1.67,5.62,10.73,11.41
8176.7626,1.56,5.57,10.95,11.14
8176.7952,1.47,5.52,11.15,10.92
8176.8207,1.39,5.49,11.31,10.75
8176.8526,1.33,5.45,11.45,11.15
8176.8851,1.01,5.52,12.10,11.43
8176.9173,0.75,5.57,12.66,11.69
8176.9498,0.52,5.62,13.13,11.92
8176.9821,0.33,5.66,13.54,13.24
8177.0140,0.15,5.77,14.33,14.38
8177.0465,-0.10,5.86,14.88,15.42
8177.0790,-0.31,5.93,15.34,16.37
8177.1111,-0.49,6.00,15.74,17.24
8177.1435,-0.44,6.10,16.67,19.44
8177.1761,-0.48,6.21,17.36,21.46
8177.2083,-0.50,6.30,17.95,23.31
8177.2399,-0.15,6.48,18.55,24.72
8177.2719,0.14,6.64,19.06,27.54
8177.3040,0.31,6.79,19.48,30.12
8177.3357,0.45,6.92,19.83,32.46
8177.3683,0.77,7.11,20.15,34.42
8177.4003,0.97,7.30,20.46,37.57
8177.4329,1.15,7.46,20.73,40.43
8177.4654,1.29,7.60,20.95,43.04
8177.4897,1.42,7.77,21.20,45.35
8177.5312,1.50,7.95,21.44,47.79
8177.5570,1.57,8.10,21.64,50.01
8177.5895,1.63,8.23,21.81,52.02
8177.6214,1.65,8.38,22.01,53.92
8177.6537,1.68,8.51,22.17,55.65
8177.6865,1.70,8.63,22.30,57.21
8177.7185,1.73,8.70,22.34,58.64
8177.7504,1.75,8.76,22.37,59.87
8177.7824,1.83,8.83,22.37,60.98
8177.8141,1.89,8.88,22.37,61.99
8177.8459,1.92,8.92,22.36,62.92
8177.8783,2.01,8.95,22.36,63.73
8177.9104,2.08,8.98,22.36,64.46
8177.9431,2.15,9.01,22.37,65.13
8177.9752,2.23,9.05,22.31,65.72
8178.0075,2.34,9.08,22.31,66.25
8178.0393,2.43,9.11,22.30,66.74
8178.0718,2.51,9.13,22.30,67.18
8178.1037,2.60,9.18,22.23,67.54
8178.1361,2.70,9.20,22.20,67.86
8178.1682,2.79,9.22,22.17,68.16
8178.2006,2.85,9.23,22.11,68.44
8178.2335,2.90,9.25,22.06,68.69
8178.2662,2.98,9.25,22.03,68.92
8178.2985,3.05,9.25,22.00,69.12
8178.3298,3.11,9.27,21.98,69.29
8178.3616,3.19,9.27,21.97,69.48
8178.3940,3.25,9.27,21.97,69.64
8178.4263,3.31,9.28,21.97,69.79
8178.4584,3.37,9.30,21.96,69.91
8178.4910,3.43,9.32,21.95,70.01
8178.5232,3.49,9.33,21.95,70.10
8178.5557,3.54,9.34,21.94,70.18
8178.5872,3.59,9.35,21.94,70.25
8178.6193,3.62,9.36,21.94,70.32
8178.6515,3.66,9.36,21.93,70.37
8178.6837,3.71,9.39,21.90,70.42
8178.7155,3.75,9.41,21.87,70.46
8178.7446,3.78,9.42,21.84,70.49
8178.7791,3.87,9.43,21.84,70.52
8178.8111,3.94,9.49,21.76,70.51
8178.8433,4.00,9.55,21.70,70.52
8178.8755,4.05,9.59,21.64,70.52
8178.9076,4.13,9.63,21.61,70.53
8178.9403,4.22,9.74,21.31,70.47
8178.9723,4.29,9.84,21.05,70.43
8179.0041,4.35,9.92,20.83,70.40
8179.0361,4.44,10.02,20.44,70.35
8179.0676,4.52,10.11,20.11,70.30
8179.0991,4.59,10.19,19.83,70.26
8179.1311,4.64,10.25,19.59,70.24
8179.1625,4.73,10.33,19.18,70.20
8179.1941,4.80,10.39,18.82,70.15
8179.2260,4.87,10.45,18.53,70.11
8179.2575,4.93,10.50,18.30,70.07
8179.2896,5.02,10.56,17.88,70.02
8179.3209,5.09,10.60,17.53,69.99
8179.3526,5.15,10.64,17.23,69.96
8179.3840,5.22,10.67,16.98,69.93
8179.4159,5.30,10.69,16.59,69.90
8179.4479,5.37,10.71,16.27,69.88
8179.4800,5.42,10.73,15.99,69.87
8179.5120,5.48,10.74,15.74,69.86
8179.5433,5.54,10.74,15.37,69.85
8179.5755,5.59,10.74,15.05,69.84
8179.6071,5.63,10.74,14.77,69.83
8179.6393,5.67,10.73,14.54,69.83
8179.6718,5.71,10.72,14.33,69.83
8179.7043,5.76,10.75,14.01,69.81
8179.7357,5.81,10.77,13.73,69.81
8179.7678,5.86,10.79,13.50,69.81
8179.8003,5.90,10.80,13.29,69.82
8179.8315,5.96,10.80,12.96,69.81
8179.8640,6.03,10.80,12.69,69.81
8179.8954,6.09,10.81,12.45,69.82
8179.9116,6.14,10.81,12.26,69.83
8179.9439,6.18,10.84,11.96,69.83
8179.9767,6.22,10.86,11.70,69.83
8180.0082,6.25,10.88,11.48,69.84
8180.0404,6.28,10.90,11.29,69.85
8180.0729,6.36,10.96,11.05,69.79
8180.1051,6.36,10.99,10.82,69.75
8180.1373,6.36,11.01,10.62,69.72
8180.1716,6.37,11.03,10.46,69.70
8180.2016,6.58,11.34,10.08,69.40
8180.2338,6.71,11.56,9.75,69.14
8180.2661,6.83,11.74,9.47,68.93
8180.2988,7.27,12.19,8.76,68.34
8180.3302,7.64,12.56,8.16,67.87
8180.3625,8.08,12.92,7.34,67.47
8180.3949,8.47,13.21,6.64,67.13
8180.4274,9.14,13.54,5.50,66.51
8180.4592,9.86,13.87,4.25,66.07
8180.4913,10.48,14.14,3.19,65.70
8180.5234,11.01,14.37,2.28,65.40
8180.5556,11.65,14.56,1.20,65.06
8180.5881,12.13,14.74,0.15,64.79
8180.6205,12.55,14.89,-0.73,64.57
8180.6523,12.91,15.01,-1.49,64.39
8180.6841,13.31,15.13,-2.49,64.22
8180.7155,13.66,15.23,-3.35,64.09
8180.7480,13.96,15.31,-4.08,63.99
8180.7797,14.16,15.41,-4.94,63.88
8180.8117,14.33,15.48,-5.68,63.85
8180.8434,14.47,15.55,-6.31,63.84
8180.8749,14.52,15.66,-6.80,63.84
8180.9077,14.56,15.75,-7.22,63.86
8180.9395,14.60,15.83,-7.57,63.92
8180.9717,14.66,15.89,-7.97,63.95
8181.0037,14.68,16.01,-8.27,63.99
8181.0357,14.70,16.11,-8.52,64.04
8181.0681,14.72,16.19,-8.73,64.09
8181.1003,14.72,16.21,-8.97,64.15
8181.1322,14.70,16.25,-9.10,64.20
8181.1642,14.69,16.29,-9.21,64.24
8181.1955,14.65,16.30,-9.42,64.29
8181.2277,14.61,16.31,-9.60,64.34
8181.2600,14.60,16.31,-9.68,64.39
8181.2923,14.59,16.31,-9.75,64.42
8181.3244,14.57,16.33,-9.95,64.47
8181.3561,14.58,16.33,-10.10,64.51
8181.3884,14.59,16.33,-10.23,64.55
8181.4204,14.60,16.33,-10.34,64.58
8181.4529,14.59,16.33,-10.53,64.63
8181.4853,14.61,16.33,-10.66,64.68
8181.5180,14.63,16.33,-10.77,64.72
8181.5500,14.65,16.33,-10.87,64.76
8181.5825,14.66,16.35,-10.97,64.80
8181.6145,14.69,16.35,-11.06,64.84
8181.6467,14.71,16.36,-11.13,64.87
8181.6785,14.72,16.37,-11.18,64.91
8181.7104,14.73,16.38,-11.23,64.94
8181.7429,14.74,16.37,-11.26,64.96
8181.7753,14.75,16.37,-11.29,64.99
8181.8069,14.76,16.37,-11.28,65.01
8181.8389,14.78,16.36,-11.26,65.00
8181.8710,14.81,16.35,-11.25,64.99
8181.9037,14.82,16.35,-11.24,64.99
8181.9359,14.80,16.32,-10.96,64.95
8181.9681,14.79,16.29,-10.71,64.92
8182.0003,14.78,16.26,-10.50,64.89
8182.0325,14.77,16.23,-10.32,64.86
8182.0644,14.69,16.15,-9.81,64.85
8182.0965,14.64,16.06,-9.37,64.84
8182.1287,14.59,15.99,-8.99,64.82
8182.1606,14.51,15.91,-8.42,64.85
8182.1777,14.44,15.84,-7.94,64.84
8182.2099,14.42,15.76,-7.53,64.83
8182.2415,14.40,15.69,-7.18,64.82
8182.2735,14.38,15.63,-6.88,64.80
8182.3057,14.29,15.56,-6.38,64.86
8182.3374,14.24,15.50,-5.94,64.90
8182.3697,14.19,15.44,-5.57,64.86
8182.4018,13.74,15.29,-4.55,65.20
8182.4333,13.36,15.17,-3.70,65.50
8182.4657,13.02,15.08,-2.88,65.74
8182.4978,12.74,15.00,-2.18,65.17
8182.5301,12.17,14.78,-0.95,64.98
8182.5627,11.66,14.60,0.14,64.79
8182.5945,11.22,14.43,1.06,61.23
8182.6266,10.85,14.29,1.85,58.02
8182.6584,10.46,13.87,2.64,55.25
8182.6909,10.13,13.50,3.42,52.76
8182.7227,9.85,13.18,4.07,50.53
8182.7546,9.65,12.80,4.54,48.53
8182.7865,9.48,12.47,4.93,44.49
8182.8172,9.47,12.24,5.21,40.87
8182.8490,9.46,12.05,5.44,37.63
8182.8809,9.21,11.54,5.85,35.10
8182.9126,8.99,11.10,6.19,31.73
8182.9450,8.95,10.76,6.30,28.72
8182.9773,8.92,10.47,6.40,26.05
8183.0095,8.76,9.93,6.54,23.96
8183.0412,8.68,9.43,6.51,21.82
8183.0734,8.60,9.01,6.49,19.92
8183.1055,8.54,8.65,6.48,18.25
8183.1373,8.54,8.42,6.39,16.71
8183.1618,8.53,8.18,6.26,15.37
8183.1935,8.53,7.98,6.14,14.22
8183.2256,8.52,7.81,6.05,13.26
8183.2581,8.49,7.69,6.21,12.44
8183.2906,8.44,7.60,6.36,11.76
8183.3216,8.39,7.51,6.48,11.23
8183.3536,8.36,7.44,6.58,10.82
8183.3853,8.33,7.39,6.67,10.49
8183.4171,8.31,7.38,6.94,10.21
8183.4493,8.29,7.37,7.18,10.21
8183.4817,8.28,7.37,7.38,10.22
8183.5133,8.27,7.36,7.55,10.23
8183.5452,8.26,7.59,8.11,10.05
8183.5777,8.25,7.78,8.58,9.90
8183.6097,8.24,7.94,8.98,9.78
8183.6421,8.22,8.09,9.30,10.19
8183.6743,8.08,8.27,10.34,10.53
8183.7070,7.96,8.41,11.21,10.85
8183.7397,7.85,8.54,11.96,11.64
8183.7723,7.74,8.63,12.55,12.41
8183.8042,7.55,8.76,13.15,13.10
8183.8364,7.39,8.87,13.65,13.75
8183.8688,7.25,8.97,14.08,15.62
8183.9013,7.10,9.03,14.42,17.42
8183.9334,6.97,9.09,14.70,19.11
8183.9657,6.93,9.14,15.13,20.64
8183.9970,6.84,9.18,15.47,23.20
8184.0292,6.77,9.21,15.77,25.55
8184.0623,6.70,9.24,16.02,27.70
8184.0936,6.94,9.26,16.06,29.49
8184.1258,7.07,9.27,16.10,31.12
8184.1578,7.19,9.29,16.14,33.25
8184.1899,7.29,9.30,16.17,35.18
8184.2222,7.63,9.33,15.77,36.73
8184.2542,7.87,9.37,15.43,38.15
8184.2859,8.08,9.39,15.15,40.04
8184.3022,8.25,9.42,14.91,41.75
8184.3337,8.46,9.43,14.56,43.27
8184.3660,8.55,9.45,14.22,44.63
8184.3976,8.63,9.46,13.94,46.32
8184.4302,8.69,9.46,13.69,47.86
8184.4630,8.84,9.49,13.44,49.18
8184.4948,8.90,9.53,13.23,50.37
8184.5270,8.94,9.56,13.05,51.79
8184.5594,9.04,9.65,12.98,53.00
8184.5910,9.13,9.72,12.91,54.11
8184.6232,9.15,9.80,12.91,55.12
8184.6554,9.17,9.86,12.91,56.47
8184.6875,9.25,10.00,13.04,57.60
8184.7203,9.29,10.10,13.19,58.63
8184.7518,9.32,10.18,13.32,59.57
8184.7843,9.35,10.25,13.42,60.83
8184.8176,9.41,10.38,13.64,61.91
8184.8329,9.47,10.49,13.82,62.89
8184.8647,9.46,10.56,13.98,63.78
8184.8960,9.46,10.62,14.11,64.91
8184.9276,9.47,10.74,14.39,65.89
8184.9602,9.48,10.82,14.62,66.78
8184.9926,9.50,10.90,14.81,67.59
8185.0249,9.51,10.96,14.98,68.57
8185.0572,9.54,11.07,15.24,69.41
8185.0894,9.60,11.16,15.45,70.17
8185.1216,9.64,11.23,15.63,70.91
8185.1536,9.68,11.29,15.78,71.58
8185.1861,9.69,11.37,15.85,72.20
8185.2186,9.73,11.42,15.90,72.76
8185.2508,9.77,11.47,15.94,73.15
8185.2831,9.72,11.48,15.69,73.59
8185.3161,9.73,11.49,15.48,73.98
8185.3476,9.74,11.49,15.30,74.33
8185.3797,9.74,11.49,15.14,74.59
8185.4115,9.75,11.47,14.89,74.83
8185.4432,9.80,11.45,14.69,75.05
8185.4751,9.83,11.43,14.52,75.27
8185.5077,9.86,11.41,14.37,75.47
8185.5394,9.91,11.40,14.15,75.62
8185.5709,9.99,11.39,13.98,75.76
8185.6035,10.05,11.38,13.83,75.91
8185.6356,10.12,11.37,13.67,76.03
8185.6681,10.17,11.37,13.54,76.15
8185.7003,10.24,11.36,13.43,76.25
8185.7320,10.29,11.36,13.35,76.31
8185.7644,10.34,11.36,13.25,76.37
8185.7963,10.40,11.35,13.16,76.42
8185.8287,10.46,11.35,13.09,76.46
8185.8605,10.50,11.35,13.03,76.49
8185.8923,10.55,11.34,12.91,76.50
8185.9243,10.60,11.34,12.82,76.52
8185.9564,10.65,11.33,12.74,76.52
8185.9888,10.69,11.33,12.67,76.52
8186.0216,10.74,11.31,12.51,76.52
8186.0538,10.78,11.30,12.38,76.52
8186.0860,10.81,11.29,12.27,76.52
8186.1191,10.87,11.27,12.09,76.51
8186.1515,10.92,11.25,11.94,76.51
8186.1837,10.96,11.23,11.81,76.51
8186.2161,10.99,11.22,11.69,76.50
8186.2482,11.03,11.20,11.47,76.49
8186.2807,11.06,11.18,11.28,76.48
8186.3133,11.09,11.17,11.12,76.47
8186.3448,11.12,11.16,10.99,76.46
8186.3765,11.17,11.16,10.74,76.43
8186.4085,11.21,11.15,10.54,76.40
8186.4403,11.25,11.15,10.36,76.38
8186.4723,11.28,11.14,10.21,76.36
8186.5046,11.33,11.14,10.00,76.33
8186.5370,11.40,11.14,9.83,76.30
8186.5687,11.46,11.14,9.69,76.27
8186.6007,11.52,11.14,9.49,76.24
8186.6330,11.57,11.14,9.32,76.22
8186.6648,11.64,11.16,9.19,76.19
8186.6973,11.69,11.17,9.09,76.18
8186.7292,11.76,11.19,8.90,76.16
8186.7611,11.84,11.21,8.75,76.13
8186.7940,11.91,11.22,8.62,76.12
8186.8258,11.96,11.24,8.51,76.11
8186.8584,12.04,11.26,8.25,76.07
8186.8898,12.12,11.28,8.05,76.04
8186.9221,12.19,11.30,7.88,76.01
8186.9536,12.28,11.32,7.59,75.97
8186.9847,12.35,11.34,7.35,75.93
8187.0166,12.43,11.35,7.15,75.90
8187.0484,12.49,11.36,6.99,75.88
8187.0806,12.58,11.38,6.72,75.83
8187.1127,12.65,11.40,6.49,75.79
8187.1449,12.72,11.42,6.31,75.75
8187.1770,12.77,11.43,6.16,75.73
8187.2090,12.83,11.44,5.95,75.70
8187.2410,12.89,11.44,5.81,75.68
8187.2729,12.93,11.45,5.68,75.66
8187.3055,12.97,11.45,5.57,75.64
8187.3365,13.00,11.48,5.45,75.62
8187.3686,13.00,11.50,5.41,75.61
8187.4013,13.00,11.51,5.38,75.59
8187.4333,13.00,11.53,5.35,75.58
8187.4656,12.98,11.58,5.13,75.55
8187.4978,12.93,11.61,4.96,75.53
8187.5299,12.89,11.63,4.81,75.50
8187.5630,12.90,11.64,4.45,75.45
8187.5949,12.90,11.65,4.15,75.41
8187.6267,12.91,11.66,3.89,75.37
8187.6585,12.87,11.66,3.63,75.35
8187.6909,12.88,11.66,3.27,75.27
8187.7231,12.90,11.66,2.96,75.23
8187.7396,12.91,11.66,2.71,75.19
8187.7712,12.92,11.66,2.49,75.16
8187.8035,12.88,11.68,2.22,75.10
8187.8348,12.85,11.70,2.00,75.06
8187.8669,12.82,11.71,1.81,75.04
8187.8992,12.74,11.75,1.67,75.02
8187.9306,12.69,11.78,1.50,74.98
8187.9628,12.66,11.81,1.36,74.96
8187.9952,12.62,11.84,1.24,74.95
8188.0272,12.60,11.86,1.14,74.94
8188.0594,12.59,11.89,0.95,74.92
8188.0916,12.54,11.93,0.82,74.90
8188.1244,12.50,11.96,0.70,74.89
8188.1567,12.50,11.99,0.51,74.86
8188.1892,12.49,12.02,0.35,74.84
8188.2212,12.39,12.04,0.18,74.83
8188.2532,12.30,12.07,0.04,74.83
8188.2852,12.23,12.09,-0.08,74.82
8188.3175,12.13,12.11,-0.22,74.84
8188.3493,12.08,12.15,-0.30,74.82
8188.3817,12.04,12.19,-0.37,74.80
8188.4131,12.01,12.22,-0.42,74.79
8188.4452,11.94,12.27,-0.45,74.77
8188.4775,11.88,12.31,-0.46,74.75
8188.5099,11.83,12.35,-0.46,74.73
8188.5423,11.80,12.38,-0.47,74.73
8188.5742,11.75,12.44,-0.52,74.70
8188.6060,11.72,12.49,-0.57,74.67
8188.6388,11.68,12.53,-0.61,74.65
8188.6708,11.66,12.56,-0.64,74.62
8188.7032,11.62,12.62,-0.74,74.58
8188.7354,11.59,12.66,-0.82,74.55
8188.7675,11.56,12.70,-0.89,74.53
8188.7999,11.54,12.73,-0.94,74.49
8188.8317,11.53,12.76,-1.09,74.46
8188.8639,11.53,12.79,-1.22,74.42
8188.8959,11.52,12.81,-1.34,74.40
8188.9281,11.53,12.83,-1.43,74.39
8188.9599,11.56,12.85,-1.53,74.35
8188.9925,11.59,12.87,-1.61,74.31
8189.0241,11.61,12.89,-1.68,74.30
8189.0557,11.64,12.90,-1.72,74.28
8189.0872,11.66,12.91,-1.74,74.26
8189.1191,11.68,12.92,-1.77,74.25
8189.1511,11.70,12.93,-1.78,74.23
8189.1832,11.72,12.93,-1.79,74.23
8189.2148,11.74,12.93,-1.80,74.22
8189.2473,11.76,12.94,-1.81,74.22
8189.2796,11.79,12.93,-1.81,74.21
8189.3127,11.81,12.94,-1.71,74.20
8189.3439,11.84,12.95,-1.62,74.20
8189.3762,11.85,12.95,-1.55,74.20
8189.4085,11.88,12.95,-1.50,74.19
8189.4408,11.90,12.95,-1.42,74.20
8189.4724,11.91,12.95,-1.36,74.21
8189.5045,11.92,12.96,-1.30,74.20
8189.5367,11.94,12.96,-1.22,74.20
8189.5690,11.95,12.96,-1.16,74.20
8189.6012,11.96,12.96,-1.10,74.20
8189.6334,11.98,12.96,-1.05,74.19
8189.6655,12.00,12.98,-0.86,74.18
8189.6979,12.02,12.99,-0.69,74.17
8189.7303,12.04,12.99,-0.55,74.17
8189.7622,12.10,12.99,-0.43,74.13
8189.7943,12.13,13.02,-0.07,74.13
8189.8266,12.14,13.04,0.23,74.12
8189.8588,12.16,13.06,0.48,74.08
8189.8907,12.22,13.07,0.70,74.05
8189.9228,12.23,13.10,1.18,74.05
8189.9541,12.24,13.14,1.58,74.05
8189.9861,12.25,13.16,1.93,74.05
8190.0177,12.28,13.24,2.53,74.07
8190.0496,12.30,13.30,3.04,74.03
8190.0813,12.32,13.36,3.47,74.01
8190.1131,12.34,13.41,3.84,73.98
8190.1450,12.42,13.57,4.50,73.93
8190.1614,12.48,13.71,5.07,73.86
8190.1939,12.53,13.82,5.55,73.80
8190.2265,12.58,13.92,5.95,73.75
8190.2586,12.60,14.09,6.64,73.73
8190.2910,12.62,14.22,7.22,73.68
8190.3230,12.64,14.34,7.72,73.65
8190.3557,12.70,14.45,8.15,73.62
8190.3875,12.67,14.58,8.87,73.65
8190.4201,12.64,14.69,9.48,73.65
8190.4522,12.62,14.78,10.01,73.65
8190.4847,12.60,14.86,10.45,73.65
8190.5168,12.57,15.03,11.25,73.64
8190.5488,12.58,15.18,11.92,73.62
8190.5811,12.60,15.30,12.50,73.62
8190.6134,12.61,15.41,12.99,73.62
8190.6455,12.61,15.63,13.77,73.56
8190.6616,12.67,15.82,14.41,73.51
8190.6936,12.71,15.97,14.95,73.47
8190.7263,12.75,16.10,15.41,73.45
8190.7582,12.75,16.30,16.02,73.36
8190.7904,12.75,16.47,16.58,73.30
8190.8224,12.75,16.61,17.06,73.24
8190.8541,12.69,16.78,17.67,73.22
8190.8858,12.63,16.93,18.19,73.14
8190.9176,12.61,17.04,18.73,73.07
8190.9497,12.59,17.14,19.19,73.01
8190.9813,12.60,17.36,19.98,72.86
8191.0132,12.61,17.54,20.66,72.76
8191.0455,12.72,17.71,21.13,72.68
8191.0777,12.82,17.84,21.52,72.61
8191.1094,12.95,18.13,22.54,72.44
8191.1412,13.14,18.37,23.27,72.38
8191.1734,13.30,18.58,23.89,72.34
8191.2052,13.43,18.76,24.42,72.31
8191.2374,13.49,19.10,25.42,72.26
8191.2693,13.55,19.35,26.16,72.24
8191.3012,13.61,19.56,26.79,72.23
8191.3338,13.56,19.90,27.77,72.20
8191.3651,13.52,20.18,28.60,72.21
8191.3972,13.45,20.39,29.29,72.23
8191.4292,13.39,20.57,29.87,72.26
8191.4615,13.25,20.77,30.75,72.31
8191.4935,13.13,20.95,31.50,72.41
8191.5261,13.00,21.10,32.17,72.50
8191.5584,12.88,21.24,32.74,72.59
8191.5902,12.68,21.33,33.61,72.75
8191.6224,12.47,21.46,34.39,72.94
8191.6547,12.30,21.57,35.05,73.11
8191.6868,12.15,21.66,35.62,73.28
8191.7192,11.87,21.76,36.49,73.48
8191.7521,11.62,21.88,37.23,73.67
8191.7842,11.41,21.99,37.86,73.89
8191.8162,11.13,22.10,38.81,74.10
8191.8489,10.89,22.19,39.62,74.30
8191.8807,10.69,22.26,40.31,74.48
8191.9128,10.52,22.33,40.90,74.74
8191.9452,10.24,22.46,41.74,74.96
8191.9776,10.00,22.57,42.47,75.17
8192.0099,9.80,22.66,43.08,75.35
8192.0416,9.55,22.74,43.64,75.64
8192.0739,9.22,22.86,44.41,75.90
8192.1060,8.95,22.96,45.06,76.14
8192.1376,8.72,23.04,45.61,76.40
8192.1702,8.48,23.11,46.08,76.65
8192.2020,8.18,23.21,46.69,76.85
8192.2346,7.93,23.29,47.21,77.04
8192.2667,7.71,23.36,47.65,77.26
8192.2992,7.48,23.46,48.17,77.42
8192.3304,7.27,23.54,48.62,77.57
8192.3625,7.10,23.61,49.00,77.71
8192.3948,6.95,23.66,49.32,77.93
8192.4111,6.82,23.71,49.59,78.13
8192.4432,6.59,23.83,50.05,78.26
8192.4753,6.40,23.93,50.44,78.37
8192.5074,6.23,24.01,50.78,78.57
8192.5392,5.93,24.17,51.30,78.68
8192.5709,5.67,24.30,51.75,78.79
8192.6033,5.44,24.42,52.14,78.89
8192.6352,5.28,24.51,52.46,78.98
8192.6671,5.06,24.67,52.92,78.99
8192.6995,4.88,24.80,53.31,79.10
8192.7315,4.73,24.91,53.65,79.20
8192.7641,4.64,24.99,53.94,79.30
8192.7964,4.54,25.12,54.37,79.45
8192.8292,4.45,25.23,54.73,79.59
8192.8613,4.37,25.32,55.03,79.72
8192.8932,4.35,25.39,55.30,79.85
8192.9252,4.25,25.51,55.73,79.90
8192.9579,4.16,25.61,56.09,79.96
8192.9898,4.08,25.70,56.40,80.10
8193.0222,3.88,25.83,56.90,80.16
8193.0542,3.71,25.95,57.33,80.22
8193.0869,3.56,26.04,57.69,80.28
8193.1189,3.50,26.09,57.99,80.38
8193.1509,3.29,26.14,58.41,80.45
8193.1836,3.11,26.19,58.76,80.52
8193.2144,2.95,26.22,59.06,80.58
8193.2466,2.89,26.23,59.30,80.64
8193.2791,2.73,26.24,59.67,80.67
8193.3121,2.59,26.24,59.98,80.70
8193.3442,2.48,26.25,60.24,80.76
8193.3763,2.24,26.28,60.69,80.78
8193.4089,2.04,26.30,61.07,80.79
8193.4415,1.92,26.32,61.43,80.80
8193.4738,1.81,26.34,61.73,80.82
8193.5054,1.62,26.40,62.18,80.77
8193.5375,1.50,26.46,62.57,80.80
8193.5701,1.39,26.50,62.91,80.82
8193.6019,1.30,26.54,63.20,80.84
8193.6338,1.20,26.58,63.56,80.88
8193.6664,1.13,26.60,63.88,80.91
8193.6986,1.08,26.61,64.15,80.95
8193.7310,1.03,26.63,64.38,80.98
8193.7631,0.96,26.66,64.68,81.00
8193.7954,0.91,26.67,64.95,81.03
8193.8276,0.87,26.68,65.17,81.05
8193.8598,0.73,26.74,65.45,80.99
8193.8919,0.61,26.79,65.68,80.95
8193.9241,0.52,26.83,65.88,80.91
8193.9561,0.44,26.86,66.06,80.88
8193.9882,0.29,26.95,66.28,80.79
8194.0204,0.18,27.00,66.48,80.70
8194.0362,0.09,27.05,66.65,80.62
8194.0837,0.00,27.09,66.79,80.56
8194.1157,-0.18,27.15,66.98,80.43
8194.1477,-0.33,27.19,67.15,80.32
8194.1801,-0.46,27.22,67.29,80.22
8194.2124,-0.57,27.25,67.42,80.14
8194.2446,-0.84,27.27,67.60,79.99
8194.2771,-1.06,27.28,67.78,79.85
8194.3092,-1.25,27.29,67.94,79.74
8194.3418,-1.56,27.32,68.22,79.59
8194.3740,-1.82,27.34,68.46,79.48
8194.4061,-2.03,27.34,68.63,79.38
8194.4382,-2.21,27.35,68.78,79.30
8194.4699,-2.40,27.35,68.98,79.22
8194.5025,-2.54,27.34,69.11,79.13
8194.5340,-2.67,27.33,69.22,79.06
8194.5664,-2.77,27.32,69.31,78.99
8194.5989,-2.93,27.31,69.46,78.91
8194.6309,-3.06,27.29,69.56,78.85
8194.6628,-3.18,27.28,69.65,78.79
8194.6955,-3.34,27.27,69.79,78.72
8194.7275,-3.47,27.27,69.91,78.64
8194.7598,-3.59,27.27,69.97,78.58
8194.7923,-3.70,27.27,70.02,78.52
8194.8245,-3.78,27.27,70.06,78.47
8194.8569,-3.88,27.26,70.06,78.41
8194.8885,-4.01,27.27,70.09,78.33
8194.9203,-4.11,27.27,70.11,78.26
8194.9522,-4.20,27.28,70.13,78.20
8194.9836,-4.33,27.27,70.10,78.12
8195.0158,-4.46,27.28,70.06,78.04
8195.0484,-4.57,27.29,70.02,77.96
8195.0806,-4.66,27.30,69.99,77.90
8195.1129,-4.74,27.31,69.96,77.85
8195.1447,-4.82,27.31,69.97,77.79
8195.1766,-4.92,27.32,69.95,77.75
8195.1922,-5.00,27.33,69.93,77.71
8195.2251,-5.07,27.33,69.91,77.66
8195.2574,-5.13,27.34,69.90,77.62
8195.2892,-5.23,27.36,69.87,77.59
8195.3211,-5.36,27.37,69.87,77.52
8195.3527,-5.46,27.38,69.87,77.47
8195.3843,-5.55,27.39,69.87,77.42
8195.4169,-5.71,27.40,69.87,77.38
8195.4493,-5.84,27.40,69.86,77.33
8195.4814,-5.96,27.41,69.86,77.29
8195.5139,-6.07,27.40,69.83,77.26
8195.5459,-6.19,27.44,69.84,77.19
8195.5777,-6.29,27.47,69.84,77.13
8195.6094,-6.38,27.50,69.85,77.08
8195.6417,-6.45,27.50,69.85,77.03
8195.6740,-6.54,27.52,69.86,76.96
8195.7066,-6.62,27.55,69.87,76.90
8195.7386,-6.68,27.57,69.87,76.84
8195.7705,-6.72,27.56,69.89,76.79
8195.8026,-6.78,27.56,69.89,76.74
8195.8345,-6.84,27.56,69.90,76.69
8195.8669,-6.88,27.56,69.90,76.63
8195.8992,-6.91,27.56,69.91,76.55
8195.9315,-6.94,27.56,69.92,76.49
8195.9629,-6.96,27.56,69.93,76.43
8195.9958,-6.98,27.56,69.95,76.38
8196.0282,-6.97,27.57,69.93,76.34
8196.0600,-6.97,27.57,69.92,76.27
8196.0921,-6.97,27.57,69.91,76.20
8196.1246,-6.97,27.57,69.88,76.14
8196.1566,-6.82,27.55,69.65,76.03
8196.1889,-6.69,27.54,69.46,75.92
8196.2207,-6.58,27.53,69.30,75.83
8196.2529,-6.49,27.50,69.16,75.74
8196.2848,-6.10,27.41,68.56,75.64
8196.3172,-5.77,27.33,68.05,75.55
8196.3494,-5.49,27.27,67.62,75.45
8196.3810,-4.92,27.15,66.72,75.51
8196.4135,-4.45,27.05,65.95,75.55
8196.4457,-4.05,26.95,65.30,75.58
8196.4775,-3.73,26.89,64.81,75.45
8196.5094,-3.17,26.80,63.88,75.43
8196.5417,-2.70,26.72,63.08,75.41
8196.5739,-2.30,26.65,62.40,75.38
8196.6058,-1.99,26.60,61.90,75.15
8196.6379,-1.53,26.45,60.88,75.09
8196.6702,-1.14,26.32,60.01,75.03
8196.7020,-0.81,26.21,59.27,74.79
8196.7344,-0.38,25.96,58.11,74.74
8196.7666,-0.02,25.75,57.12,74.69
8196.7989,0.27,25.57,56.33,74.63
8196.8305,0.52,25.42,55.66,74.43
8196.8639,0.82,25.16,54.56,74.39
8196.8950,1.08,24.94,53.65,74.34
8196.9275,1.30,24.75,52.87,74.29
8196.9594,1.49,24.59,52.21,74.12
8196.9912,1.76,24.35,51.25,74.06
8197.0231,1.99,24.14,50.45,74.00
8197.0555,2.18,23.97,49.77,73.84
8197.0886,2.34,23.82,49.19,73.70
8197.1207,2.65,23.61,48.26,73.64
8197.1524,2.90,23.42,47.47,73.57
8197.1846,3.11,23.25,46.80,73.51
8197.2166,3.49,23.02,45.66,73.51
8197.2487,3.80,22.82,44.69,73.37
8197.2810,4.06,22.64,43.89,73.23
8197.3133,4.27,22.48,43.22,73.11
8197.3452,4.63,22.25,42.09,73.05
8197.3777,4.92,22.04,41.16,72.86
8197.4092,5.16,21.86,40.38,72.67
8197.4409,5.36,21.71,39.71,72.51
8197.4731,5.77,21.52,38.62,72.33
8197.5050,6.08,21.35,37.74,72.06
8197.5369,6.34,21.21,36.99,71.81
8197.5688,6.57,21.08,36.36,71.59
8197.6015,7.29,21.15,35.46,71.10
8197.6336,7.87,21.18,34.69,70.66
8197.6660,8.37,21.19,34.04,70.28
8197.6982,9.43,21.54,32.98,69.39
8197.7298,10.35,21.82,32.08,68.52
8197.7614,11.20,22.04,31.22,67.76
8197.7939,11.93,22.23,30.48,67.10
8197.8261,12.95,22.27,29.02,66.43
8197.8586,13.90,22.34,27.73,65.78
8197.8907,14.70,22.39,26.63,65.21
8197.9230,15.38,22.42,25.70,64.71
8197.9549,16.01,21.92,24.64,64.52
8197.9872,16.54,21.54,23.77,64.34
8198.0192,16.98,21.22,23.02,64.17
8198.0512,17.34,20.94,22.39,64.01
8198.0831,17.45,20.23,21.90,64.13
8198.1151,17.53,19.66,21.49,64.22
8198.1473,17.59,19.17,21.14,64.28
8198.1795,17.53,18.61,20.83,64.48
8198.2122,17.48,18.14,20.57,64.56
8198.2441,17.40,17.73,20.32,64.61
8198.2763,17.33,17.38,20.10,64.64
8198.3084,17.32,17.07,19.98,64.63
8198.3401,17.28,16.80,19.83,64.66
8198.3729,17.24,16.58,19.70,64.68
8198.4054,17.21,16.38,19.59,64.70
8198.4374,17.24,16.22,19.49,64.66
8198.4695,17.22,16.08,19.32,64.62
8198.5022,17.20,15.97,19.17,64.59
8198.5340,17.12,15.80,19.02,64.64
8198.5661,17.06,15.65,18.90,64.69
8198.5984,16.92,15.56,18.83,64.72
8198.6305,16.79,15.49,18.78,64.67
8198.6626,16.67,15.41,18.61,64.65
8198.6943,16.45,15.38,18.58,64.63
8198.7261,16.27,15.35,18.55,64.60
8198.7585,16.12,15.33,18.53,64.58
8198.7903,15.99,15.34,18.45,64.53
8198.8227,15.85,15.37,18.48,64.45
8198.8552,15.73,15.40,18.50,64.38
8198.8868,15.63,15.43,18.52,64.31
8198.9189,15.55,15.47,18.46,64.19
8198.9512,15.45,15.51,18.44,64.09
8198.9834,15.37,15.54,18.41,64.00
8199.0149,15.28,15.57,18.38,63.93
8199.0467,15.21,15.59,18.36,63.83
8199.0797,15.13,15.60,18.33,63.74
8199.1119,15.06,15.60,18.30,63.65
8199.1442,14.95,15.61,18.25,63.61
8199.1765,14.84,15.61,18.22,63.53
8199.2089,14.74,15.60,18.19,63.46
8199.2413,14.66,15.60,18.16,63.39
8199.2729,14.53,15.60,18.03,63.37
8199.3054,14.43,15.60,17.91,63.30
8199.3375,14.34,15.60,17.82,63.24
8199.3698,14.27,15.59,17.74,63.19
8199.4021,14.16,15.58,17.52,63.15
8199.4340,14.09,15.57,17.33,63.11
8199.4658,14.03,15.56,17.17,63.08
8199.4974,13.97,15.52,16.88,63.07
8199.5289,13.92,15.49,16.63,63.05
8199.5614,13.89,15.49,16.45,63.02
8199.5938,13.87,15.49,16.29,63.00
8199.6259,13.85,15.45,16.00,62.99
8199.6578,13.84,15.47,15.83,62.98
8199.6904,13.84,15.49,15.68,62.97
8199.7224,13.83,15.50,15.56,62.96
8199.7541,13.81,15.51,15.30,62.93
8199.7707,13.79,15.51,15.08,62.91
8199.8025,13.77,15.59,15.02,62.89
8199.8344,13.77,15.67,14.97,62.87
8199.8664,13.76,15.70,14.74,62.87
8199.8986,13.75,15.81,14.69,62.85
8199.9310,13.75,15.90,14.65,62.83
8199.9635,13.74,15.98,14.62,62.81
8199.9953,13.77,16.02,14.39,62.77
8200.0274,13.81,16.11,14.35,62.74
8200.0600,13.84,16.19,14.31,62.70
8200.0923,13.86,16.26,14.28,62.68
8200.1248,13.93,16.30,14.01,62.61
8200.1571,14.00,16.40,13.96,62.56
8200.1891,14.05,16.48,13.91,62.51
8200.2207,14.16,16.52,13.62,62.44
8200.2527,14.25,16.54,13.36,62.38
8200.2848,14.32,16.64,13.33,62.33
8200.3163,14.38,16.73,13.30,62.29
8200.3484,14.49,16.80,13.00,62.21
8200.3652,14.58,16.86,12.74,62.15
8200.3973,14.68,16.94,12.61,62.09
8200.4291,14.76,17.01,12.50,62.05
8200.4611,14.86,17.11,12.05,61.97
8200.4934,14.94,17.19,11.68,61.89
8200.5254,15.02,17.21,11.32,61.82
8200.5577,15.09,17.23,11.01,61.76
8200.5898,15.15,17.26,10.43,61.70
8200.6209,15.22,17.20,9.82,61.62
8200.6528,15.28,17.14,9.30,61.55
8200.6849,15.33,17.09,8.86,61.49
8200.7169,15.41,17.05,8.23,61.39
8200.7493,15.50,16.94,7.58,61.32
8200.7816,15.57,16.85,7.03,61.26
8200.8134,15.63,16.77,6.56,61.20
8200.8459,15.73,16.74,5.85,61.11
8200.8783,15.81,16.69,5.18,61.04
8200.9099,15.89,16.65,4.61,60.98
8200.9423,15.99,16.65,3.83,60.89
8200.9740,16.07,16.66,3.17,60.84
8201.0059,16.14,16.66,2.57,60.80
8201.0385,16.20,16.67,2.06,60.78
8201.0702,16.25,16.65,1.28,60.77
8201.1026,16.30,16.65,0.61,60.80
8201.1348,16.34,16.66,0.04,60.84
8201.1666,16.38,16.66,-0.44,60.87
8201.1984,16.41,16.61,-1.00,60.93
8201.2300,16.44,16.59,-1.46,60.98
8201.2624,16.47,16.56,-1.85,61.02
8201.2945,16.51,16.51,-2.14,61.06
8201.3263,16.54,16.47,-2.38,61.10
8201.3584,16.57,16.43,-2.59,61.14
8201.3907,16.60,16.40,-2.77,61.18
8201.4229,16.64,16.39,-2.87,61.20
8201.4551,16.68,16.36,-2.96,61.21
8201.4873,16.72,16.34,-3.04,61.23
8201.5195,16.75,16.32,-3.11,61.25
8201.5517,16.79,16.34,-3.20,61.25
8201.5829,16.83,16.34,-3.29,61.25
8201.6148,16.87,16.34,-3.36,61.25
8201.6468,16.90,16.34,-3.43,61.26
8201.6791,16.92,16.37,-3.56,61.28
8201.7112,16.93,16.39,-3.69,61.29
8201.7436,16.94,16.41,-3.80,61.31
8201.7758,16.95,16.46,-3.94,61.32
8201.8079,16.96,16.50,-4.06,61.33
8201.8402,16.97,16.54,-4.18,61.35
8201.8727,16.98,16.57,-4.29,61.36
8201.9045,16.98,16.61,-4.41,61.37
8201.9363,16.94,16.65,-4.49,61.39
8201.9688,16.90,16.68,-4.57,61.40
8202.0005,16.87,16.71,-4.63,61.41
8202.0328,16.84,16.74,-4.70,61.43
8202.0650,16.72,16.76,-4.68,61.44
8202.0977,16.61,16.78,-4.66,61.46
8202.1295,16.52,16.79,-4.65,61.47
8202.1461,16.48,16.85,-4.68,61.45
8202.1779,16.39,16.87,-4.70,61.45
8202.2104,16.32,16.89,-4.71,61.45
8202.2424,16.25,16.91,-4.73,61.45
8202.2743,16.21,16.95,-4.68,61.44
8202.3069,16.16,16.97,-4.67,61.44
8202.3388,16.11,16.98,-4.66,61.43
8202.3714,16.07,16.99,-4.65,61.43
8202.4036,16.03,17.04,-4.59,61.43
8202.4359,15.95,17.06,-4.60,61.43
8202.4683,15.89,17.07,-4.60,61.43
8202.5001,15.84,17.10,-4.55,61.42
8202.5329,15.81,17.13,-4.51,61.41
8202.5647,15.75,17.15,-4.52,61.40
8202.5965,15.69,17.16,-4.53,61.40
8202.6286,15.66,17.22,-4.48,61.38
8202.6607,15.61,17.25,-4.47,61.34
8202.6768,15.57,17.27,-4.46,61.30
8202.7094,15.53,17.29,-4.46,61.26
8202.7418,15.48,17.37,-4.44,61.25
8202.7739,15.44,17.43,-4.42,61.19
8202.8060,15.40,17.48,-4.40,61.14
8202.8387,15.39,17.51,-4.41,61.10
8202.8711,15.34,17.54,-4.36,61.08
8202.9030,15.31,17.57,-4.31,61.04
8202.9354,15.28,17.60,-4.27,61.00
8202.9675,15.30,17.60,-4.24,60.96
8202.9999,15.33,17.68,-4.11,60.81
8203.0324,15.36,17.75,-4.00,60.67
8203.0646,15.39,17.82,-3.91,60.55
8203.0971,15.55,17.99,-3.57,60.40
8203.1294,15.69,18.14,-3.28,60.11
8203.1459,15.81,18.27,-3.04,59.85
8203.1780,15.91,18.38,-2.83,59.63
8203.2104,16.07,18.50,-2.63,59.42
8203.2424,16.25,18.86,-1.64,59.04
8203.2747,16.40,19.18,-0.81,58.70
8203.3065,16.52,19.44,-0.09,58.41
8203.3386,16.69,19.69,0.54,58.16
8203.3708,16.83,19.90,1.08,57.78
8203.4021,16.93,20.41,2.58,57.44
8203.4339,16.99,20.83,3.87,57.17
8203.4665,17.11,21.22,5.00,56.94
8203.4989,17.20,21.55,5.96,56.76
8203.5307,17.28,21.82,6.78,56.66
8203.5631,17.42,22.08,7.48,56.61
8203.5955,17.44,22.48,9.52,56.72
8203.6279,17.45,22.82,11.25,56.90
8203.6601,17.46,23.11,12.72,57.12
8203.6916,17.52,23.35,13.90,57.37
8203.7235,17.30,23.84,16.80,57.92
8203.7552,17.10,24.24,19.26,58.47
8203.7868,16.91,24.57,21.35,59.02
8203.8188,16.85,25.03,24.66,59.42
8203.8506,16.77,25.42,27.47,60.24
8203.8828,16.69,25.73,29.86,61.04
8203.9145,16.71,25.98,31.80,61.81
8203.9467,16.72,26.19,33.45,62.54
8203.9785,16.72,26.36,34.86,63.60
8204.0103,16.73,26.80,37.03,64.34
8204.0422,16.71,27.18,38.89,65.06
8204.0742,16.69,27.49,40.46,66.20
8204.1062,16.80,27.78,41.82,67.27
8204.1383,16.85,28.27,43.83,68.05
8204.1706,16.88,28.68,45.55,68.78
8204.2026,16.89,29.03,47.01,69.82
8204.2344,17.02,29.90,49.34,70.28
8204.2668,17.10,30.63,51.33,70.74
8204.2987,17.15,31.24,53.03,71.19
8204.3309,17.18,31.76,54.48,71.96
8204.3629,17.82,32.57,56.17,72.36
8204.3953,18.35,33.27,57.62,72.76
8204.4271,18.79,33.87,58.85,73.16
8204.4595,19.26,34.39,59.83,73.83
8204.4922,19.96,35.22,61.08,74.11
8204.5326,20.54,35.94,62.15,74.39
8204.5595,21.03,36.55,63.07,74.93
8204.5843,21.46,37.08,63.86,75.43
8204.6211,21.77,37.82,64.94,75.60
8204.6525,22.02,38.45,65.87,75.79
8204.6840,22.23,38.98,66.66,76.23
8204.7202,22.40,39.64,67.58,76.42
8204.7471,22.54,40.21,68.37,76.62
8204.7863,22.66,40.68,69.04,76.83
8204.8188,22.78,41.09,69.62,77.17
8204.8507,22.83,41.57,70.29,77.34
8204.8824,22.87,41.97,70.86,77.51
8204.9144,22.90,42.31,71.35,77.77
8204.9468,22.96,42.58,71.81,78.01
8204.9791,22.93,42.90,72.57,78.12
8205.0109,22.90,43.17,73.22,78.23
8205.0373,22.87,43.39,73.77,78.32
8205.0701,22.87,43.58,74.12,78.41
8205.1021,22.87,43.73,74.41,78.50
8205.1336,22.87,43.86,74.66,78.58
8205.1658,22.73,43.92,74.89,78.67
8205.1983,22.61,44.02,75.04,78.75
8205.2305,22.50,44.10,75.18,78.83
8205.2628,22.41,44.16,75.29,78.90
8205.2952,22.30,44.22,75.39,78.91
8205.3274,21.81,44.03,75.58,79.00
8205.3599,21.40,43.86,75.75,79.08
8205.3924,21.05,43.72,75.89,79.14
8205.4244,20.72,43.57,75.98,79.19
8205.4569,20.37,43.39,76.04,79.25
8205.4886,20.08,43.24,76.09,79.30
8205.5206,19.83,43.11,76.13,79.36
8205.5528,19.60,43.00,76.20,79.41
8205.5848,19.33,42.95,76.26,79.39
8205.6176,19.10,42.90,76.31,79.38
8205.6497,18.90,42.85,76.35,79.29
8205.6818,18.54,42.76,76.34,79.20
8205.7138,18.23,42.68,76.33,79.13
8205.7463,17.97,42.61,76.33,79.06
8205.7783,17.72,42.56,76.37,78.92
8205.8098,17.37,42.45,76.37,78.80
8205.8421,17.07,42.35,76.37,78.69
8205.8743,16.82,42.27,76.37,78.59
8205.9060,16.59,42.20,76.39,78.47
8205.9386,16.33,42.12,76.40,78.34
8205.9713,16.12,42.05,76.40,78.24
8206.0035,15.93,41.99,76.40,78.09
8206.0357,15.73,41.90,76.30,77.96
8206.0679,15.55,41.83,76.21,77.85
8206.0999,15.40,41.76,76.13,77.75
8206.1326,15.27,41.71,76.07,77.60
8206.1647,14.97,41.57,75.88,77.49
8206.1970,14.71,41.44,75.73,77.38
8206.2289,14.50,41.34,75.59,77.29
8206.2615,14.27,41.22,75.42,76.86
8206.2942,13.86,40.74,74.63,76.73
8206.3264,13.50,40.33,73.96,76.59
8206.3584,13.20,39.99,73.39,76.45
8206.3901,12.88,39.64,72.84,76.32
8206.4225,12.47,38.82,71.45,76.04
8206.4551,12.10,38.13,70.27,75.77
8206.4872,11.78,37.54,69.27,75.49
8206.5195,11.50,36.64,67.30,75.58
8206.5518,11.23,35.87,65.64,75.05
8206.5844,10.99,35.22,64.23,74.55
8206.6164,10.68,34.65,63.06,74.06
8206.6487,10.64,33.91,60.92,73.92
8206.6810,10.58,33.28,59.10,73.20
8206.7138,10.51,32.74,57.57,72.51
8206.7455,10.38,32.30,56.35,71.85
8206.7776,10.36,31.69,54.29,70.99
8206.8099,10.32,31.16,52.54,70.19
8206.8425,10.27,30.71,51.05,69.45
8206.8747,10.15,30.34,49.91,68.77
8206.9061,10.03,30.03,48.94,67.68
8206.9382,9.89,29.47,46.50,66.99
8206.9699,9.74,28.99,44.44,66.36
8207.0019,9.55,28.58,42.77,65.79
8207.0342,9.38,28.22,41.35,64.95
8207.0662,9.26,27.64,38.96,64.46
8207.0982,9.11,27.12,36.99,64.02
8207.1302,8.97,26.68,35.31,63.62
8207.1629,8.84,26.30,33.89,63.09
8207.1953,8.86,25.68,31.38,62.83
8207.2275,8.82,25.12,29.31,62.60
8207.2598,8.77,24.64,27.55,62.26
8207.2916,8.72,24.23,26.06,61.97
8207.3237,8.79,23.72,23.85,61.78
8207.3559,8.83,23.28,21.98,61.61
8207.3873,8.85,22.90,20.40,61.34
8207.4196,8.81,22.42,18.31,61.20
8207.4514,8.76,22.01,16.54,61.08
8207.4843,8.71,21.66,15.03,60.98
8207.5165,8.60,21.30,13.80,60.67
8207.5483,8.33,20.86,12.05,60.61
8207.5807,8.09,20.49,10.57,60.56
8207.6128,7.88,20.17,9.31,60.52
8207.6379,7.60,19.88,8.32,60.31
8207.6699,7.25,19.45,7.14,60.29
8207.7020,6.95,19.09,6.15,60.27
8207.7340,6.70,18.79,5.30,60.27
8207.7638,6.42,18.50,4.58,60.28
8207.7876,6.26,18.14,3.89,60.25
8207.8280,6.12,17.83,3.29,60.22
8207.8594,6.00,17.57,2.79,60.22
8207.8909,5.88,17.30,2.36,60.22
8207.9234,5.82,17.07,1.82,60.17
8207.9554,5.77,16.87,1.36,60.13
8207.9874,5.72,16.70,0.97,60.07
8208.0197,5.65,16.56,0.49,60.03
8208.0520,5.59,16.44,0.08,59.99
8208.0841,5.53,16.33,-0.26,59.96
8208.1166,5.49,16.25,-0.52,59.91
8208.1494,5.45,16.16,-0.73,59.86
8208.1812,5.41,16.08,-0.90,59.82
8208.2206,5.38,16.02,-1.05,59.77
8208.2528,5.36,15.97,-1.16,59.72
8208.2847,5.32,15.90,-1.19,59.70
8208.3167,5.28,15.84,-1.22,59.67
8208.3490,5.26,15.79,-1.24,59.62
8208.3813,5.22,15.75,-1.24,59.58
8208.4141,5.20,15.71,-1.24,59.55
8208.4536,5.17,15.68,-1.24,59.47
8208.4857,5.15,15.64,-1.26,59.40
8208.5175,5.13,15.61,-1.28,59.33
8208.5497,5.11,15.58,-1.29,59.27
8208.5821,5.07,15.54,-1.22,59.21
8208.6143,5.03,15.49,-1.20,59.16
8208.6458,5.00,15.44,-1.18,59.11
8208.6861,4.99,15.44,-1.07,59.04
8208.7185,4.99,15.43,-1.03,58.98
8208.7482,4.99,15.43,-1.00,58.93
8208.7826,4.99,15.42,-0.97,58.88
8208.8150,5.16,15.53,-0.97,58.71
8208.8390,5.35,15.61,-1.09,58.56
8208.8714,5.52,15.69,-1.19,58.43
8208.9026,5.66,15.75,-1.28,58.32
8208.9343,5.78,15.80,-1.36,58.33
8208.9669,5.95,15.88,-1.50,58.34
8208.9980,6.40,15.94,-1.52,58.06
8209.0224,6.78,15.99,-1.54,57.83
8209.0539,7.11,16.03,-1.55,57.64
8209.0860,7.47,16.16,-1.70,57.52
8209.1181,8.09,15.98,-1.84,57.14
8209.1500,8.62,15.82,-1.96,56.83
8209.1826,9.06,15.69,-2.06,56.54
8209.2145,9.39,15.47,-2.32,56.37
8209.2466,9.68,15.28,-2.55,56.22
8209.2790,9.91,15.11,-2.74,56.10
8209.3109,10.11,14.97,-2.90,55.89
8209.3430,10.23,14.88,-3.11,55.71
8209.3756,10.33,14.80,-3.29,55.54
8209.4073,10.28,14.65,-3.41,55.55
8209.4396,10.13,14.55,-3.50,55.59
8209.4716,10.01,14.47,-3.59,55.63
8209.5039,9.91,14.40,-3.66,55.66
8209.5350,9.91,14.26,-3.63,55.77
8209.5668,9.80,14.18,-3.57,55.88
8209.5994,9.71,14.11,-3.51,55.98
8209.6313,9.64,14.05,-3.46,56.07
8209.6639,9.66,13.95,-3.43,56.31
8209.6957,9.60,13.95,-3.32,56.54
8209.7284,9.56,13.95,-3.23,56.74
8209.7609,9.64,13.91,-3.08,56.82
8209.7930,9.71,13.87,-2.95,57.32
8209.8251,9.72,13.88,-2.85,57.77
8209.8575,9.72,13.89,-2.76,58.19
8209.8893,9.82,13.86,-2.48,58.49
8209.9208,9.88,13.85,-2.24,59.15
8209.9523,9.93,13.84,-2.04,59.76
8209.9833,9.97,13.82,-1.87,60.31
8210.0156,10.03,13.84,-1.65,60.98
8210.0478,10.09,13.83,-1.47,61.60
8210.0792,10.14,13.83,-1.31,62.15
8210.1112,10.17,13.83,-1.18,62.66
8210.1434,10.22,13.86,-1.12,63.10
8210.1760,10.28,13.86,-1.08,63.51
8210.2085,10.33,13.85,-1.04,63.88
8210.2406,10.34,13.84,-1.02,64.25
8210.2728,10.34,13.84,-1.00,64.55
8210.3050,10.36,13.81,-0.96,64.82
8210.3368,10.37,13.78,-0.93,65.07
8210.3694,10.36,13.81,-0.78,65.31
8210.4013,10.38,13.80,-0.57,65.51
8210.4340,10.40,13.79,-0.40,65.68
8210.4663,10.41,13.78,-0.25,65.84
8210.4973,10.47,13.86,0.13,65.92
8210.5296,10.60,13.88,0.39,66.00
8210.5612,10.72,13.90,0.61,66.07
8210.5935,10.81,13.91,0.79,66.13
8210.6261,10.93,13.95,1.34,66.17
8210.6583,11.14,13.95,1.66,66.21
8210.6904,11.31,13.95,1.93,66.25
8210.7228,11.42,13.97,2.51,66.32
8210.7546,11.56,13.96,2.92,66.36
8210.7871,11.68,13.95,3.26,66.40
8210.8192,11.79,13.94,3.56,66.44
8210.8512,11.87,13.93,3.81,66.47
8210.8834,11.95,13.92,4.02,66.46
8210.9158,11.95,13.94,4.62,66.49
8210.9481,11.96,13.93,5.11,66.52
8210.9802,11.97,13.91,5.52,66.51
8211.0111,11.98,13.90,5.87,66.51
8211.0430,11.89,14.02,6.25,66.56
8211.0754,11.82,14.10,6.56,66.61
8211.1076,11.76,14.18,6.82,66.60
8211.1401,11.68,14.21,6.91,66.63
8211.1726,11.60,14.24,6.98,66.66
8211.2044,11.57,14.27,7.05,66.68
8211.2372,11.53,14.29,7.12,66.68
8211.2694,11.51,14.32,7.17,66.68
8211.3016,11.50,14.35,7.22,66.67
8211.3174,11.47,14.32,7.20,66.70
8211.3502,11.45,14.29,7.18,66.72
8211.3824,11.44,14.26,7.17,66.73
8211.4142,11.45,14.24,7.16,66.73
8211.4465,11.47,14.24,7.04,66.72
8211.4791,11.49,14.24,6.93,66.70
8211.5114,11.50,14.24,6.84,66.69
8211.5436,11.56,14.23,6.81,66.67
8211.5754,11.63,14.23,6.74,66.64
8211.6085,11.69,14.22,6.68,66.62
8211.6402,11.73,14.22,6.63,66.60
8211.6726,11.79,14.22,6.66,66.59
8211.7043,11.86,14.23,6.56,66.55
8211.7362,11.92,14.24,6.47,66.51
8211.7688,11.97,14.24,6.40,66.48
8211.8009,12.03,14.26,6.27,66.43
8211.8330,12.08,14.28,6.16,66.39
8211.8659,12.12,14.29,6.07,66.35
8211.8975,12.16,14.30,5.99,66.32
8211.9296,12.15,14.29,5.87,66.33
8211.9619,12.14,14.29,5.77,66.30
8211.9939,12.13,14.28,5.68,66.26
8212.0257,12.13,14.25,5.64,66.23
8212.0577,11.94,14.23,5.58,66.23
8212.0892,11.78,14.21,5.53,66.21
8212.1217,11.64,14.19,5.49,66.19
8212.1535,11.57,14.10,5.40,66.17
8212.1858,11.34,14.04,5.40,66.19
8212.2182,11.14,13.99,5.40,66.20
8212.2504,10.97,13.94,5.40,66.20
8212.2837,10.68,13.84,5.55,66.34
8212.3155,10.44,13.74,5.68,66.35
8212.3483,10.24,13.67,5.79,66.35
8212.3649,10.07,13.60,5.88,66.34
8212.3960,9.88,13.48,5.96,66.36
8212.4279,9.73,13.38,6.02,66.33
8212.4602,9.59,13.29,6.07,66.30
8212.4926,9.48,13.22,6.12,66.26
8212.5251,9.43,13.04,6.02,66.21
8212.5575,9.38,12.89,5.94,66.16
8212.5895,9.34,12.77,5.87,66.11
8212.6216,9.32,12.53,5.58,66.06
8212.6535,9.16,12.38,5.55,66.13
8212.6857,9.02,12.25,5.54,66.10
8212.7179,8.90,12.14,5.52,66.07
8212.7495,8.84,11.94,5.45,66.03
8212.7818,8.79,11.77,5.39,65.92
8212.8142,8.62,11.71,5.44,65.92
8212.8467,8.47,11.66,5.48,65.90
8212.8795,8.39,11.48,5.44,65.89
8212.9107,8.32,11.33,5.40,65.85
8212.9433,8.20,11.22,5.51,65.86
8212.9751,8.16,10.98,5.48,65.86
8213.0074,8.12,10.78,5.46,65.86
8213.0395,8.08,10.60,5.44,65.79
8213.0708,7.89,10.53,5.57,65.86
8213.1026,7.83,10.36,5.56,65.91
8213.1345,7.78,10.22,5.55,65.91
8213.1667,7.73,10.10,5.55,65.91
8213.1992,7.65,10.06,5.78,65.92
8213.2310,7.63,9.91,5.75,65.92
8213.2627,7.62,9.77,5.72,65.90
8213.2951,7.54,9.64,5.92,65.94
8213.3274,7.47,9.52,6.08,65.97
8213.3597,7.36,9.42,6.03,66.00
8213.3923,7.26,9.34,5.99,66.02
8213.4245,7.21,9.18,6.04,66.02
8213.4575,7.22,9.28,6.11,66.01
8213.4892,7.23,9.37,6.17,66.01
8213.5216,7.23,9.44,6.23,66.00
8213.5537,7.26,9.17,6.11,66.08
8213.5867,7.27,9.42,6.45,66.17
8213.6181,7.27,9.63,6.74,66.24
8213.6498,7.28,9.82,6.99,66.31
8213.6819,7.46,9.80,6.56,66.33
8213.7142,7.61,10.15,6.65,66.36
8213.7466,7.73,10.45,6.72,66.38
8213.7785,8.09,10.58,6.34,66.22
8213.8103,8.39,10.70,6.03,66.24
8213.8421,8.77,11.10,6.19,66.26
8213.8743,9.09,11.44,6.33,66.29
8213.9056,9.47,11.64,6.23,66.26
8213.9371,9.80,11.81,6.15,66.31
8213.9690,10.08,11.96,6.08,66.37
8214.0002,10.30,12.25,6.24,66.43
8214.0318,10.47,12.49,6.33,66.51
8214.0635,10.61,12.70,6.41,66.53
8214.0954,10.73,12.88,6.48,66.56
8214.1274,10.83,12.96,6.51,66.58
8214.1589,10.78,13.13,6.74,66.59
8214.1908,10.74,13.28,6.93,66.61
8214.2225,10.71,13.40,7.10,66.61
8214.2539,10.46,13.25,7.16,66.75
8214.2858,10.24,13.12,7.21,66.74
8214.3016,10.06,13.01,7.25,66.73
8214.3335,9.90,12.91,7.29,66.71
8214.3661,9.77,12.84,7.32,66.69
8214.3972,9.34,13.18,8.12,66.63
8214.4291,8.99,12.97,7.99,66.57
8214.4611,8.70,12.80,7.89,66.51
8214.4927,8.45,12.66,7.79,66.45
8214.5245,7.95,12.63,8.43,66.50
8214.5562,7.58,12.25,8.51,66.54
8214.5885,7.26,11.93,8.58,66.56
8214.6202,6.99,11.67,8.64,66.57
8214.6524,6.75,11.44,8.68,66.45
8214.6845,6.58,10.70,8.39,66.50
8214.7163,6.42,10.08,8.13,66.53
8214.7486,6.28,9.56,7.91,66.54
8214.7810,6.15,9.11,7.71,66.36
8214.8133,5.70,8.86,8.15,66.47
8214.8455,5.31,8.64,8.52,66.54
8214.8776,4.97,8.45,8.83,66.41
8214.9093,4.82,7.83,8.65,66.28
8214.9405,4.27,7.49,8.92,66.48
8214.9733,3.80,7.21,9.15,66.63
8215.0050,3.40,6.98,9.34,66.63
8215.0372,2.82,6.83,9.67,66.81
8215.0695,2.33,6.71,9.94,66.95
8215.1021,2.08,6.33,9.96,67.05
8215.1342,1.86,6.01,9.97,66.97
8215.1666,1.42,5.75,10.03,67.11
8215.1993,1.05,5.52,10.08,67.21
8215.2316,0.73,5.34,10.11,67.29
8215.2637,0.91,5.16,10.18,67.15
8215.2956,0.71,4.97,10.47,67.36
8215.3276,0.54,4.81,10.71,67.51
8215.3597,0.39,4.67,10.91,67.62
8215.3922,1.20,4.58,10.75,67.70
8215.4232,1.47,4.24,10.98,67.99
8215.4551,1.69,3.96,11.16,68.22
8215.4872,1.89,3.71,11.32,68.39
8215.5195,2.66,3.30,11.34,69.15
8215.5514,3.32,2.94,11.34,69.32
8215.5835,3.88,2.63,11.33,69.43
8215.6159,5.83,3.05,11.22,69.49
8215.6481,7.25,2.93,10.88,69.92
8215.6806,8.46,2.81,10.56,69.63
8215.7123,9.48,2.71,10.28,69.33
8215.7446,11.69,2.83,9.31,69.04
8215.7767,14.25,3.10,8.52,66.94
8215.8091,16.43,3.29,7.84,65.08
8215.8413,18.29,3.43,7.25,63.45
8215.8741,20.70,3.53,6.17,62.00
8215.9048,23.79,3.37,5.72,58.80
8215.9364,26.41,3.18,5.31,56.03
8215.9684,28.64,2.97,4.95,53.65
8216.0008,31.47,2.21,4.38,51.41
8216.0335,33.86,1.46,3.87,48.70
8216.0661,35.88,0.74,3.41,46.37
8216.0977,38.57,-0.09,2.81,44.37
8216.1299,39.94,-1.23,1.85,43.57
8216.1620,41.09,-2.25,1.02,42.70
8216.1937,42.05,-3.15,0.29,41.93
8216.2252,43.68,-4.89,-0.77,41.24
8216.2568,44.24,-6.32,-1.63,41.30
8216.2885,44.71,-7.55,-2.39,41.32
8216.3212,45.10,-8.60,-3.04,41.30
8216.3536,45.95,-10.20,-3.85,41.25
8216.3859,46.09,-11.38,-4.53,41.66
8216.4183,46.22,-12.38,-5.12,41.99
8216.4507,46.31,-13.23,-5.62,42.24
8216.4836,46.19,-13.51,-6.21,42.45
8216.5156,46.38,-14.37,-6.85,42.54
8216.5476,46.54,-15.10,-7.40,42.59
8216.5797,46.68,-15.72,-7.87,42.62
8216.6110,47.16,-16.15,-8.24,42.25
8216.6431,47.54,-16.33,-8.42,41.88
8216.6753,47.87,-16.48,-8.57,41.56
8216.7072,48.15,-16.62,-8.70,41.28
8216.7391,48.95,-16.92,-8.68,40.52
8216.7548,49.33,-16.28,-8.19,39.87
8216.7876,49.66,-15.73,-7.77,39.32
8216.8196,49.93,-15.25,-7.42,38.83
8216.8514,50.78,-15.00,-7.12,37.92
8216.8836,51.08,-13.68,-6.23,37.07
8216.9164,51.32,-12.54,-5.47,36.35
8216.9485,51.53,-11.54,-4.84,35.73
8216.9802,52.37,-11.12,-4.23,34.80
8217.0128,52.68,-9.79,-3.17,34.03
8217.0446,52.93,-8.61,-2.27,33.38
8217.0765,53.88,-7.82,-1.54,32.39
8217.1088,54.68,-7.10,-0.93,31.49
8217.1414,54.74,-4.75,0.37,30.74
8217.1740,54.78,-2.73,1.47,30.12
8217.2060,55.73,-1.22,2.45,29.19
8217.2383,55.44,1.60,3.85,28.46
8217.2705,55.19,3.97,5.01,27.88
8217.3026,54.97,5.97,5.98,27.43
8217.3345,55.18,7.70,7.84,27.54
8217.3674,54.48,10.11,10.00,27.66
8217.3995,53.89,12.10,11.83,27.79
8217.4316,53.37,13.76,13.37,27.93
8217.4638,52.13,14.11,14.09,29.21
8217.4961,50.09,14.73,15.11,30.79
8217.5278,48.35,15.20,15.98,32.50
8217.5605,46.47,14.68,16.92,34.91
8217.5926,44.89,14.26,17.73,37.55
8217.6244,42.28,13.79,18.93,40.07
8217.6573,40.07,13.39,19.95,42.43
8217.6897,37.74,13.63,20.70,44.48
8217.7222,34.82,13.38,21.58,46.57
8217.7540,32.33,13.15,22.31,48.50
8217.7860,30.21,12.94,22.93,50.26
8217.8017,28.28,13.67,23.34,51.31
8217.8339,26.02,13.78,23.75,52.66
8217.8665,24.09,13.86,24.08,53.95
8217.8986,22.44,13.92,24.34,55.14
8217.9312,21.27,14.41,24.50,55.80
8217.9634,20.03,14.27,24.75,56.81
8217.9956,18.97,14.14,24.95,57.77
8218.0278,18.08,14.03,25.12,58.70
8218.0599,17.37,13.62,24.43,59.75
8218.0922,16.40,13.14,24.09,60.75
8218.1239,15.57,12.72,23.80,61.68
8218.1563,15.05,12.50,22.57,62.34
8218.1888,14.61,12.30,21.52,62.85
8218.2207,14.24,12.13,20.63,63.35
8218.2530,13.92,11.99,19.88,63.84
8218.2852,13.36,11.58,18.80,64.34
8218.3171,12.89,11.22,17.88,64.74
8218.3484,12.48,10.92,17.10,65.12
8218.3804,11.83,10.67,16.71,65.47
8218.4112,11.22,10.46,16.37,65.84
8218.4432,10.71,10.28,16.08,66.25
8218.4754,10.27,10.13,15.83,66.61
8218.5073,9.86,10.05,15.73,66.94
8218.5397,9.52,9.99,15.65,67.38
8218.5714,9.22,9.93,15.58,67.78
8218.6035,9.02,10.03,15.47,68.02
8218.6357,8.85,10.12,15.38,68.23
8218.6681,8.70,10.19,15.30,68.68
8218.7008,8.96,10.32,15.35,68.78
8218.7329,9.17,10.44,15.39,68.89
8218.7660,9.35,10.53,15.43,69.01
8218.7977,9.39,10.80,15.47,69.39
8218.8296,9.82,11.21,16.15,69.33
8218.8618,10.18,11.57,16.73,69.30
8218.8940,10.49,11.87,17.22,69.61
8218.9259,10.63,12.23,17.58,69.91
8218.9585,10.95,12.67,17.61,69.97
8218.9905,11.23,13.05,17.63,70.05
8219.0227,11.46,13.37,17.65,70.34
8219.0546,11.71,13.47,17.63,70.62
8219.0867,11.93,13.55,17.61,70.90
8219.1191,12.11,13.62,17.60,71.16
8219.1511,12.27,13.68,17.58,71.40
8219.1835,12.44,13.61,17.49,71.63
8219.2157,12.57,13.56,17.41,71.99
8219.2480,12.69,13.51,17.34,72.32
8219.2807,12.74,13.49,17.27,72.63
8219.3130,12.93,13.48,17.01,72.78
8219.3445,13.09,13.48,16.79,73.12
8219.3764,13.23,13.48,16.60,73.43
8219.4090,13.27,13.47,16.44,73.72
8219.4406,13.48,13.51,16.15,73.92
8219.4729,13.65,13.54,15.91,74.12
8219.5053,13.80,13.56,15.70,74.31
8219.5370,13.96,13.57,15.44,74.39
8219.5691,14.10,13.57,15.23,74.54
8219.6014,14.21,13.57,15.04,74.68
8219.6333,14.31,13.57,14.88,74.82
8219.6654,14.37,13.61,14.63,74.87
8219.6972,14.43,13.64,14.41,74.94
8219.7293,14.48,13.67,14.22,75.00
8219.7618,14.52,13.69,14.07,75.07
8219.7934,14.55,13.71,13.93,75.14
8219.8259,14.45,13.73,13.86,75.15
8219.8583,14.39,13.76,13.63,75.15
8219.8910,14.34,13.78,13.43,75.14
8219.9225,14.30,13.81,13.26,75.13
8219.9544,14.10,13.73,13.15,75.18
8219.9864,13.94,13.66,13.05,75.22
8220.0188,13.80,13.60,12.97,75.26
8220.0510,13.68,13.55,12.90,75.31
8220.0833,13.45,13.72,13.48,75.32
8220.1152,13.26,13.87,13.98,75.32
8220.1475,13.09,13.99,14.41,75.33
8220.1792,12.90,14.08,14.76,75.39
8220.2109,12.74,14.31,15.05,75.40
8220.2430,12.60,14.49,15.28,75.41
8220.2754,12.48,14.65,15.49,75.42
8220.3078,12.33,14.80,15.67,75.43
8220.3399,12.18,14.83,15.82,75.53
8220.3725,12.05,14.86,15.95,75.61
8220.4037,11.94,14.88,16.06,75.69
8220.4356,11.84,14.91,16.12,75.74
8220.4671,11.75,14.92,16.16,75.80
8220.4994,11.67,14.94,16.20,75.85
8220.5327,11.60,14.95,16.23,75.89
8220.5640,11.59,14.96,16.14,75.90
8220.5962,11.58,14.97,16.07,75.92
8220.6287,11.57,14.98,16.01,75.93
8220.6612,11.56,14.98,15.96,75.95
8220.6931,11.59,14.94,15.83,75.95
8220.7256,11.62,14.90,15.71,75.96
8220.7580,11.64,14.86,15.62,75.97
8220.7900,11.66,14.83,15.53,75.99
8220.8219,11.72,14.76,15.38,75.98
8220.8542,11.79,14.69,15.25,75.98
8220.8867,11.84,14.62,15.13,75.99
8220.9188,11.93,14.52,14.94,75.99
8220.9509,12.01,14.44,14.77,75.99
8220.9830,12.09,14.36,14.64,75.99
8221.0152,12.15,14.28,14.52,75.99
8221.0475,12.22,14.22,14.41,75.99
8221.0802,12.28,14.17,14.33,76.00
8221.1121,12.34,14.12,14.26,76.00
8221.1443,12.39,14.08,14.20,75.98
8221.1764,12.39,14.04,14.14,76.01
8221.2088,12.41,14.01,14.10,76.02
8221.2409,12.43,13.98,14.06,76.03
8221.2730,12.45,13.96,14.03,76.03
8221.3053,12.44,13.92,14.04,76.06
8221.3372,12.43,13.89,14.05,76.09
8221.3692,12.43,13.86,14.06,76.13
8221.4013,12.44,13.86,14.08,76.16
8221.4335,12.45,13.85,14.10,76.18
8221.4658,12.46,13.84,14.10,76.20
8221.4986,12.47,13.84,14.10,76.23
8221.5304,12.49,13.83,14.09,76.25
8221.5623,12.51,13.81,14.06,76.26
8221.5943,12.54,13.80,14.05,76.28
8221.6269,12.56,13.79,14.03,76.29
8221.6588,12.57,13.77,14.01,76.31
8221.6912,12.58,13.74,14.00,76.33
8221.7233,12.59,13.73,13.99,76.34
8221.7561,12.59,13.72,13.98,76.36
8221.7886,12.60,13.71,13.97,76.37
8221.8206,12.60,13.70,13.97,76.39
8221.8526,12.60,13.69,13.97,76.41
8221.8852,12.63,13.69,13.97,76.42
8221.9171,12.65,13.69,13.97,76.43
8221.9502,12.66,13.69,13.97,76.44
8221.9815,12.68,13.69,13.97,76.44
8222.0137,12.68,13.68,13.95,76.46
8222.0461,12.69,13.68,13.94,76.47
8222.0782,12.69,13.69,13.93,76.48
8222.1109,12.69,13.69,13.92,76.48
8222.1430,12.70,13.67,13.88,76.49
8222.1753,12.70,13.66,13.85,76.50
8222.2077,12.70,13.65,13.82,76.51
8222.2403,12.69,13.63,13.78,76.51
8222.2724,12.69,13.62,13.74,76.51
8222.3039,12.69,13.61,13.70,76.51
8222.3366,12.68,13.60,13.67,76.50
8222.3684,12.67,13.59,13.65,76.50
8222.4009,12.67,13.58,13.62,76.51
8222.4326,12.67,13.57,13.60,76.51
8222.4649,12.68,13.57,13.59,76.51
8222.4969,12.68,13.57,13.58,76.48
8222.5283,12.71,13.58,13.56,76.46
8222.5599,12.73,13.58,13.55,76.44
8222.5918,12.76,13.58,13.53,76.42
8222.6239,12.73,13.54,13.54,76.29
8222.6561,12.76,13.51,13.56,76.17
8222.6886,12.78,13.49,13.57,76.07
8222.7210,12.62,13.35,13.49,76.18
8222.7535,12.47,13.23,13.42,75.96
8222.7853,12.43,13.11,13.35,75.75
8222.8175,12.39,13.01,13.28,75.56
8222.8498,12.07,12.78,13.17,75.68
8222.8823,11.88,12.55,13.02,75.54
8222.9141,11.72,12.35,12.89,75.41
8222.9465,11.58,12.18,12.78,75.27
8222.9784,11.20,11.95,12.65,75.17
8223.0104,10.93,11.71,12.51,75.06
8223.0429,10.70,11.51,12.39,74.94
8223.0745,10.29,11.28,12.18,75.04
8223.1071,9.93,11.08,12.01,74.90
8223.1393,9.65,10.91,11.87,74.75
8223.1718,9.41,10.76,11.75,74.60
8223.2038,8.97,10.62,11.56,74.66
8223.2358,8.60,10.52,11.41,74.44
8223.2677,8.29,10.43,11.29,74.23
8223.3001,8.03,10.35,11.19,74.02
8223.3322,7.37,10.30,11.62,74.21
8223.3645,6.81,10.31,12.08,74.06
8223.3965,6.34,10.31,12.48,73.89
8223.4289,5.94,10.31,12.82,73.72
8223.4616,5.49,10.53,14.04,73.51
8223.4935,5.08,10.77,15.15,73.33
8223.5254,4.73,10.98,16.09,73.17
8223.5576,4.43,11.14,16.89,73.02
8223.5899,4.17,11.28,17.57,73.64
8223.6216,4.88,11.87,18.31,73.14
8223.6536,5.48,12.37,18.95,72.77
8223.6857,5.99,12.81,19.49,72.50
8223.7176,6.42,13.19,19.95,73.65
8223.7492,9.09,13.77,19.81,72.70
8223.7810,11.52,14.26,19.42,71.99
8223.8128,13.59,14.67,19.09,71.47
8223.8448,15.36,15.01,18.81,71.92
8223.8774,19.77,15.21,17.15,70.04
8223.9098,23.86,15.38,15.42,68.55
8223.9415,27.32,15.43,13.93,67.64
8223.9732,30.24,15.41,12.64,66.93
8224.0057,33.38,15.02,11.26,65.94
8224.0376,36.41,14.84,9.83,65.15
8224.0697,38.96,14.61,8.59,64.30
8224.1016,40.96,13.93,7.68,63.86
8224.1338,42.63,13.29,6.90,63.53
8224.1657,44.09,12.75,6.18,63.27
8224.1983,45.32,12.26,5.56,62.52
8224.2304,45.87,11.41,5.40,62.43
8224.2614,46.38,10.73,5.30,62.36
8224.2935,46.81,10.14,5.20,62.30
8224.3259,47.17,9.63,5.12,61.97
8224.3580,46.91,9.00,5.39,62.24
8224.3902,46.76,8.52,5.64,62.46
8224.4222,46.64,8.11,5.84,62.55
8224.4544,45.79,7.50,6.36,63.33
8224.4865,45.07,6.99,6.80,63.98
8224.5189,44.47,6.56,7.17,64.53
8224.5508,43.95,6.19,7.49,64.84
8224.5827,43.02,6.00,7.97,65.53
8224.6144,42.23,5.83,8.39,66.11
8224.6460,41.55,5.68,8.74,66.59
8224.6780,40.97,5.58,9.04,66.85
8224.7097,40.22,5.59,9.14,67.24
8224.7421,39.57,5.59,9.23,67.56
8224.7741,39.03,5.59,9.30,67.54
8224.8065,38.52,5.55,9.30,67.51
8224.8389,38.09,5.51,9.30,67.45
8224.8716,37.73,5.48,9.30,67.38
8224.9037,37.18,5.29,9.31,67.17
8224.9356,36.71,5.12,9.33,66.95
8224.9682,36.32,4.98,9.34,66.74
8225.0001,35.63,4.78,9.53,66.86
8225.0326,35.05,4.60,9.69,66.73
8225.0648,34.55,4.45,9.83,66.60
8225.0969,34.15,4.29,9.84,66.45
8225.1296,33.78,4.12,9.97,66.33
8225.1620,33.46,3.97,10.08,66.29
8225.1935,33.19,3.85,10.18,66.23
8225.2254,32.86,3.72,10.25,66.17
8225.2579,32.54,3.73,10.38,66.08
8225.2900,32.27,3.74,10.48,66.00
8225.3220,32.03,3.75,10.57,65.93
8225.3537,31.59,3.93,10.86,65.91
8225.3857,31.21,4.07,11.10,65.88
8225.4178,30.89,4.20,11.31,65.85
8225.4492,30.61,4.30,11.48,65.81
8225.4813,30.25,4.38,11.66,65.77
8225.5137,29.94,4.45,11.81,65.74
8225.5462,29.68,4.51,11.94,65.70
8225.5785,29.46,4.55,12.04,65.62
8225.6107,29.22,4.53,11.73,65.61
8225.6430,29.04,4.60,11.81,65.59
8225.6757,28.89,4.65,11.88,65.46
8225.7076,28.76,4.70,11.94,65.35
8225.7238,28.67,4.55,11.39,65.31
8225.7560,28.63,4.66,11.38,65.27
8225.7882,28.60,4.76,11.37,65.23
8225.8204,28.57,4.84,11.36,65.08
8225.8522,28.57,4.66,10.77,65.05
8225.8843,28.63,4.96,10.90,65.01
8225.9167,28.68,5.22,11.01,64.85
8225.9486,28.72,5.44,11.10,64.70
8225.9806,28.78,5.46,10.73,64.62
8226.0129,28.85,5.70,10.78,64.55
8226.0450,28.91,5.92,10.82,64.43
8226.0767,28.99,5.98,10.51,64.35
8226.1088,29.05,6.03,10.25,64.28
8226.1403,29.12,6.28,10.33,64.21
8226.1725,29.19,6.49,10.40,64.08
8226.2042,29.25,6.58,10.17,63.99
8226.2362,29.29,6.77,10.14,63.90
8226.2685,29.32,6.93,10.12,63.82
8226.3008,29.34,7.07,10.10,63.72
8226.3331,29.39,7.15,9.78,63.61
8226.3650,29.41,7.21,9.51,63.50
8226.3973,29.42,7.25,9.27,63.40
8226.4294,29.43,7.29,9.08,63.31
8226.4614,29.47,7.31,8.66,63.22
8226.4929,29.48,7.28,8.23,63.13
8226.5250,29.49,7.25,7.86,63.12
8226.5572,29.51,7.16,7.52,63.12
8226.5883,29.53,7.08,7.23,63.13
8226.6206,29.51,6.98,6.90,63.14
8226.6525,29.49,6.90,6.61,63.17
8226.6841,29.49,6.76,6.27,63.20
8226.7160,29.46,6.64,5.89,63.23
8226.7483,29.44,6.53,5.57,63.25
8226.7805,29.42,6.44,5.30,63.29
8226.8121,29.39,6.32,4.99,63.34
8226.8440,29.32,6.21,4.66,63.39
8226.8759,29.26,6.12,4.39,63.43
8226.9081,29.21,6.04,4.15,63.47
8226.9396,29.16,5.92,3.79,63.52
8226.9718,29.06,5.80,3.41,63.56
8227.0037,28.97,5.70,3.10,63.59
8227.0354,28.92,5.60,2.79,63.60
8227.0678,28.87,5.51,2.53,63.61
8227.0996,28.79,5.42,2.28,63.61
8227.1314,28.72,5.36,2.06,63.63
8227.1637,28.68,5.33,1.91,63.62
8227.1959,28.62,5.30,1.76,63.60
8227.2284,28.58,5.28,1.64,63.59
8227.2607,28.53,5.26,1.54,63.59
8227.2928,28.49,5.25,1.48,63.60
8227.3246,28.44,5.21,1.41,63.61
8227.3570,28.39,5.19,1.35,63.59
8227.3891,28.35,5.17,1.29,63.58
8227.4213,28.30,5.14,1.20,63.58
8227.4530,28.27,5.10,1.09,63.59
8227.4852,28.25,5.06,1.01,63.56
8227.5179,28.22,5.03,0.86,63.55
8227.5504,28.19,5.00,0.74,63.53
8227.5819,28.17,4.97,0.62,63.52
8227.6138,28.15,4.94,0.53,63.49
8227.6301,28.14,4.91,0.44,63.46
8227.6620,28.13,4.90,0.29,63.42
8227.6944,28.14,4.88,0.16,63.39
8227.7265,28.15,4.87,0.04,63.33
8227.7586,28.17,4.84,-0.11,63.29
8227.7905,28.18,4.82,-0.24,63.25
8227.8230,28.20,4.80,-0.36,63.21
8227.8554,28.21,4.78,-0.46,63.18
8227.8874,28.24,4.77,-0.56,63.14
8227.9196,28.25,4.76,-0.65,63.11
8227.9519,28.25,4.75,-0.72,63.08
8227.9839,28.26,4.74,-0.79,63.05
8228.0160,28.25,4.76,-0.81,63.02
8228.0480,28.19,4.79,-0.79,63.00
8228.0799,28.14,4.81,-0.77,62.95
8228.1112,28.10,4.82,-0.75,62.91
8228.1429,28.05,4.90,-0.73,62.87
8228.1747,27.99,4.93,-0.67,62.84
8228.2072,27.94,4.96,-0.63,62.81
8228.2393,27.90,4.96,-0.62,62.80
8228.2714,27.87,4.95,-0.61,62.77
8228.3032,27.86,4.92,-0.69,62.75
8228.3354,27.85,4.89,-0.76,62.73
8228.3677,27.84,4.86,-0.82,62.72
8228.4004,27.84,4.82,-0.92,62.71
8228.4324,27.83,4.76,-0.90,62.72
8228.4644,27.82,4.70,-0.89,62.73
8228.4970,27.81,4.66,-0.87,62.74
8228.5295,27.82,4.60,-0.87,62.76
8228.5618,27.82,4.58,-0.79,62.77
8228.5943,27.82,4.57,-0.71,62.79
8228.6263,27.81,4.56,-0.65,62.81
8228.6588,27.83,4.55,-0.54,62.83
8228.6911,27.84,4.54,-0.46,62.85
8228.7234,27.85,4.54,-0.38,62.87
8228.7395,27.86,4.53,-0.32,62.92
8228.7707,27.91,4.55,-0.25,62.96
8228.8027,27.95,4.57,-0.03,63.00
8228.8343,27.98,4.59,0.16,63.04
8228.8666,28.00,4.61,0.33,63.14
8228.8993,28.08,4.71,0.72,63.20
8228.9315,28.15,4.81,1.06,63.26
8228.9638,28.20,4.88,1.35,63.31
8228.9961,28.25,4.95,1.59,63.36
8229.0279,28.33,5.17,2.18,63.33
8229.0595,28.41,5.36,2.67,63.41
8229.0922,28.49,5.51,3.08,63.49
8229.1245,28.55,5.65,3.44,63.56
8229.1567,28.65,5.92,4.19,63.68
8229.1890,28.75,6.15,4.83,63.80
8229.2211,28.83,6.35,5.37,63.92
8229.2529,28.90,6.51,5.83,64.03
8229.2854,29.03,6.91,6.77,64.23
8229.3176,29.17,7.24,7.57,64.43
8229.3496,29.29,7.53,8.24,64.63
8229.3814,29.44,7.98,9.29,64.70
8229.4135,29.56,8.37,10.18,64.92
8229.4456,29.67,8.70,10.93,65.14
8229.4779,29.76,8.99,11.57,65.35
8229.5092,29.84,9.41,12.50,65.47
8229.5414,29.92,9.77,13.28,65.67
8229.5737,29.99,10.07,13.94,65.87
8229.6059,30.05,10.33,14.51,66.06
8229.6376,30.04,10.66,15.33,66.35
8229.6696,30.05,10.95,16.05,66.63
8229.7015,30.06,11.20,16.67,66.89
8229.7335,29.99,11.53,17.51,67.12
8229.7659,29.93,11.82,18.24,67.48
8229.7979,29.88,12.05,18.83,67.82
8229.8301,29.84,12.24,19.34,68.13
8229.8622,29.81,12.41,19.77,68.42
8229.8941,29.77,12.53,20.11,68.84
8229.9264,29.70,12.79,20.72,69.15
8229.9577,29.63,13.00,21.24,69.44
8229.9741,29.58,13.19,21.68,69.71
8230.0061,29.53,13.34,22.06,70.12
8230.0382,29.48,13.61,22.64,70.40
8230.0707,29.43,13.83,23.14,70.67
8230.1023,29.38,14.02,23.56,70.91
8230.1339,29.33,14.17,23.85,71.30
8230.1663,29.31,14.54,24.61,71.47
8230.1986,29.28,14.86,25.25,71.63
8230.2308,29.26,15.12,25.80,71.80
8230.2629,29.24,15.35,26.21,71.95
8230.2950,29.18,15.66,26.87,72.05
8230.3274,29.12,15.91,27.43,72.14
8230.3596,29.08,16.13,27.90,72.36
8230.3913,29.01,16.33,28.32,72.56
8230.4240,28.88,16.55,28.81,72.74
8230.4559,28.77,16.73,29.23,72.91
8230.4883,28.67,16.88,29.58,73.09
8230.5204,28.50,17.06,30.03,73.26
8230.5362,28.34,17.20,30.42,73.42
8230.5679,28.22,17.36,30.78,73.56
8230.6000,28.10,17.50,31.10,73.71
8230.6323,28.01,17.61,31.37,73.85
8230.6646,27.89,17.73,31.68,73.97
8230.6972,27.78,17.86,31.95,74.07
8230.7292,27.68,17.96,32.19,74.17
8230.7616,27.59,18.07,32.39,74.24
8230.7936,27.52,18.15,32.55,74.30
8230.8259,27.44,18.21,32.68,74.36
8230.8575,27.37,18.26,32.78,74.36
8230.8892,27.30,18.30,32.84,74.36
8230.9220,27.23,18.31,32.88,74.36
8230.9533,27.17,18.32,32.91,74.37
8230.9864,27.11,18.33,32.94,74.34
8231.0182,27.07,18.34,32.96,74.32
8231.0502,27.03,18.36,32.99,74.30
8231.0827,26.98,18.38,33.03,74.28
8231.1143,26.95,18.40,33.07,74.26
8231.1466,26.92,18.42,33.11,74.25
8231.1790,26.90,18.46,33.19,74.23
8231.2117,26.88,18.50,33.25,74.21
8231.2440,26.86,18.53,33.31,74.19
8231.2764,26.88,18.55,33.36,74.23
8231.3081,26.92,18.58,33.46,74.25
8231.3399,26.94,18.61,33.55,74.28
8231.3714,26.96,18.63,33.62,74.30
8231.4033,27.00,18.64,33.69,74.40
8231.4352,27.03,18.69,33.83,74.46
8231.4672,27.05,18.72,33.95,74.52
8231.4997,27.07,18.75,34.06,74.58
8231.5323,27.10,18.76,34.13,74.63
8231.5636,27.13,18.79,34.25,74.71
8231.5968,27.15,18.82,34.36,74.78
8231.6283,27.17,18.85,34.44,74.85
8231.6606,27.17,18.93,34.61,74.87
8231.6928,27.17,18.99,34.75,74.95
8231.7249,27.17,19.03,34.87,75.04
8231.7572,27.18,19.07,34.97,75.11
8231.7893,27.16,19.13,35.10,75.17
8231.8215,27.14,19.17,35.24,75.23
8231.8538,27.11,19.20,35.36,75.30
8231.8858,27.10,19.23,35.46,75.35
8231.9188,27.04,19.25,35.52,75.41
8231.9495,27.00,19.27,35.64,75.47
8231.9820,26.97,19.28,35.74,75.52
8232.0139,26.94,19.30,35.83,75.56
8232.0462,26.92,19.34,35.92,75.60
8232.0781,26.94,19.35,35.99,75.64
8232.1108,26.95,19.37,36.05,75.68
8232.1431,26.96,19.43,36.20,75.67
8232.1755,26.99,19.44,36.28,75.72
8232.2076,27.00,19.45,36.34,75.76
8232.2236,27.02,19.46,36.39,75.81
8232.2556,26.99,19.52,36.59,75.81
8232.2884,26.96,19.58,36.76,75.87
8232.3204,26.94,19.59,36.87,75.94
8232.3523,26.92,19.61,36.97,76.00
8232.3850,26.87,19.67,37.19,76.01
8232.4179,26.84,19.73,37.38,76.10
8232.4496,26.82,19.77,37.54,76.18
8232.4819,26.80,19.81,37.67,76.25
8232.5135,26.77,19.87,37.85,76.30
8232.5458,26.76,19.92,38.00,76.37
8232.5774,26.75,19.96,38.13,76.43
8232.6094,26.74,20.00,38.24,76.49
8232.6411,26.75,20.03,38.34,76.55
8232.6733,26.75,20.06,38.43,76.60
8232.7056,26.76,20.09,38.50,76.65
8232.7385,26.79,20.13,38.61,76.68
8232.7702,26.81,20.17,38.70,76.72
8232.7862,26.85,20.19,38.73,76.76
8232.8185,26.87,20.21,38.76,76.80
8232.8511,26.90,20.23,38.79,76.83
8232.8833,26.90,20.24,38.82,76.85
8232.9161,26.91,20.25,38.85,76.86
8232.9471,26.91,20.26,38.88,76.88
8232.9790,26.94,20.29,38.88,76.88
8233.0108,26.97,20.32,38.88,76.88
8233.0427,26.99,20.35,38.89,76.88
8233.0755,27.03,20.40,38.94,76.88
8233.1075,27.10,20.45,38.94,76.86
8233.1396,27.15,20.50,38.94,76.86
8233.1721,27.20,20.54,38.94,76.85
8233.2047,27.25,20.59,38.98,76.85
8233.2369,27.30,20.64,39.02,76.84
8233.2690,27.33,20.69,39.04,76.84
8233.3014,27.36,20.72,39.07,76.84
8233.3331,27.41,20.76,39.08,76.84
8233.3655,27.45,20.78,39.09,76.84
8233.3975,27.49,20.82,39.10,76.83
8233.4298,27.53,20.85,39.11,76.83
8233.4618,27.56,20.88,39.11,76.83
8233.4940,27.58,20.91,39.11,76.82
8233.5260,27.61,20.92,39.08,76.82
8233.5586,27.61,20.94,39.07,76.83
8233.5906,27.61,20.96,39.07,76.84
8233.6228,27.61,20.98,39.06,76.83
8233.6551,27.62,20.98,39.05,76.84
8233.6869,27.59,21.00,39.04,76.84
8233.7195,27.56,21.01,39.03,76.87
8233.7515,27.53,21.02,39.02,76.90
8233.7840,27.52,21.05,39.06,76.90
8233.8159,27.49,21.10,39.11,76.90
8233.8484,27.47,21.13,39.16,76.91
8233.8648,27.45,21.17,39.19,76.91
8233.8972,27.42,21.23,39.32,76.94
8233.9288,27.40,21.29,39.44,76.97
8233.9616,27.37,21.34,39.55,77.00
8233.9928,27.36,21.39,39.64,77.03
8234.0248,27.34,21.44,39.74,77.04
8234.0572,27.33,21.47,39.82,77.05
8234.0891,27.31,21.50,39.89,77.11
8234.1216,27.28,21.54,39.98,77.14
8234.1534,27.25,21.58,40.06,77.17
8234.1853,27.22,21.61,40.13,77.20
8234.2177,27.19,21.65,40.19,77.25
8234.2495,27.15,21.69,40.28,77.27
8234.2818,27.10,21.74,40.35,77.30
8234.3139,27.06,21.78,40.41,77.28
8234.3463,27.02,21.82,40.47,77.26
8234.3784,26.92,21.87,40.58,77.24
8234.4103,26.84,21.92,40.68,77.22
8234.4427,26.78,21.96,40.77,77.20
8234.4745,26.65,22.02,40.96,77.17
8234.5067,26.55,22.08,41.12,77.15
8234.5392,26.48,22.12,41.25,77.14
8234.5717,26.42,22.15,41.35,77.13
8234.6034,26.35,22.22,41.52,77.08
8234.6358,26.31,22.26,41.64,77.09
8234.6679,26.27,22.29,41.75,77.11
8234.7002,26.24,22.32,41.84,77.12
8234.7323,26.21,22.37,41.98,77.11
8234.7643,26.19,22.39,42.09,77.17
8234.7966,26.18,22.41,42.18,77.22
8234.8287,26.16,22.43,42.26,77.27
8234.8612,26.15,22.46,42.36,77.32
8234.8932,26.15,22.48,42.44,77.37
8234.9259,26.16,22.50,42.52,77.42
8234.9574,26.15,22.50,42.57,77.47
8234.9895,26.15,22.51,42.62,77.51
8235.0210,26.14,22.53,42.68,77.54
8235.0518,26.13,22.54,42.73,77.57
8235.0829,26.11,22.54,42.75,77.61
8235.1155,26.10,22.56,42.80,77.64
8235.1477,26.09,22.57,42.84,77.68
8235.1798,26.08,22.59,42.88,77.68
8235.2125,26.11,22.58,42.86,77.71
8235.2445,26.15,22.57,42.85,77.73
8235.2764,26.17,22.57,42.83,77.74
8235.3083,26.20,22.56,42.79,77.74
8235.3404,26.25,22.55,42.77,77.75
8235.3723,26.28,22.55,42.75,77.75
8235.4043,26.31,22.54,42.74,77.76
8235.4359,26.32,22.54,42.75,77.76
8235.4652,26.33,22.55,42.76,77.75
8235.4992,26.33,22.55,42.76,77.74
8235.5310,26.34,22.55,42.77,77.77
8235.5627,26.35,22.57,42.79,77.76
8235.5950,26.36,22.58,42.80,77.76
8235.6274,26.37,22.59,42.82,77.77
8235.6599,26.40,22.55,42.78,77.76
8235.6918,26.40,22.50,42.72,77.76
8235.7234,26.40,22.47,42.68,77.77
8235.7396,26.40,22.43,42.64,77.77
8235.7715,26.40,22.40,42.60,77.76
8235.8032,26.37,22.37,42.56,77.75
8235.8349,26.35,22.33,42.52,77.73
8235.8669,26.33,22.31,42.48,77.73
8235.8986,26.27,22.31,42.51,77.73
8235.9305,26.25,22.36,42.53,77.70
8235.9620,26.24,22.40,42.55,77.67
8235.9937,26.23,22.43,42.56,77.67
8236.0253,26.20,22.48,42.64,77.66
8236.0572,26.19,22.54,42.67,77.65
8236.0891,26.19,22.60,42.69,77.64
8236.1217,26.19,22.64,42.71,77.61
8236.1532,26.20,22.69,42.76,77.58
8236.1848,26.20,22.71,42.76,77.59
8236.2164,26.21,22.72,42.77,77.60
8236.2485,26.21,22.72,42.77,77.58
8236.2809,26.22,22.72,42.77,77.58
8236.3133,26.23,22.71,42.76,77.58
8236.3449,26.23,22.71,42.76,77.58
8236.3773,26.25,22.69,42.74,77.56
8236.4086,26.24,22.66,42.68,77.55
8236.4406,26.23,22.64,42.63,77.54
8236.4724,26.21,22.63,42.59,77.53
8236.5042,26.18,22.58,42.51,77.39
8236.5366,26.09,22.48,42.28,77.32
8236.5688,26.01,22.40,42.09,77.25
8236.6010,25.94,22.32,41.93,76.96
8236.6331,25.86,22.25,41.78,76.69
8236.6653,25.76,22.14,41.58,76.50
8236.6976,25.68,22.04,41.40,76.32
8236.7299,25.61,21.96,41.26,75.96
8236.7621,25.48,21.84,41.09,75.68
8236.7945,25.38,21.75,40.95,75.41
8236.8263,25.30,21.66,40.84,75.18
8236.8586,25.19,21.60,40.72,74.95
8236.8906,25.13,21.56,40.63,74.73
8236.9238,25.09,21.53,40.56,74.53
8236.9552,25.05,21.50,40.50,74.35
8236.9876,24.98,21.47,40.43,74.19
8237.0193,24.93,21.47,40.40,74.05
8237.0511,24.90,21.47,40.38,73.94
8237.0835,24.87,21.47,40.36,73.83
8237.1148,24.81,21.47,40.33,73.73
8237.1462,24.77,21.48,40.31,73.67
8237.1779,24.73,21.48,40.30,73.61
8237.2100,24.70,21.48,40.30,73.56
8237.2431,24.63,21.48,40.29,73.51
8237.2754,24.57,21.49,40.29,73.47
8237.3080,24.54,21.49,40.25,73.43
8237.3405,24.48,21.51,40.23,73.39
8237.3729,24.43,21.52,40.21,73.35
8237.4050,24.38,21.53,40.19,73.32
8237.4371,24.36,21.54,40.16,73.29
8237.4695,24.31,21.54,40.13,73.26
8237.5014,24.27,21.55,40.10,73.22
8237.5330,24.24,21.56,40.08,73.18
8237.5652,24.11,21.53,39.91,73.19
8237.5969,24.01,21.47,39.75,73.20
8237.6296,23.93,21.42,39.61,72.76
8237.6617,23.24,21.24,38.78,72.55
8237.6931,22.66,21.09,38.08,72.35
8237.7252,22.19,20.87,37.46,72.17
8237.7566,21.79,20.70,36.93,71.18
8237.7889,20.63,20.23,35.55,70.71
8237.8219,19.63,19.78,34.39,70.27
8237.8538,18.78,19.42,33.40,69.87
8237.8863,18.06,19.13,32.56,68.87
8237.9192,17.06,18.24,30.73,68.66
8237.9507,16.12,17.48,29.25,68.42
8237.9828,15.32,16.87,28.00,68.04
8238.0151,14.58,16.11,26.35,67.87
8238.0471,13.93,15.48,24.95,67.66
8238.0793,13.35,14.93,23.83,67.42
8238.1117,12.85,14.46,22.88,67.02
8238.1440,12.44,14.11,20.70,66.60
8238.1759,12.02,13.80,18.95,66.18
8238.2084,11.66,13.53,17.45,65.79
8238.2404,11.35,13.32,16.19,65.15
8238.2720,11.29,13.00,14.22,64.51
8238.3045,11.20,12.69,12.60,63.93
8238.3364,11.11,12.42,11.22,63.46
8238.3689,11.04,12.20,10.05,63.07
8238.4010,11.16,11.94,9.30,62.62
8238.4327,11.26,11.72,8.66,62.24
8238.4653,11.35,11.53,8.12,62.04
8238.4973,11.48,11.41,7.80,61.80
8238.5293,11.59,11.30,7.52,61.63
8238.5618,11.68,11.22,7.29,61.51
8238.5931,11.76,11.14,7.09,61.32
8238.6257,11.71,11.05,7.00,61.24
8238.6577,11.68,10.97,6.92,61.19
8238.6900,11.65,10.90,6.86,61.16
8238.7220,11.62,10.84,6.81,60.92
8238.7502,11.53,10.73,6.92,60.80
8238.7862,11.46,10.55,6.99,60.69
8238.8185,11.41,10.39,7.05,60.45
8238.8503,11.36,10.26,7.10,60.23
8238.8823,11.24,10.16,7.31,60.10
8238.9146,11.14,10.06,7.49,59.97
8238.9469,11.05,9.99,7.64,59.71
8238.9792,10.93,9.82,7.52,59.52
8239.0119,10.82,9.68,7.43,59.35
8239.0439,10.73,9.56,7.34,59.18
8239.0762,10.68,9.26,7.03,58.82
8239.1087,10.55,9.10,7.05,58.53
8239.1410,10.43,8.97,7.06,58.26
8239.1738,10.33,8.86,7.07,58.01
8239.2052,10.28,8.61,6.97,57.22
8239.2370,10.06,8.51,6.69,56.63
8239.2686,9.87,8.42,6.44,56.09
8239.3002,9.72,8.35,6.24,55.59
8239.3328,9.60,8.11,5.89,55.13
8239.3652,9.14,8.26,5.60,54.91
8239.3969,8.75,8.38,5.35,54.69
8239.4288,8.43,8.49,5.13,53.69
8239.4607,7.69,8.52,5.05,53.16
8239.4954,7.06,8.55,4.98,52.67
8239.5361,6.53,8.58,4.91,49.04
8239.5685,6.07,8.34,4.63,45.71
8239.6006,5.33,8.15,4.76,43.01
8239.6351,4.71,7.99,4.87,40.53
8239.6675,4.17,7.85,4.96,36.46
8239.6994,3.35,7.43,5.42,33.11
8239.7318,2.65,7.08,5.79,30.06
8239.7631,2.06,6.78,6.11,27.28
8239.7948,1.63,6.23,6.10,24.75
8239.8276,0.83,5.71,6.56,22.88
8239.8599,0.15,5.28,6.95,20.71
8239.8919,-0.42,4.90,7.27,18.73
8239.9241,-0.79,4.23,7.28,16.93
8239.9553,-1.34,3.73,7.32,15.62
8239.9871,-1.82,3.31,7.35,14.42
8240.0192,-2.23,2.96,7.38,13.31
8240.0509,-2.49,2.41,7.28,12.30
8240.0837,-2.86,2.13,7.24,11.45
8240.1159,-3.18,1.89,7.20,10.68
8240.1483,-3.46,1.69,7.16,9.97
8240.1801,-3.76,1.61,7.00,9.37
8240.2208,-4.00,1.45,6.96,8.83
8240.2525,-4.20,1.31,6.92,8.33
8240.2844,-4.37,1.20,6.89,7.85
8240.3167,-4.51,1.10,6.87,7.42
8240.3486,-4.64,1.12,7.11,7.03
8240.3809,-4.71,1.09,7.21,6.75
8240.4131,-4.77,1.06,7.30,6.49
8240.4524,-4.83,1.03,7.37,6.26
8240.4844,-4.82,1.16,7.62,6.00
8240.5167,-4.81,1.26,7.83,5.94
8240.5486,-4.81,1.35,8.01,5.89
8240.5808,-4.93,1.77,8.64,5.84
8240.6127,-4.62,1.97,8.73,5.59
8240.6366,-4.35,2.15,8.81,5.51
8240.6692,-4.13,2.29,8.87,5.44
8240.7011,-4.05,2.84,9.44,5.40
8240.7328,-3.99,3.30,9.92,5.36
8240.7652,-3.94,3.70,10.33,5.40
8240.7973,-3.50,3.81,10.12,5.36
8240.8208,-3.25,4.39,10.62,5.35
8240.8635,-3.04,4.89,11.05,5.33
8240.8961,-2.57,5.11,10.90,5.32
8240.9280,-2.17,5.31,10.77,5.31
8240.9603,-1.90,5.93,11.40,5.31
8240.9922,-1.68,6.48,11.94,5.28
8241.0238,-1.04,6.63,11.30,5.25
8241.0556,-0.36,7.17,11.39,5.24
8241.0873,0.21,7.64,11.45,5.24
8241.1193,0.69,8.05,11.50,5.23
8241.1510,1.09,8.40,11.54,5.23
8241.1832,1.51,9.06,11.97,5.24
8241.2146,2.10,9.41,11.88,5.27
8241.2463,2.60,9.71,11.80,5.30
8241.2789,3.02,9.98,11.73,5.32
8241.3103,3.29,10.38,11.70,5.35
8241.3414,3.65,10.62,11.52,5.58
8241.3736,3.95,10.83,11.36,5.79
8241.4050,4.20,11.01,11.23,5.98
8241.4368,4.32,11.29,11.76,6.09
8241.4684,4.42,11.53,12.22,6.19
8241.5002,4.50,11.73,12.60,6.28
8241.5322,4.58,11.90,12.93,7.15
8241.5639,4.31,12.43,14.15,7.63
8241.5954,4.08,12.88,15.19,8.10
8241.6272,3.87,13.26,16.07,8.55
8241.6588,3.62,13.49,16.82,10.39
8241.6910,3.38,13.82,17.76,11.98
8241.7231,3.18,14.10,18.55,13.42
8241.7393,3.00,14.34,19.23,14.72
8241.7715,2.85,14.54,19.80,18.90
8241.8035,3.20,14.76,20.44,22.23
8241.8355,3.50,14.95,20.98,25.24
8241.8680,3.76,15.12,21.44,27.98
8241.9001,3.94,15.18,21.86,32.27
8241.9323,4.63,15.47,22.45,35.62
8241.9640,5.21,15.73,22.96,38.68
8241.9964,5.70,15.95,23.39,42.60
8242.0290,6.11,16.08,23.77,46.17
8242.0606,6.62,16.38,24.44,49.17
8242.0930,7.05,16.64,25.02,51.90
8242.1248,7.42,16.86,25.50,54.52
8242.1570,7.58,16.92,25.86,57.03
8242.1896,7.71,16.98,26.16,59.31
8242.2221,7.82,17.02,26.42,61.37
8242.2538,7.92,17.06,26.64,62.99
8242.2859,7.79,16.97,26.78,64.65
8242.3020,7.69,16.90,26.90,66.14
8242.3343,7.60,16.83,27.00,67.49
8242.3663,7.52,16.78,27.08,68.63
8242.3985,7.33,16.71,27.17,69.68
8242.4313,7.17,16.65,27.25,70.63
8242.4636,7.03,16.60,27.31,71.48
8242.4959,6.92,16.56,27.37,72.25
8242.5282,6.82,16.53,27.41,72.95
8242.5605,6.64,16.48,27.39,73.57
8242.5923,6.54,16.46,27.37,74.08
8242.6242,6.45,16.45,27.35,74.53
8242.6561,6.38,16.45,27.34,74.94
8242.6889,6.26,16.42,27.29,75.31
8242.7215,6.17,16.38,27.25,75.55
8242.7537,6.08,16.35,27.22,75.78
8242.7858,6.01,16.33,27.18,75.98
8242.8021,5.81,16.30,27.13,76.16
8242.8340,5.56,16.25,27.11,76.35
8242.8667,5.35,16.21,27.08,76.52
8242.8988,5.17,16.17,27.06,76.66
8242.9307,4.98,16.16,27.06,76.79
8242.9628,4.61,15.98,27.08,77.11
8242.9955,4.30,15.84,27.09,77.39
8243.0276,4.03,15.71,27.10,77.62
8243.0598,3.42,15.44,27.10,78.21
8243.0921,2.91,15.20,27.10,78.49
8243.1241,2.47,15.00,27.10,78.72
8243.1562,2.12,14.85,27.10,78.90
8243.1882,1.81,14.72,27.10,79.05
8243.2204,1.56,14.61,27.10,78.94
8243.2526,1.15,14.32,27.01,79.10
8243.2845,0.85,14.07,26.90,79.23
8243.3167,0.61,13.86,26.81,79.29
8243.3483,0.40,13.69,26.73,79.33
8243.3804,0.22,13.46,26.61,79.39
8243.4126,0.07,13.26,26.50,79.44
8243.4428,-0.06,13.10,26.41,79.46
8243.4755,-0.06,12.95,26.26,79.44
8243.5076,-0.05,12.83,26.13,79.45
8243.5399,-0.05,12.73,26.02,79.44
8243.5724,-0.05,12.64,25.93,79.43
8243.6047,-0.01,12.46,25.77,79.56
8243.6369,0.02,12.32,25.62,79.55
8243.6691,0.05,12.19,25.50,79.53
8243.7016,0.19,12.05,25.42,79.50
8243.7336,0.25,11.88,25.14,79.56
8243.7657,0.29,11.73,24.90,79.13
8243.7976,0.33,11.60,24.70,78.73
8243.8296,0.44,11.48,24.53,78.37
8243.8622,0.48,11.34,24.23,77.78
8243.8945,0.52,11.22,23.96,77.24
8243.9272,0.55,11.13,23.74,76.75
8243.9585,0.50,11.02,23.55,76.38
8243.9904,0.46,10.93,23.39,75.93
8244.0226,0.43,10.86,23.25,75.52
8244.0543,0.41,10.80,23.15,75.14
8244.0858,0.43,10.77,23.10,74.76
8244.1180,0.45,10.73,23.07,74.46
8244.1492,0.46,10.71,23.03,74.18
8244.1821,0.48,10.68,23.00,73.92
8244.2136,0.52,10.69,22.96,73.65
8244.2451,0.56,10.70,22.93,73.40
8244.2769,0.60,10.70,22.90,73.18
8244.3090,0.63,10.71,22.88,72.98
8244.3413,0.64,10.70,22.87,72.80
8244.3729,0.67,10.70,22.85,72.63
8244.4046,0.69,10.69,22.84,72.48
8244.4369,0.70,10.69,22.83,72.35
8244.4684,0.72,10.68,22.82,72.26
8244.5003,0.68,10.71,22.87,72.10
8244.5318,0.65,10.74,22.91,71.97
8244.5633,0.62,10.76,22.95,71.85
8244.5952,0.56,10.75,23.02,71.83
8244.6272,0.68,10.97,23.08,71.54
8244.6593,0.78,11.17,23.14,71.29
8244.6906,0.87,11.33,23.19,71.08
8244.7228,0.97,11.49,23.12,70.94
8244.7550,1.29,11.70,23.10,70.61
8244.7865,1.56,11.87,23.08,70.34
8244.8183,1.78,12.01,23.07,69.10
8244.8499,2.04,12.17,22.93,68.01
8244.8818,2.41,12.35,22.58,66.90
8244.9135,2.73,12.49,22.28,65.91
8244.9461,3.00,12.61,22.03,62.86
8244.9770,3.24,12.49,21.05,60.28
8245.0089,3.44,12.38,20.22,57.97
8245.0408,3.68,12.35,19.41,55.89
8245.0724,3.89,12.31,18.73,52.01
8245.1042,4.29,12.10,18.24,48.49
8245.1365,4.73,12.00,17.85,45.34
8245.1678,5.10,11.92,17.51,42.52
8245.1994,5.41,11.84,17.23,38.64
8245.2242,5.68,11.78,16.98,35.17
8245.2627,5.91,11.76,16.79,32.09
8245.2948,5.88,11.43,16.67,29.40
8245.3259,5.86,11.15,16.57,27.00
8245.3580,5.84,10.91,16.49,24.86
8245.3905,5.78,10.70,16.40,22.96
8245.4218,5.21,10.25,16.36,21.62
8245.4535,4.73,9.86,16.33,20.39
8245.4832,4.32,9.53,16.30,19.26
8245.5051,3.91,9.26,16.25,18.23
8245.5524,3.47,8.82,16.29,17.40
8245.5832,3.09,8.45,16.34,16.64
8245.6148,2.69,8.16,16.36,15.94
8245.6462,2.38,7.95,16.36,15.25
8245.6782,2.11,7.77,16.37,14.67
8245.7088,1.88,7.62,16.38,14.14
8245.7399,1.68,7.50,16.38,13.66
8245.7859,1.60,7.50,16.44,13.41
8245.8108,1.42,7.53,16.49,13.18
8245.8441,1.27,7.55,16.53,12.99
8245.8769,0.99,7.70,17.00,12.72
8245.9095,0.74,7.82,17.39,13.86
8245.9422,0.42,7.96,17.68,14.94
8245.9738,0.15,8.08,17.93,15.95
8246.0059,-0.08,8.32,18.86,16.75
8246.0386,-0.35,8.58,19.56,19.87
8246.0704,-0.57,8.80,20.15,22.77
8246.1029,-0.77,8.99,20.65,25.43
8246.1349,-0.94,9.15,21.07,30.11
8246.1675,-1.14,9.31,21.43,34.37
8246.2000,-0.71,9.66,22.02,37.71
8246.2319,-0.34,9.96,22.52,40.74
8246.2634,-0.03,10.22,22.95,44.96
8246.2959,0.69,10.98,23.90,48.08
8246.3285,1.30,11.63,24.71,50.95
8246.3605,1.81,12.20,25.40,53.57
8246.3926,2.24,12.69,25.98,56.74
8246.4249,2.66,13.30,26.88,59.46
8246.4568,3.02,13.83,27.65,61.96
8246.4890,3.32,14.29,28.29,64.24
8246.5212,3.58,14.68,28.80,66.97
8246.5535,3.77,15.19,29.44,69.36
8246.5856,3.93,15.63,29.99,71.55
8246.6180,4.06,16.00,30.45,73.92
8246.6502,4.18,16.32,30.85,76.07
8246.6820,4.29,16.76,31.25,77.92
8246.7142,4.38,17.13,31.59,79.60
8246.7469,4.45,17.44,31.88,81.35
8246.7788,4.58,17.78,32.11,82.85
8246.8105,4.68,18.06,32.31,84.23
8246.8428,4.77,18.30,32.48,85.48
8246.8746,4.89,18.49,32.65,86.61
8246.9066,5.01,18.68,32.75,87.61
8246.9393,5.12,18.84,32.84,88.54
8246.9716,5.21,18.97,32.92,89.39
8247.0039,5.33,19.08,33.02,90.17
8247.0359,5.48,19.23,33.02,90.82
8247.0521,5.61,19.36,33.03,91.42
8247.0841,5.72,19.47,33.03,91.96
8247.1158,5.85,19.57,33.05,92.46
8247.1476,5.97,19.63,33.01,92.92
8247.1800,6.07,19.69,32.98,93.29
8247.2131,6.15,19.73,32.95,93.64
8247.2451,6.26,19.77,32.94,93.95
8247.2767,6.33,19.79,32.90,94.22
8247.3087,6.39,19.81,32.87,94.46
8247.3409,6.44,19.82,32.84,94.68
8247.3730,6.50,19.83,32.84,94.88
8247.4050,6.54,19.83,32.84,95.10
8247.4376,6.60,19.87,32.86,95.26
8247.4698,6.65,19.90,32.89,95.40
8247.5020,6.70,19.92,32.92,95.54
8247.5344,6.74,19.94,32.95,95.73
8247.5665,6.81,20.06,32.97,95.83
8247.5981,6.87,20.15,33.01,95.92
8247.6303,6.93,20.23,33.04,96.00
8247.6627,6.98,20.30,33.07,96.08
8247.6948,7.02,20.36,33.10,96.18
8247.7273,7.06,20.40,33.14,96.27
8247.7596,7.09,20.44,33.17,96.36
8247.7925,7.12,20.48,33.20,96.44
8247.8248,7.16,20.51,33.23,96.51
8247.8571,7.20,20.53,33.27,96.58
8247.8896,7.23,20.55,33.30,96.64
8247.9220,7.27,20.59,33.34,96.68
8247.9540,7.31,20.62,33.39,96.72
8247.9860,7.36,20.64,33.42,96.75
8248.0179,7.39,20.66,33.46,96.79
8248.0498,7.41,20.69,33.49,96.82
8248.0816,7.43,20.71,33.53,96.84
8248.1137,7.45,20.73,33.57,96.87
8248.1449,7.46,20.74,33.60,96.89
8248.1763,7.48,20.76,33.64,96.92
8248.1928,7.49,20.78,33.67,96.95
8248.2247,7.48,20.79,33.70,96.97
8248.2570,7.48,20.80,33.72,96.99
8248.2888,7.49,20.82,33.74,96.99
8248.3209,7.48,20.83,33.74,97.01
8248.3526,7.47,20.84,33.73,97.03
8248.3853,7.47,20.84,33.73,97.04
8248.4172,7.47,20.86,33.72,97.04
8248.4494,7.44,20.87,33.69,97.04
8248.4815,7.42,20.88,33.67,97.05
8248.5135,7.40,20.89,33.65,97.06
8248.5455,7.38,20.89,33.63,97.07
8248.5779,7.36,20.88,33.58,97.09
8248.6102,7.35,20.87,33.53,96.97
8248.6423,7.27,20.85,33.48,96.86
8248.6747,7.20,20.83,33.44,96.77
8248.7070,6.97,20.50,33.03,97.00
8248.7395,6.72,20.20,32.68,95.78
8248.7717,6.51,19.96,32.38,94.67
8248.8037,6.33,19.74,32.13,93.66
8248.8357,6.10,18.95,30.59,90.57
8248.8675,5.83,18.21,29.27,87.78
8248.9001,5.58,17.59,28.16,85.25
8248.9326,5.36,17.06,27.21,82.97
8248.9645,4.78,16.24,25.60,78.28
8248.9973,4.16,15.61,24.34,74.04
8249.0297,3.63,15.08,23.27,70.20
8249.0622,3.15,14.31,22.25,66.95
8249.0939,2.64,13.72,21.45,61.90
8249.1258,2.20,13.22,20.78,57.34
8249.1580,1.83,12.79,20.22,53.24
8249.1898,1.93,12.25,19.80,49.38
8249.2221,1.90,11.79,19.45,44.26
8249.2537,1.88,11.39,19.16,39.74
8249.2859,1.85,11.06,18.91,35.75
8249.3019,2.07,10.71,18.11,32.20
8249.3339,2.20,10.40,17.49,28.55
8249.3660,2.30,10.14,16.97,25.50
8249.3984,2.39,9.92,16.52,23.01
8249.4306,2.57,9.83,16.16,20.94
8249.4627,2.75,9.74,15.91,19.48
8249.4944,2.89,9.66,15.70,18.52
8249.5261,3.02,9.60,15.52,17.99
8249.5577,3.13,9.54,15.37,17.81
8249.5895,3.28,9.47,15.25,17.87
8249.6163,3.40,9.41,15.06,18.12
8249.6459,3.50,9.35,14.91,18.48
8249.6867,3.58,9.30,14.78,18.90
8249.7208,3.76,9.20,14.68,19.36
8249.7475,3.90,9.12,14.60,19.83
8249.7721,4.03,9.05,14.54,20.29
8249.8126,4.14,8.98,14.48,20.77
8249.8375,4.19,8.88,14.56,21.16
8249.8707,4.24,8.80,14.63,21.54
8249.9021,4.27,8.72,14.69,21.89
8249.9339,4.37,8.65,14.70,22.19
8249.9657,4.45,8.58,14.72,22.47
8249.9976,4.52,8.53,14.73,22.73
8250.0299,4.55,8.44,14.75,22.96
8250.0621,4.63,8.34,14.85,23.18
8250.0945,4.70,8.26,14.92,23.37
8250.1261,4.76,8.19,14.99,23.55
8250.1516,4.82,8.17,15.00,23.72
8250.1835,4.87,8.14,15.07,23.87
8250.2152,4.92,8.11,15.13,24.00
8250.2472,4.96,8.09,15.19,24.12
8250.2794,5.05,8.15,15.11,24.26
8250.3110,5.14,8.18,15.09,24.38
8250.3431,5.21,8.21,15.08,24.49
8250.3749,5.29,8.30,15.05,24.59
8250.4069,5.36,8.38,15.02,24.69
8250.4398,5.44,8.43,15.03,24.78
8250.4714,5.50,8.47,15.04,24.87
8250.5037,5.55,8.54,15.04,24.92
8250.5355,5.62,8.57,15.04,24.99
8250.5681,5.67,8.60,15.05,25.06
8250.6002,5.72,8.62,15.05,25.11
8250.6328,5.73,8.67,15.07,25.13
8250.6645,5.77,8.70,15.09,25.21
8250.6969,5.81,8.72,15.10,25.29
8250.7292,5.84,8.74,15.12,25.35
8250.7615,5.82,8.79,15.24,25.42
8250.7938,5.83,8.83,15.35,25.49
8250.8271,5.84,8.86,15.45,25.55
8250.8581,5.85,8.89,15.53,25.61
8250.8899,5.86,8.91,15.60,25.67
8250.9221,5.86,8.93,15.67,25.69
8250.9551,5.87,8.95,15.72,25.71
8250.9869,5.87,8.96,15.77,25.73
8251.0193,5.92,8.97,15.79,25.55
8251.0514,5.70,8.88,15.28,25.16
8251.0834,5.52,8.81,14.85,24.83
8251.1152,5.36,8.75,14.48,24.17
8251.1473,5.23,8.72,14.20,23.58
8251.1797,4.90,8.32,13.47,22.95
8251.2117,4.62,7.98,12.85,22.41
8251.2440,4.37,7.70,12.32,21.72
8251.2767,4.12,7.25,11.55,21.16
8251.3085,3.90,6.86,10.90,20.65
8251.3408,3.71,6.54,10.34,20.20
8251.3733,3.55,6.26,9.87,19.59
8251.4058,3.43,5.88,9.31,19.11
8251.4377,3.29,5.58,8.79,18.68
8251.4693,3.17,5.31,8.35,18.30
8251.5013,3.07,5.09,7.98,18.03
8251.5330,3.00,4.88,7.58,17.83
8251.5655,2.87,4.74,7.22,17.65
8251.5984,2.76,4.62,6.91,17.62
8251.6146,2.66,4.51,6.64,17.59
8251.6473,2.59,4.40,6.36,17.58
8251.6795,2.42,4.30,6.16,17.57
8251.7122,2.29,4.23,5.99,17.56
8251.7438,2.17,4.16,5.85,17.60
8251.7759,2.06,4.10,5.71,17.63
8251.8078,1.87,4.05,5.61,17.66
8251.8397,1.72,4.01,5.53,17.64
8251.8718,1.58,3.98,5.47,17.63
8251.9036,1.46,4.00,5.49,17.58
8251.9362,1.28,4.01,5.53,17.55
8251.9682,1.12,4.02,5.56,17.33
8252.0002,1.03,4.03,5.69,17.16
8252.0323,0.95,4.05,5.80,17.01
8252.0643,0.80,4.05,5.90,16.88
8252.0962,0.68,4.04,5.99,16.56
8252.1283,0.66,4.06,6.05,16.35
8252.1601,0.57,4.07,6.13,16.15
8252.1926,0.50,4.08,6.19,15.97
8252.2249,0.43,4.08,6.24,15.76
8252.2582,0.43,4.08,6.18,15.63
8252.2903,0.35,4.09,6.16,15.50
8252.3223,0.28,4.09,6.14,15.41
8252.3540,0.25,4.08,6.01,15.35
8252.3865,0.23,4.08,5.90,15.29
8252.4187,0.17,4.08,5.83,15.23
8252.4502,0.12,4.08,5.77,15.18
8252.4823,0.09,4.09,5.68,15.14
8252.5151,0.10,4.10,5.61,15.11
8252.5474,0.11,4.11,5.56,15.07
8252.5797,0.12,4.11,5.51,15.04
8252.6117,0.13,4.12,5.46,15.01
8252.6438,0.20,4.12,5.43,14.98
8252.6761,0.26,4.12,5.40,14.95
8252.7084,0.31,4.12,5.37,14.92
8252.7411,0.35,4.13,5.33,14.89
8252.7724,0.44,4.12,5.29,14.86
8252.8050,0.52,4.12,5.25,14.80
8252.8367,0.48,4.28,5.60,14.57
8252.8692,0.45,4.42,5.90,14.37
8252.9017,0.50,4.52,6.09,14.19
8252.9342,0.53,4.61,6.26,13.84
8252.9660,0.67,5.11,7.10,13.39
8252.9977,0.87,5.51,7.78,12.98
8253.0302,1.04,5.85,8.36,12.63
8253.0625,1.18,6.14,8.85,12.10
8253.0947,1.45,6.77,9.73,11.55
8253.1266,1.71,7.29,10.46,11.10
8253.1587,1.92,7.74,11.08,10.70
8253.1905,2.10,8.12,11.61,10.48
8253.2227,2.49,8.70,11.98,10.27
8253.2553,2.85,9.20,12.34,10.16
8253.2881,3.15,9.62,12.65,10.16
8253.3199,3.41,9.99,12.91,10.23
8253.3521,3.62,10.29,13.14,10.35
8253.3846,3.94,10.68,13.32,10.45
8253.4170,4.21,11.00,13.47,10.56
8253.4495,4.43,11.28,13.60,10.68
8253.4816,4.64,11.54,13.79,10.82
8253.5137,4.87,11.77,13.83,10.95
8253.5454,5.07,11.97,13.87,10.98
8253.5778,5.24,12.14,13.90,11.02
8253.6092,5.39,12.27,13.96,11.06
8253.6412,5.56,12.32,13.86,11.03
8253.6738,5.70,12.37,13.79,10.99
8253.7056,5.82,12.40,13.72,10.97
8253.7382,5.94,12.37,13.60,10.99
8253.7701,6.04,12.34,13.50,10.91
8253.8022,6.13,12.31,13.41,10.85
8253.8338,6.22,12.28,13.33,10.79
8253.8657,6.30,12.25,13.27,10.73
8253.8980,6.36,12.22,13.21,10.69
8253.9307,6.35,12.21,13.22,10.66
8253.9625,6.36,12.19,13.23,10.64
8253.9947,6.38,12.18,13.23,11.04
8254.0271,6.39,12.17,13.23,11.41
8254.0596,6.18,12.17,13.42,11.80
8254.0919,6.03,12.20,13.59,12.18
8254.1237,5.90,12.22,13.73,13.77
8254.1559,5.21,12.14,14.71,15.61
8254.1873,4.63,12.07,15.54,17.35
8254.2200,4.15,12.01,16.23,18.95
8254.2521,3.75,11.96,16.82,22.21
8254.2846,3.68,11.94,17.67,24.98
8254.3164,3.63,11.90,18.36,27.49
8254.3488,3.59,11.87,18.93,29.75
8254.3818,3.55,11.84,19.43,33.10
8254.4144,3.92,12.02,19.77,35.70
8254.4464,4.26,12.12,20.01,38.06
8254.4783,4.54,12.21,20.22,40.14
8254.5116,4.78,12.29,20.40,42.01
8254.5429,4.95,12.45,20.22,43.67
8254.5746,5.13,12.54,20.03,45.17
8254.6070,5.28,12.61,19.87,44.79
8254.6394,5.19,12.66,19.08,44.62
8254.6720,5.11,12.71,18.41,44.46
8254.7047,5.04,12.73,17.84,44.32
8254.7367,4.97,12.74,17.36,41.88
8254.7687,4.91,12.76,16.95,39.69
8254.8009,4.87,12.77,16.60,37.72
8254.8331,4.76,12.67,16.03,36.08
8254.8653,4.78,12.52,15.54,33.00
8254.8979,4.80,12.40,15.13,30.23
8254.9304,4.82,12.29,14.78,27.76
8254.9619,4.52,11.92,14.41,25.53
8254.9943,4.46,11.45,14.11,23.52
8255.0263,4.41,11.05,13.86,21.71
8255.0578,4.09,10.69,13.71,20.25
8255.0899,3.82,10.39,13.58,18.75
8255.1222,3.80,10.10,13.60,17.39
8255.1537,3.79,9.86,13.61,16.17
8255.1861,3.71,9.39,13.40,15.35
8255.2182,3.70,9.26,13.38,14.34
8255.2502,3.69,9.16,13.37,13.44
8255.2822,3.68,9.07,13.36,12.64
8255.3144,3.69,8.62,12.94,12.03
8255.3463,3.54,8.51,12.68,11.46
8255.3787,3.41,8.40,12.47,10.94
8255.4115,3.30,8.32,12.28,10.46
8255.4438,3.39,8.07,12.15,10.14
8255.4761,3.31,8.07,12.08,9.85
8255.5081,3.24,8.08,12.02,9.58
8255.5401,3.43,7.83,11.55,9.60
8255.5723,3.59,7.62,11.16,9.43
8255.6040,3.70,7.62,10.93,9.27
8255.6361,3.79,7.62,10.74,9.12
8255.6679,3.91,7.46,10.29,9.14
8255.7006,4.00,7.32,9.91,8.98
8255.7322,4.09,7.20,9.58,8.82
8255.7644,4.16,7.20,9.25,8.67
8255.7962,4.17,7.21,9.08,8.54
8255.8292,4.19,7.21,8.93,8.42
8255.8609,4.20,7.21,8.80,8.30
8255.8929,3.98,6.92,8.25,8.19
8255.9248,3.94,6.97,8.28,8.16
8255.9564,3.91,7.00,8.31,8.15
8255.9887,3.88,7.03,8.33,8.15
8256.0202,3.53,6.77,8.19,8.16
8256.0360,3.23,6.54,8.07,8.32
8256.0685,2.97,6.36,7.97,8.48
8256.1006,2.90,6.45,7.96,8.47
8256.1326,2.83,6.39,8.08,8.49
8256.1650,2.78,6.34,8.18,8.60
8256.1975,2.77,6.44,7.83,8.63
8256.2300,2.76,6.52,7.54,8.68
8256.2621,2.88,6.50,7.22,8.75
8256.2945,2.98,6.47,6.94,8.82
8256.3267,3.05,6.40,6.94,8.93
8256.3585,3.36,6.36,6.67,9.04
8256.3907,3.62,6.32,6.44,9.15
8256.4227,3.85,6.28,6.25,9.25
8256.4545,3.95,6.13,6.18,9.30
8256.4868,4.16,5.98,5.96,9.35
8256.5188,4.33,5.84,5.77,9.39
8256.5512,4.47,5.72,5.60,9.42
8256.5832,4.59,5.66,5.63,9.47
8256.6157,4.70,5.55,5.58,9.51
8256.6487,4.80,5.46,5.54,9.55
8256.6808,4.88,5.41,5.54,9.56
8256.7131,4.94,5.36,5.54,9.58
8256.7454,4.99,5.30,5.57,9.60
8256.7776,5.04,5.25,5.59,9.62
8256.8093,5.04,5.24,5.74,9.60
8256.8413,5.04,5.22,5.87,9.54
8256.8739,5.04,5.21,5.98,9.49
8256.9062,5.10,5.21,6.06,9.45
8256.9389,4.69,5.54,7.57,8.85
8256.9701,4.33,5.81,8.86,8.61
8257.0023,4.02,6.03,9.95,8.66
8257.0339,3.95,6.62,11.59,8.50
8257.0668,3.88,7.12,12.98,10.27
8257.0989,3.81,7.53,14.17,12.64
8257.1315,3.75,7.88,15.18,15.13
8257.1636,5.09,8.37,15.56,16.64
8257.1959,6.23,8.80,15.89,20.27
8257.2281,7.20,9.17,16.17,23.70
8257.2602,7.96,9.42,16.49,26.89
8257.2925,9.49,9.66,15.65,29.21
8257.3243,10.79,9.85,14.94,32.49
8257.3567,11.90,10.00,14.34,35.51
8257.3889,12.78,10.08,13.90,38.29
8257.4211,13.63,10.13,12.76,40.92
8257.4531,14.35,10.17,11.79,43.34
8257.4852,14.97,10.20,10.97,45.56
8257.5172,15.27,10.12,9.92,47.80
8257.5491,15.53,10.05,9.03,49.72
8257.5813,15.75,9.99,8.27,51.46
8257.6131,15.94,9.93,7.63,53.04
8257.6454,16.10,9.90,6.97,54.53
8257.6765,16.25,9.87,6.42,55.86
8257.7091,16.37,9.85,5.94,57.07
8257.7414,16.48,9.92,5.71,58.27
8257.7737,16.70,9.98,5.27,59.23
8257.8059,16.89,10.03,4.89,60.10
8257.8377,17.06,10.07,4.57,61.25
8257.8698,17.19,10.22,4.44,62.29
8257.9017,17.52,10.24,3.83,63.06
8257.9348,17.80,10.25,3.31,63.76
8257.9667,18.03,10.25,2.86,65.95
8257.9979,18.30,10.20,1.85,67.98
8258.0298,18.52,10.15,0.98,69.86
8258.0614,18.70,10.11,0.25,71.60
8258.0935,18.85,10.07,-0.38,75.43
8258.1260,18.47,10.31,-1.05,79.40
8258.1584,18.14,10.51,-1.62,82.97
8258.1907,17.86,10.68,-2.10,86.16
8258.2228,17.66,11.17,-2.17,90.55
8258.2549,16.84,11.43,-2.15,94.90
8258.2870,16.13,11.64,-2.14,98.56
8258.3184,15.53,11.82,-2.12,101.89
8258.3494,15.19,12.42,-1.70,103.96
8258.3811,14.09,12.57,-1.34,105.64
8258.4139,13.16,12.68,-1.03,106.34
8258.4462,12.36,12.77,-0.76,109.33
8258.4788,11.11,12.57,-0.74,111.90
8258.5110,10.05,12.40,-0.71,113.75
8258.5433,9.43,12.80,-0.31,115.02
8258.5751,8.89,13.12,0.03,116.74
8258.6070,8.51,13.34,0.55,118.02
8258.6390,8.25,13.75,1.11,119.01
8258.6711,8.02,14.09,1.59,119.77
8258.7035,7.82,14.38,2.00,120.29
8258.7356,7.80,14.84,2.45,120.68
8258.7680,7.65,15.02,2.74,120.91
8258.8000,7.52,15.17,2.99,126.95
8258.8317,7.41,15.29,3.20,132.45
8258.8630,7.74,15.89,3.45,137.70
8258.8947,7.97,15.96,3.52,142.46
8258.9262,8.16,16.02,3.58,148.19
8258.9584,8.72,16.62,3.13,153.72
8258.9909,9.19,17.12,2.75,158.67
8259.0232,9.75,17.22,2.32,163.05
8259.0563,10.23,17.30,1.95,163.43
8259.0887,10.93,17.51,2.00,163.70
8259.1205,11.68,17.42,2.36,163.89
8259.1523,12.31,17.34,2.67,163.99
8259.1844,12.84,17.28,2.93,161.53
8259.2168,13.70,16.93,2.09,158.97
8259.2488,14.88,16.33,1.62,156.68
8259.2804,15.88,15.83,1.22,153.01
8259.3128,16.73,15.41,0.89,149.63
8259.3450,17.79,14.63,0.16,146.21
8259.3772,19.18,14.08,0.36,143.15
8259.4087,20.37,13.63,0.52,140.41
8259.4420,21.35,12.82,-0.01,137.54
8259.4728,22.19,12.13,-0.47,136.84
8259.5052,23.74,11.91,-0.10,136.24
8259.5369,25.07,11.74,0.20,135.73
8259.5691,26.31,11.25,-0.27,134.97
8259.6013,27.78,10.89,-0.57,133.73
8259.6335,29.04,10.60,-0.83,132.64
8259.6654,30.11,10.36,-1.06,131.69
8259.6976,30.90,10.14,-0.39,129.37
8259.7297,31.43,9.89,-0.09,127.31
8259.7616,31.88,9.67,0.16,125.48
8259.7930,32.27,9.49,0.37,123.85
8259.8250,32.71,9.77,1.56,122.78
8259.8575,32.67,10.00,2.18,121.82
8259.8894,32.64,10.19,2.71,120.95
8259.9206,33.78,10.82,3.84,120.80
8259.9527,34.75,11.39,4.80,120.65
8259.9849,35.16,11.90,5.28,120.51
8260.0168,35.51,12.34,5.69,120.37
8260.0495,35.80,12.71,6.03,120.23
8260.0819,35.74,13.10,6.14,120.09
8260.1135,37.60,13.81,5.65,120.70
8260.1452,39.19,14.40,5.22,121.19
8260.1775,40.54,14.90,4.85,121.57
8260.2090,41.70,15.32,4.52,121.87
8260.2411,44.11,16.11,3.61,122.68
8260.2728,45.99,16.86,2.77,123.30
8260.3044,47.58,17.49,2.04,123.79
8260.3363,50.00,18.15,0.13,124.38
8260.3679,52.04,18.65,-1.53,124.77
8260.4001,53.45,19.16,-2.89,125.03
8260.4328,54.65,19.56,-4.07,125.20
8260.4641,55.66,19.86,-5.09,125.31
8260.4961,56.32,19.98,-5.97,125.37
8260.5278,58.72,21.19,-6.55,126.00
8260.5593,60.77,22.30,-7.07,126.46
8260.5906,62.50,23.32,-7.51,126.80
8260.6226,63.82,23.92,-7.89,127.05
8260.6541,64.94,24.45,-8.21,127.23
8260.6864,65.89,24.94,-8.49,127.37
8260.7178,67.97,25.19,-9.65,127.09
8260.7488,69.66,25.05,-10.72,126.79
8260.7807,71.09,24.88,-11.64,126.48
8260.8123,72.29,24.69,-12.43,126.18
8260.8441,77.01,14.45,-15.18,122.14
8260.8760,80.99,-3.59,-17.52,118.54
8260.9077,84.43,-34.37,-19.60,115.38
8260.9400,87.41,-68.37,-21.44,112.65
8260.9714,90.00,-90.01,-23.07,110.29
8261.0026,91.49,-98.18,-33.01,108.20
8261.0342,92.53,-102.00,-41.65,106.29
8261.0659,93.22,-103.66,-49.11,104.59
8261.0974,93.75,-105.05,-55.18,103.11
8261.1192,106.17,-137.34,-67.68,100.12
8261.1619,116.52,-146.67,-81.49,95.59
8261.1939,125.10,-149.11,-96.50,90.54
8261.2264,132.17,-149.09,-112.60,85.51
8261.2577,138.98,-142.04,-150.69,75.20
8261.2902,143.17,-134.90,-183.01,66.07
8261.3221,145.21,-128.13,-207.58,58.43
8261.3538,145.45,-121.74,-225.99,52.31
8261.3866,146.89,-118.98,-230.91,48.94
8261.4185,148.29,-116.68,-234.84,46.08
8261.4502,149.65,-114.74,-238.00,43.66
8261.4826,157.24,-113.87,-246.35,39.88
8261.5153,164.61,-113.01,-253.32,36.70
8261.5472,171.61,-112.19,-259.13,34.02
8261.5710,178.12,-111.43,-263.97,31.78
8261.6034,178.12,-108.76,-261.29,29.32
8261.6354,178.12,-106.56,-259.08,27.20
8261.6679,178.12,-104.75,-257.24,25.38
8261.7000,178.12,-103.35,-256.11,23.81
8261.7317,178.12,-101.03,-255.42,19.50
8261.7640,178.12,-99.30,-254.83,16.02
8261.7964,178.12,-98.03,-254.31,13.33
8261.8207,178.12,-97.39,-254.88,11.37
8261.8526,178.12,-95.24,-253.88,8.37
8261.8845,178.12,-93.55,-253.05,6.91
8261.9164,178.12,-92.20,-252.37,7.02
8261.9487,178.12,-91.09,-253.12,8.08
8261.9809,178.12,-89.56,-253.97,10.22
8262.0179,178.12,-88.23,-254.66,12.44
8262.0496,178.12,-87.06,-255.23,14.49
8262.0748,178.12,-80.37,-254.17,15.48
8262.0989,178.12,-74.67,-253.24,17.48
8262.1314,178.12,-69.84,-252.44,19.76
8262.1637,178.12,-65.77,-251.73,22.04
8262.1955,178.12,-62.44,-250.23,24.01
8262.2271,178.12,-59.64,-248.96,25.80
8262.2593,178.12,-57.12,-248.16,27.39
8262.2913,178.12,-55.01,-247.46,29.19
8262.3236,178.12,-53.25,-246.87,30.78
8262.3560,178.12,-51.75,-246.43,32.18
8262.3884,178.12,-50.06,-245.35,33.72
8262.4208,178.12,-48.64,-244.44,34.91
8262.4535,178.12,-47.45,-243.67,35.94
8262.4853,178.12,-46.63,-242.74,36.83
8262.5171,178.12,-45.93,-241.96,37.60
8262.5489,178.12,-45.33,-241.30,38.26
8262.5818,178.12,-44.82,-240.75,38.83
8262.6060,178.12,-44.70,-240.02,39.32
8262.6378,178.12,-44.59,-239.41,39.75
8262.6700,178.12,-44.50,-238.89,40.12
8262.7018,178.12,-44.42,-238.46,40.44
8262.7339,178.12,-44.45,-238.11,40.72
8262.7661,178.12,-44.48,-237.81,40.95
8262.7980,178.12,-44.51,-237.57,41.16
8262.8296,178.12,-44.54,-237.36,41.33
8262.8541,178.12,-44.66,-237.26,41.49
8262.8858,178.12,-44.77,-237.18,41.62
8262.9180,178.12,-44.86,-237.11,41.74
8262.9504,178.12,-44.95,-237.05,41.84
8262.9827,178.12,-44.89,-237.26,41.93
8263.0065,178.12,-44.83,-237.44,42.01
8263.0526,178.12,-44.78,-237.60,42.07
8263.0847,178.12,-44.77,-237.64,42.13
8263.1208,178.12,-44.67,-237.70,42.25
8263.1522,178.12,-44.57,-237.76,42.36
8263.1844,178.12,-44.50,-237.80,42.45
8263.2162,178.12,-44.39,-237.72,42.53
8263.2489,178.12,-44.30,-237.64,42.61
8263.2812,178.12,-44.22,-237.58,42.67
8263.3133,178.12,-44.15,-237.53,42.73
8263.3457,178.12,-43.85,-237.72,42.79
8263.3781,178.12,-43.59,-237.87,42.84
8263.4103,178.12,-43.36,-238.00,42.88
8263.4430,178.12,-42.91,-238.28,42.92
8263.4749,178.12,-42.50,-238.51,42.97
8263.5070,178.12,-42.14,-238.71,43.01
8263.5364,178.12,-41.83,-238.88,43.04
8263.5683,178.12,-41.44,-239.12,43.07
8263.5999,178.12,-41.09,-239.34,43.10
8263.6316,178.12,-40.79,-239.52,43.13
8263.6637,178.12,-40.53,-239.67,43.16
8263.7037,178.12,-40.52,-239.66,43.18
8263.7359,178.12,-40.52,-239.65,43.20
8263.7683,178.12,-40.52,-239.65,43.22
8263.8003,178.12,-40.43,-239.78,43.24
8263.8323,178.12,-40.35,-239.90,43.26
8263.8648,178.12,-40.28,-240.00,43.27
8263.8962,178.12,-40.22,-240.08,43.29
8263.9366,178.12,-40.01,-240.34,43.30
8263.9686,178.12,-39.83,-240.56,43.32
8264.0005,178.12,-39.67,-240.75,43.33
8264.0246,178.12,-39.54,-240.91,43.34
8264.0535,178.12,-39.38,-241.28,43.35
8264.0852,178.12,-39.23,-241.59,43.36
8264.1296,178.12,-39.11,-241.86,43.37
8264.1614,178.12,-39.18,-242.12,43.38
8264.1938,178.12,-39.24,-242.35,43.39
8264.2257,178.12,-39.29,-242.54,43.40
8264.2577,178.12,-39.33,-242.70,43.41
8264.2893,178.12,-39.45,-242.91,43.42
8264.3211,178.12,-39.54,-243.10,43.43
8264.3532,178.12,-39.62,-243.25,43.44
8264.3851,178.12,-39.69,-243.39,43.45
8264.4169,178.12,-39.82,-243.58,43.46
8264.4499,178.12,-39.94,-243.74,43.46
8264.4815,178.12,-40.03,-243.87,43.47
8264.5138,178.12,-40.11,-243.99,43.48
8264.5460,178.12,-40.28,-244.10,43.49
8264.5703,178.12,-40.41,-244.20,43.50
8264.6025,178.12,-40.53,-244.28,43.50
8264.6345,178.12,-40.64,-244.42,43.51
8264.6667,178.12,-40.73,-244.55,43.52
8264.6990,178.12,-40.81,-244.66,43.53
8264.7314,178.12,-40.88,-244.75,43.53
8264.7638,178.12,-41.02,-244.87,43.54
8264.7882,178.12,-41.14,-244.97,43.54
8264.8193,178.12,-41.24,-245.05,43.55
8264.8515,178.12,-41.33,-245.13,43.55
8264.8833,178.12,-41.59,-245.23,43.56
8264.9157,178.12,-41.81,-245.31,43.57
8264.9481,178.12,-41.99,-245.39,43.57
8264.9794,178.12,-42.15,-245.45,43.58
8265.0208,178.12,-42.33,-245.61,43.58
8265.0513,178.12,-42.48,-245.76,43.59
8265.0831,178.12,-42.61,-245.88,43.59
8265.1147,178.12,-42.79,-245.94,43.60
8265.1535,178.12,-42.94,-245.99,43.60
8265.1847,178.12,-43.07,-246.03,43.60
8265.2171,178.12,-43.17,-246.07,43.61
8265.2494,178.12,-43.29,-245.99,43.61
8265.2807,178.12,-43.38,-245.93,43.62
8265.3131,178.12,-43.46,-245.87,43.62
8265.3444,178.12,-43.53,-245.82,43.62
8265.3762,178.12,-43.44,-245.70,43.63
8265.4087,178.12,-43.37,-245.60,43.63
8265.4408,178.12,-43.31,-245.51,43.63
8265.4730,178.12,-43.26,-245.44,43.63
8265.5049,178.12,-42.87,-245.39,43.63
8265.5363,178.12,-42.55,-245.35,43.64
8265.5776,178.12,-42.28,-245.32,43.64
8265.6028,178.12,-42.60,-244.51,43.64
8265.6348,178.12,-42.89,-243.84,43.64
8265.6666,178.12,-43.13,-243.28,43.63
8265.6989,178.12,-43.34,-242.80,43.63
8265.7316,178.12,-44.88,-242.83,43.63
8265.7641,178.12,-46.16,-242.85,43.63
8265.7962,178.12,-47.26,-242.86,43.63
8265.8212,178.12,-48.18,-242.88,43.63
8265.8525,178.12,-52.00,-242.12,43.63
8265.8848,178.12,-55.26,-241.47,43.63
8265.9170,178.12,-58.03,-240.90,43.62
8265.9495,178.12,-60.38,-240.41,43.62
8265.9813,178.12,-67.03,-239.26,43.62
8266.0133,178.12,-72.65,-238.22,43.62
8266.0373,178.12,-77.36,-237.29,43.62
8266.0731,178.12,-81.29,-236.47,43.62
8266.1022,178.12,-99.19,-225.07,43.61
8266.1341,178.12,-111.26,-212.69,43.61
8266.1622,178.12,-119.49,-199.31,43.61
8266.2011,178.12,-126.92,-182.83,43.61
8266.2329,178.12,-132.88,-164.59,43.61
8266.2648,170.98,-137.94,-145.22,43.61
8266.2966,163.37,-142.40,-125.77,43.61
8266.3290,157.73,-146.39,-107.36,43.61
8266.3611,153.40,-150.01,-90.84,43.61
8266.3927,149.04,-150.07,-77.43,43.60
8266.4244,145.33,-149.85,-67.26,43.60
8266.4570,142.17,-149.46,-59.47,43.61
8266.4894,139.49,-148.96,-53.42,43.61
8266.5214,136.81,-151.19,-41.57,43.61
8266.5536,134.47,-153.02,-31.99,43.61
8266.5859,132.43,-154.54,-24.25,43.61
8266.6179,132.17,-154.78,-24.86,43.61
8266.6503,131.95,-155.00,-25.39,43.61
8266.6821,131.78,-155.19,-25.83,43.61
8266.7146,131.63,-155.35,-26.20,43.61
8266.7470,131.71,-151.26,-32.43,43.60
8266.7796,131.78,-147.91,-37.58,43.61
8266.8046,131.85,-145.16,-41.85,43.61
8266.8365,131.91,-142.89,-45.40,43.61
8266.8696,135.36,-140.36,-49.82,43.61
8266.9010,138.78,-138.79,-53.74,43.61
8266.9334,142.06,-137.83,-57.20,43.61
8266.9654,145.10,-137.24,-60.25,43.61
8266.9969,155.92,-140.49,-64.16,43.62
8267.0210,164.59,-144.18,-68.44,43.62
8267.0525,171.07,-147.94,-73.17,43.62
8267.0849,175.79,-151.58,-78.43,43.62
8267.1165,175.79,-158.48,-94.14,43.62
8267.1538,175.79,-165.93,-117.89,43.62
8267.1784,175.79,-173.04,-154.91,43.62
8267.2187,175.79,-178.71,-201.35,43.62
8267.2508,175.79,-178.71,-236.57,43.62
8267.2832,175.79,-178.71,-260.08,43.62
8267.3151,175.79,-178.71,-275.66,43.62
8267.3475,175.79,-178.71,-279.98,43.62
8267.3795,175.79,-178.71,-283.18,43.62
8267.4121,175.79,-178.71,-285.62,43.63
8267.4446,175.79,-178.71,-287.52,43.63
8267.4765,175.79,-178.71,-289.86,43.63
8267.5093,175.79,-178.71,-291.70,43.63
8267.5407,175.79,-178.71,-293.16,43.63
8267.5728,175.79,-178.71,-294.34,43.63
8267.6033,175.79,-178.71,-300.53,43.63
8267.6353,175.79,-178.71,-305.98,43.63
8267.6671,175.79,-178.71,-310.74,43.63
8267.6994,175.79,-178.71,-304.28,43.63
8267.7313,175.79,-178.71,-298.70,43.63
8267.7632,175.79,-178.71,-293.88,43.63
8267.7877,175.79,-178.71,-289.72,43.63
8267.8197,175.79,-178.71,-280.52,43.63
8267.8514,175.79,-178.71,-271.81,43.62
8267.8845,175.79,-178.71,-263.72,43.62
8267.9162,175.79,-178.71,-256.33,43.62
8267.9491,175.79,-178.71,-254.17,43.62
8267.9809,175.79,-178.71,-252.16,43.62
8268.0202,175.79,-178.71,-250.32,43.62
8268.0521,175.79,-178.71,-248.65,43.63
8268.0843,175.79,-178.71,-254.82,43.63
8268.1204,175.79,-178.71,-260.33,43.63
8268.1530,175.79,-178.71,-265.20,43.63
8268.1852,175.79,-178.71,-280.83,43.63
8268.2122,175.79,-178.71,-296.34,43.63
8268.2525,175.79,-178.71,-311.04,43.63
8268.2843,175.79,-178.71,-324.38,43.64
8268.3165,175.79,-178.71,-356.43,43.64
8268.3486,175.79,-178.71,-356.43,43.64
8268.3808,175.79,-178.71,-356.43,43.64
8268.4128,175.79,-178.71,-356.43,43.65
8268.4448,175.79,-178.71,-356.43,43.65
8268.4763,175.79,-178.71,-356.43,43.65
8268.5086,175.79,-178.71,-356.43,43.65
8268.5413,175.79,-178.71,-356.43,43.65
8268.5733,175.79,-178.71,-356.43,43.66
8268.6054,175.79,-178.71,-356.43,43.66
8268.6363,175.79,-178.71,-356.43,43.65
8268.6682,175.79,-178.71,-356.43,43.64
8268.7009,175.79,-178.71,-356.43,43.62
8268.7326,175.79,-178.71,-356.43,43.61
8268.7645,175.79,-178.71,-356.43,43.48
8268.7966,175.79,-178.71,-356.43,43.38
8268.8205,175.79,-178.71,-356.43,43.23
8268.8527,175.79,-178.71,-356.43,43.09
8268.8847,175.57,-178.71,-356.43,42.06
8268.9168,169.87,-178.71,-356.43,41.26
8268.9490,164.23,-178.71,-356.43,40.65
8268.9813,155.01,-178.71,-356.43,40.43
8269.0133,146.19,-178.71,-356.43,40.26
8269.0380,137.56,-178.71,-356.43,40.21
8269.0695,129.16,-178.71,-356.43,40.24
8269.1016,115.26,-178.71,-356.43,40.54
8269.1372,104.85,-178.71,-356.43,41.08
8269.1700,97.36,-178.71,-356.43,41.79
8269.1956,91.98,-178.71,-356.43,42.54
8269.2368,82.07,-178.71,-356.43,47.53
8269.2686,76.28,-178.71,-356.43,51.87
8269.3009,72.65,-178.71,-356.43,55.60
8269.3327,70.27,-178.71,-356.43,58.77
8269.3652,78.17,-178.71,-356.43,59.11
8269.3977,83.80,-178.71,-356.43,58.55
8269.4302,88.36,-178.71,-356.43,57.33
8269.4623,91.19,-178.71,-356.43,57.07
8269.4943,93.76,-178.71,-356.43,56.04
8269.5267,96.13,-178.71,-356.43,54.20
8269.5589,98.29,-178.71,-356.43,51.90
8269.5909,96.91,-178.71,-356.43,52.00
8269.6232,95.67,-178.71,-356.43,52.76
8269.6528,94.64,-178.71,-356.43,53.32
8269.6853,93.77,-178.71,-356.43,53.72
8269.7169,88.11,-178.71,-356.43,61.58
8269.7492,83.61,-178.71,-356.43,68.84
8269.7811,79.72,-178.71,-356.43,75.38
8269.8128,76.37,-178.71,-356.43,81.22
8269.8367,68.48,-178.71,-356.43,92.25
8269.8688,62.61,-178.71,-356.43,101.91
8269.9006,57.37,-178.71,-356.43,110.30
8269.9328,52.70,-178.71,-356.43,117.53
8269.9644,48.63,-178.71,-356.43,123.70
8269.9968,45.86,-178.71,-356.43,128.98
8270.0209,43.38,-178.71,-356.43,133.47
8270.0524,41.17,-178.71,-356.43,137.30
8270.0846,39.19,-178.71,-356.43,140.55
8270.1161,37.88,-178.71,-356.43,143.29
8270.1538,36.73,-178.71,-356.43,145.60
8270.1860,35.65,-178.71,-356.43,147.58
8270.2181,33.79,-178.71,-356.43,148.87
8270.2451,32.19,-178.71,-356.43,149.93
8270.2865,30.83,-178.71,-356.43,150.82
8270.3180,30.89,-178.71,-356.43,148.64
8270.3503,30.96,-178.71,-356.43,146.72
8270.3826,31.02,-178.71,-356.43,145.04
8270.4143,29.73,-178.71,-356.43,142.50
8270.4465,28.48,-178.71,-356.43,138.15
8270.4786,27.31,-178.71,-356.43,134.30
8270.5107,26.22,-178.71,-356.43,130.90
8270.5424,24.47,-178.71,-356.43,128.79
8270.5738,23.03,-178.71,-356.43,125.81
8270.6056,21.85,-178.71,-356.43,123.13
8270.6380,19.29,-178.71,-356.43,120.73
8270.6700,16.76,-178.71,-356.43,118.49
8270.7017,14.79,-178.71,-356.43,115.25
8270.7341,13.25,-178.71,-356.43,112.36
8270.7661,12.04,-178.71,-356.43,109.77
8270.7988,10.28,-178.71,-356.43,106.34
8270.8306,6.54,-178.71,-356.43,103.27
8270.8625,3.36,-178.71,-356.43,100.52
8270.8863,0.62,-178.71,-356.43,98.06
8270.9184,-1.38,-178.71,-356.43,95.23
8270.9511,-7.93,-178.71,-356.43,92.68
8270.9830,-13.67,-178.71,-356.43,90.39
8271.0149,-18.87,-178.71,-356.43,88.41
8271.0467,-23.38,-178.71,-356.43,86.69
8271.0703,-22.20,-178.71,-356.43,85.14
8271.1031,-21.26,-178.71,-356.43,83.74
8271.1352,-20.48,-178.71,-356.43,82.48
8271.1676,-19.84,-178.71,-356.43,81.20
8271.1992,-18.77,-178.71,-356.43,79.80
8271.2371,-18.40,-178.71,-356.43,78.55
8271.2708,-18.09,-178.71,-356.43,77.43
8271.3037,-17.83,-178.71,-356.43,75.86
8271.3363,-17.74,-178.71,-356.43,74.49
8271.3684,-17.53,-178.71,-356.43,73.26
8271.4007,-17.35,-178.71,-356.43,72.05
8271.4327,-17.19,-178.71,-356.43,70.96
8271.4649,-17.07,-178.71,-356.43,69.98
8271.4967,-16.97,-178.71,-356.43,69.10
8271.5287,-16.89,-178.71,-356.43,68.31
8271.5606,-16.82,-178.71,-356.43,67.59
8271.5929,-16.76,-178.71,-356.43,66.95
8271.6256,-16.70,-178.71,-356.43,66.37
8271.6580,-16.65,-178.71,-356.43,65.85
8271.6866,-16.60,-178.71,-356.43,65.38
8271.7186,-16.57,-178.71,-356.43,64.95
8271.7508,-16.54,-178.71,-356.43,64.57
8271.7831,-16.51,-178.71,-356.43,64.23
8271.8150,-16.53,-178.71,-356.43,63.84
8271.8476,-16.52,-178.71,-356.43,63.49
8271.8796,-16.52,-178.71,-356.43,63.18
8271.8956,-16.51,-178.71,-356.43,62.91
8271.9359,-16.52,-178.71,-356.43,62.63
8271.9684,-16.53,-178.71,-356.43,62.38
8272.0006,-16.54,-178.71,-356.43,62.17
8272.0327,-16.54,-178.71,-356.43,61.97
8272.0653,-16.55,-178.71,-356.43,61.80
8272.0967,-16.57,-178.71,-356.43,61.64
8272.1210,-16.58,-178.71,-356.43,61.51
8272.1534,-16.60,-178.71,-356.43,61.38
8272.1871,-16.54,-178.71,-356.43,61.32
8272.2188,-16.51,-178.71,-356.43,61.25
8272.2516,-16.48,-178.71,-356.43,61.20
8272.2843,-16.47,-178.71,-356.43,61.15
8272.3120,-16.46,-178.71,-356.43,61.11
8272.3363,-16.45,-178.71,-356.43,61.07
8272.3684,-16.44,-178.71,-356.43,61.03
8272.4008,-16.43,-178.71,-356.43,60.91
8272.4326,-16.42,-178.71,-356.43,60.81
8272.4650,-16.41,-178.71,-356.43,60.72
8272.4969,-16.40,-178.71,-356.43,60.64
8272.5287,-16.65,-178.71,-356.43,61.11
8272.5613,-16.88,-178.71,-356.43,61.50
8272.5931,-17.07,-178.71,-356.43,61.84
8272.6250,-17.23,-178.71,-356.43,62.14
8272.6567,-18.40,-178.71,-356.43,62.10
8272.6867,-19.39,-178.71,-356.43,62.07
8272.7185,-20.23,-178.71,-356.43,62.05
8272.7507,-20.94,-178.71,-356.43,62.03
8272.7835,-24.76,-178.71,-356.43,61.56
8272.8152,-27.93,-178.71,-356.43,61.18
8272.8472,-30.57,-178.71,-356.43,60.88
8272.8795,-29.40,-178.71,-356.43,57.51
8272.9030,-28.47,-178.71,-356.43,54.65
8272.9353,-27.73,-178.71,-356.43,52.22
8272.9674,-27.14,-178.71,-356.43,50.16
8272.9992,-26.42,-178.71,-356.43,48.21
8273.0317,-25.81,-178.71,-356.43,46.56
8273.0639,-25.32,-178.71,-356.43,45.16
8273.0878,-24.90,-178.71,-356.43,43.96
8273.1190,-24.09,-178.71,-356.43,42.41
8273.1508,-23.41,-178.71,-356.43,41.09
8273.1828,-22.83,-178.71,-356.43,39.97
8273.2206,-22.35,-178.71,-356.43,39.01
8273.2523,-21.85,-178.71,-356.43,38.16
8273.2844,-21.43,-178.71,-356.43,37.43
8273.3113,-21.07,-178.71,-356.43,36.82
8273.3359,-20.77,-178.71,-356.43,36.29
8273.3680,-20.51,-178.71,-356.43,35.85
8273.4001,-20.29,-178.71,-356.43,35.47
8273.4325,-20.11,-178.71,-356.43,35.15
8273.4646,-19.95,-178.71,-356.43,34.88
8273.4969,-19.82,-178.71,-356.43,34.65
8273.5290,-19.71,-178.71,-356.43,34.45
8273.5612,-19.62,-178.71,-356.43,34.28
8273.5934,-19.55,-178.71,-356.43,34.13
8273.6256,-19.49,-178.71,-356.43,34.01
8273.6576,-19.44,-178.71,-356.43,33.90
8273.6891,-19.40,-178.71,-356.43,33.81
8273.7204,-19.20,-178.71,-356.43,33.74
8273.7530,-19.03,-178.71,-356.43,33.67
8273.7853,-18.89,-178.71,-356.43,33.62
8273.8177,-12.36,-178.71,-356.43,33.57
8273.8494,-6.82,-178.71,-356.43,33.53
8273.8815,-2.12,-178.71,-356.43,33.50
8273.9136,1.86,-178.71,-356.43,33.47
8273.9537,12.64,-178.71,-356.43,33.44
8273.9850,21.81,-178.71,-356.43,33.42
8274.0175,29.48,-178.71,-356.43,33.40
8274.0486,35.84,-178.71,-356.43,33.38
8274.0814,46.50,-178.71,-356.43,33.37
8274.1142,55.50,-178.71,-356.43,33.36
8274.1301,63.02,-178.71,-356.43,33.35
8274.1702,69.25,-178.71,-356.43,33.34
8274.2016,74.41,-178.71,-356.43,33.33
8274.2259,78.70,-178.71,-356.43,33.33
8274.2677,84.87,-178.71,-356.43,33.32
8274.2918,90.58,-178.71,-356.43,33.32
8274.3281,95.87,-178.71,-356.43,33.31
8274.3518,100.74,-178.71,-356.43,33.31
8274.3840,111.92,-178.71,-356.43,33.31
8274.4157,122.99,-178.71,-356.43,33.30
8274.4477,133.43,-178.71,-356.43,33.30
8274.4787,147.48,-178.71,-356.43,33.30
8274.5105,159.41,-178.71,-356.43,33.30
8274.5428,169.04,-178.71,-356.43,33.30
8274.5741,176.63,-178.71,-356.43,33.30
8274.6064,176.63,-178.71,-356.43,33.29
8274.6380,176.63,-178.71,-356.43,33.29
8274.6698,176.63,-178.71,-357.11,33.29
8274.7020,176.63,-178.71,-334.18,33.29
8274.7337,176.63,-178.71,-314.61,33.30
8274.7657,176.63,-178.71,-298.74,33.30
8274.7975,176.63,-178.71,-280.36,33.31
8274.8298,176.63,-178.71,-264.82,33.31
8274.8544,176.63,-178.71,-252.08,33.32
8274.8860,176.63,-178.24,-241.79,33.32
8274.9173,176.63,-175.07,-231.82,33.32
8274.9502,176.63,-172.39,-223.50,33.33
8274.9819,176.63,-170.12,-216.59,33.33
8275.0138,176.63,-167.92,-209.04,33.33
8275.0456,176.63,-166.06,-202.71,33.34
8275.0696,176.63,-164.50,-197.43,33.34
8275.1017,176.63,-163.17,-193.02,33.34
8275.1334,176.63,-162.05,-189.34,33.34
8275.1661,176.63,-159.24,-181.42,33.34
8275.1980,176.63,-156.86,-175.18,33.34
8275.2301,176.63,-154.84,-170.24,33.34
8275.2701,176.63,-149.34,-153.37,33.34
8275.3025,176.63,-144.73,-140.76,33.34
8275.3350,176.63,-140.84,-131.28,33.35
8275.3706,176.63,-137.56,-124.04,33.35
8275.4032,176.63,-128.39,-120.54,33.35
8275.4352,176.63,-120.51,-118.26,33.35
8275.4676,176.63,-113.77,-116.68,33.35
8275.5002,176.63,-101.08,-107.37,33.35
8275.5320,176.63,-90.70,-101.07,33.35
8275.5638,176.63,-82.07,-96.53,33.35
8275.5957,176.63,-74.84,-93.11,33.35
8275.6279,176.63,-63.64,-90.89,33.35
8275.6602,176.63,-54.16,-89.20,33.35
8275.6925,176.63,-46.09,-87.87,33.35
8275.7086,176.63,-39.20,-86.78,33.35
8275.7411,176.63,-30.42,-87.45,33.35
8275.7704,176.63,-22.77,-88.00,33.35
8275.8021,176.63,-16.12,-88.45,33.35
8275.8343,176.63,-10.37,-88.84,33.36
8275.8666,176.63,-4.22,-89.33,33.36
8275.8982,176.63,1.00,-89.74,33.36
8275.9305,176.63,5.42,-90.09,33.37
8275.9629,176.63,9.17,-90.39,33.37
8276.0036,176.63,12.98,-90.72,33.37
8276.0207,176.63,16.19,-91.00,33.37
8276.0682,176.63,18.91,-91.24,33.37
8276.1004,176.63,20.85,-90.92,33.37
8276.1324,176.63,22.48,-90.65,33.37
8276.1648,176.63,23.87,-90.41,33.37
8276.1964,176.63,25.04,-90.22,33.37
8276.2368,176.63,26.01,-89.98,33.37
8276.2610,176.63,26.84,-89.79,33.37
8276.2866,176.63,27.54,-89.62,33.37
8276.3190,176.63,28.13,-89.48,33.37
8276.3512,176.63,28.64,-89.37,33.37
8276.3849,176.63,29.08,-89.28,33.37
8276.4173,176.63,29.45,-89.20,33.36
8276.4503,176.63,29.76,-89.14,33.36
8276.4815,176.63,30.03,-89.09,33.36
8276.5137,176.63,30.26,-89.05,33.36
8276.5459,176.63,30.45,-89.01,33.36
8276.5782,176.63,30.62,-88.98,33.36
8276.6108,176.63,30.75,-88.95,33.36
8276.6426,176.63,30.87,-88.93,33.36
8276.6747,176.63,30.97,-88.91,33.36
8276.7068,176.63,31.06,-88.90,33.36
8276.7396,176.63,31.13,-88.89,33.36
8276.7707,176.63,31.19,-88.88,33.36
8276.8044,176.63,31.25,-88.87,33.35
8276.8351,176.63,31.29,-88.85,33.35
8276.8668,176.63,31.32,-88.85,33.36
8276.8984,176.63,31.35,-88.84,33.36
8276.9300,176.63,31.37,-88.83,33.36
8276.9624,176.63,31.39,-88.83,33.35
8277.0024,176.63,31.41,-88.82,33.35
8277.0342,176.63,31.43,-88.82,33.35
8277.0665,176.63,31.44,-88.81,33.35
8277.0986,176.63,31.45,-88.81,33.35
8277.1461,176.63,31.46,-88.80,33.35
8277.1867,176.63,31.47,-88.80,33.35
8277.2190,176.63,31.48,-88.80,33.35
8277.2512,176.63,31.48,-88.79,33.35
8277.2757,176.63,31.49,-88.79,33.35
8277.3037,176.63,31.49,-88.77,33.35
8277.3351,176.63,31.49,-88.76,33.35
8277.3647,176.63,31.48,-88.75,33.35
8277.3973,176.63,31.48,-88.74,33.35
8277.4295,176.63,31.48,-88.72,33.35
8277.4621,176.63,31.48,-88.70,33.35
8277.4941,176.63,31.48,-88.70,33.35
8277.5266,176.63,31.48,-88.69,33.35
8277.5590,176.63,31.47,-88.66,33.35
8277.5915,176.63,31.47,-88.63,33.35
8277.6235,176.63,31.47,-88.62,33.35
8277.6556,176.63,31.46,-88.59,33.35
8277.6882,176.63,31.46,-88.57,33.35
8277.7202,176.63,31.45,-88.55,33.36
8277.7516,176.63,31.44,-88.54,33.36
8277.7829,176.63,31.44,-88.51,33.36
8277.8145,176.63,31.44,-88.48,33.37
8277.8460,176.63,31.43,-88.46,33.37
8277.8705,176.63,31.43,-88.44,33.37
8277.9009,176.63,31.42,-88.40,33.38
8277.9330,176.63,31.42,-88.38,33.38
8277.9646,176.63,31.42,-88.35,33.38
8277.9964,176.63,31.41,-88.34,33.38
8278.0208,176.63,31.41,-88.32,33.38
8278.0519,176.63,31.41,-88.31,33.38
8278.0839,176.63,31.40,-88.30,33.38
8278.1159,176.63,31.40,-88.28,33.38
8278.1474,176.63,31.40,-88.27,33.38
8278.1797,176.63,31.39,-88.26,33.38
8278.2194,176.63,31.39,-88.26,33.38
8278.2421,176.63,31.39,-88.25,33.38
8278.2829,176.63,31.39,-88.25,33.38
8278.3083,176.63,31.38,-88.25,33.38
8278.3363,176.63,31.38,-88.24,33.38
8278.3685,176.63,31.38,-88.24,33.38
8278.3960,176.63,31.38,-88.23,33.38
8278.4292,176.63,31.38,-88.23,33.38
8278.4618,176.63,31.37,-88.22,33.38
8278.4936,176.63,31.37,-88.21,33.38
8278.5258,176.63,31.37,-88.23,33.38
8278.5583,176.63,31.37,-88.24,33.38
8278.5904,176.63,31.38,-88.23,33.37
8278.6222,176.63,31.40,-88.28,33.37
8278.6547,176.63,31.41,-88.32,33.37
8278.6868,176.63,31.41,-88.35,33.37
8278.7184,176.63,31.43,-88.38,33.37
8278.7507,176.63,31.43,-88.38,33.36
8278.7830,176.63,31.44,-88.39,33.36
8278.8153,176.63,31.43,-88.40,33.36
8278.8473,176.63,31.43,-88.40,33.35
8278.8798,176.63,31.43,-88.41,33.35
8278.9039,176.63,31.43,-88.42,33.35
8278.9345,176.63,31.43,-88.42,33.35
8278.9669,176.63,31.43,-88.43,33.35
8278.9993,176.63,31.43,-88.43,33.35
8279.0310,176.63,31.43,-88.43,33.35
8279.0632,176.63,31.42,-88.44,33.35
8279.0881,176.63,31.42,-88.44,33.35
8279.1189,176.63,31.42,-88.44,33.35
8279.1506,176.63,31.42,-88.44,33.35
8279.1826,176.63,31.42,-88.44,33.35
8279.2149,176.63,31.41,-88.44,33.35
8279.2478,176.63,31.41,-88.44,33.35
8279.2803,176.63,31.41,-88.45,33.35
8279.3126,176.63,31.41,-88.44,33.35
8279.3360,176.63,31.41,-88.44,33.35
8279.3702,176.63,31.41,-88.44,33.35
8279.4020,176.63,31.40,-88.44,33.35
8279.4342,176.63,31.40,-88.44,33.35
8279.4622,176.63,31.40,-88.44,33.35
8279.4992,176.63,31.40,-88.44,33.35
8279.5316,176.63,31.40,-88.44,33.35
8279.5641,176.63,31.40,-88.44,33.35
8279.5961,176.63,31.39,-88.44,33.35
8279.6282,176.63,31.39,-88.45,33.35
8279.6599,176.63,31.39,-88.45,33.36
8279.6923,176.63,31.39,-88.45,33.36
8279.7079,176.63,31.40,-88.45,33.37
8279.7402,176.63,31.41,-88.46,33.37
8279.7724,176.63,31.41,-88.46,33.37
8279.8040,176.63,31.41,-88.47,33.36
8279.8368,176.63,31.40,-88.47,33.36
8279.8861,176.63,31.39,-88.47,33.36
8279.9173,176.63,31.37,-88.47,33.37
8279.9500,176.63,31.37,-88.47,33.37
8279.9817,176.63,31.37,-88.47,33.37
8280.0137,176.63,31.36,-88.47,33.37
8280.0375,176.63,31.36,-88.47,33.38
8280.0689,176.63,31.36,-88.47,33.38
8280.1015,176.63,31.35,-88.47,33.38
8280.1332,176.63,31.35,-88.47,33.38
8280.1650,176.63,31.35,-88.47,33.38
8280.1976,176.63,31.35,-88.47,33.38
8280.2294,176.63,31.34,-88.47,33.38
8280.2691,176.63,31.34,-88.47,33.38
8280.3010,176.63,31.34,-88.48,33.38
8280.3330,176.63,31.34,-88.48,33.38
8280.3702,176.63,31.34,-88.49,33.38
8280.4023,176.63,31.35,-88.49,33.37
8280.4346,176.63,31.34,-88.49,33.37
8280.4609,176.63,31.34,-88.48,33.36
8280.5016,176.63,31.33,-88.47,33.37
8280.5339,176.63,31.33,-88.47,33.37
8280.5662,176.63,31.32,-88.47,33.37
8280.5982,176.63,31.32,-88.46,33.37
8280.6303,176.63,31.32,-88.47,33.36
8280.6630,176.63,31.33,-88.50,33.36
8280.6940,176.63,31.33,-88.53,33.36
8280.7265,176.63,31.33,-88.55,33.36
8280.7584,176.63,31.33,-88.57,33.36
8280.7907,176.63,31.59,-88.71,33.36
8280.8212,176.63,31.81,-88.82,33.35
8280.8529,176.63,31.99,-88.92,33.34
8280.8847,176.63,32.14,-89.01,33.34
8280.9166,176.63,33.75,-91.75,33.34
8280.9495,176.63,35.00,-94.09,33.33
8280.9820,176.63,35.99,-96.08,33.33
8281.0142,176.63,36.53,-94.98,33.33
8281.0456,176.63,37.01,-94.04,33.33
8281.0690,176.63,37.45,-93.24,33.33
8281.1010,176.63,37.83,-92.55,33.32
8281.1332,176.63,38.17,-91.97,33.32
8281.1651,176.63,37.96,-90.21,33.32
8281.1973,176.63,37.77,-88.72,33.32
8281.2292,176.63,37.61,-87.45,33.32
8281.2690,176.63,37.48,-86.26,33.32
8281.3015,176.63,37.36,-85.24,33.32
8281.3331,176.63,37.24,-84.38,33.32
8281.3706,176.63,37.14,-83.64,33.32
8281.4024,176.63,37.26,-83.15,33.32
8281.4354,176.63,37.37,-82.73,33.32
8281.4605,176.63,37.46,-82.37,33.32
8281.5009,176.63,37.11,-82.18,33.33
8281.5336,176.63,36.81,-82.02,33.33
8281.5663,176.63,36.56,-81.89,33.32
8281.5982,176.63,36.35,-81.77,33.33
8281.6142,176.63,35.85,-82.25,33.33
8281.6465,176.63,35.42,-82.65,33.32
8281.6789,176.63,35.07,-82.99,33.32
8281.7112,176.63,34.76,-83.28,33.32
8281.7434,176.63,34.39,-83.28,33.32
8281.7770,176.63,34.09,-83.27,33.32
8281.8077,176.63,33.85,-83.27,33.33
8281.8402,176.63,33.65,-83.27,33.33
8281.8704,176.63,33.49,-84.30,33.34
8281.9022,176.63,33.34,-85.19,33.34
8281.9345,176.63,33.21,-85.94,33.35
8281.9671,176.63,33.09,-86.58,33.35
8281.9991,176.63,33.05,-88.36,33.35
8282.0312,176.63,33.01,-89.87,33.35
8282.0632,176.63,32.99,-91.16,33.35
8282.0871,176.63,32.97,-92.25,33.35
8282.1189,176.63,33.33,-94.46,33.35
8282.1510,176.63,33.68,-96.35,33.36
8282.1826,176.63,34.00,-97.95,33.36
8282.2153,176.63,34.76,-99.99,33.36
8282.2475,176.63,35.45,-101.72,33.36
8282.2805,176.63,36.08,-103.21,33.36
8282.3042,176.63,36.63,-104.48,33.36
8282.3365,176.63,37.37,-105.68,33.36
8282.3742,176.63,38.03,-106.71,33.36
8282.4018,176.63,38.61,-107.59,33.36
8282.4330,176.63,39.12,-108.34,33.36
8282.4687,176.63,39.47,-108.76,33.36
8282.5008,176.63,39.77,-109.12,33.36
8282.5334,176.63,40.03,-109.43,33.36
8282.5658,176.63,40.25,-109.69,33.36
8282.5976,176.63,40.26,-110.44,33.36
8282.6295,176.63,40.26,-111.09,33.36
8282.6455,176.63,40.26,-111.63,33.36
8282.6778,176.63,40.26,-112.10,33.36
8282.7097,176.63,40.17,-112.49,33.35
8282.7422,176.63,40.10,-112.83,33.35
8282.7743,176.63,40.04,-113.12,33.35
8282.8065,176.63,39.98,-113.36,33.35
8282.8395,176.63,39.94,-113.54,33.35
8282.8704,176.63,39.90,-113.70,33.35
8282.9032,176.63,39.87,-113.83,33.35
8282.9357,176.63,39.38,-113.62,33.34
8282.9680,176.63,38.97,-113.45,33.34
8283.0003,176.63,38.63,-113.30,33.34
8283.0324,176.63,38.34,-113.18,33.34
8283.0645,176.63,37.93,-113.07,33.34
8283.0966,176.63,37.58,-112.98,33.33
8283.1205,176.63,37.28,-112.91,33.33
8283.1530,176.63,37.03,-112.84,33.33
8283.1848,176.63,36.84,-112.59,33.33
8283.2165,176.63,36.68,-112.37,33.33
8283.2488,176.63,36.55,-112.18,33.32
8283.2807,176.63,36.43,-112.02,33.32
8283.3128,176.63,36.46,-112.05,33.32
8283.3376,176.63,36.48,-112.07,33.32
8283.3747,176.63,36.50,-112.09,33.32
8283.4024,176.63,36.52,-112.11,33.32
8283.4349,176.63,36.51,-111.95,33.32
8283.4661,176.63,36.51,-111.82,33.32
8283.5014,176.63,36.51,-111.71,33.32
8283.5339,176.63,36.50,-111.61,33.32
8283.5658,176.63,36.43,-111.59,33.32
8283.5973,176.63,36.37,-111.58,33.32
8283.6289,176.63,36.32,-111.57,33.32
8283.6612,176.63,36.28,-111.55,33.32
8283.6938,176.63,36.24,-111.55,33.32
8283.7259,176.63,35.99,-111.79,33.32
8283.7580,176.63,35.77,-112.01,33.33
8283.7902,176.63,35.59,-112.19,33.33
8283.8225,176.63,35.44,-112.34,33.33
8283.8548,176.63,35.15,-112.45,33.33
8283.8866,176.63,34.91,-112.54,33.33
8283.9185,176.63,34.70,-112.62,33.33
8283.9508,176.63,34.52,-112.68,33.33
8283.9830,176.63,34.51,-112.10,33.33
8284.0155,176.63,34.50,-111.60,33.33
8284.0472,176.63,34.49,-111.19,33.33
8284.0794,176.63,34.61,-110.60,33.33
8284.1036,176.63,34.72,-110.09,33.33
8284.1359,176.63,34.83,-109.67,33.33
8284.1682,176.63,34.92,-109.30,33.33
8284.2001,176.63,34.99,-108.97,33.33
8284.2322,176.63,35.06,-108.70,33.33
8284.2641,176.63,35.12,-108.46,33.33
8284.2875,176.63,35.17,-108.26,33.34
8284.3192,176.63,35.21,-108.09,33.34
8284.3516,176.63,35.24,-107.95,33.34
8284.3835,176.63,35.27,-107.83,33.34
8284.4162,176.63,35.29,-107.72,33.34
8284.4490,176.63,35.18,-107.76,33.34
8284.4853,176.63,35.08,-107.79,33.34
8284.5095,176.63,34.99,-107.82,33.34
8284.5417,176.63,34.92,-107.84,33.34
8284.5735,176.63,35.32,-107.97,33.34
8284.6060,176.63,35.66,-108.09,33.34
8284.6382,176.63,35.95,-108.18,33.34
8284.6701,176.63,36.20,-108.27,33.34
8284.7029,176.63,36.59,-108.64,33.34
8284.7350,176.63,36.92,-108.97,33.34
8284.7675,176.63,37.21,-109.24,33.34
8284.7999,176.63,37.41,-109.25,33.34
8284.8316,176.63,37.59,-109.26,33.34
8284.8638,176.63,37.74,-109.27,33.34
8284.8800,176.63,37.87,-109.28,33.34
8284.9200,176.63,37.75,-109.50,33.34
8284.9524,176.63,37.65,-109.68,33.33
8284.9840,176.63,37.57,-109.84,33.33
8285.0159,176.63,37.51,-109.97,33.33
8285.0477,176.63,37.28,-109.90,33.33
8285.0798,176.63,37.09,-109.84,33.33
8285.1045,176.63,36.92,-109.79,33.33
8285.1358,176.63,36.79,-109.74,33.33
8285.1678,176.63,36.64,-110.81,33.33
8285.1995,176.63,36.50,-111.71,33.33
8285.2318,176.63,36.38,-112.48,33.33
8285.2638,176.63,36.27,-113.13,33.33
8285.2957,176.63,35.87,-114.35,33.33
8285.3196,176.63,35.52,-115.39,33.33
8285.3518,176.63,35.22,-116.27,33.33
8285.3872,176.63,34.96,-117.01,33.33
8285.4195,176.63,34.59,-115.47,33.33
8285.4522,176.63,34.25,-114.16,33.33
8285.4781,176.63,33.95,-113.04,33.33
8285.5184,176.63,33.33,-111.11,33.33
8285.5507,176.63,32.77,-109.46,33.33
8285.5829,176.63,32.28,-108.07,33.33
8285.5990,176.63,31.84,-106.89,33.33
8285.6314,176.63,31.45,-105.88,33.33
8285.6638,176.63,30.98,-104.84,33.33
8285.6964,176.63,30.58,-103.95,33.34
8285.7285,176.63,30.23,-103.20,33.33
8285.7603,176.63,29.89,-102.58,33.33
8285.7925,176.63,29.59,-102.06,33.33
8285.8250,176.63,29.34,-101.62,33.33
8285.8572,176.63,29.12,-101.24,33.33
8285.8871,176.63,28.63,-100.93,33.33
8285.9195,176.63,28.21,-100.66,33.33
8285.9520,176.63,27.85,-100.44,33.33
8285.9835,176.63,27.55,-100.25,33.32
8286.0158,176.63,27.26,-100.06,33.32
8286.0481,176.63,27.02,-99.91,33.32
8286.0805,176.63,26.82,-99.77,33.32
8286.1126,176.63,26.64,-99.66,33.32
8286.1374,176.63,26.39,-99.39,33.32
8286.1696,176.63,26.17,-99.15,33.31
8286.2013,176.63,25.99,-98.96,33.31
8286.2335,176.63,25.84,-98.79,33.31
8286.2657,176.63,25.54,-98.46,33.31
8286.2983,176.63,25.29,-98.18,33.31
8286.3295,176.63,25.08,-97.94,33.31
8286.3534,176.63,24.90,-97.74,33.31
8286.3922,176.63,24.73,-97.53,33.31
8286.4198,176.63,24.59,-97.35,33.31
8286.4516,176.63,24.47,-97.19,33.31
8286.4806,176.63,24.35,-96.90,33.30
8286.5129,176.63,24.26,-96.65,33.30
8286.5452,176.63,24.18,-96.43,33.30
8286.5773,176.63,24.11,-96.25,33.30
8286.6090,176.63,24.09,-96.31,33.30
8286.6409,176.63,24.07,-96.36,33.30
8286.6731,176.63,24.05,-96.40,33.30
8286.7053,176.63,24.04,-96.43,33.30
8286.7378,176.63,24.08,-96.63,33.30
8286.7700,176.63,24.11,-96.79,33.30
8286.8021,176.63,24.14,-96.93,33.30
8286.8340,176.63,24.27,-97.10,33.30
8286.8664,176.63,24.37,-97.26,33.30
8286.8984,176.63,24.46,-97.39,33.30
8286.9307,176.63,24.54,-97.50,33.30
8286.9631,176.63,24.67,-97.46,33.30
8287.0034,176.63,24.78,-97.40,33.30
8287.0357,176.63,24.88,-97.36,33.30
8287.0678,176.63,24.97,-97.32,33.30
8287.0997,176.63,25.14,-97.46,33.30
8287.1321,176.63,25.28,-97.59,33.30
8287.1645,176.63,25.40,-97.69,33.30
8287.1959,176.63,25.76,-98.38,33.30
8287.2368,176.63,26.06,-98.97,33.31
8287.2690,176.63,26.32,-99.47,33.31
8287.3005,176.63,26.54,-99.89,33.31
8287.3324,176.63,26.84,-100.95,33.31
8287.3638,176.63,27.09,-101.84,33.31
8287.3818,176.63,27.30,-102.60,33.31
8287.4201,176.63,27.47,-103.25,33.31
8287.4526,176.63,27.91,-104.50,33.31
8287.4807,176.63,28.27,-105.57,33.31
8287.5135,176.63,28.57,-106.47,33.31
8287.5456,176.63,28.82,-107.24,33.31
8287.5784,176.63,28.91,-107.43,33.31
8287.6103,176.63,28.99,-107.59,33.31
8287.6426,176.63,29.05,-107.73,33.31
8287.6754,176.63,29.19,-107.77,33.31
8287.7080,176.63,29.30,-107.81,33.31
8287.7401,176.63,29.40,-107.84,33.31
8287.7721,176.63,29.49,-107.87,33.31
8287.8045,176.63,29.68,-107.93,33.31
8287.8366,176.63,29.84,-107.99,33.31
8287.8686,176.63,29.98,-108.03,33.31
8287.9004,176.63,30.10,-108.07,33.31
8287.9326,176.63,30.26,-107.56,33.31
8287.9650,176.63,30.39,-107.12,33.31
8287.9972,176.63,30.51,-106.75,33.31
8288.0295,176.63,30.60,-106.43,33.32
8288.0545,176.63,30.81,-105.74,33.32
8288.0857,176.63,30.98,-105.16,33.32
8288.1178,176.63,31.13,-104.65,33.33
8288.1499,176.63,31.25,-104.23,33.33
8288.1818,176.63,31.79,-104.28,33.33
8288.2141,176.63,32.26,-104.32,33.34
8288.2463,176.63,32.65,-104.36,33.34
8288.2707,176.63,32.99,-104.39,33.34
8288.3025,176.63,33.32,-105.11,33.34
8288.3346,176.63,33.60,-105.72,33.34
8288.3664,176.63,33.85,-106.24,33.34
8288.4036,176.63,33.95,-107.23,33.34
8288.4358,176.63,34.04,-108.06,33.34
8288.4680,176.63,34.12,-108.77,33.34
8288.4954,176.63,34.18,-109.38,33.34
8288.5276,176.63,34.46,-109.96,33.35
8288.5597,176.63,34.70,-110.46,33.35
8288.5924,176.63,34.91,-110.88,33.35
8288.6249,176.63,35.09,-111.24,33.35
8288.6569,176.63,35.42,-110.61,33.35
8288.6890,176.63,35.70,-110.08,33.35
8288.7216,176.63,35.93,-109.64,33.35
8288.7537,176.63,36.13,-109.26,33.35
8288.7859,176.63,35.90,-108.37,33.35
8288.8177,176.63,35.71,-107.62,33.35
8288.8499,176.63,35.55,-106.98,33.35
8288.8822,176.63,35.38,-106.40,33.35
8288.9139,176.63,35.24,-105.90,33.35
8288.9464,176.63,35.12,-105.48,33.35
8288.9856,176.63,35.02,-105.12,33.35
8289.0178,176.63,34.86,-104.74,33.36
8289.0499,176.63,34.73,-104.41,33.36
8289.0820,176.63,34.62,-104.13,33.35
8289.1139,176.63,34.52,-103.90,33.35
8289.1301,176.63,34.44,-103.70,33.35
8289.1703,176.63,34.37,-103.53,33.35
8289.2031,176.63,34.31,-103.39,33.35
8289.2345,176.63,34.36,-103.19,33.36
8289.2667,176.63,34.41,-103.01,33.36
8289.2991,176.63,34.45,-102.87,33.35
8289.3310,176.63,34.48,-102.74,33.35
8289.3631,176.63,34.33,-102.53,33.35
8289.3874,176.63,34.19,-102.34,33.35
8289.4200,176.63,34.08,-102.19,33.35
8289.4520,176.63,33.98,-102.06,33.35
8289.4841,176.63,33.83,-101.83,33.35
8289.5161,176.63,33.71,-101.64,33.36
8289.5412,176.63,33.60,-101.48,33.36
8289.5816,176.63,33.51,-101.34,33.36
8289.6138,176.63,32.76,-99.91,33.36
8289.6464,176.63,32.13,-98.70,33.36
8289.6786,176.63,31.59,-97.68,33.36
8289.7108,176.63,31.13,-96.81,33.35
8289.7431,176.63,30.45,-95.77,33.35
8289.7754,176.63,29.88,-94.90,33.35
8289.8081,176.63,29.39,-94.15,33.35
8289.8405,176.63,29.30,-94.31,33.35
8289.8728,176.63,29.22,-94.44,33.35
8289.9055,176.63,29.15,-94.56,33.35
8289.9361,176.63,29.10,-94.65,33.35
8289.9681,176.63,29.16,-94.71,33.35
8290.0001,176.63,29.20,-94.77,33.35
8290.0323,176.63,29.24,-94.81,33.35
8290.0649,176.63,29.28,-94.85,33.35
8290.0973,176.63,29.32,-94.87,33.35
8290.1295,176.63,29.35,-94.90,33.35
8290.1457,176.63,29.38,-94.92,33.36
8290.1854,176.63,29.41,-94.94,33.36
8290.2172,176.63,29.45,-94.95,33.36
8290.2491,176.63,29.47,-94.96,33.36
8290.2813,176.63,29.50,-94.98,33.36
8290.3134,176.63,29.53,-94.99,33.35
8290.3460,176.63,29.55,-95.01,33.35
8290.3708,176.63,29.58,-95.02,33.35
8290.4024,176.63,29.65,-95.06,33.30
8290.4344,176.63,29.71,-95.10,33.25
8290.4667,176.63,29.76,-95.14,33.22
8290.4912,176.63,29.80,-95.16,33.19
8290.5296,176.63,29.84,-95.19,33.16
8290.5617,176.63,29.87,-95.21,33.14
8290.5940,176.63,29.89,-95.23,33.12
8290.6265,176.63,29.91,-95.24,33.11
8290.6585,176.63,29.26,-94.74,33.89
8290.6907,176.63,28.75,-94.18,34.56
8290.7232,176.63,28.30,-93.70,35.12
8290.7554,176.63,27.91,-92.84,35.76
8290.7875,176.63,27.57,-92.10,36.31
8290.8200,176.63,27.40,-91.28,36.78
8290.8521,176.63,27.25,-90.57,37.18
8290.8843,176.63,26.89,-89.50,37.73
8290.9169,176.63,27.95,-88.11,38.20
8290.9493,176.63,28.85,-86.93,38.60
8290.9811,176.63,29.60,-85.92,38.94
8291.0131,176.63,30.24,-85.62,39.26
8291.0373,176.63,31.86,-85.69,39.53
8291.0697,176.63,33.24,-85.74,39.76
8291.1016,176.63,34.42,-85.78,39.95
8291.1339,176.63,35.47,-86.21,39.71
8291.1661,176.63,36.71,-86.88,39.50
8291.1985,176.63,37.76,-87.45,39.33
8291.2304,176.63,38.66,-87.95,39.19
8291.2624,176.63,39.53,-88.24,38.97
8291.2863,176.63,40.24,-88.50,38.79
8291.3185,176.63,40.85,-88.71,38.63
8291.3512,176.63,41.37,-88.90,38.49
8291.3830,176.63,41.92,-89.01,38.33
8291.4152,176.63,42.39,-89.10,38.20
8291.4540,176.63,42.78,-89.18,38.08
8291.4854,176.63,43.13,-89.13,38.01
8291.5174,176.63,43.42,-89.08,37.94
8291.5368,176.63,43.67,-89.04,37.89
8291.5833,176.63,43.88,-89.01,37.85
8291.6151,176.63,44.20,-88.51,37.73
8291.6475,176.63,44.48,-88.08,37.63
8291.6798,176.63,44.71,-87.72,37.55
8291.7121,176.63,44.91,-87.42,37.49
8291.7440,176.63,45.09,-87.47,37.38
8291.7760,176.63,45.24,-87.52,37.29
8291.8081,176.63,45.36,-87.56,37.22
8291.8406,176.63,45.48,-88.00,37.10
8291.8727,176.63,45.59,-88.37,37.00
8291.9050,176.63,45.68,-88.69,36.92
8291.9380,176.63,45.76,-88.96,36.84
8291.9696,176.63,45.82,-89.19,36.77
8292.0015,176.63,45.88,-89.38,36.71
8292.0334,176.63,46.22,-89.92,36.38
8292.0656,176.63,46.51,-90.38,36.09
8292.0978,176.63,46.75,-90.77,35.85
8292.1298,176.63,46.96,-91.10,35.64
8292.1699,176.63,47.11,-93.32,34.57
8292.2019,176.63,47.20,-95.20,33.70
8292.2343,176.63,47.24,-96.80,33.01
8292.2667,176.63,47.26,-108.20,30.07
8292.2987,176.63,46.59,-117.78,28.80
8292.3310,176.63,45.55,-125.82,28.75
8292.3631,176.63,44.34,-132.58,29.45
8292.3867,176.63,42.94,-144.39,30.71
8292.4185,176.63,41.17,-154.32,32.75
8292.4509,176.63,39.25,-162.68,35.04
8292.4826,176.63,37.35,-169.71,37.31
8292.5066,176.63,35.84,-178.59,39.16
8292.5469,176.63,34.36,-186.09,40.90
8292.5711,176.63,32.96,-192.43,42.46
8292.6033,176.63,31.70,-197.78,43.84
8292.6350,176.63,30.74,-204.42,44.44
8292.6673,176.63,30.05,-210.03,44.85
8292.6995,176.63,29.57,-214.77,45.12
8292.7318,176.63,29.23,-218.79,45.29
8292.7640,176.63,28.89,-225.87,45.29
8292.7962,176.63,28.82,-231.87,45.12
8292.8285,176.63,28.92,-236.96,44.85
8292.8606,176.63,30.10,-244.66,43.57
8292.8926,176.63,31.30,-251.25,42.31
8292.9251,176.63,32.84,-256.98,41.14
8292.9543,176.63,34.26,-261.91,40.08
8292.9861,176.63,37.35,-265.59,37.29
8293.0180,176.63,40.17,-268.80,34.93
8293.0506,176.63,42.55,-271.59,32.93
8293.0827,176.63,44.56,-274.01,31.24
8293.1154,176.63,47.19,-273.89,28.84
8293.1476,176.63,49.50,-273.82,26.82
8293.1797,176.63,51.47,-273.76,25.11
8293.2123,176.63,53.14,-273.71,23.67
8293.2525,176.63,55.21,-271.66,21.80
8293.2847,176.63,57.07,-269.94,20.21
8293.3170,176.63,58.66,-268.47,18.85
8293.3488,176.63,59.93,-267.32,17.76
8293.3809,176.63,61.44,-266.47,16.84
8293.4129,176.63,62.74,-265.74,16.06
8293.4536,176.63,63.83,-265.12,15.40
8293.4778,176.63,64.81,-266.00,14.80
8293.5198,176.63,66.24,-266.96,14.29
8293.5516,176.63,67.44,-267.79,13.88
8293.5831,176.63,68.37,-270.19,13.66
8293.6159,176.63,69.72,-272.29,13.51
8293.6480,176.63,70.86,-274.09,13.42
8293.6807,176.63,71.83,-275.64,13.36
8293.7128,176.63,72.89,-277.18,13.01
8293.7449,176.63,73.79,-278.49,12.71
8293.7777,176.63,74.55,-279.61,12.47
8293.8093,176.63,76.27,-280.58,12.25
8293.8416,176.63,77.73,-281.47,12.03
8293.8737,176.63,78.99,-282.22,11.84
8293.9054,176.63,80.06,-282.85,11.68
8293.9376,176.63,82.63,-282.53,11.95
8293.9696,176.63,84.82,-282.23,12.21
8294.0021,176.63,86.68,-281.97,12.46
8294.0343,176.63,88.27,-281.51,12.69
8294.0658,176.63,89.17,-280.54,13.32
8294.0978,176.63,89.92,-279.71,13.89
8294.1301,176.63,90.56,-279.00,14.39
8294.1698,176.63,91.10,-278.39,14.83
8294.2020,176.63,91.47,-277.56,15.29
8294.2337,176.63,91.80,-276.65,15.69
8294.2662,176.63,92.09,-275.88,16.04
8294.2988,176.63,92.46,-275.33,16.20
8294.3307,176.63,92.78,-274.86,16.33
8294.3542,176.63,93.05,-274.76,16.45
8294.3860,117.77,93.28,-274.68,16.54
8294.4185,120.10,93.64,-274.56,16.46
8294.4511,121.98,93.94,-274.46,16.38
8294.4831,123.59,94.21,-274.32,16.32
8294.5070,124.91,94.44,-274.20,16.27
8294.5368,125.51,94.68,-271.64,16.17
8294.5689,126.03,94.89,-269.45,16.08
8294.6115,126.58,95.08,-267.60,16.01
8294.6359,127.05,95.24,-266.03,15.94
8294.6679,128.23,95.69,-264.77,15.57
8294.6955,129.22,96.08,-263.67,15.25
8294.7364,130.03,96.42,-262.72,14.98
8294.7614,130.71,96.72,-261.91,14.75
8294.7969,138.52,95.53,-262.42,16.20
8294.8221,154.65,94.81,-262.42,17.64
8294.8546,179.41,94.30,-262.40,18.98
8294.8829,179.41,93.92,-262.38,20.18
8294.9135,179.41,94.32,-264.01,20.68
8294.9526,179.41,94.84,-265.88,21.11
8294.9770,179.41,95.35,-267.47,21.49
8295.0092,179.41,95.83,-268.82,21.81
8295.0519,179.41,96.25,-269.91,22.13
8295.0994,179.41,96.73,-271.08,22.40
8295.1317,179.41,97.17,-272.08,22.63
8295.1634,179.41,97.55,-272.88,22.85
8295.2034,179.41,97.98,-273.89,23.04
8295.2269,179.41,98.36,-274.75,23.20
8295.2564,179.41,98.70,-275.49,23.34
8295.3021,179.41,99.05,-276.00,23.54
8295.3339,179.41,99.35,-276.44,23.72
8295.3659,179.41,99.61,-276.81,23.87
8295.3978,179.41,99.84,-277.13,24.00
8295.4302,179.41,100.03,-277.31,24.11
8295.4625,179.41,100.22,-277.23,24.14
8295.5028,179.41,100.38,-277.16,24.16
8295.5270,179.41,100.51,-277.10,24.18
8295.5529,179.41,100.66,-277.25,24.20
8295.5852,179.41,100.88,-276.73,24.16
8295.6254,179.41,101.07,-276.29,24.13
8295.6495,179.41,101.23,-275.92,24.10
8295.6813,179.41,101.30,-276.31,24.05
8295.7129,179.41,101.36,-276.65,24.01
8295.7451,179.41,101.42,-276.93,23.98
8295.7762,179.41,101.59,-277.29,23.95
8295.8083,179.41,101.65,-277.65,23.92
8295.8407,179.41,101.70,-277.96,23.89
8295.8724,179.41,101.75,-278.22,23.87
8295.9047,179.41,102.31,-279.03,23.85
8295.9362,179.41,101.94,-277.08,25.11
8295.9683,179.41,101.62,-275.43,26.18
8296.0005,179.41,101.35,-274.04,27.09
8296.0324,179.41,101.17,-272.87,27.86
8296.0637,179.41,100.33,-272.52,29.24
8296.0874,179.41,99.62,-272.21,30.43
8296.1195,179.41,99.02,-271.94,31.44
8296.1525,179.41,98.49,-271.66,32.30
8296.1845,179.41,97.88,-272.27,32.91
8296.2169,179.41,97.36,-272.79,33.44
8296.2488,179.41,96.93,-273.22,33.89
8296.2811,179.41,96.40,-273.11,34.63
8296.3129,179.41,95.95,-273.02,35.27
8296.3365,179.41,95.57,-272.93,35.81
8296.3688,179.41,95.24,-272.87,36.27
8296.4011,179.41,94.81,-270.67,37.27
8296.4337,179.41,94.42,-268.83,38.13
8296.4659,179.41,94.06,-267.27,38.87
8296.4979,179.41,93.63,-265.91,39.49
8296.5305,179.41,93.26,-264.57,40.18
8296.5544,179.41,92.94,-263.45,40.76
8296.5857,179.41,92.66,-262.50,41.26
8296.6179,179.41,92.41,-261.69,41.69
8296.6625,179.41,92.17,-262.23,41.22
8296.7021,179.41,91.72,-262.50,40.82
8296.7339,179.41,91.35,-262.72,40.49
8296.7663,179.41,91.13,-262.33,40.24
8296.7984,179.41,90.50,-261.24,40.02
8296.8304,179.41,89.97,-260.33,39.83
8296.8633,179.41,89.54,-259.55,39.67
8296.8954,179.41,88.88,-258.33,39.58
8296.9279,179.41,88.47,-257.47,39.50
8296.9601,179.41,88.13,-256.74,39.44
8296.9927,179.41,87.85,-256.13,39.38
8297.0249,179.41,87.45,-255.35,39.47
8297.0574,179.41,87.03,-254.61,39.54
8297.0863,179.41,86.68,-253.99,39.61
8297.1187,179.41,86.35,-253.99,39.72
8297.1509,179.41,86.07,-253.98,39.82
8297.1834,179.41,86.18,-254.12,39.90
8297.2158,179.41,86.27,-254.24,39.96
8297.2479,179.41,86.18,-254.32,40.00
8297.2802,179.41,86.47,-255.11,40.04
8297.3041,179.41,86.71,-255.78,40.07
8297.3362,179.41,86.92,-256.35,40.10
8297.3685,179.41,87.32,-257.12,39.96
8297.4006,179.41,87.67,-257.78,39.85
8297.4331,179.41,87.96,-258.35,39.76
8297.4652,179.41,88.22,-258.82,39.67
8297.4969,179.41,88.95,-259.40,39.07
8297.5294,179.41,89.57,-259.90,38.55
8297.5542,179.41,90.09,-260.33,38.11
8297.5870,179.41,90.09,-260.66,37.74
8297.6187,179.41,90.40,-260.96,37.15
8297.6511,179.41,90.66,-261.21,36.65
8297.6813,179.41,90.88,-261.43,36.23
8297.7145,179.41,91.01,-261.56,35.66
8297.7460,179.41,91.12,-261.67,35.19
8297.7774,179.41,91.22,-261.76,34.78
8297.8095,179.41,91.30,-261.84,34.44
8297.8413,179.41,91.88,-261.88,33.56
8297.8728,179.41,92.37,-261.91,32.82
8297.9048,179.41,92.40,-261.89,32.19
8297.9375,179.41,92.43,-261.87,31.66
8297.9699,179.41,92.47,-262.02,31.19
8298.0021,179.41,92.55,-262.23,30.79
8298.0341,179.41,92.62,-262.41,30.45
8298.0666,179.41,92.67,-262.57,30.16
8298.0991,179.41,92.53,-262.91,30.20
8298.1310,179.41,92.50,-263.40,30.22
8298.1630,179.41,92.47,-263.82,30.24
8298.2033,179.41,92.38,-263.50,30.42
8298.2356,179.41,92.31,-263.24,30.56
8298.2686,179.41,92.24,-263.03,30.68
8298.3006,179.41,92.19,-262.85,30.79
8298.3327,179.41,92.40,-263.30,30.83
8298.3655,179.41,92.59,-263.70,30.86
8298.3978,179.41,92.76,-264.04,30.89
8298.4297,179.41,92.90,-264.34,30.91
8298.4695,179.41,91.43,-266.06,30.53
8298.5023,179.41,90.17,-267.41,30.31
8298.5345,179.41,89.10,-268.54,30.19
8298.5664,179.41,88.35,-265.14,31.71
8298.5907,179.41,87.66,-262.28,33.02
8298.6199,179.41,87.08,-259.99,34.15
8298.6525,179.41,86.57,-258.06,35.11
8298.6812,179.41,85.87,-254.05,35.94
8298.7138,179.41,85.22,-250.69,36.64
8298.7461,179.41,84.66,-247.85,37.22
8298.7781,179.41,84.16,-245.46,37.71
8298.8098,179.41,83.89,-242.11,38.37
8298.8420,179.41,83.77,-239.46,38.94
8298.8741,179.41,83.66,-237.21,39.44
8298.9067,179.41,83.55,-235.30,39.86
8298.9388,179.41,83.45,-233.69,40.23
8298.9711,179.41,83.51,-232.52,40.54
8299.0031,179.41,84.33,-234.73,40.18
8299.0350,179.41,85.04,-236.62,39.86
8299.0673,179.41,85.64,-238.24,39.59
8299.0833,179.41,85.93,-239.52,39.35
8299.1158,179.41,85.97,-243.71,38.27
8299.1475,179.41,85.94,-247.27,37.39
8299.1791,179.41,85.87,-250.29,36.68
8299.2192,179.41,85.97,-254.39,35.88
8299.2422,179.41,85.99,-257.87,35.27
8299.2839,179.41,85.96,-260.82,34.79
8299.3155,179.41,86.36,-263.52,34.41
8299.3377,179.41,87.46,-265.14,34.28
8299.3783,179.41,88.41,-266.53,34.16
8299.4024,179.41,89.24,-267.72,34.05
8299.4339,179.41,89.70,-268.38,33.95
8299.4660,179.41,90.57,-268.09,33.72
8299.4985,179.41,91.31,-267.85,33.54
8299.5308,179.41,91.94,-267.64,33.38
8299.5627,179.41,92.48,-267.46,33.26
8299.5876,179.41,93.31,-267.11,32.97
8299.6204,179.41,93.99,-266.73,32.74
8299.6522,179.41,94.57,-266.40,32.55
8299.6845,179.41,95.07,-266.12,32.39
8299.7169,179.41,95.32,-264.67,32.44
8299.7497,179.41,95.42,-263.20,32.48
8299.7811,179.41,95.51,-261.94,32.53
8299.8136,179.41,95.58,-260.87,32.56
8299.8453,179.41,95.20,-260.70,32.83
8299.8771,179.41,94.80,-260.89,33.06
8299.9088,179.41,94.45,-261.05,33.25
8299.9409,179.41,93.72,-260.61,33.62
8299.9730,179.41,93.09,-260.24,33.94
8300.0056,179.41,92.32,-259.97,34.21
8300.0370,179.41,91.66,-259.74,34.44
8300.0695,179.41,91.12,-259.18,34.58
8300.1015,179.41,90.53,-258.80,34.70
8300.1337,179.41,90.04,-258.48,34.80
8300.1658,179.41,89.62,-258.21,34.89
8300.1981,179.41,89.26,-257.98,34.96
8300.2300,179.41,88.70,-257.80,35.02
8300.2692,179.41,88.38,-256.73,34.87
8300.3005,179.41,88.10,-255.82,34.74
8300.3325,179.41,87.88,-255.05,34.63
8300.3486,179.41,87.68,-254.47,34.54
8300.3809,179.41,88.20,-256.19,33.87
8300.4124,179.41,88.64,-257.67,33.29
8300.4530,179.41,89.01,-258.93,32.81
8300.4850,179.41,89.40,-260.25,32.31
8300.5170,179.41,89.74,-261.38,31.89
8300.5486,179.41,90.01,-262.35,31.53
8300.5810,179.41,90.25,-263.16,31.22
8300.6130,179.41,90.52,-264.18,30.85
8300.6368,179.41,90.75,-265.04,30.53
8300.6693,179.41,90.94,-265.78,30.27
8300.7015,179.41,91.12,-266.42,30.04
8300.7292,179.41,91.08,-267.52,29.92
8300.7673,179.41,91.04,-268.46,29.83
8300.7996,179.41,91.00,-269.25,29.75
8300.8318,179.41,91.02,-269.87,29.68
8300.8641,179.41,88.93,-271.18,30.15
8300.8963,179.41,87.17,-272.26,30.67
8300.9284,179.41,85.67,-273.15,31.20
8300.9603,179.41,85.15,-270.38,33.47
8300.9936,179.41,84.68,-268.03,35.44
8301.0249,179.41,84.26,-266.05,37.14
8301.0572,179.41,83.87,-264.36,38.61
8301.0891,179.41,83.51,-261.86,40.10
8301.1210,179.41,83.18,-259.75,41.40
8301.1528,179.41,82.86,-257.96,42.51
8301.1848,179.41,82.58,-256.48,43.46
8301.2169,179.41,82.49,-254.35,43.31
8301.2491,179.41,82.42,-252.54,43.17
8301.2815,179.41,82.37,-251.01,43.04
8301.3137,179.41,82.58,-247.96,43.10
8301.3464,179.41,82.75,-245.35,43.17
8301.3703,179.41,82.88,-243.13,43.24
8301.4022,179.41,82.99,-241.24,43.30
8301.4344,179.41,82.28,-237.40,44.11
8301.4667,179.41,81.65,-234.16,44.80
8301.4988,179.41,81.08,-231.44,45.37
8301.5309,179.41,80.59,-229.14,45.86
8301.5628,179.41,78.98,-224.67,46.56
8301.5875,179.41,77.64,-220.96,47.11
8301.6195,179.41,76.55,-217.85,47.54
8301.6535,179.41,75.65,-215.26,47.87
8301.6859,179.41,75.24,-210.18,47.07
8301.7178,179.41,75.07,-205.88,46.30
8301.7460,179.41,75.04,-202.24,45.59
8301.7795,179.41,75.06,-199.13,44.94
8301.8118,179.41,75.13,-196.49,44.35
8301.8440,179.41,75.25,-194.25,43.84
8301.8762,179.41,75.37,-187.75,43.12
8301.9086,179.41,75.55,-182.04,42.45
8301.9403,179.41,75.79,-177.18,41.83
8301.9722,179.41,76.05,-173.03,41.28
8302.0046,179.41,76.81,-164.62,40.08
8302.0366,179.41,77.58,-157.39,39.01
8302.0684,179.41,78.32,-151.18,38.08
8302.1008,179.41,79.72,-143.32,36.51
8302.1324,179.41,80.98,-136.50,35.19
8302.1650,179.41,82.08,-130.60,34.11
8302.1965,179.41,83.03,-125.62,33.23
8302.2364,179.41,84.27,-119.87,32.34
8302.2689,179.41,85.30,-114.90,31.67
8302.3010,179.41,86.16,-110.61,31.19
8302.3327,179.41,87.08,-107.24,30.83
8302.3651,179.41,87.54,-102.29,31.21
8302.3969,179.41,87.89,-98.06,31.61
8302.4292,179.41,88.16,-94.45,32.00
8302.4694,179.41,88.55,-91.23,32.63
8302.5012,179.41,88.86,-88.49,33.20
8302.5330,179.41,89.12,-86.16,33.70
8302.5658,179.41,89.37,-84.46,34.14
8302.5969,179.41,89.41,-83.38,34.45
8302.6290,179.41,89.44,-82.47,34.71
8302.6538,179.41,89.47,-81.70,34.93
8302.6844,179.41,89.63,-80.90,35.12
8302.7162,179.41,89.29,-82.07,35.02
8302.7433,179.41,88.99,-83.06,34.95
8302.7839,179.41,88.73,-83.90,34.91
8302.8156,179.41,88.58,-84.59,34.97
8302.8482,179.41,88.45,-85.17,35.03
8302.8799,179.41,88.34,-85.67,35.08
8302.9125,179.41,88.25,-86.09,35.13
8302.9448,179.41,88.02,-86.78,35.08
8302.9776,179.41,87.83,-87.36,35.04
8303.0093,179.41,87.66,-87.86,35.02
8303.0406,179.41,87.74,-88.21,35.00
8303.0723,179.41,87.75,-88.69,34.94
8303.1048,179.41,87.76,-89.09,34.90
8303.1363,179.41,87.76,-89.44,34.86
8303.1613,179.41,87.76,-89.73,34.83
8303.2015,179.41,87.45,-90.21,34.70
8303.2332,179.41,87.27,-90.54,34.60
8303.2656,179.41,87.11,-90.82,34.52
8303.2978,179.41,87.04,-91.72,34.30
8303.3296,179.41,86.97,-92.48,34.13
8303.3534,179.41,86.85,-92.68,33.99
8303.3863,179.41,86.76,-92.84,33.87
8303.4176,179.41,86.82,-92.93,33.61
8303.4504,179.41,86.87,-93.01,33.39
8303.4814,179.41,87.09,-93.11,33.20
8303.5134,179.41,87.29,-93.19,33.04
8303.5369,179.41,87.45,-93.27,32.91
8303.5695,179.41,87.59,-93.33,32.79
8303.6013,179.41,87.97,-93.19,32.39
8303.6328,179.41,88.30,-93.07,32.05
8303.6703,179.41,88.57,-92.97,31.76
8303.7025,179.41,89.07,-93.11,31.52
8303.7342,179.41,89.64,-91.89,31.56
8303.7626,179.41,90.13,-90.85,31.61
8303.7937,179.41,90.56,-89.96,31.65
8303.8259,179.41,91.04,-89.52,31.70
8303.8579,179.41,91.30,-90.03,31.48
8303.8905,179.41,91.52,-90.47,31.29
8303.9226,179.41,91.71,-90.85,31.13
8303.9547,179.41,91.99,-91.10,30.92
8303.9864,179.41,92.24,-91.31,30.74
8304.0189,179.41,92.44,-91.50,30.58
8304.0503,179.41,92.62,-91.66,30.45
8304.0815,179.41,92.62,-90.87,30.39
8304.1133,179.41,92.63,-90.20,30.34
8304.1447,179.41,92.63,-89.62,30.30
8304.1696,179.41,92.64,-89.13,30.26
8304.2011,179.41,92.43,-88.68,30.12
8304.2322,179.41,92.26,-88.28,30.01
8304.2646,179.41,92.12,-87.94,29.90
8304.2965,179.41,92.02,-87.72,29.82
8304.3201,179.41,91.00,-85.92,30.44
8304.3522,179.41,90.15,-84.42,30.97
8304.3841,179.41,89.43,-83.17,31.40
8304.4166,179.41,88.86,-81.98,31.77
8304.4489,179.41,87.94,-79.07,32.53
8304.4801,179.41,87.15,-76.64,33.16
8304.5198,179.41,86.48,-74.60,33.68
8304.5519,179.41,85.95,-72.78,34.12
8304.5837,179.41,85.52,-70.24,34.41
8304.6163,179.41,85.16,-68.09,34.66
8304.6485,179.41,84.86,-66.28,34.85
8304.6873,179.41,84.01,-62.44,35.32
8304.7195,179.41,83.34,-59.23,35.68
8304.7515,179.41,82.81,-56.52,35.96
8304.7730,179.41,82.38,-54.25,36.18
8304.8095,179.41,82.20,-51.60,35.97
8304.8416,179.41,82.09,-49.36,35.77
8304.8737,179.41,82.04,-47.45,35.58
8304.9055,179.41,81.93,-45.83,35.41
8304.9380,179.41,81.95,-44.37,35.09
8304.9710,179.41,81.98,-43.12,34.80
8305.0030,179.41,82.03,-42.06,34.56
8305.0341,179.41,82.18,-41.44,34.31
8305.0665,179.41,82.31,-40.91,34.10
8305.0985,179.41,82.42,-40.46,33.92
8305.1306,179.41,82.52,-40.08,33.77
8305.1626,179.41,82.91,-39.39,33.55
8305.2028,179.41,83.25,-38.80,33.37
8305.2346,179.41,83.53,-38.29,33.23
8305.2669,179.41,83.67,-38.07,33.12
8305.2989,179.41,84.24,-37.78,32.70
8305.3314,179.41,84.73,-37.52,32.36
8305.3632,179.41,85.15,-37.31,32.08
8305.3957,179.41,85.57,-37.00,31.94
8305.4346,179.41,85.93,-36.74,31.83
8305.4672,179.41,86.23,-36.51,31.75
8305.4996,179.41,86.37,-36.47,31.69
8305.5320,179.41,87.07,-35.69,31.46
8305.5645,179.41,87.67,-35.01,31.30
8305.5964,179.41,88.18,-34.44,31.20
8305.6292,179.41,88.65,-33.97,31.13
8305.6540,179.41,89.10,-33.15,31.32
8305.6779,179.41,89.49,-32.45,31.50
8305.7185,179.41,89.82,-31.85,31.67
8305.7504,179.41,90.11,-31.33,31.84
8305.7742,179.41,90.26,-31.18,31.95
8305.8172,179.41,90.55,-31.06,32.05
8305.8497,179.41,90.79,-30.96,32.14
8305.8823,179.41,91.10,-31.18,32.04
8305.9152,179.41,91.44,-31.66,31.96
8305.9480,179.41,91.74,-32.08,31.89
8305.9798,179.41,91.99,-32.44,31.83
8306.0124,179.41,92.15,-32.82,31.76
8306.0444,179.41,92.28,-33.09,31.69
8306.0757,179.41,92.38,-33.32,31.63
8306.1081,179.41,92.47,-33.52,31.58
8306.1398,179.41,92.77,-33.91,31.38
8306.1714,179.41,92.99,-34.27,31.20
8306.2024,179.41,93.19,-34.58,31.06
8306.2343,179.41,93.26,-34.95,30.96
8306.2665,179.41,93.32,-35.27,30.88
8306.2990,179.41,93.23,-35.51,30.82
8306.3312,179.41,93.15,-35.70,30.76
8306.3640,179.41,93.33,-36.17,30.33
8306.3955,179.41,93.49,-36.66,29.97
8306.4357,179.41,93.63,-37.07,29.66
8306.4675,179.41,93.75,-37.42,29.39
8306.4994,179.41,94.07,-37.66,28.93
8306.5320,179.41,94.34,-37.87,28.53
8306.5640,179.41,94.57,-38.04,28.20
8306.5880,179.41,94.65,-38.15,27.91
8306.6191,179.41,94.99,-37.22,27.98
8306.6510,179.41,95.28,-36.42,28.06
8306.6828,179.41,95.53,-35.74,28.14
8306.7089,179.41,95.69,-35.20,28.21
8306.7523,179.41,95.87,-34.15,28.40
8306.7849,179.41,96.03,-33.26,28.57
8306.8099,179.41,96.15,-32.49,28.72
8306.8338,179.41,96.26,-31.28,28.94
8306.8662,179.41,96.35,-30.25,29.14
8306.8985,179.41,96.36,-29.50,29.31
8306.9308,179.41,96.36,-28.86,29.46
8306.9630,179.41,96.34,-27.87,29.57
8306.9956,179.41,96.34,-26.97,29.66
8307.0282,179.41,96.34,-26.21,29.74
8307.0599,179.41,96.34,-25.56,29.81
8307.0925,179.41,96.39,-24.63,29.85
8307.1248,179.41,96.42,-23.96,29.89
8307.1571,179.41,96.45,-23.38,29.93
8307.1894,179.41,96.48,-22.89,29.96
8307.2202,179.41,96.50,-22.48,29.99
8307.2522,179.41,96.48,-22.13,30.01
8307.2843,179.41,96.40,-21.69,30.08
8307.3164,179.41,96.33,-21.32,30.15
8307.3486,179.41,96.28,-21.00,30.20
8307.3813,179.41,94.96,-20.27,31.20
8307.4134,179.41,93.83,-19.66,32.06
8307.4539,179.41,92.86,-19.15,32.80
8307.4852,179.41,91.91,-18.73,33.42
8307.5170,179.41,91.09,-18.29,33.99
8307.5489,179.41,90.39,-17.93,34.48
8307.5811,179.41,89.79,-17.62,34.89
8307.6131,179.41,89.29,-17.41,35.24
8307.6368,179.41,88.93,-17.25,35.43
8307.6697,179.41,88.63,-17.11,35.58
8307.7011,179.41,88.38,-17.00,35.72
8307.7331,179.41,88.14,-16.96,35.83
8307.7647,179.41,87.83,-16.84,35.86
8307.7888,179.41,87.56,-16.72,35.88
8307.8201,179.41,87.33,-16.63,35.90
8307.8526,179.41,87.13,-16.54,35.92
8307.8845,179.41,86.65,-16.25,36.10
8307.9166,179.41,86.23,-16.00,36.25
8307.9498,179.41,85.88,-15.78,36.38
8307.9815,179.41,85.86,-15.71,36.13
8308.0136,179.41,85.84,-15.65,35.92
8308.0456,179.41,85.83,-15.59,35.74
8308.0779,179.41,85.82,-15.55,35.59
8308.1098,179.41,85.81,-15.51,35.46
8308.1411,179.41,85.78,-15.26,35.36
8308.1730,179.41,86.15,-15.67,34.87
8308.2053,179.41,86.46,-16.02,34.46
8308.2362,179.41,86.73,-16.31,34.11
8308.2679,179.41,86.91,-16.33,33.82
8308.3000,179.41,87.06,-16.34,33.56
8308.3321,179.41,87.20,-16.35,33.35
8308.3639,179.41,87.70,-16.72,32.86
8308.3801,179.41,88.20,-17.10,32.44
8308.4198,179.41,88.62,-17.41,32.09
8308.4524,179.41,88.97,-17.68,31.79
8308.4843,179.41,89.07,-17.30,31.90
8308.5172,179.41,89.22,-17.40,32.00
8308.5490,179.41,89.35,-17.49,32.08
8308.5810,179.41,89.48,-17.32,32.13
8308.6132,179.41,89.60,-17.17,32.18
8308.6373,179.41,89.69,-17.03,32.21
8308.6690,179.41,89.77,-16.92,32.25
8308.7013,179.41,89.84,-16.81,32.28
8308.7328,179.41,89.90,-16.71,32.31
8308.7652,179.41,89.95,-16.64,32.33
8308.7884,179.41,89.99,-16.57,32.81
8308.8284,179.41,90.10,-16.45,33.20
8308.8613,179.41,90.19,-16.36,33.56
8308.8928,179.41,90.27,-16.28,33.88
8308.9251,179.41,90.34,-16.21,35.27
8308.9575,179.41,90.40,-16.10,36.58
8308.9896,179.41,90.43,-16.02,37.79
8309.0217,179.41,90.45,-15.94,39.39
8309.0537,179.41,90.47,-15.88,40.81
8309.0856,179.41,90.49,-15.82,42.08
8309.1175,179.41,90.51,-15.78,43.22
8309.1494,179.41,90.52,-15.74,42.75
8309.1818,179.41,90.53,-15.71,42.38
8309.2133,179.41,90.54,-15.68,42.09
8309.2463,179.41,90.55,-15.65,41.87
8309.2707,179.41,90.56,-15.62,41.67
8309.3030,179.41,90.57,-15.60,41.50
8309.3357,179.41,90.57,-15.58,41.35
8309.3676,179.41,90.58,-15.56,41.21
8309.3997,179.41,90.59,-15.54,41.09
8309.4314,179.41,90.59,-15.52,40.99
8309.4637,179.41,90.60,-15.51,40.85
8309.4953,179.41,90.60,-15.48,40.73
8309.5360,179.41,90.61,-15.47,40.62
8309.5683,179.41,90.61,-15.45,40.72
8309.6003,179.41,90.61,-15.43,40.77
8309.6325,179.41,90.62,-15.41,40.77
8309.6643,179.41,90.62,-15.40,40.75
8309.6963,179.41,90.62,-15.38,38.98
8309.7364,179.41,90.62,-15.37,37.02
8309.7611,179.41,90.62,-15.36,34.96
8309.7891,179.41,90.63,-15.34,32.91
8309.8191,179.41,90.63,-15.34,31.93
8309.8513,179.41,90.63,-15.33,31.02
8309.8945,179.41,90.63,-15.32,30.19
8309.9177,179.41,90.63,-15.31,28.11
8309.9501,179.41,90.63,-15.30,26.19
8309.9820,179.41,90.63,-15.30,24.42
8310.0138,179.41,90.63,-15.29,22.80
8310.0462,179.41,90.63,-15.28,19.60
8310.0782,179.41,90.64,-15.28,16.86
8310.1101,179.41,90.64,-15.27,14.57
8310.1424,179.41,90.64,-15.27,12.72
8310.1747,179.41,90.64,-15.27,11.57
8310.2072,179.41,90.64,-15.27,10.66
8310.2395,179.41,90.64,-15.27,9.96
8310.2870,179.41,90.43,-15.02,9.37
8310.3182,179.41,90.25,-14.81,8.83
8310.3497,179.41,90.09,-14.63,8.35
8310.3813,179.41,89.60,-14.22,6.60
8310.4138,179.41,89.20,-13.89,5.26
8310.4461,179.41,88.87,-13.60,4.13
8310.4856,179.41,88.72,-13.19,3.21
8310.5177,179.41,87.56,-13.93,2.12
8310.5497,179.41,86.70,-14.56,4.90
8310.5814,179.41,86.05,-15.10,6.82
8310.6134,179.41,85.58,-15.48,8.52
8310.6375,179.41,85.11,-15.87,11.14
8310.6688,179.41,84.79,-16.21,13.34
8310.7011,179.41,84.59,-16.50,15.21
8310.7329,179.41,84.51,-16.61,16.74
8310.7647,179.41,84.33,-16.41,17.69
8310.7888,179.41,84.21,-16.25,18.45
8310.8199,179.41,84.12,-16.11,19.11
8310.8513,179.41,84.04,-15.97,19.61
8310.8832,179.41,83.94,-15.74,19.84
8310.9326,179.41,83.87,-15.56,20.00
8310.9651,179.41,83.88,-15.22,19.75
8310.9974,179.41,83.77,-14.86,19.38
8311.0297,179.41,83.67,-14.56,19.04
8311.0620,179.41,83.60,-14.31,18.77
8311.0943,179.41,83.62,-14.40,18.66
8311.1263,179.41,83.64,-14.48,18.53
8311.1585,179.41,83.66,-14.54,18.39
8311.1905,179.41,83.68,-14.60,18.16
8311.2226,179.41,83.79,-14.08,17.49
8311.2548,179.41,83.89,-13.64,16.89
8311.2705,179.41,83.96,-13.27,16.37
8311.3030,179.41,84.03,-12.95,15.54
8311.3356,179.41,84.49,-11.22,13.78
8311.3670,179.41,84.86,-9.74,12.27
8311.3988,179.41,85.17,-8.48,10.97
8311.4307,179.41,85.43,-7.40,9.50
8311.4627,179.41,85.53,-5.61,7.50
8311.5032,179.41,85.61,-4.08,5.84
8311.5356,179.41,85.68,-2.79,4.53
8311.5681,179.41,85.77,-1.06,3.58
8311.6002,179.41,85.54,0.77,4.69
8311.6318,179.41,85.34,2.31,8.26
8311.6633,179.41,85.15,3.62,11.73
8311.6956,179.41,84.89,5.14,16.21
8311.7355,179.41,84.64,6.43,18.07
8311.7674,179.41,84.42,7.51,19.67
8311.7998,179.41,84.32,8.10,21.03
8311.8322,179.41,84.19,8.64,21.96
8311.8654,179.41,84.07,9.10,22.28
8311.9027,179.41,83.98,9.48,22.58
8311.9349,179.41,83.88,9.84,22.82
8311.9669,179.41,83.79,10.15,23.05
8311.9991,179.41,83.77,10.27,23.26
8312.0312,179.41,83.75,10.38,24.44
8312.0633,179.41,83.75,10.45,25.53
8312.0956,179.41,83.74,10.54,26.48
8312.1278,179.41,83.73,10.62,27.33
8312.1599,179.41,83.72,10.69,26.94
8312.1913,179.41,83.71,10.74,26.60
8312.2236,179.41,83.70,10.82,26.31
8312.2559,179.41,83.68,10.88,26.05
8312.2886,179.41,83.67,10.93,25.83
8312.3194,179.41,83.66,10.94,25.63
8312.3509,179.41,83.68,10.87,25.47
8312.3831,179.41,83.69,10.81,25.33
8312.4150,179.41,83.66,10.80,25.28
8312.4472,179.41,83.64,10.79,25.16
8312.4788,179.41,83.74,10.71,25.06
8312.5189,179.41,83.84,10.64,24.97
8312.5508,179.41,83.98,10.39,24.44
8312.5830,179.41,84.27,9.95,23.98
8312.6145,179.41,84.52,9.57,23.59
8312.6468,179.41,84.73,9.25,23.26
8312.6866,179.41,84.90,8.77,22.73
8312.7191,179.41,85.05,8.36,22.28
8312.7514,179.41,85.17,8.01,21.88
8312.7832,179.41,85.38,6.87,21.28
8312.8075,179.41,85.54,5.89,20.48
8312.8365,179.41,85.66,5.05,19.83
8312.8677,179.41,85.75,4.33,19.29
8312.9175,179.41,85.82,3.76,18.92
8312.9504,179.41,85.88,3.27,18.58
8312.9821,179.41,85.93,2.86,18.29
8313.0140,179.41,85.94,2.34,17.96
8313.0465,179.41,85.95,1.90,17.71
8313.0782,179.41,85.95,1.52,17.49
8313.1103,179.41,85.95,1.20,17.30
8313.1426,179.41,85.88,1.00,17.25
8313.1748,179.41,85.82,0.83,16.87
8313.2076,179.41,85.77,0.69,16.54
8313.2399,179.41,85.73,0.57,16.23
8313.2722,179.41,85.63,0.55,16.03
8313.3048,179.41,85.55,0.52,15.84
8313.3365,179.41,85.48,0.50,15.51
8313.3686,179.41,85.45,0.39,15.21
8313.4011,179.41,85.43,0.29,14.94
8313.4329,179.41,85.41,0.21,14.69
8313.4653,179.41,85.28,0.25,14.55
8313.4976,179.41,85.16,0.26,14.43
8313.5296,179.41,85.06,0.28,14.21
8313.5540,179.41,85.02,0.39,14.03
8313.5859,179.41,84.99,0.49,13.87
8313.6175,179.41,84.89,0.67,13.72
8313.6491,179.41,84.80,0.83,13.62
8313.6813,179.41,84.84,0.92,13.49
8313.7129,179.41,84.88,1.01,13.38
8313.7532,179.41,84.74,1.31,13.28
8313.7856,179.41,84.62,1.57,13.15
8313.8179,179.41,84.71,1.74,13.02
8313.8499,179.41,84.68,2.09,12.91
8313.8866,179.41,84.66,2.38,13.09
8313.9188,179.41,84.62,2.62,13.31
8313.9517,179.41,84.59,2.82,13.53
8313.9837,179.41,84.56,2.98,13.72
8314.0159,179.41,84.54,3.11,13.90
8314.0484,179.41,84.48,3.25,13.99
8314.0803,179.41,84.50,3.22,14.07
8314.1125,179.41,84.52,3.20,14.14
8314.1449,179.41,84.53,3.18,13.66
8314.1612,179.41,84.61,3.14,13.37
8314.1931,179.41,84.68,3.11,13.12
8314.2258,179.41,84.63,3.35,12.91
8314.2575,179.41,84.59,3.56,11.92
8314.2894,179.41,84.07,3.89,11.40
8314.3202,179.41,83.70,4.06,10.94
8314.3524,179.41,83.38,4.21,10.53
8314.3847,179.41,83.11,4.33,8.90
8314.4168,179.41,82.44,4.66,7.80
8314.4493,179.41,81.89,4.87,6.88
8314.4797,179.41,81.42,5.04,5.54
8314.5115,179.41,81.03,5.19,4.60
8314.5521,179.41,80.58,5.41,4.16
8314.5838,179.41,80.23,5.47,4.12
8314.6162,179.41,79.94,5.52,3.48
8314.6480,179.41,79.58,5.62,2.72
8314.6803,179.41,79.33,5.65,2.06
8314.7125,179.41,79.11,5.67,1.50
8314.7531,179.41,78.92,5.69,2.19
8314.7847,179.41,78.81,5.73,3.92
8314.8171,179.41,78.58,6.10,5.54
8314.8409,179.41,78.37,6.42,7.28
8314.8699,179.41,78.20,6.68,8.87
8314.9019,179.41,77.83,6.91,10.42
8314.9421,179.41,77.76,6.78,11.83
8314.9650,179.41,77.71,6.67,14.06
8314.9970,179.41,77.51,6.21,16.14
8315.0293,179.41,77.34,5.83,18.03
8315.0612,179.41,77.22,5.49,19.73
8315.0939,179.41,77.12,5.21,20.80
8315.1264,179.41,76.98,4.96,21.86
8315.1587,179.41,76.84,4.69,22.83
8315.1914,179.41,76.73,4.46,23.72
8315.2233,179.41,76.63,4.27,24.53
8315.2392,179.41,76.65,4.05,25.16
8315.2709,179.41,76.66,3.87,25.07
8315.3029,179.41,76.65,3.66,25.01
8315.3356,179.41,76.63,3.48,24.98
8315.3679,179.41,76.83,3.26,24.75
8315.4000,179.41,76.80,3.42,22.47
8315.4323,179.41,76.78,3.56,20.42
8315.4643,179.41,76.75,3.68,18.59
8315.4965,179.41,76.69,3.74,15.08
8315.5366,179.41,76.63,3.79,11.91
8315.5686,179.41,76.58,3.82,9.10
8315.6003,179.41,76.44,3.97,6.74
8315.6327,179.41,76.33,4.09,5.21
8315.6646,179.41,76.23,4.19,4.67
8315.6968,179.41,76.05,4.43,5.12
8315.7288,179.41,75.99,4.61,6.24
8315.7689,179.41,75.94,4.76,7.18
8315.8011,179.41,75.90,4.89,8.09
8315.8327,179.41,75.87,5.00,8.94
8315.8584,179.41,75.83,5.11,9.61
8315.8865,179.41,75.79,5.20,10.19
8315.9186,179.41,75.77,5.28,10.69
8315.9455,179.41,75.81,5.22,11.13
8315.9787,179.41,75.84,5.22,11.69
8316.0106,179.41,75.87,5.22,12.17
8316.0423,179.41,75.89,5.23,12.58
8316.0740,179.41,75.80,5.31,13.07
8316.1060,179.41,75.72,5.38,13.23
8316.1386,179.41,75.66,5.45,13.37
8316.1713,179.41,75.60,5.50,13.49
8316.2045,179.41,75.49,5.55,13.50
8316.2365,179.41,75.40,5.59,13.58
8316.2684,179.41,75.33,5.62,13.65
8316.3017,179.41,75.30,5.61,13.72
8316.3342,179.41,75.16,5.67,13.81
8316.3663,179.41,75.04,5.72,13.91
8316.3983,179.41,74.93,5.75,14.00
8316.4309,179.41,74.97,5.45,14.08
8316.4625,179.41,74.92,5.43,14.21
8316.5033,179.41,74.88,5.41,14.35
8316.5344,179.41,74.83,5.39,14.49
8316.5664,179.41,74.86,5.37,14.61
8316.5981,179.41,74.89,5.35,14.77
8316.6301,179.41,74.91,5.34,14.93
8316.6619,179.41,75.01,5.17,15.07
8316.7019,179.41,74.99,5.02,15.16
8316.7340,179.41,74.97,4.90,15.25
8316.7664,179.41,74.95,4.80,15.35
8316.7984,179.41,74.94,4.73,15.45
8316.8303,179.41,74.94,4.67,15.80
8316.8630,179.41,75.03,4.48,15.84
8316.8873,179.41,75.11,4.31,15.89
8316.9191,179.41,75.17,4.14,15.96
8316.9514,179.41,75.21,3.99,16.47
8316.9775,179.41,75.38,3.01,16.16
8317.0172,179.41,75.60,2.36,15.93
8317.0493,179.41,75.78,1.81,15.77
8317.0817,179.41,75.94,1.34,15.82
8317.1140,179.41,76.33,-1.02,15.25
8317.1463,179.41,76.66,-2.97,14.79
8317.1784,179.41,76.93,-4.64,14.59
8317.2107,179.41,77.14,-6.06,14.46
8317.2429,179.41,77.39,-7.33,14.16
8317.2748,179.41,77.60,-8.51,13.94
8317.3068,179.41,77.77,-9.51,13.84
8317.3386,179.41,78.03,-10.45,13.66
8317.3709,179.41,78.24,-11.26,13.53
8317.4030,179.41,78.40,-11.97,13.43
8317.4353,179.41,78.53,-12.58,13.51
8317.4670,179.41,78.88,-12.87,13.62
8317.4990,179.41,79.04,-13.08,13.73
8317.5311,179.41,79.18,-13.26,13.85
8317.5635,179.41,79.30,-13.41,14.10
8317.5880,179.41,79.73,-13.34,14.24
8317.6197,179.41,79.99,-13.31,14.38
8317.6516,179.41,80.22,-13.28,14.52
8317.6837,179.41,80.41,-13.26,14.85
8317.7155,179.41,80.87,-11.76,15.33
8317.7473,179.41,81.19,-10.55,15.76
8317.7795,179.41,81.47,-9.51,16.32
8317.8040,179.41,81.71,-8.62,16.81
8317.8365,179.41,81.92,-5.89,17.57
8317.8684,179.41,82.11,-3.57,18.24
8317.9006,179.41,82.26,-1.60,18.92
8317.9327,179.41,82.38,0.08,19.51
8317.9723,179.41,82.53,1.65,20.05
8317.9979,179.41,82.63,3.05,20.52
8318.0290,179.41,82.71,4.25,20.99
8318.0607,179.41,82.72,5.39,21.37
8318.0926,179.41,82.73,6.36,21.70
8318.1252,179.41,82.74,7.18,21.99
8318.1565,179.41,82.76,7.82,22.36
8318.1887,179.41,82.78,8.36,22.69
8318.2205,179.41,82.79,8.82,22.97
8318.2525,179.41,82.67,9.73,23.27
8318.2846,179.41,82.58,10.53,23.55
8318.3169,179.41,82.50,11.20,23.80
8318.3491,179.41,82.43,11.77,24.02
8318.3811,179.41,82.45,12.34,24.31
8318.4130,179.41,82.47,12.77,24.57
8318.4539,179.41,82.49,13.14,24.80
8318.4853,179.41,82.38,13.88,24.88
8318.5176,179.41,82.27,14.51,25.11
8318.5497,179.41,82.18,15.05,25.33
8318.5824,179.41,82.10,15.50,25.52
8318.6141,179.41,82.13,16.00,25.65
8318.6472,179.41,82.11,16.39,25.95
8318.6780,179.41,82.09,16.72,26.24
8318.7182,179.41,82.08,17.00,26.50
8318.7504,179.41,82.06,17.23,26.84
8318.7827,179.41,82.08,18.43,27.69
8318.8148,179.41,82.09,19.45,28.43
8318.8475,179.41,82.09,20.32,29.07
8318.8796,179.41,82.05,21.05,29.64
8318.9042,179.41,82.02,22.09,30.17
8318.9363,179.41,81.99,22.97,30.64
8318.9685,179.41,81.96,23.73,31.04
8319.0007,179.41,82.04,24.52,31.24
8319.0242,179.41,82.04,25.27,31.65
8319.0649,179.41,82.05,25.90,32.00
8319.0971,179.41,82.05,26.45,32.28
8319.1289,179.41,82.07,26.90,32.52
8319.1460,179.41,82.08,27.29,32.72
8319.1783,179.41,82.09,27.62,32.89
8319.2106,179.41,82.06,27.92,33.00
8319.2429,179.41,82.04,28.09,33.08
8319.2753,179.41,82.03,28.24,33.15
8319.3071,179.41,82.01,28.37,33.21
8319.3392,179.41,81.94,28.67,33.28
8319.3710,179.41,81.89,29.02,33.34
8319.4032,179.41,81.84,29.31,33.40
8319.4348,179.41,81.77,29.13,33.16
8319.4674,179.41,81.71,28.97,33.04
8319.4995,179.41,81.61,29.03,32.95
8319.5319,179.41,81.53,29.07,32.88
8319.5641,179.41,81.47,28.13,32.63
8319.5968,179.41,81.31,27.51,32.40
8319.6291,179.41,81.18,26.98,32.21
8319.6534,179.41,81.06,26.53,32.06
8319.6854,179.41,81.07,25.05,31.71
8319.7176,179.41,81.07,23.79,31.33
8319.7501,179.41,81.07,22.72,31.03
8319.7818,179.41,80.98,21.97,30.78
8319.8138,179.41,81.00,20.17,30.31
8319.8458,179.41,81.01,18.63,29.92
8319.8787,179.41,81.01,17.33,29.56
8319.9014,179.41,80.96,16.37,29.27
8319.9333,179.41,81.02,14.75,28.82
8319.9655,179.41,81.06,13.37,28.45
8319.9892,179.41,81.09,12.19,28.15
8320.0326,179.41,81.14,11.20,27.85
8320.0568,179.41,81.42,8.76,27.19
8320.0886,179.41,81.65,6.68,26.64
8320.1210,179.41,81.84,4.91,26.20
8320.1526,179.41,82.00,3.39,25.82
8320.1846,179.41,82.21,1.82,25.47
8320.2165,179.41,82.38,0.48,25.17
8320.2488,179.41,82.52,-0.66,24.84
8320.2815,179.41,82.65,-1.54,24.54
8320.3137,179.41,82.76,-2.29,24.29
8320.3459,179.41,82.89,-3.59,24.01
8320.3782,179.41,83.00,-4.69,23.75
8320.4107,179.41,83.10,-5.64,23.52
8320.4268,179.41,83.17,-6.44,23.32
8320.4686,179.41,83.23,-7.98,23.02
8320.5011,179.41,83.28,-9.29,22.75
8320.5336,179.41,83.32,-10.41,22.53
8320.5657,179.41,83.35,-11.23,22.33
8320.5967,179.41,83.23,-12.38,22.17
8320.6207,179.41,83.14,-13.36,22.03
8320.6527,179.41,83.06,-14.19,21.91
8320.6848,179.41,82.98,-14.93,21.81
8320.7167,179.41,82.73,-17.38,20.76
8320.7483,179.41,82.50,-19.46,19.83
8320.7794,179.41,82.29,-21.23,19.01
8320.8114,179.41,82.13,-22.58,18.30
8320.8361,179.41,81.90,-26.74,16.94
8320.8684,179.41,81.68,-30.26,15.78
8320.9006,179.41,81.48,-33.25,14.80
8320.9328,179.41,81.31,-35.23,13.97
8320.9705,179.41,81.20,-39.22,13.27
8321.0027,179.41,81.12,-42.60,12.77
8321.0351,179.41,81.08,-45.02,12.44
8321.0607,179.41,81.90,-48.84,12.21
8321.0853,179.41,82.62,-52.12,12.00
8321.1180,179.41,83.25,-54.93,11.93
8321.1502,179.41,83.80,-57.33,12.00
8321.1825,179.41,84.95,-60.56,11.99
8321.2148,179.41,85.96,-63.33,12.23
8321.2468,179.41,86.83,-65.72,12.52
8321.2786,179.41,87.70,-67.80,12.85
8321.3109,179.41,88.64,-69.72,13.77
8321.3431,179.41,89.51,-71.38,14.93
8321.3751,179.41,90.29,-72.79,15.96
8321.4077,179.41,91.98,-76.71,16.88
8321.4394,179.41,93.09,-79.12,18.67
8321.4704,179.41,94.10,-81.16,20.23
8321.5023,179.41,95.00,-82.88,21.85
8321.5347,179.41,96.32,-85.76,23.39
8321.5669,173.99,97.45,-88.23,24.74
8321.5993,169.77,98.43,-90.35,25.94
8321.6310,166.90,99.27,-92.16,26.78
8321.6631,164.67,99.99,-93.81,27.45
8321.7029,163.01,100.61,-95.23,28.04
8321.7356,161.74,101.14,-96.45,28.47
8321.7680,160.74,101.59,-97.49,28.85
8321.8002,159.56,102.01,-98.42,29.07
8321.8324,158.74,102.36,-99.25,29.27
8321.8640,158.07,102.65,-99.96,29.33
8321.8960,157.29,102.86,-100.66,29.36
8321.9365,156.73,103.05,-101.21,29.39
8321.9610,156.27,103.21,-101.68,29.42
8322.0032,155.88,103.34,-102.07,29.47
8322.0353,155.46,103.40,-102.43,29.56
8322.0592,155.24,103.47,-102.71,29.64
8322.0840,155.05,103.53,-102.94,29.70
8322.1166,154.90,103.58,-103.13,29.74
8322.1489,154.91,103.63,-103.25,29.80
8322.1815,154.92,103.67,-103.36,29.85
8322.2137,154.93,103.70,-103.44,29.89
8322.2458,154.93,103.73,-103.51,29.89
8322.2777,154.93,103.76,-103.56,29.89
8322.3102,154.92,103.78,-103.61,29.89
8322.3429,154.94,103.77,-103.65,29.87
8322.3750,154.96,103.78,-103.67,29.85
8322.4072,154.97,103.78,-103.69,29.84
8322.4393,155.43,103.83,-103.61,29.88
8322.4702,155.82,103.86,-103.54,29.59
8322.5029,158.88,102.70,-99.46,29.34
8322.5343,161.82,101.66,-96.08,29.13
8322.5669,175.70,101.82,-92.29,29.74
8322.5988,175.70,98.90,-82.80,29.99
8322.6315,175.70,95.96,-75.31,30.14
8322.6635,175.70,93.16,-69.41,30.23
8322.7037,175.70,92.09,-63.21,29.94
8322.7349,175.70,88.60,-55.34,29.69
8322.7675,175.70,85.33,-49.02,29.47
8322.7995,175.70,83.00,-43.35,28.78
8322.8317,175.70,80.81,-38.70,28.39
8322.8639,175.70,77.26,-33.34,28.06
8322.8957,175.70,74.15,-29.00,27.77
8322.9359,175.70,71.45,-25.49,27.64
8322.9681,175.70,69.12,-22.61,27.55
8322.9998,175.70,67.46,-20.54,27.05
8323.0321,175.70,65.77,-18.08,26.62
8323.0621,175.70,64.32,-16.04,26.28
8323.0974,175.70,63.14,-14.45,25.94
8323.1301,175.70,62.13,-13.13,25.66
8323.1630,175.70,61.42,-11.95,25.43
8323.1953,175.70,60.81,-10.96,25.32
8323.2274,175.70,60.41,-10.19,25.07
8323.2596,175.70,59.98,-9.34,24.88
8323.2917,175.70,59.61,-8.63,24.72
8323.3243,175.70,59.29,-8.03,24.60
8323.3561,175.70,59.02,-7.52,24.50
8323.3884,175.70,58.96,-7.19,24.44
8323.4199,175.70,58.92,-7.00,24.40
8323.4525,175.70,58.89,-6.83,24.37
8323.4847,175.70,58.87,-6.70,24.36
8323.5169,175.70,58.85,-5.55,24.38
8323.5489,175.70,58.84,-4.58,24.40
8323.5811,175.70,58.82,-3.75,24.43
8323.6129,175.70,58.81,-3.05,24.63
8323.6452,175.70,58.74,0.37,24.69
8323.6690,175.70,58.68,3.27,24.75
8323.7015,175.70,58.61,5.73,24.81
8323.7339,175.70,58.65,7.80,25.01
8323.7658,175.70,58.72,9.36,25.19
8323.7983,175.70,58.78,10.70,25.35
8323.8306,175.70,58.83,11.83,25.50
8323.8628,175.70,58.90,12.81,25.62
8323.8867,175.70,58.98,13.34,25.76
8323.9191,175.70,59.04,13.78,25.89
8323.9518,175.70,59.10,14.16,26.00
8323.9829,175.70,59.14,14.49,26.01
8324.0069,175.70,59.22,14.63,26.01
8324.0522,175.70,59.31,14.68,26.02
8324.0845,175.70,59.38,14.73,26.01
8324.1201,175.70,59.46,14.66,25.96
8324.1518,175.70,59.54,14.60,25.91
8324.1841,175.70,59.54,14.65,25.88
8324.2165,175.70,59.55,14.68,25.90
8324.2495,175.70,59.57,14.67,25.97
8324.2815,175.70,59.59,14.67,26.03
8324.3134,175.70,59.61,14.66,26.08
8324.3455,175.70,59.62,14.66,26.17
8324.3781,175.70,59.69,14.61,26.23
8324.4102,175.70,59.74,14.57,26.29
8324.4419,175.70,59.78,14.54,26.39
8324.4579,175.70,59.88,14.44,26.49
8324.4906,175.70,60.00,14.31,26.52
8324.5363,175.70,60.11,14.20,26.55
8324.5685,175.70,60.20,14.10,26.49
8324.6005,175.70,60.54,14.08,26.42
8324.6326,175.70,60.84,14.06,26.37
8324.6648,175.70,61.08,14.04,26.33
8324.6969,175.70,61.37,13.86,26.18
8324.7292,175.70,61.56,13.80,26.09
8324.7695,175.70,61.73,13.74,26.00
8324.8022,175.70,61.87,13.69,25.95
8324.8337,175.70,61.99,13.54,25.86
8324.8658,175.70,62.10,13.40,25.78
8324.8980,175.70,62.14,13.36,25.72
8324.9299,175.70,62.18,13.33,25.67
8324.9619,175.70,62.59,12.69,25.82
8325.0016,175.70,62.90,12.18,25.97
8325.0336,175.70,63.17,11.74,26.09
8325.0670,175.70,63.40,11.36,26.21
8325.0908,175.70,63.76,10.18,26.83
8325.1203,175.70,64.09,9.12,27.36
8325.1484,175.70,64.36,8.21,27.83
8325.1811,175.70,64.59,7.44,28.19
8325.2131,175.70,64.78,6.51,28.86
8325.2455,175.70,64.95,5.72,29.43
8325.2777,175.70,65.09,5.04,29.91
8325.3101,175.70,65.21,4.47,30.32
8325.3419,175.70,64.90,5.45,30.13
8325.3738,175.70,64.57,6.41,29.97
8325.4060,175.70,64.28,7.22,29.89
8325.4379,175.70,64.00,7.65,29.67
8325.4701,175.70,63.76,8.02,29.48
8325.5022,175.70,63.56,8.31,29.32
8325.5344,175.70,63.38,8.56,29.15
8325.5670,175.70,63.24,8.77,29.00
8325.5993,175.70,63.18,8.91,28.87
8325.6309,175.70,63.15,9.27,28.83
8325.6629,175.70,63.12,9.57,28.81
8325.7031,175.70,63.10,9.83,28.79
8325.7345,175.70,63.17,9.89,28.75
8325.7670,175.70,63.23,9.93,28.71
8325.7987,175.70,63.28,9.97,28.69
8325.8310,175.70,63.32,10.01,28.66
8325.8627,175.70,63.52,9.49,29.06
8325.8868,175.70,63.68,9.05,29.34
8325.9184,175.70,63.81,8.68,29.59
8325.9510,175.70,63.93,8.36,29.79
8325.9830,175.70,63.96,7.86,30.41
8326.0154,175.70,63.98,7.43,30.91
8326.0392,175.70,64.00,7.06,31.33
8326.0695,175.70,64.01,6.75,31.68
8326.1014,175.70,63.84,7.42,31.38
8326.1298,175.70,63.70,7.99,31.14
8326.1624,175.70,63.58,8.47,30.94
8326.1941,175.70,63.47,8.88,30.77
8326.2257,175.70,63.39,9.14,30.45
8326.2582,175.70,63.32,9.36,30.19
8326.2903,175.70,63.26,9.54,29.97
8326.3228,175.70,63.18,9.74,29.79
8326.3546,175.70,63.11,9.87,29.61
8326.3863,175.70,63.04,9.98,29.47
8326.4193,175.70,62.98,10.07,29.34
8326.4520,175.70,62.95,10.12,29.24
8326.4837,175.70,62.92,10.18,29.14
8326.5156,175.70,62.90,10.24,29.07
8326.5475,175.70,62.87,10.28,29.00
8326.5795,175.70,62.85,10.32,28.94
8326.6115,175.70,62.84,10.34,28.87
8326.6435,175.70,62.83,10.37,28.80
8326.6758,175.70,62.81,10.37,28.75
8326.7078,175.70,62.79,10.37,28.70
8326.7243,175.70,62.78,10.38,28.62
8326.7564,175.70,62.76,10.40,28.56
8326.7885,175.70,62.74,10.42,28.50
8326.8204,175.70,62.74,10.41,28.45
8326.8524,175.70,62.74,10.40,28.42
8326.8845,175.70,62.76,10.44,28.37
8326.9165,175.70,62.85,10.39,28.32
8326.9499,175.70,62.92,10.34,28.28
8326.9815,175.70,62.99,10.31,28.28
8327.0139,175.70,62.94,10.43,28.22
8327.0452,175.70,62.77,10.70,28.18
8327.0691,175.70,62.63,10.93,28.16
8327.1008,175.70,62.51,11.12,28.32
8327.1328,175.70,62.41,11.29,28.47
8327.1682,175.70,62.29,11.52,28.62
8327.1946,175.70,62.12,11.39,28.80
8327.2272,175.70,61.97,11.28,28.97
8327.2590,175.70,61.85,11.19,29.13
8327.2913,175.70,61.81,10.97,29.29
8327.3231,175.70,61.70,10.81,29.33
8327.3554,175.70,61.61,10.67,29.37
8327.3865,175.70,61.53,10.56,29.39
8327.4193,175.70,61.49,10.50,29.39
8327.4526,175.70,61.45,10.46,29.37
8327.4845,175.70,61.42,10.42,29.36
8327.5165,175.70,61.38,10.40,29.34
8327.5488,175.70,61.30,10.33,29.33
8327.5809,175.70,61.23,10.27,29.33
8327.6129,175.70,61.17,10.22,29.32
8327.6371,175.70,61.11,10.29,29.29
8327.6683,175.70,61.05,9.88,29.26
8327.7004,175.70,60.99,9.52,29.22
8327.7326,175.70,60.95,9.22,29.19
8327.7653,175.70,60.92,8.91,29.10
8327.7968,175.70,60.80,8.31,29.12
8327.8288,175.70,60.70,7.79,29.14
8327.8532,175.70,60.62,7.35,29.16
8327.8842,175.70,60.57,6.93,29.24
8327.9164,175.70,60.52,6.58,29.34
8327.9485,175.70,60.47,6.28,29.43
8327.9793,175.70,60.43,6.03,29.43
8328.0196,175.70,60.51,5.82,29.44
8328.0516,175.70,60.58,5.65,29.45
8328.0841,175.70,60.64,5.50,29.45
8328.1168,175.70,60.69,5.38,29.47
8328.1488,175.70,60.72,5.31,29.49
8328.1782,175.70,60.74,5.26,29.51
8328.2184,175.70,60.76,5.23,29.53
8328.2507,175.70,60.77,5.19,29.54
8328.2829,175.70,60.73,5.18,29.58
8328.3150,175.70,60.70,5.15,29.61
8328.3470,175.70,60.68,5.12,29.56
8328.3789,175.70,60.66,5.16,29.52
8328.4114,175.70,60.63,5.20,29.50
8328.4443,175.70,60.64,5.20,29.47
8328.4763,175.70,60.65,5.20,29.50
8328.5091,175.70,60.58,5.18,29.56
8328.5414,175.70,60.47,5.22,29.61
8328.5729,175.70,60.36,5.25,29.65
8328.6024,175.70,60.28,5.27,29.74
8328.6351,175.70,60.27,5.22,29.77
8328.6672,175.70,60.21,5.20,29.79
8328.6990,175.70,60.17,5.18,29.78
8328.7307,175.70,60.13,5.17,29.77
8328.7628,175.70,60.11,5.16,29.76
8328.7863,175.70,60.08,5.15,29.76
8328.8184,175.70,60.06,5.15,29.75
8328.8505,175.70,60.04,5.14,29.75
8328.8836,175.70,60.03,5.13,29.75
8328.9153,175.70,60.02,5.12,29.75
8328.9477,175.70,60.01,5.11,29.75
8328.9791,175.70,60.00,5.10,29.75
8329.0196,175.70,60.00,5.10,29.75
8329.0514,175.70,59.99,5.09,29.75
8329.0837,175.70,59.99,5.09,29.75
8329.1202,175.70,59.99,5.08,29.74
8329.1521,175.70,59.99,5.07,29.74
8329.1835,175.70,59.99,5.07,29.74
8329.2152,175.70,60.00,5.06,29.74
8329.2474,175.70,60.00,5.05,29.74
8329.2797,175.70,60.00,5.04,29.75
8329.3120,175.70,60.01,5.03,29.75
8329.3438,175.70,60.01,5.02,29.75
8329.3756,175.70,60.02,5.02,29.75
8329.4084,175.70,60.03,5.01,29.75
8329.4408,175.70,60.04,5.00,29.75
8329.4726,175.70,60.04,4.99,29.75
8329.5050,175.70,60.04,4.99,29.75
8329.5368,175.70,60.05,4.98,29.75
8329.5691,175.70,60.05,4.97,29.75
8329.6013,175.70,60.06,4.97,29.75
8329.6332,175.70,60.06,4.97,29.76
8329.6655,175.70,60.06,4.97,29.75
8329.6982,175.70,60.05,4.94,29.77
8329.7305,175.70,60.03,4.91,29.79
8329.7622,175.70,60.02,4.89,29.81
8329.7865,175.70,60.01,4.87,29.80
8329.8182,175.70,60.00,4.87,29.80
8329.8505,175.70,59.99,4.87,29.80
8329.8826,175.70,59.98,4.87,29.80
8329.9149,175.70,59.97,4.86,29.80
8329.9471,175.70,59.96,4.86,29.80
8329.9864,175.70,59.95,4.85,29.80
8330.0188,175.70,59.94,4.85,29.79
8330.0511,175.70,59.94,4.84,29.79
8330.0832,175.70,59.94,4.84,29.78
8330.1153,175.70,59.93,4.83,29.79
8330.1534,175.70,59.93,4.82,29.80
8330.1855,175.70,59.93,4.83,29.80
8330.2172,175.70,59.93,4.84,29.76
8330.2451,175.70,59.91,4.81,29.76
8330.2858,175.70,59.89,4.80,29.77
8330.3018,175.70,59.88,4.80,29.77
8330.3338,175.70,59.86,4.79,29.73
8330.3655,175.70,59.82,4.71,29.77
8330.3973,175.70,59.78,4.65,29.81
8330.4297,175.70,59.75,4.59,29.84
8330.4620,175.70,59.72,4.55,29.86
8330.4936,175.70,59.67,4.43,29.94
8330.5263,175.70,59.61,4.36,29.97
8330.5585,175.70,59.56,4.30,29.99
8330.5908,175.70,59.52,4.25,30.00
8330.6230,175.70,59.48,4.19,30.00
8330.6533,175.70,59.46,4.14,29.99
8330.6856,175.70,59.44,4.10,29.99
8330.7172,175.70,59.43,4.09,29.96
8330.7496,175.70,59.43,4.07,29.96
8330.7817,175.70,59.42,4.06,29.96
8330.8134,175.70,59.42,4.05,29.96
8330.8457,175.70,59.45,4.12,29.88
8330.8701,175.70,59.47,4.17,29.87
8330.9025,175.70,59.49,4.22,29.85
8330.9341,175.70,59.51,4.21,29.84
8330.9659,175.70,59.55,4.21,29.81
8330.9982,175.70,59.57,4.21,29.80
8331.0310,175.70,59.59,4.21,29.79
8331.0622,175.70,59.61,4.20,29.78
8331.0863,175.70,59.65,4.21,29.76
8331.1182,175.70,59.68,4.22,29.75
8331.1503,175.70,59.71,4.23,29.75
8331.1819,175.70,59.73,4.23,29.75
8331.2203,175.70,59.76,4.25,29.75
8331.2511,175.70,59.79,4.27,29.75
8331.2821,175.70,59.81,4.29,29.75
8331.3132,175.70,59.82,4.29,29.75
8331.3453,175.70,59.85,4.31,29.75
8331.3772,175.70,59.87,4.33,29.75
8331.4096,175.70,59.89,4.34,29.75
8331.4419,175.70,59.91,4.35,29.75
8331.4588,175.70,59.92,4.36,29.75
8331.4903,175.70,59.93,4.37,29.76
8331.5225,175.70,59.94,4.37,29.76
8331.5542,175.70,59.95,4.37,29.76
8331.5865,175.70,59.96,4.36,29.77
8331.6184,175.70,59.97,4.36,29.77
8331.6506,175.70,59.98,4.35,29.78
8331.6825,175.70,59.98,4.36,29.78
8331.7148,175.70,59.98,4.36,29.79
8331.7467,175.70,59.98,4.36,29.79
8331.7790,175.70,59.98,4.36,29.80
8331.8033,175.70,59.98,4.36,29.81
8331.8361,175.70,59.99,4.36,29.81
8331.8676,175.70,59.99,4.36,29.82
8331.8994,175.70,59.99,4.36,29.82
8331.9316,175.70,59.99,4.36,29.82
8331.9634,175.70,60.00,4.36,29.83
8332.0029,175.70,60.00,4.36,29.83
8332.0352,175.70,60.00,4.36,29.84
8332.0676,175.70,60.00,4.36,29.84
8332.0998,175.70,60.01,4.37,29.85
8332.1321,175.70,60.01,4.37,29.85
8332.1702,175.70,60.01,4.37,29.85
8332.2030,175.70,60.01,4.37,29.86
8332.2282,175.70,60.01,4.37,29.86
8332.2677,175.70,60.01,4.37,29.87
8332.3003,175.70,60.01,4.37,29.87
8332.3322,175.70,60.01,4.37,29.87
8332.3642,175.70,60.01,4.37,29.88
8332.3964,175.70,60.01,4.37,29.88
8332.4286,175.70,60.01,4.37,29.88
8332.4616,175.70,59.98,4.37,29.89
8332.4933,175.70,59.95,4.38,29.91
8332.5253,175.70,59.93,4.38,29.92
8332.5571,175.70,59.92,4.36,29.92
8332.5892,175.70,59.97,4.39,29.87
8332.6215,175.70,60.01,4.42,29.82
8332.6540,175.70,60.04,4.44,29.80
8332.6862,175.70,60.14,4.78,29.78
8332.7181,175.70,60.55,4.96,29.74
8332.7502,175.70,60.91,5.11,29.71
8332.7821,175.70,61.21,5.24,29.69
8332.8138,175.70,61.69,5.18,29.81
8332.8461,175.70,62.11,5.12,29.89
8332.8703,175.70,62.46,5.07,29.95
8332.9022,175.70,62.76,5.02,30.00
8332.9352,175.70,62.52,4.77,30.32
8332.9679,175.70,62.31,4.55,30.32
8332.9995,175.70,62.12,4.37,30.30
8333.0322,175.70,61.97,4.21,30.28
8333.0647,175.70,61.38,4.52,30.90
8333.0968,175.70,60.88,4.79,30.70
8333.1207,175.70,60.45,5.02,30.49
8333.1521,175.70,60.09,5.22,30.26
8333.1834,175.70,58.68,5.38,30.64
8333.2149,175.70,57.48,5.53,30.35
8333.2533,175.70,56.44,5.67,30.04
8333.2855,175.70,55.55,5.79,29.73
8333.3178,175.70,52.87,5.52,29.22
8333.3492,175.70,50.59,6.23,28.67
8333.3806,175.70,48.64,6.83,28.10
8333.4126,175.70,46.98,7.33,27.53
8333.4451,175.70,42.06,7.90,26.85
8333.4770,175.70,37.80,8.31,26.13
8333.5094,175.70,34.18,8.66,25.38
8333.5413,175.70,29.24,9.10,25.81
8333.5728,175.70,25.06,9.47,25.21
8333.6051,175.70,21.64,9.36,24.58
8333.6375,175.70,18.73,9.27,23.94
8333.6700,175.70,15.75,9.31,23.77
8333.7016,175.70,13.16,9.28,23.55
8333.7334,175.70,10.97,9.25,23.28
8333.7654,175.70,9.11,9.22,22.79
8333.7975,175.70,7.69,9.15,22.10
8333.8296,175.70,6.43,9.11,21.42
8333.8534,175.70,5.35,9.08,20.78
8333.8858,175.70,4.44,9.06,20.22
8333.9180,175.70,3.69,9.04,19.71
8333.9503,175.70,3.05,9.02,19.23
8333.9824,175.70,2.51,9.01,18.79
8334.0145,175.70,2.12,9.04,18.40
8334.0464,175.70,1.80,9.07,18.04
8334.0795,175.70,1.52,9.10,17.69
8334.1034,175.70,1.28,9.12,17.35
8334.1362,175.70,1.11,9.16,17.04
8334.1685,175.70,0.96,9.19,16.74
8334.2009,175.70,0.80,9.61,16.39
8334.2333,175.70,0.67,9.96,16.08
8334.2657,175.70,0.37,10.85,15.80
8334.2905,175.70,0.11,11.61,15.20
8334.3312,175.70,-1.06,12.72,14.25
8334.3633,175.70,-2.16,13.72,13.43
8334.3956,175.70,-3.13,14.58,12.67
8334.4281,175.70,-3.99,15.32,12.03
8334.4603,175.70,-4.77,15.88,11.76
8334.4915,175.70,-5.15,16.39,11.50
8334.5242,175.70,-5.49,16.83,11.30
8334.5560,175.70,-5.43,17.69,11.40
8334.5887,175.70,-5.37,18.42,11.47
8334.6207,175.70,-5.29,19.09,11.52
8334.6529,175.70,-5.22,19.66,11.58
8334.6843,175.70,-5.16,20.23,11.57
8334.7158,175.70,-5.31,20.66,11.54
8334.7481,175.70,-5.44,21.03,11.51
8334.7805,175.70,-5.55,21.34,11.61
8334.8126,175.70,-5.70,21.47,11.43
8334.8368,175.70,-5.71,21.56,11.28
8334.8694,175.70,-5.73,21.63,11.16
8334.9019,175.70,-5.74,21.68,10.76
8334.9344,175.70,-6.42,21.68,10.63
8334.9672,175.70,-6.57,21.55,10.53
8334.9982,175.70,-6.70,21.44,10.14
8335.0305,175.70,-6.81,21.35,9.77
8335.0622,175.70,-7.10,21.18,9.42
8335.0863,175.70,-7.46,21.03,9.11
8335.1188,175.70,-7.77,20.91,8.93
8335.1512,175.70,-8.03,20.80,8.77
8335.1837,175.70,-8.22,20.64,8.54
8335.2155,175.70,-8.42,20.49,8.34
8335.2486,175.70,-8.58,20.36,8.07
8335.2735,175.70,-8.73,20.25,7.83
8335.3027,175.70,-8.85,20.15,7.61
8335.3359,175.70,-8.91,20.00,7.44
8335.3676,175.70,-8.96,19.87,7.27
8335.3996,175.70,-9.01,19.75,7.11
8335.4319,175.70,-9.04,19.66,6.96
8335.4637,175.70,-9.12,19.54,6.89
8335.4949,175.70,-9.19,19.44,6.82
8335.5272,175.70,-9.25,19.36,6.76
8335.5598,175.70,-9.33,19.28,6.70
8335.5918,175.70,-9.35,19.23,6.64
8335.6241,175.70,-9.37,19.18,6.61
8335.6564,175.70,-9.39,19.15,6.58
8335.6883,175.70,-9.40,19.12,6.55
8335.7199,175.70,-9.41,19.10,6.60
8335.7528,175.70,-9.41,19.09,6.64
8335.7846,175.70,-9.35,19.17,6.67
8335.8162,175.70,-9.27,19.26,6.70
8335.8486,175.70,-9.21,19.34,6.74
8335.8797,175.70,-9.09,19.45,6.78
8335.8956,175.70,-9.00,19.55,6.81
8335.9365,175.70,-8.92,19.64,6.84
8335.9690,175.70,-8.85,19.71,6.88
8335.9995,175.70,-8.80,19.77,6.91
8336.0322,175.70,-8.76,19.82,6.94
8336.0643,175.70,-8.72,19.87,6.97
8336.0960,175.70,-8.69,19.91,7.00
8336.1200,175.70,-8.65,19.94,7.03
8336.1524,175.70,-8.62,19.97,7.05
8336.1847,175.70,-8.60,20.00,7.07
8336.2163,175.70,-8.58,20.02,7.09
8336.2483,175.70,-8.56,20.03,7.10
8336.2863,175.70,-8.54,20.05,7.11
8336.3354,175.70,-8.53,20.06,7.12
8336.3682,175.70,-8.52,20.06,7.14
8336.4007,175.70,-8.51,20.07,7.15
8336.4330,175.70,-8.49,20.07,7.15
8336.4654,175.70,-8.48,20.08,7.16
8336.4969,175.70,-8.47,20.08,7.17
8336.5290,175.70,-8.46,20.08,7.18
8336.5615,175.70,-8.45,20.09,7.18
8336.5936,175.70,-8.44,20.09,7.18
8336.6252,175.70,-8.43,20.09,7.19
8336.6530,175.70,-8.43,20.09,7.20
8336.6888,175.70,-8.42,20.09,7.20
8336.7200,175.70,-8.41,20.08,7.20
8336.7528,175.70,-8.40,20.08,7.20
8336.7846,175.70,-8.39,20.08,7.21
8336.8170,175.70,-8.38,20.08,7.21
8336.8488,175.70,-8.37,20.09,7.21
8336.8807,175.70,-8.37,20.09,7.21
8336.9128,175.70,-8.37,20.09,7.21
8336.9524,175.70,-8.36,20.09,7.22
8336.9843,175.70,-8.35,20.09,7.21
8337.0161,175.70,-8.34,20.08,7.21
8337.0436,175.70,-8.34,20.08,7.21
8337.0694,175.70,-8.33,20.07,7.20
8337.1014,175.70,-8.32,20.07,7.20
8337.1328,175.70,-8.32,20.07,7.20
8337.1649,175.70,-8.31,20.07,7.19
8337.2035,175.70,-8.30,20.07,7.19
8337.2366,175.70,-8.30,20.06,7.18
8337.2619,175.70,-8.29,20.06,7.18
8337.2873,175.70,-8.29,20.05,7.17
8337.3201,175.70,-8.28,20.05,7.17
8337.3530,175.70,-8.27,20.05,7.16
8337.3859,175.70,-8.27,20.05,7.16
8337.4180,175.70,-8.26,20.05,7.15
8337.4511,175.70,-8.26,20.05,7.15
8337.4836,175.70,-8.25,20.05,7.14
8337.5155,175.70,-8.25,20.05,7.13
8337.5462,175.70,-8.25,20.05,7.13
8337.5697,175.70,-8.24,20.06,7.12
8337.6108,175.70,-8.24,20.06,7.12
8337.6425,175.70,-8.24,20.06,7.11
8337.6747,175.70,-8.24,20.06,7.10
8337.7063,175.70,-8.24,20.06,7.10
8337.7276,175.70,-8.24,20.07,7.09
8337.7682,175.70,-8.24,20.07,7.09
8337.7892,175.70,-8.24,20.07,7.09
8337.8317,175.70,-8.24,20.08,7.08
8337.8563,175.70,-8.24,20.08,7.08
8337.8802,175.70,-8.24,20.09,7.08
8337.9119,175.70,-8.24,20.09,7.08
8337.9522,175.70,-8.24,20.10,7.07
8337.9832,175.70,-8.24,20.10,7.07
8338.0147,175.70,-8.24,20.11,7.07
8338.0464,175.70,-8.23,20.11,7.07
8338.0789,175.70,-8.23,20.11,7.06
8338.1034,175.70,-8.23,20.11,7.06
8338.1354,175.70,-8.23,20.11,7.06
8338.1673,175.70,-8.22,20.11,7.06
8338.1993,175.70,-8.22,20.11,7.05
8338.2727,175.70,-8.22,20.11,7.05
8338.3392,175.70,-8.22,20.12,7.05
8338.3883,175.70,-8.22,20.12,7.05
8338.4393,175.70,-8.22,20.12,7.04
8338.4896,175.70,-8.21,20.12,7.04
8338.5402,175.70,-8.21,20.12,7.04
8338.5900,175.70,-8.21,20.12,7.04
8338.6390,175.70,-8.21,20.12,7.04
8338.6894,175.70,-8.21,20.12,7.04
8338.7390,175.70,-8.21,20.12,7.04
8338.7890,175.70,-8.21,20.12,7.04
8338.8396,175.70,-8.22,20.13,7.05
8338.8890,175.70,-8.22,20.13,7.05
8338.9392,175.70,-8.22,20.14,7.05
8338.9896,175.70,-8.22,20.14,7.05
8339.0393,175.70,-8.22,20.14,7.04
8339.0895,175.70,-8.22,20.14,7.04
8339.1397,175.70,-8.23,20.14,7.04
8339.1896,175.70,-8.23,20.14,7.04
8339.2387,175.70,-8.23,20.14,7.04
8339.2894,175.70,-8.24,20.14,7.04
8339.3395,175.70,-8.24,20.14,7.04
8339.3898,175.70,-8.24,20.14,7.04
8339.4398,175.70,-8.24,20.14,7.04
8339.4911,175.70,-8.24,20.14,7.04
8339.5555,175.70,-8.24,20.14,7.04
8339.6057,175.70,-8.24,20.14,7.04
8339.6546,175.70,-8.25,20.15,7.05
8339.7229,175.70,-8.25,20.15,7.05
8339.7738,175.70,-8.26,20.15,7.06
8339.8383,175.70,-8.27,20.16,7.06
8339.8895,175.70,-8.27,20.16,7.07
8339.9560,175.70,-8.28,20.16,7.07
8340.0061,175.70,-8.28,20.16,7.07
8340.0733,175.70,-8.28,20.15,7.07
8340.1235,175.70,-8.29,20.15,7.07
8340.1907,175.70,-8.29,20.15,7.07
8340.2383,175.70,-8.29,20.16,7.07
8340.3059,175.70,-8.30,20.15,7.07
8340.3559,175.70,-8.30,20.15,7.07
8340.4058,175.70,-8.30,20.15,7.07
8340.4733,175.70,-8.30,20.15,7.07
8340.5230,175.70,-8.31,20.15,7.07
8340.7090,175.70,-8.31,20.15,7.07
8340.7757,175.70,-8.31,20.15,7.08
8340.8248,175.70,-8.31,20.15,7.08
8340.8913,175.70,-8.30,20.14,7.08
8340.9410,175.70,-8.30,20.14,7.08
8341.0076,175.70,-8.30,20.13,7.08
8341.0576,175.70,-8.30,20.13,7.08
8341.1246,175.70,-8.31,20.13,7.08
8341.1736,175.70,-8.31,20.13,7.08
8341.2405,175.70,-8.31,20.13,7.08
8341.2895,175.70,-8.31,20.13,7.08
8341.3563,175.70,-8.30,20.14,7.08
8341.4075,175.70,-8.30,20.14,7.08
8341.4946,175.70,-8.30,20.15,7.08
8341.5385,175.70,-8.30,20.15,7.08
8341.6061,175.70,-8.30,20.15,7.08
8341.6557,175.70,-8.30,20.15,7.08
8341.7213,175.70,-8.30,20.15,7.08
8341.8220,175.70,-8.29,20.16,7.08
8341.8895,175.70,-8.28,20.15,7.07
8341.9389,175.70,-8.28,20.15,7.07
8341.9886,175.70,-8.27,20.15,7.07
8342.0392,175.70,-8.27,20.15,7.07
8342.1055,175.70,-8.27,20.14,7.08
8342.1557,175.70,-8.26,20.14,7.08
8342.2052,175.70,-8.26,20.15,7.09
8342.2726,175.70,-8.25,20.15,7.09
8342.3218,175.70,-8.25,20.15,7.09
8342.3888,175.70,-8.24,20.15,7.10
8342.4397,175.70,-8.24,20.15,7.10
8342.5051,0.09,0.04,0.02,0.12
8342.5724,0.09,0.04,0.02,0.11
8342.6227,0.09,0.04,0.02,0.11
8342.6721,0.09,0.04,0.02,0.11
8342.7223,0.10,0.04,0.01,0.10
8342.7724,0.10,0.05,0.00,0.10
8342.8229,0.11,0.05,-0.00,0.10
8342.8725,0.11,0.05,-0.00,0.10
8342.9222,0.10,0.05,-0.00,0.08
8342.9728,0.10,0.06,0.00,0.07
8343.0224,0.10,0.06,-0.00,0.06
8343.0716,0.10,0.06,-0.00,0.06
8343.1221,0.09,0.07,-0.00,0.06
8343.1728,0.09,0.07,-0.00,0.06
8343.2225,0.08,0.07,-0.00,0.05
8343.2717,0.07,0.07,-0.00,0.05
8343.3228,0.07,0.07,-0.01,0.04
8343.3719,0.07,0.08,-0.01,0.04
8343.4227,0.06,0.08,-0.01,0.04
8343.4734,0.06,0.08,-0.01,0.04
8343.5226,0.06,0.08,-0.01,0.04
8343.5726,0.05,0.08,-0.01,0.04
8343.6223,0.05,0.08,-0.01,0.04
8343.6718,0.05,0.08,-0.01,0.03
8343.7221,0.05,0.08,-0.01,0.03
8343.7722,0.05,0.07,-0.01,0.03
8343.8212,0.05,0.07,-0.01,0.02
8343.8721,0.05,0.07,-0.01,0.02
8343.9223,0.05,0.07,-0.01,0.01
8343.9723,0.05,0.07,-0.01,0.01
8344.0225,0.05,0.07,-0.01,0.01
8344.0725,0.09,0.08,-0.02,0.02
8344.1223,-0.02,0.10,0.02,0.04
8344.1726,0.14,0.10,0.06,0.19
8344.2228,0.28,0.11,0.10,0.27
8344.2726,0.35,0.13,0.15,0.32
8344.3224,0.20,0.17,0.13,0.25
8344.3726,0.07,0.21,0.12,0.18
8344.4222,0.16,0.25,0.09,0.17
8344.4722,0.25,0.29,0.07,0.16
8344.5226,0.41,0.35,0.13,0.34
8344.5727,0.56,0.41,0.19,0.35
8344.6223,0.66,0.46,0.18,0.36
8344.6725,0.76,0.52,0.23,0.36
8344.7221,0.85,0.57,0.27,0.35
8344.7724,1.00,0.58,0.18,0.28
8344.8226,1.13,0.59,0.10,0.27
8344.8725,1.30,0.61,-0.01,0.25
8344.9223,1.65,0.61,-0.07,0.21
8344.9725,1.94,0.60,-0.12,0.17
8345.0226,2.59,0.64,-0.06,0.33
8345.0722,3.14,0.67,0.00,0.43
8345.1222,4.09,0.78,0.34,0.91
8345.1725,4.90,0.88,0.62,1.08
8345.2230,5.81,0.95,0.84,1.18
8345.2726,6.56,0.98,1.09,1.22
8345.3225,7.20,1.01,1.30,1.22
8345.3725,7.82,1.06,1.56,1.31
8345.4223,8.35,1.11,1.78,1.32
8345.4718,8.87,1.09,1.96,1.30
8345.5221,9.18,1.21,2.13,1.24
8345.5728,9.44,1.32,2.26,1.18
8345.6229,9.62,1.41,2.36,1.09
8345.6719,9.77,1.49,2.44,0.99
8345.7221,9.88,1.60,2.57,1.02
8345.7726,9.97,1.70,2.68,0.98
8345.8229,10.25,1.67,2.76,0.94
8345.8727,10.28,1.72,2.78,0.80
8345.9210,10.31,1.75,2.80,0.69
8345.9726,10.35,1.87,2.88,0.85
8346.0225,10.38,1.98,2.94,0.82
8346.0728,10.40,2.11,3.00,0.79
8346.1227,10.51,2.16,3.21,0.71
8346.1729,10.61,2.21,3.39,0.64
8346.2221,11.20,2.22,4.56,0.81
8346.2723,11.69,2.24,5.56,0.96
8346.3222,12.20,2.28,6.38,0.92
8346.3720,12.62,2.32,7.08,0.92
8346.4223,12.90,2.34,7.69,0.91
8346.4726,13.20,2.39,8.22,0.92
8346.5223,13.45,2.43,8.67,0.91
8346.5725,13.63,2.47,9.07,0.90
8346.6219,13.79,2.50,9.41,0.89
8346.6724,13.93,2.50,9.71,0.87
8346.7225,13.96,2.53,9.97,0.83
8346.7725,13.98,2.56,10.19,0.79
8346.8224,13.99,2.56,10.37,0.73
8346.8724,14.00,2.55,10.52,0.68
8346.9227,14.04,2.54,10.65,0.64
8346.9726,14.07,2.52,10.77,0.60
8347.0220,14.11,2.52,10.86,0.55
8347.0722,14.14,2.52,10.93,0.55
8347.1213,14.10,2.51,10.99,0.49
8347.1734,14.14,2.49,11.02,0.46
8347.2223,14.16,2.47,11.04,0.43
8347.2726,14.18,2.46,11.06,0.41
8347.3222,14.20,2.45,11.08,0.40
8347.3716,14.20,2.44,11.09,0.38
8347.4230,14.19,2.43,11.10,0.36
8347.4719,14.18,2.41,11.12,0.35
8347.5224,14.18,2.40,11.13,0.34
8347.5727,14.19,2.38,11.14,0.33
8347.6226,14.14,2.38,11.16,0.32
8347.6725,14.11,2.39,11.17,0.31
8347.7224,14.10,2.37,11.19,0.30
8347.7722,14.14,2.35,11.20,0.30
8347.8227,14.13,2.31,11.21,0.29
8347.8722,14.10,2.29,11.21,0.28
8347.9224,14.07,2.27,11.21,0.27
8347.9720,14.07,2.26,11.21,0.27
8348.0215,14.07,2.24,11.21,0.27
8348.0723,14.11,2.22,11.22,0.30
8348.1225,14.09,2.22,11.23,0.32
8348.1729,14.07,2.22,11.23,0.34
8348.2221,13.99,2.25,11.22,0.36
8348.2726,13.92,2.27,11.21,0.36
8348.3227,14.11,2.21,11.11,0.47
8348.3891,14.24,2.41,11.21,0.56
8348.4387,14.34,2.53,10.94,0.57
8348.4890,14.46,2.64,10.88,0.58
8348.5390,14.55,2.74,10.29,0.57
8348.5885,14.66,2.84,9.79,0.54
8348.6390,14.76,2.92,9.37,0.51
8348.6889,14.81,2.98,8.57,0.46
8348.7391,14.86,3.02,7.88,0.41
8348.7893,14.99,3.01,7.41,0.43
8348.8389,15.02,3.01,6.99,0.41
8348.8891,15.05,3.01,6.63,0.39
8348.9397,15.03,3.03,6.39,0.38
8348.9892,15.01,3.05,6.19,0.37
8349.0386,14.98,3.08,5.99,0.46
8349.0887,15.13,3.06,5.80,0.55
8349.1390,14.95,3.03,5.64,0.39
8349.1891,14.96,2.97,5.49,0.38
8349.2393,14.97,2.92,5.36,0.38
8349.2890,15.09,2.87,5.26,0.40
8349.3386,15.08,2.85,5.18,0.41
8349.3894,15.02,2.83,5.11,0.43
8349.4386,15.04,2.80,5.05,0.44
8349.4892,15.06,2.77,4.99,0.46
8349.5394,15.05,2.76,4.95,0.47
8349.5891,15.05,2.74,4.92,0.48
8349.6390,15.02,2.73,4.89,0.49
8349.6893,15.02,2.71,4.86,0.51
8349.7390,15.04,2.70,4.84,0.52
8349.7894,15.05,2.69,4.82,0.53
8349.8386,15.05,2.68,4.80,0.54
8349.8890,15.05,2.67,4.79,0.55
8349.9394,15.04,2.66,4.77,0.56
8349.9893,15.03,2.66,4.76,0.57
8350.0392,15.04,2.65,4.75,0.58
8350.0873,15.04,2.65,4.75,0.58
8350.1378,15.03,2.65,4.74,0.59
8350.1876,15.03,2.65,4.73,0.60
8350.2392,15.02,2.64,4.73,0.61
8350.2892,15.02,2.64,4.72,0.61
8350.3390,15.01,2.64,4.71,0.62
8350.3894,15.00,2.64,4.71,0.62
8350.4390,14.99,2.64,4.70,0.63
8350.4889,14.99,2.64,4.70,0.63
8350.5390,14.98,2.63,4.70,0.63
8350.5893,14.97,2.63,4.70,0.64
8350.6383,14.97,2.63,4.69,0.64
8350.6889,14.96,2.63,4.69,0.64
8350.7391,14.96,2.63,4.69,0.65
8350.7907,14.95,2.62,4.69,0.65
8350.8397,14.94,2.62,4.69,0.65
8350.8890,14.94,2.63,4.69,0.65
8350.9391,14.94,2.63,4.68,0.66
8350.9893,14.94,2.63,4.68,0.66
8351.0391,14.93,2.63,4.68,0.66
8351.0888,14.93,2.63,4.68,0.66
8351.1387,14.93,2.63,4.68,0.66
8351.1904,14.92,2.63,4.68,0.66
8351.2395,14.91,2.64,4.68,0.67
8351.2898,14.91,2.64,4.68,0.67
8351.3388,14.90,2.64,4.68,0.67
8351.3895,14.90,2.64,4.67,0.67
8351.4394,14.89,2.65,4.67,0.68
8351.4888,14.89,2.65,4.67,0.68
8351.5396,14.89,2.65,4.67,0.68
8351.5893,14.89,2.65,4.67,0.68
8351.6387,14.89,2.65,4.67,0.68
8351.6891,14.89,2.65,4.67,0.68
8351.7394,14.89,2.66,4.67,0.69
8351.7895,14.89,2.66,4.67,0.69
8351.8395,14.89,2.66,4.67,0.69
8351.8909,14.90,2.66,4.67,0.69
8351.9555,14.89,2.67,4.67,0.69
8352.0056,14.89,2.67,4.67,0.69
8352.0578,14.88,2.68,4.67,0.69
8352.1225,14.88,2.68,4.67,0.69
8352.1713,14.88,2.68,4.67,0.69
8352.2392,14.87,2.69,4.68,0.69
8352.2895,14.87,2.69,4.68,0.69
8352.3563,14.87,2.70,4.68,0.69
8352.4055,14.87,2.70,4.67,0.69
8352.4720,14.87,2.71,4.67,0.69
8352.5227,14.86,2.72,4.67,0.69
8352.5895,14.86,2.73,4.67,0.69
8352.6391,14.85,2.74,4.66,0.69
8352.7055,14.84,2.74,4.66,0.69
8352.7555,14.83,2.75,4.66,0.69
8352.8058,14.82,2.75,4.66,0.69
8352.8724,14.81,2.76,4.66,0.69
8352.9229,14.81,2.76,4.66,0.69
8352.9887,14.80,2.76,4.66,0.69
8353.0394,14.79,2.76,4.66,0.69
8353.1061,14.79,2.76,4.66,0.69
8353.1560,14.79,2.76,4.66,0.69
8353.2225,14.79,2.76,4.66,0.69
8353.2722,14.79,2.76,4.65,0.69
8353.3390,14.79,2.76,4.65,0.69
8353.3893,14.79,2.76,4.65,0.69
8353.4556,14.79,2.76,4.65,0.69
8353.5055,14.79,2.75,4.65,0.69
8353.5560,14.79,2.75,4.65,0.69
8353.6223,14.79,2.75,4.65,0.69
8353.6720,14.79,2.75,4.64,0.69
8353.7396,14.80,2.74,4.64,0.70
8353.7891,14.80,2.74,4.64,0.70
8353.8558,14.81,2.74,4.64,0.70
8353.9052,14.81,2.73,4.64,0.70
8353.9718,14.82,2.73,4.64,0.70
8354.0222,14.82,2.72,4.64,0.70
8354.0884,14.82,2.72,4.64,0.70
8354.1385,14.83,2.71,4.64,0.70
8354.2053,14.83,2.71,4.64,0.69
8354.2548,14.84,2.71,4.64,0.70
8354.3044,14.84,2.70,4.64,0.70
8354.3726,14.85,2.70,4.64,0.70
8354.4227,14.85,2.70,4.64,0.71
8354.4889,14.86,2.70,4.64,0.72
8354.5388,14.86,2.71,4.64,0.72
8354.6055,14.88,2.71,4.65,0.73
8354.6556,14.89,2.71,4.65,0.74
8354.7225,14.90,2.70,4.65,0.75
8354.7726,14.91,2.70,4.65,0.76
8354.8386,14.92,2.70,4.65,0.76
8354.8889,14.92,2.70,4.65,0.77
8354.9561,0.10,-0.03,-0.02,0.09
8355.0056,0.10,-0.03,-0.02,0.09
8355.0556,0.10,-0.03,-0.02,0.09
8355.1061,0.10,-0.03,-0.02,0.09
8355.1557,0.10,-0.03,-0.02,0.09
8355.2064,0.09,-0.03,-0.01,0.09
8355.2559,0.09,-0.04,-0.01,0.08
8355.3054,0.08,-0.04,-0.01,0.08
8355.3554,0.08,-0.04,-0.02,0.08
8355.4058,0.07,-0.04,-0.02,0.08
8355.4556,0.07,-0.04,-0.03,0.08
8355.5060,0.06,-0.04,-0.04,0.08
8355.5546,0.06,-0.05,-0.05,0.08
8355.6058,0.06,-0.05,-0.05,0.08
8355.6566,0.05,-0.05,-0.06,0.08
8355.7066,0.05,-0.05,-0.06,0.08
8355.7565,0.05,-0.05,-0.07,0.08
8355.8070,0.05,-0.06,-0.07,0.08
8355.8559,0.04,-0.06,-0.08,0.08
8355.9058,0.04,-0.06,-0.08,0.07
8355.9550,0.04,-0.07,-0.08,0.07
8356.0060,0.04,-0.07,-0.08,0.07
8356.0564,0.04,-0.07,-0.08,0.06
8356.1070,0.03,-0.08,-0.08,0.06
8356.1561,0.03,-0.08,-0.08,0.06
8356.2061,0.03,-0.08,-0.08,0.06
8356.2556,0.02,-0.08,-0.08,0.05
8356.3065,0.02,-0.08,-0.08,0.05
8356.3730,0.02,-0.08,-0.08,0.05
8356.3888,0.02,-0.08,-0.08,0.05
8356.4158,0.02,-0.08,-0.08,0.04
8356.4477,0.02,-0.08,-0.08,0.04
8356.4801,0.01,-0.08,-0.07,0.03
8356.5128,0.01,-0.08,-0.07,0.03
8356.5446,0.01,-0.08,-0.07,0.03
8356.5769,0.01,-0.08,-0.07,0.03
8356.6089,0.01,-0.08,-0.08,0.03
8356.6411,0.01,-0.08,-0.07,0.03
8356.6732,0.01,-0.08,-0.07,0.03
8356.7054,0.01,-0.08,-0.07,0.03
8356.7373,0.01,-0.08,-0.07,0.03
8356.7691,0.02,-0.08,-0.07,0.03
8356.8005,0.02,-0.08,-0.07,0.03
8356.8325,0.02,-0.08,-0.08,0.03
8356.8647,0.02,-0.08,-0.08,0.03
8356.8969,0.02,-0.08,-0.07,0.03
8356.9284,0.02,-0.07,-0.07,0.03
8356.9605,0.03,-0.07,-0.07,0.03
8356.9919,0.03,-0.07,-0.07,0.04
8357.0236,0.03,-0.07,-0.07,0.04
8357.0555,0.03,-0.07,-0.07,0.04
8357.0870,0.03,-0.07,-0.06,0.04
8357.1186,0.03,-0.07,-0.06,0.04
8357.1507,0.03,-0.07,-0.06,0.03
8357.1826,0.03,-0.07,-0.06,0.03
8357.2144,0.03,-0.07,-0.06,0.03
8357.2465,0.03,-0.07,-0.06,0.03
8357.2784,0.03,-0.08,-0.06,0.03
8357.3071,0.03,-0.08,-0.06,0.03
8357.3425,0.03,-0.08,-0.07,0.03
8357.3742,0.03,-0.08,-0.07,0.03
8357.4058,0.03,-0.08,-0.07,0.03
8357.4348,0.03,-0.08,-0.07,0.03
8357.4699,0.03,-0.08,-0.07,0.03
8357.5020,0.02,-0.08,-0.07,0.03
8357.5338,0.02,-0.08,-0.07,0.03
8357.5655,0.02,-0.09,-0.07,0.03
8357.5971,0.02,-0.09,-0.07,0.03
8357.6289,0.02,-0.09,-0.07,0.03
8357.6590,0.02,-0.09,-0.07,0.02
8357.6922,0.02,-0.09,-0.07,0.02
8357.7081,0.01,-0.09,-0.07,0.02
8357.7398,0.01,-0.10,-0.07,0.02
8357.7716,0.01,-0.10,-0.08,0.02
8357.8033,0.01,-0.10,-0.08,0.02
8357.8348,0.01,-0.10,-0.08,0.02
8357.8917,0.01,-0.10,-0.08,0.02
8357.9064,0.00,-0.10,-0.08,0.02
8357.9359,0.00,-0.11,-0.08,0.02
8357.9675,0.00,-0.10,-0.08,0.02
8357.9993,-0.00,-0.10,-0.09,0.02
8358.0246,-0.00,-0.10,-0.09,0.02
8358.0608,-0.00,-0.10,-0.09,0.02
8358.0855,-0.00,-0.10,-0.09,0.03
8358.1174,-0.01,-0.10,-0.09,0.03
8358.1494,-0.01,-0.10,-0.09,0.03
8358.1816,-0.00,-0.10,-0.09,0.03
8358.2132,-0.01,-0.10,-0.09,0.03
8358.2453,-0.01,-0.10,-0.09,0.03
8358.2780,-0.01,-0.10,-0.09,0.03
8358.3097,-0.02,-0.10,-0.09,0.03
8358.3411,-0.03,-0.10,-0.09,0.03
8358.3738,-0.03,-0.10,-0.09,0.04
8358.4060,-0.03,-0.10,-0.09,0.03
8358.4349,-0.03,-0.10,-0.10,0.03
8358.4669,-0.03,-0.10,-0.10,0.03
8358.4994,-0.03,-0.10,-0.10,0.03
8358.5308,-0.03,-0.10,-0.10,0.03
8358.5530,-0.03,-0.10,-0.10,0.03
8358.5873,-0.02,-0.09,-0.10,0.03
8358.6178,-0.02,-0.09,-0.11,0.03
8358.6496,-0.02,-0.09,-0.11,0.02
8358.6818,-0.02,-0.09,-0.11,0.02
8358.7361,-0.02,-0.09,-0.11,0.02
8358.7454,-0.02,-0.08,-0.11,0.03
8358.7847,-0.01,-0.08,-0.11,0.02
8358.8169,-0.01,-0.08,-0.11,0.02
8358.8441,-0.01,-0.08,-0.11,0.02
8358.8687,-0.01,-0.08,-0.11,0.02
8358.9005,-0.00,-0.08,-0.11,0.02
8358.9328,-0.00,-0.07,-0.11,0.02
8358.9647,-0.00,-0.07,-0.11,0.02
8359.0056,-0.00,-0.07,-0.11,0.02
8359.0390,-0.00,-0.07,-0.11,0.02
8359.0595,-0.00,-0.07,-0.11,0.02
8359.0913,-0.00,-0.07,-0.11,0.02
8359.1238,-0.00,-0.07,-0.11,0.02
8359.1562,-0.00,-0.07,-0.11,0.02
8359.1883,-0.00,-0.07,-0.11,0.02
8359.2205,-0.00,-0.07,-0.11,0.03
8359.2524,-0.00,-0.07,-0.11,0.03
8359.2849,-0.00,-0.07,-0.11,0.03
8359.3166,0.00,-0.06,-0.11,0.03
8359.3382,0.00,-0.06,-0.11,0.03
8359.3664,0.00,-0.06,-0.11,0.04
8359.4028,0.01,-0.06,-0.11,0.04
8359.4343,0.01,-0.06,-0.11,0.04
8359.4587,0.01,-0.06,-0.11,0.04
8359.4913,0.01,-0.06,-0.12,0.04
8359.5295,0.01,-0.06,-0.11,0.04
8359.5571,0.02,-0.06,-0.11,0.04
8359.5859,0.02,-0.05,-0.11,0.05
8359.6178,0.02,-0.05,-0.11,0.05
8359.6491,0.02,-0.06,-0.12,0.05
8359.6803,0.03,-0.06,-0.12,0.05
8359.7134,0.03,-0.06,-0.12,0.05
8359.7454,0.03,-0.06,-0.12,0.05
8359.7857,0.03,-0.06,-0.12,0.05
8359.8178,0.03,-0.06,-0.12,0.05
8359.8502,0.02,-0.06,-0.12,0.05
8359.8823,0.02,-0.06,-0.12,0.05
8359.9144,0.02,-0.06,-0.12,0.05
8359.9457,0.02,-0.06,-0.12,0.05
8359.9857,0.02,-0.06,-0.11,0.05
8360.0074,0.02,-0.06,-0.11,0.05
8360.0360,0.02,-0.06,-0.11,0.05
8360.0727,0.02,-0.06,-0.12,0.05
8360.1033,0.02,-0.06,-0.12,0.05
8360.1455,0.02,-0.06,-0.11,0.04
8360.1863,0.02,-0.06,-0.11,0.04
8360.2185,0.02,-0.06,-0.11,0.04
8360.2504,0.02,-0.06,-0.11,0.04
8360.2824,0.02,-0.06,-0.11,0.04
8360.3151,0.02,-0.05,-0.11,0.04
8360.3473,0.02,-0.05,-0.11,0.04
8360.3704,0.02,-0.05,-0.11,0.04
8360.4033,0.03,-0.05,-0.11,0.04
8360.4283,0.03,-0.05,-0.11,0.03
8360.4604,0.03,-0.05,-0.11,0.03
8360.4927,0.03,-0.05,-0.11,0.03
8360.5237,0.03,-0.05,-0.12,0.03
8360.5553,0.03,-0.05,-0.12,0.03
8360.5876,0.03,-0.05,-0.12,0.03
8360.6195,0.03,-0.05,-0.12,0.03
8360.6510,0.03,-0.05,-0.12,0.03
8360.6813,0.03,-0.06,-0.12,0.02
8360.7146,0.04,-0.06,-0.12,0.02
8360.7465,0.04,-0.06,-0.12,0.02
8360.7787,0.04,-0.06,-0.12,0.02
8360.8110,0.04,-0.06,-0.12,0.02
8360.8340,0.04,-0.06,-0.12,0.02
8360.8756,0.04,-0.06,-0.12,0.02
8360.9074,0.04,-0.06,-0.12,0.02
8360.9403,0.05,-0.06,-0.12,0.02
8360.9727,0.05,-0.06,-0.12,0.02
8361.0047,0.05,-0.06,-0.13,0.02
8361.0209,0.05,-0.06,-0.13,0.02
8361.0525,0.05,-0.06,-0.12,0.02
8361.0843,0.05,-0.06,-0.12,0.02
8361.1161,0.04,-0.06,-0.12,0.02
8361.1479,0.05,-0.06,-0.12,0.03
8361.1896,0.05,-0.06,-0.12,0.03
8361.2112,0.05,-0.06,-0.12,0.03
8361.2430,0.05,-0.06,-0.12,0.03
8361.2757,0.05,-0.06,-0.12,0.03
8361.3073,0.05,-0.06,-0.12,0.03
8361.3393,0.05,-0.05,-0.12,0.03
8361.3711,0.05,-0.05,-0.12,0.03
8361.4028,0.04,-0.05,-0.11,0.03
8361.4325,0.04,-0.05,-0.11,0.03
8361.4670,0.04,-0.05,-0.11,0.03
8361.4989,0.05,-0.05,-0.11,0.03
8361.5399,0.05,-0.05,-0.11,0.03
8361.5559,0.05,-0.05,-0.11,0.03
8361.5937,0.05,-0.05,-0.10,0.03
8361.6255,0.05,-0.05,-0.11,0.03
8361.6575,0.04,-0.05,-0.11,0.03
8361.6899,0.04,-0.05,-0.11,0.03
8361.7093,0.04,-0.05,-0.11,0.02
8361.7537,0.04,-0.05,-0.11,0.02
8361.7853,0.03,-0.06,-0.11,0.03
8361.8173,0.03,-0.06,-0.11,0.03
8361.8491,0.03,-0.06,-0.10,0.03
8361.8885,0.03,-0.06,-0.10,0.03
8361.9136,0.03,-0.06,-0.10,0.03
8361.9460,0.03,-0.06,-0.10,0.03
8361.9777,0.03,-0.07,-0.10,0.02
8362.0101,0.03,-0.07,-0.11,0.02
8362.0418,0.03,-0.07,-0.11,0.01
8362.0739,0.02,-0.07,-0.11,0.01
8362.1060,0.02,-0.08,-0.10,0.01
8362.1375,0.02,-0.08,-0.10,0.01
8362.1696,0.02,-0.08,-0.10,0.01
8362.2025,0.01,-0.08,-0.10,0.01
8362.2333,0.01,-0.08,-0.10,0.01
8362.2656,0.01,-0.08,-0.10,0.01
8362.2970,0.01,-0.08,-0.10,0.01
8362.3288,0.02,-0.08,-0.10,0.01
8362.3605,0.01,-0.09,-0.10,0.01
8362.3923,0.01,-0.09,-0.10,0.01
8362.4236,0.01,-0.09,-0.10,0.01
8362.4560,0.01,-0.09,-0.10,0.01
8362.4890,0.01,-0.09,-0.10,0.01
8362.5216,0.01,-0.09,-0.10,0.01
8362.5528,0.01,-0.09,-0.10,0.01
8362.5846,0.01,-0.09,-0.10,0.01
8362.6161,0.00,-0.09,-0.10,0.01
8362.6476,0.00,-0.09,-0.10,0.01
8362.6794,0.00,-0.09,-0.10,0.01
8362.7122,-0.00,-0.10,-0.10,0.01
8362.7440,-0.01,-0.10,-0.10,0.02
8362.7759,-0.01,-0.10,-0.10,0.02
8362.8076,-0.01,-0.10,-0.10,0.02
8362.8393,-0.00,-0.10,-0.10,0.02
8362.8709,-0.00,-0.10,-0.10,0.02
8362.9028,0.00,-0.11,-0.10,0.02
8362.9346,0.00,-0.10,-0.10,0.03
8362.9616,0.00,-0.10,-0.10,0.03
8362.9989,0.00,-0.10,-0.10,0.03
8363.0315,0.00,-0.10,-0.10,0.03
8363.0622,0.00,-0.10,-0.10,0.04
8363.0943,-0.00,-0.10,-0.10,0.04
8363.1261,-0.01,-0.09,-0.10,0.04
8363.1575,-0.01,-0.09,-0.10,0.04
8363.1896,-0.00,-0.09,-0.10,0.03
8363.2215,0.00,-0.09,-0.10,0.03
8363.2533,0.01,-0.09,-0.10,0.03
8363.2853,0.01,-0.09,-0.09,0.03
8363.3176,0.01,-0.09,-0.10,0.03
8363.3495,0.01,-0.09,-0.10,0.03
8363.3812,0.01,-0.09,-0.10,0.03
8363.4132,0.02,-0.09,-0.10,0.03
8363.4452,0.02,-0.09,-0.10,0.03
8363.4769,0.02,-0.08,-0.10,0.03
8363.5086,0.02,-0.08,-0.09,0.02
8363.5404,0.03,-0.08,-0.09,0.02
8363.5725,0.03,-0.08,-0.09,0.02
8363.6042,0.02,-0.08,-0.09,0.02
8363.6361,0.02,-0.08,-0.09,0.02
8363.6684,0.02,-0.08,-0.09,0.02
8363.7001,0.02,-0.08,-0.09,0.02
8363.7316,0.02,-0.07,-0.09,0.01
8363.7633,0.03,-0.07,-0.09,0.01
8363.7953,0.03,-0.07,-0.09,0.01
8363.8276,0.03,-0.07,-0.09,0.01
8363.8532,0.03,-0.07,-0.09,0.01
8363.8917,0.03,-0.07,-0.09,0.02
8363.9241,0.03,-0.07,-0.09,0.02
8363.9561,0.03,-0.07,-0.09,0.02
8363.9886,0.03,-0.07,-0.08,0.02
8364.0214,0.04,-0.07,-0.08,0.03
8364.0527,0.04,-0.07,-0.08,0.03
8364.0845,0.04,-0.07,-0.08,0.03
8364.1164,0.04,-0.07,-0.08,0.03
8364.1480,0.04,-0.07,-0.08,0.02
8364.1801,0.03,-0.07,-0.08,0.02
8364.2128,0.03,-0.07,-0.08,0.03
8364.2452,0.03,-0.07,-0.08,0.03
8364.2781,0.03,-0.07,-0.08,0.03
8364.3100,0.03,-0.07,-0.08,0.03
8364.3419,0.03,-0.06,-0.08,0.03
8364.3738,0.03,-0.06,-0.08,0.03
8364.4053,0.03,-0.06,-0.08,0.03
8364.4376,0.03,-0.06,-0.08,0.02
8364.4691,0.03,-0.06,-0.08,0.02
8364.5009,0.03,-0.06,-0.08,0.02
8364.5332,0.03,-0.06,-0.08,0.02
