timestamp_s,flexion,abduction,ext_rot,elbow
1088333.3742,-1.21,4.78,9.18,3.27
1088333.5920,-1.17,4.63,9.01,3.25
1088333.6277,-1.10,4.48,8.84,3.21
1088333.6594,-1.01,4.35,8.69,3.20
1088333.7192,-0.93,4.22,8.56,3.21
1088333.7451,-0.87,4.10,8.45,3.23
1088333.7779,-0.83,3.99,8.35,3.27
1088333.8094,-0.79,3.89,8.26,3.31
1088333.8409,-0.77,3.81,8.16,3.35
1088333.8735,-0.79,3.74,8.11,3.40
1088333.9143,-0.82,3.67,8.04,3.45
1088333.9376,-0.88,3.64,8.01,3.50
1088333.9632,-0.94,3.63,7.99,3.54
1088333.9950,-1.00,3.62,7.94,3.59
1088334.0315,-1.07,3.63,7.90,3.63
1088334.0638,-1.14,3.70,7.89,3.68
1088334.0960,-1.21,3.79,7.89,3.71
1088334.1277,-1.27,3.93,7.92,3.73
1088334.1595,-1.31,4.05,7.91,3.72
1088334.1854,-1.33,4.18,7.89,3.72
1088334.2150,-1.34,4.33,7.88,3.70
1088334.2464,-1.36,4.49,7.91,3.71
1088334.2792,-1.36,4.63,7.92,3.70
1088334.3030,-1.34,4.76,7.93,3.71
1088334.3461,-1.30,4.87,7.90,3.72
1088334.3785,-1.29,4.95,7.90,3.75
1088334.4099,-1.29,5.02,7.90,3.79
1088334.4356,-1.31,5.09,7.92,3.82
1088334.4645,-1.35,5.15,7.94,3.86
1088334.4964,-1.39,5.20,7.95,3.90
1088334.5278,-1.45,5.25,7.97,3.95
1088334.5535,-1.50,5.30,8.00,3.99
1088334.5967,-1.54,5.34,8.05,4.01
1088334.6293,-1.58,5.38,8.09,3.99
1088334.6618,-1.61,5.41,8.14,3.96
1088334.6938,-1.66,5.42,8.19,3.94
1088334.7318,-1.72,5.42,8.24,3.92
1088334.7566,-1.79,5.41,8.29,3.91
1088334.7976,-1.86,5.37,8.33,3.90
1088334.8293,-1.91,5.34,8.36,3.89
1088334.8615,-1.94,5.29,8.43,3.88
1088334.8939,-1.95,5.22,8.52,3.89
1088334.9256,-1.98,5.14,8.58,3.89
1088334.9577,-2.02,5.05,8.59,3.90
1088334.9895,-2.07,4.96,8.61,3.92
1088335.0216,-2.11,4.86,8.63,3.93
1088335.0573,-2.17,4.76,8.66,3.95
1088335.0850,-2.24,4.67,8.69,3.97
1088335.1172,-2.33,4.57,8.69,4.01
1088335.1491,-2.43,4.47,8.69,4.06
1088335.1815,-2.53,4.38,8.70,4.12
1088335.2132,-2.63,4.30,8.73,4.18
1088335.2449,-2.73,4.23,8.78,4.20
1088335.2770,-2.84,4.18,8.83,4.22
1088335.3091,-3.00,4.14,8.93,4.28
1088335.3408,-3.13,4.11,9.03,4.34
1088335.3727,-3.23,4.08,9.14,4.40
1088335.4048,-3.32,4.05,9.25,4.42
1088335.4363,-3.38,4.01,9.36,4.42
1088335.4683,-3.44,3.98,9.48,4.43
1088335.4998,-3.49,3.94,9.66,4.48
1088335.5316,-3.52,3.90,9.77,4.54
1088335.5736,-3.47,3.87,9.72,4.55
1088335.5947,-3.39,3.85,9.61,4.55
1088335.6266,-3.29,3.83,9.48,4.55
1088335.6587,-3.06,3.85,9.25,4.43
1088335.6902,-2.67,3.90,8.96,4.18
1088335.7227,-2.25,3.96,8.63,3.93
1088335.7542,-1.65,4.11,8.24,3.54
1088335.7855,-0.88,4.34,7.79,3.08
1088335.8180,-0.12,4.58,7.36,2.68
1088335.8336,0.66,4.86,6.93,2.21
1088335.8657,1.49,5.17,6.50,1.74
1088335.8977,2.51,5.58,6.05,1.18
1088335.9293,3.70,6.07,5.59,0.54
1088335.9615,4.88,6.57,5.15,0.14
1088335.9938,6.24,7.15,4.73,0.73
1088336.0256,7.76,7.85,4.31,1.47
1088336.0573,9.21,8.55,3.90,2.12
1088336.0892,10.79,9.38,3.48,2.84
1088336.1216,12.28,10.19,3.11,3.48
1088336.1533,13.87,11.11,2.81,4.19
1088336.1849,15.36,12.02,2.58,4.83
1088336.2172,16.92,13.10,2.45,5.50
1088336.2487,18.58,14.33,2.34,6.20
1088336.2802,20.18,15.57,2.24,6.85
1088336.3124,21.84,16.99,2.15,7.55
1088336.3445,23.56,18.57,2.11,8.29
1088336.3765,25.18,20.15,2.10,8.97
1088336.4081,26.89,21.90,2.12,9.69
1088336.4400,28.52,23.64,2.20,10.35
1088336.4713,30.19,25.56,2.34,10.98
1088336.5038,31.76,27.41,2.52,11.53
1088336.5353,33.41,29.44,2.75,12.12
1088336.5677,35.14,31.61,2.93,12.69
1088336.5994,36.78,33.69,3.08,13.20
1088336.6311,38.49,35.83,3.21,13.73
1088336.6631,40.26,38.03,3.39,14.26
1088336.6952,41.92,40.05,3.54,14.71
1088336.7269,43.64,42.12,3.69,15.16
1088336.7587,45.23,44.00,3.81,15.54
1088336.7907,46.84,45.91,4.01,15.88
1088336.8225,48.32,47.64,4.23,16.14
1088336.8547,49.84,49.42,4.58,16.35
1088336.8867,51.25,51.09,4.94,16.51
1088336.9184,52.74,52.87,5.39,16.63
1088336.9509,54.26,54.74,5.95,16.70
1088336.9948,55.86,56.70,6.59,16.73
1088337.0151,57.40,58.57,7.22,16.73
1088337.0391,58.89,60.35,7.85,16.69
1088337.0801,60.49,62.24,8.55,16.61
1088337.1124,62.23,64.25,9.30,16.47
1088337.1441,64.06,66.32,10.10,16.30
1088337.1686,65.83,68.25,10.89,16.11
1088337.2078,67.54,70.06,11.66,15.93
1088337.2337,69.31,71.92,12.51,15.69
1088337.2603,71.03,73.66,13.35,15.45
1088337.2923,72.82,75.44,14.26,15.14
1088337.3247,74.67,77.22,15.20,14.75
1088337.3568,76.38,78.84,16.12,14.37
1088337.3888,78.10,80.42,17.07,13.92
1088337.4209,79.83,81.96,17.99,13.49
1088337.4534,81.41,83.32,18.79,13.13
1088337.4852,82.99,84.62,19.48,12.82
1088337.5173,84.44,85.79,20.09,12.58
1088337.5474,85.75,86.81,20.61,12.41
1088337.5794,87.01,87.79,21.12,12.20
1088337.6112,88.19,88.68,21.59,11.96
1088337.6428,89.29,89.49,22.09,11.66
1088337.6736,90.22,90.16,22.55,11.46
1088337.6970,91.04,90.73,22.99,11.32
1088337.7289,91.73,91.19,23.48,11.25
1088337.7646,92.31,91.57,23.92,11.30
1088337.7967,92.77,91.87,24.30,11.40
1088337.8281,93.11,92.08,24.63,11.58
1088337.8602,93.29,92.19,24.83,11.80
1088337.8921,93.27,92.17,24.94,12.08
1088337.9162,93.15,92.09,25.00,12.37
1088337.9472,92.82,91.87,24.94,12.77
1088337.9794,92.33,91.56,24.80,13.13
1088338.0113,91.54,91.04,24.45,13.54
1088338.0417,90.62,90.42,24.07,13.84
1088338.0809,89.19,89.44,23.61,14.16
1088338.1127,87.35,88.12,22.80,14.71
1088338.1415,85.09,86.40,21.78,15.35
1088338.1633,82.87,84.60,20.82,16.13
1088338.1956,80.77,82.78,19.89,16.65
1088338.2280,78.41,80.57,18.85,17.28
1088338.2600,76.24,78.35,17.87,17.87
1088338.2919,73.87,75.72,16.97,18.58
1088338.3234,71.49,72.81,16.14,19.36
1088338.3557,69.42,70.01,15.42,20.07
1088338.3879,67.48,67.17,14.75,20.82
1088338.4196,65.55,64.25,14.27,21.63
1088338.4518,63.90,61.64,13.97,22.24
1088338.4836,62.43,59.28,13.77,22.75
1088338.5156,60.91,56.94,13.73,23.25
1088338.5483,59.29,54.51,13.85,23.73
1088338.5797,57.84,52.29,14.03,24.14
1088338.6116,56.29,49.95,14.21,24.51
1088338.6435,54.69,47.54,14.24,24.82
1088338.6750,53.21,45.29,14.13,25.04
1088338.7333,51.31,42.48,13.93,25.32
1088338.7625,49.32,39.57,13.63,25.57
1088338.7947,47.50,36.85,13.27,25.73
1088338.8267,45.57,34.06,12.83,25.96
1088338.8587,43.76,31.50,12.45,25.99
1088338.8908,41.96,28.93,12.09,25.99
1088338.9154,40.33,26.60,11.73,25.92
1088338.9467,38.67,24.28,11.37,25.86
1088338.9789,37.15,22.14,11.04,25.72
1088339.0110,35.65,19.97,10.64,25.58
1088339.0431,34.22,17.79,10.21,25.49
1088339.0750,32.93,15.78,9.79,25.25
1088339.0994,31.80,13.94,9.36,24.94
1088339.1310,30.82,12.04,8.74,24.63
1088339.1633,29.99,10.14,7.95,24.17
1088339.1959,29.22,8.39,7.15,23.66
1088339.2277,28.44,6.62,6.24,23.13
1088339.2601,27.58,4.97,5.40,22.60
1088339.2921,26.90,3.43,4.44,21.98
1088339.3315,26.22,1.96,3.43,21.32
1088339.3496,25.61,0.66,2.49,20.65
1088339.3948,25.03,-0.55,1.58,19.96
1088339.4268,24.36,-1.67,0.82,19.31
1088339.4586,23.71,-2.57,0.20,18.67
1088339.4909,23.09,-3.35,-0.33,18.06
1088339.5220,22.48,-4.02,-0.81,17.50
1088339.5541,21.91,-4.53,-1.20,16.96
1088339.5858,21.25,-4.89,-1.57,16.44
1088339.6174,20.63,-5.20,-1.91,15.94
1088339.6497,20.09,-5.55,-2.39,15.53
1088339.6812,19.63,-5.86,-2.71,15.16
1088339.7139,19.22,-6.11,-2.91,14.80
1088339.7456,18.92,-6.31,-3.03,14.44
1088339.7781,18.71,-6.56,-3.30,14.09
1088339.8101,18.57,-6.77,-3.64,13.76
1088339.8418,18.54,-6.81,-3.89,13.40
1088339.8738,18.45,-6.80,-4.02,13.13
1088339.9059,18.39,-6.74,-3.96,12.95
1088339.9375,18.31,-6.65,-3.80,12.82
1088339.9693,18.32,-6.48,-3.66,12.74
1088340.0016,18.45,-6.31,-3.62,12.80
1088340.0336,18.57,-6.12,-3.54,12.95
1088340.0658,18.77,-5.90,-3.43,13.14
1088340.0975,19.03,-5.67,-3.21,13.37
1088340.1292,19.29,-5.43,-2.95,13.61
1088340.1610,19.60,-5.21,-2.74,13.85
1088340.1931,19.98,-5.05,-2.63,14.03
1088340.2250,20.41,-4.87,-2.67,14.17
1088340.2568,20.88,-4.73,-2.83,14.32
1088340.2888,21.39,-4.56,-3.11,14.53
1088340.3209,21.89,-4.30,-3.27,14.74
1088340.3528,22.32,-3.98,-3.31,15.00
1088340.3849,22.85,-3.57,-3.17,15.30
1088340.4175,23.37,-3.10,-2.96,15.60
1088340.4485,23.97,-2.47,-2.69,15.92
1088340.4803,24.57,-1.81,-2.44,16.23
1088340.5125,25.28,-1.01,-2.23,16.64
1088340.5443,26.14,-0.05,-2.07,17.03
1088340.5767,26.99,0.93,-1.90,17.48
1088340.6081,27.83,1.92,-1.68,17.93
1088340.6396,28.92,3.23,-1.28,18.40
1088340.6717,29.98,4.51,-0.89,18.91
1088340.7039,31.18,5.89,-0.51,19.44
1088340.7364,32.34,7.21,-0.15,19.98
1088340.7677,33.63,8.61,0.20,20.55
1088340.8003,35.00,10.03,0.58,21.13
1088340.8320,36.46,11.45,0.92,21.74
1088340.8639,37.85,12.79,1.20,22.30
1088340.8962,39.29,14.10,1.39,22.87
1088340.9280,40.61,15.32,1.53,23.37
1088340.9597,41.94,16.52,1.58,23.89
1088340.9915,43.08,17.63,1.63,24.32
1088341.0233,44.25,18.71,1.73,24.80
1088341.0555,45.31,19.70,1.85,25.17
1088341.0875,46.41,20.68,1.92,25.54
1088341.1198,47.60,21.71,1.88,25.94
1088341.1514,48.67,22.68,1.80,26.27
1088341.1835,49.68,23.59,1.67,26.57
1088341.2154,50.74,24.53,1.47,26.87
1088341.2469,51.88,25.56,1.20,27.18
1088341.2790,53.18,26.77,0.85,27.51
1088341.3109,54.39,27.95,0.50,27.79
1088341.3435,55.58,29.16,0.16,28.03
1088341.3746,57.11,30.86,-0.26,28.29
1088341.4022,58.57,32.60,-0.64,28.50
1088341.4320,59.93,34.35,-0.98,28.65
1088341.4628,61.43,36.40,-1.29,28.73
1088341.4930,62.81,38.41,-1.55,28.73
1088341.5255,64.30,40.70,-1.82,28.67
1088341.5591,65.71,42.97,-2.08,28.53
1088341.5914,67.18,45.50,-2.33,28.30
1088341.6238,68.72,48.23,-2.52,28.01
1088341.6553,70.17,50.94,-2.63,27.67
1088341.6876,71.65,53.85,-2.59,27.21
1088341.7197,73.14,56.92,-2.47,26.66
1088341.7520,74.53,59.86,-2.30,26.11
1088341.7836,75.92,62.88,-2.10,25.52
1088341.8160,77.22,65.65,-1.89,24.98
1088341.8476,78.54,68.39,-1.67,24.48
1088341.8797,79.84,71.07,-1.44,24.01
1088341.9114,81.03,73.49,-1.22,23.61
1088341.9430,82.21,75.84,-1.01,23.24
1088341.9682,83.30,77.95,-0.82,22.94
1088341.9974,84.35,79.96,-0.60,22.65
1088342.0299,85.29,81.72,-0.40,22.39
1088342.0624,86.19,83.39,-0.19,22.11
1088342.0938,87.03,84.91,0.03,21.82
1088342.1258,87.77,86.23,0.24,21.55
1088342.1577,88.44,87.38,0.45,21.27
1088342.1862,89.02,88.38,0.66,21.00
1088342.2123,89.54,89.24,0.88,20.73
1088342.2441,89.99,89.99,1.08,20.49
1088342.2768,90.37,90.61,1.29,20.28
1088342.3087,90.70,91.13,1.50,20.11
1088342.3410,90.98,91.57,1.68,19.97
1088342.3650,91.21,91.92,1.85,19.85
1088342.4021,91.36,92.15,1.99,19.77
1088342.4297,91.45,92.29,2.09,19.70
1088342.4615,91.47,92.32,2.17,19.66
1088342.4939,91.40,92.21,2.20,19.66
1088342.5316,91.28,92.03,2.19,19.68
1088342.5601,91.07,91.70,2.16,19.74
1088342.5938,90.83,91.32,2.10,19.83
1088342.6249,90.49,90.79,2.00,19.96
1088342.6570,90.08,90.13,1.86,20.12
1088342.6890,89.67,89.47,1.72,20.26
1088342.7216,89.33,88.91,1.60,20.33
1088342.7525,88.81,88.03,1.45,20.47
1088342.7843,88.20,87.00,1.27,20.66
1088342.8165,87.50,85.78,1.08,20.85
1088342.8484,86.84,84.60,0.91,21.00
1088342.8801,86.17,83.40,0.73,21.15
1088342.8995,85.48,82.13,0.57,21.34
1088342.9290,84.64,80.55,0.45,21.57
1088342.9604,83.64,78.64,0.39,21.85
1088342.9982,82.49,76.42,0.40,22.16
1088343.0301,81.26,73.98,0.49,22.51
1088343.0623,80.07,71.60,0.58,22.83
1088343.0945,78.79,69.00,0.71,23.20
1088343.1260,77.60,66.53,0.86,23.53
1088343.1518,76.28,63.80,1.02,23.89
1088343.1806,75.02,61.19,1.18,24.22
1088343.2124,73.81,58.71,1.34,24.46
1088343.2443,72.48,56.03,1.56,24.74
1088343.2761,71.02,53.19,1.69,25.03
1088343.3080,69.64,50.52,1.82,25.25
1088343.3481,68.13,47.76,1.96,25.51
1088343.3803,66.50,44.91,2.08,25.76
1088343.3998,64.97,42.35,2.19,25.96
1088343.4316,63.49,40.01,2.26,26.06
1088343.4641,61.84,37.55,2.32,26.21
1088343.4963,60.27,35.28,2.37,26.27
1088343.5315,58.58,32.94,2.27,26.38
1088343.5629,56.74,30.54,2.15,26.47
1088343.5874,55.05,28.43,1.98,26.50
1088343.6277,53.18,26.31,1.73,26.47
1088343.6593,51.23,24.18,1.57,26.38
1088343.6911,49.25,22.10,1.21,26.23
1088343.7231,47.53,20.34,1.00,26.00
1088343.7552,46.03,18.71,0.87,25.58
1088343.7870,44.35,17.06,0.61,25.17
1088343.8189,42.43,15.32,0.28,24.85
1088343.8516,40.66,13.74,-0.08,24.32
1088343.8831,38.85,12.15,-0.69,23.87
1088343.9149,37.12,10.69,-1.27,23.15
1088343.9466,35.29,9.26,-1.72,22.47
1088343.9789,33.37,7.90,-2.24,21.73
1088344.0107,31.58,6.70,-2.73,20.98
1088344.0430,29.80,5.60,-3.23,20.19
1088344.0752,28.06,4.58,-3.86,19.40
1088344.1069,26.46,3.69,-4.45,18.62
1088344.1312,24.97,2.91,-4.92,17.84
1088344.1637,23.51,2.22,-5.17,17.06
1088344.1951,22.09,1.62,-5.32,16.32
1088344.2310,20.77,1.10,-5.43,15.56
1088344.2632,19.60,0.66,-5.53,14.85
1088344.2952,18.53,0.26,-5.61,14.20
1088344.3269,17.54,-0.06,-5.60,13.60
1088344.3588,16.65,-0.36,-5.52,13.04
1088344.3904,15.87,-0.63,-5.39,12.56
1088344.4150,15.18,-0.88,-5.25,12.11
1088344.4472,14.60,-1.10,-5.13,11.71
1088344.4797,14.10,-1.30,-5.05,11.35
1088344.5113,13.68,-1.49,-5.04,11.05
1088344.5432,13.32,-1.66,-5.06,10.77
1088344.5750,13.04,-1.83,-5.12,10.54
1088344.6148,12.84,-2.00,-5.25,10.34
1088344.6463,12.69,-2.14,-5.38,10.18
1088344.6786,12.64,-2.24,-5.51,10.05
1088344.7101,12.74,-2.29,-5.68,10.00
1088344.7437,12.90,-2.31,-5.84,9.99
1088344.7762,13.23,-2.27,-5.98,10.06
1088344.8082,13.69,-2.19,-6.13,10.18
1088344.8401,14.15,-2.10,-6.29,10.34
1088344.8724,14.70,-1.97,-6.42,10.54
1088344.9048,15.23,-1.85,-6.52,10.74
1088344.9366,15.72,-1.72,-6.58,10.92
1088344.9684,16.19,-1.58,-6.59,11.08
1088345.0005,16.65,-1.42,-6.63,11.21
1088345.0322,17.06,-1.27,-6.69,11.33
1088345.0646,17.43,-1.14,-6.74,11.47
1088345.0967,17.70,-1.00,-6.71,11.60
1088345.1286,17.88,-0.87,-6.62,11.72
1088345.1609,18.09,-0.72,-6.51,11.86
1088345.1928,18.34,-0.55,-6.44,12.05
1088345.2089,18.50,-0.40,-6.37,12.21
1088345.2413,18.74,-0.21,-6.29,12.41
1088345.2728,19.03,0.03,-6.19,12.59
1088345.3053,19.30,0.28,-6.07,12.75
1088345.3373,19.61,0.59,-5.90,12.89
1088345.3689,19.91,0.88,-5.73,13.02
1088345.4010,20.20,1.20,-5.51,13.15
1088345.4330,20.52,1.50,-5.32,13.28
1088345.4647,20.86,1.82,-5.16,13.41
1088345.4960,21.21,2.12,-5.01,13.54
1088345.5278,21.58,2.42,-4.92,13.72
1088345.5596,21.96,2.70,-4.85,13.92
1088345.5915,22.27,2.96,-4.76,14.09
1088345.6234,22.53,3.21,-4.65,14.21
1088345.6547,22.76,3.44,-4.56,14.29
1088345.6875,22.93,3.63,-4.49,14.34
1088345.7196,23.06,3.77,-4.44,14.37
1088345.7515,23.15,3.86,-4.46,14.41
1088345.7835,23.22,3.91,-4.50,14.46
1088345.8152,23.25,3.92,-4.53,14.48
1088345.8477,23.27,3.91,-4.56,14.51
1088345.8791,23.27,3.86,-4.59,14.53
1088345.9114,23.25,3.81,-4.61,14.53
1088345.9430,23.22,3.72,-4.62,14.51
1088345.9586,23.19,3.62,-4.63,14.50
1088345.9905,23.15,3.51,-4.67,14.50
1088346.0226,23.08,3.39,-4.69,14.49
1088346.0548,22.97,3.25,-4.71,14.48
1088346.0865,22.85,3.11,-4.73,14.48
1088346.1187,22.72,2.97,-4.75,14.47
1088346.1499,22.60,2.84,-4.76,14.46
1088346.1819,22.48,2.72,-4.76,14.46
1088346.2149,22.38,2.61,-4.77,14.45
1088346.2461,22.30,2.52,-4.77,14.44
1088346.2776,22.24,2.45,-4.78,14.44
1088346.3096,22.24,2.42,-4.80,14.44
1088346.3417,22.28,2.41,-4.84,14.45
1088346.3736,22.41,2.46,-4.90,14.49
1088346.4051,22.59,2.53,-4.95,14.56
1088346.4371,22.89,2.68,-4.93,14.68
1088346.4689,23.25,2.86,-4.89,14.82
1088346.5007,23.81,3.12,-4.89,15.02
1088346.5326,24.54,3.45,-4.88,15.36
1088346.5645,25.30,3.80,-4.85,15.73
1088346.5964,26.23,4.24,-4.76,16.18
1088346.6281,27.16,4.69,-4.67,16.64
1088346.6600,28.24,5.26,-4.57,17.13
1088346.6917,29.45,5.92,-4.48,17.66
1088346.7232,30.63,6.57,-4.45,18.22
1088346.7551,31.97,7.35,-4.46,18.83
1088346.7710,33.12,8.00,-4.50,19.38
1088346.8036,34.46,8.80,-4.53,20.02
1088346.8357,35.99,9.76,-4.53,20.68
1088346.8675,37.48,10.75,-4.51,21.34
1088346.8986,39.12,11.94,-4.47,22.02
1088346.9310,40.90,13.33,-4.51,22.69
1088346.9629,42.62,14.75,-4.60,23.32
1088346.9951,44.48,16.42,-4.77,23.92
1088347.0270,46.27,18.10,-4.97,24.46
1088347.0589,48.15,20.03,-5.21,24.98
1088347.0912,50.12,22.24,-5.46,25.44
1088347.1226,51.97,24.45,-5.68,25.85
1088347.1545,53.88,26.94,-5.85,26.17
1088347.1860,55.83,29.65,-5.87,26.41
1088347.2146,57.64,32.34,-5.85,26.56
1088347.2469,59.35,34.99,-5.81,26.63
1088347.2785,61.10,37.90,-5.72,26.63
1088347.3093,62.90,41.04,-5.63,26.54
1088347.3420,64.59,44.08,-5.53,26.40
1088347.3648,66.17,46.99,-5.42,26.22
1088347.3977,67.80,50.11,-5.23,25.97
1088347.4312,69.47,53.38,-5.01,25.67
1088347.4630,71.05,56.47,-4.76,25.35
1088347.4944,72.69,59.68,-4.43,24.99
1088347.5264,74.20,62.65,-4.09,24.61
1088347.5586,75.73,65.64,-3.63,24.18
1088347.5907,77.14,68.38,-3.16,23.76
1088347.6225,78.55,71.07,-2.62,23.33
1088347.6550,79.90,73.64,-2.00,22.88
1088347.6866,81.13,75.91,-1.41,22.46
1088347.7184,82.31,78.05,-0.79,22.02
1088347.7471,83.37,79.91,-0.20,21.62
1088347.7784,84.39,81.64,0.42,21.24
1088347.8104,85.35,83.22,1.07,20.87
1088347.8418,86.21,84.58,1.66,20.56
1088347.8734,86.96,85.74,2.20,20.27
1088347.8966,87.63,86.73,2.70,20.03
1088347.9283,88.23,87.60,3.21,19.79
1088347.9711,88.76,88.35,3.70,19.60
1088347.9992,89.22,88.97,4.15,19.44
1088348.0304,89.58,89.45,4.55,19.33
1088348.0623,89.87,89.83,4.91,19.26
1088348.0945,90.08,90.10,5.23,19.21
1088348.1261,90.18,90.23,5.50,19.18
1088348.1580,90.22,90.28,5.73,19.18
1088348.1814,90.21,90.26,5.92,19.18
1088348.2137,90.08,90.10,6.05,19.21
1088348.2480,89.90,89.87,6.13,19.26
1088348.2796,89.58,89.48,6.14,19.34
1088348.3117,89.16,88.95,6.08,19.43
1088348.3393,88.73,88.42,6.00,19.53
1088348.3802,88.24,87.81,5.87,19.63
1088348.4126,87.76,87.21,5.72,19.76
1088348.4451,87.34,86.68,5.60,19.88
1088348.4769,86.94,86.16,5.47,19.99
1088348.5090,86.56,85.66,5.34,20.10
1088348.5412,86.23,85.23,5.24,20.17
1088348.5725,85.92,84.82,5.11,20.25
1088348.6040,85.67,84.48,4.99,20.32
1088348.6364,85.46,84.19,4.89,20.38
1088348.6682,85.31,83.98,4.81,20.43
1088348.7001,85.22,83.85,4.75,20.48
1088348.7323,85.18,83.79,4.70,20.54
1088348.7637,85.16,83.78,4.68,20.58
1088348.7957,85.17,83.79,4.70,20.63
1088348.8275,85.16,83.79,4.77,20.67
1088348.8600,85.12,83.74,4.87,20.70
1088348.8913,84.99,83.58,4.98,20.73
1088348.9155,84.81,83.36,5.06,20.75
1088348.9467,84.52,82.99,5.08,20.77
1088348.9786,84.18,82.54,5.09,20.76
1088349.0108,83.62,81.79,5.06,20.82
1088349.0428,83.02,80.95,4.98,20.90
1088349.0745,82.16,79.75,4.88,21.05
1088349.1147,80.98,78.05,4.87,21.26
1088349.1471,79.55,75.94,4.87,21.51
1088349.1792,78.11,73.77,4.90,21.74
1088349.2111,76.43,71.18,4.97,21.97
1088349.2425,74.51,68.16,4.93,22.18
1088349.2814,72.63,65.18,4.87,22.27
1088349.3137,70.55,61.83,4.64,22.47
1088349.3454,68.58,58.63,4.33,22.53
1088349.3778,66.37,55.08,4.00,22.72
1088349.4099,64.09,51.44,3.56,22.91
1088349.4413,61.93,48.07,3.21,23.04
1088349.4717,59.71,44.70,2.95,23.14
1088349.5036,57.64,41.66,2.72,23.17
1088349.5353,55.47,38.62,2.49,23.17
1088349.5674,53.37,35.74,2.01,23.12
1088349.5995,51.41,33.20,1.56,22.90
1088349.6315,49.46,30.78,1.10,22.72
1088349.6648,47.52,28.50,0.64,22.49
1088349.6960,45.73,26.51,0.26,22.18
1088349.7279,43.98,24.62,-0.19,21.87
1088349.7596,42.36,22.94,-0.67,21.44
1088349.7920,40.67,21.28,-1.09,21.08
1088349.8234,39.11,19.77,-1.45,20.70
1088349.8636,37.30,18.09,-1.85,20.34
1088349.8955,35.63,16.59,-2.18,19.93
1088349.9274,33.94,15.18,-2.51,19.50
1088349.9591,32.39,13.93,-2.79,19.05
1088349.9909,30.83,12.69,-3.03,18.62
1088350.0312,29.29,11.47,-3.22,18.23
1088350.0631,27.90,10.42,-3.32,17.83
1088350.0951,26.54,9.43,-3.32,17.39
1088350.1261,25.25,8.52,-3.31,16.96
1088350.1584,24.09,7.71,-3.25,16.53
1088350.1901,22.99,6.95,-3.15,16.10
1088350.2139,22.00,6.28,-3.08,15.68
1088350.2455,21.05,5.67,-2.97,15.25
1088350.2777,20.21,5.16,-2.85,14.83
1088350.3095,19.46,4.69,-2.74,14.39
1088350.3412,18.82,4.29,-2.66,13.97
1088350.3731,18.21,3.93,-2.56,13.55
1088350.3974,17.68,3.59,-2.49,13.14
1088350.4294,17.19,3.30,-2.40,12.73
1088350.4610,16.80,3.03,-2.35,12.33
1088350.4934,16.42,2.81,-2.24,11.94
1088350.5248,16.07,2.60,-2.11,11.57
1088350.5567,15.74,2.43,-1.91,11.21
1088350.5967,15.42,2.27,-1.73,10.86
1088350.6214,15.13,2.14,-1.57,10.52
1088350.6462,14.86,2.01,-1.46,10.20
1088350.6786,14.62,1.90,-1.36,9.90
1088350.7104,14.37,1.77,-1.27,9.61
1088350.7424,14.16,1.67,-1.17,9.33
1088350.7745,13.96,1.56,-1.09,9.08
1088350.8061,13.79,1.45,-1.03,8.86
1088350.8380,13.64,1.35,-0.99,8.66
1088350.8699,13.49,1.25,-0.98,8.47
1088350.9015,13.36,1.16,-0.97,8.31
1088350.9338,13.26,1.08,-0.96,8.17
1088350.9658,13.19,1.01,-0.94,8.04
1088350.9974,13.12,0.95,-0.93,7.92
1088351.0292,13.07,0.91,-0.92,7.81
1088351.0610,13.02,0.89,-0.92,7.71
1088351.0928,12.98,0.89,-0.93,7.63
1088351.1246,12.99,0.89,-0.92,7.55
1088351.1566,13.00,0.91,-0.93,7.48
1088351.1885,13.06,0.94,-0.91,7.43
1088351.2198,13.12,0.97,-0.91,7.40
1088351.2506,13.22,1.01,-0.93,7.38
1088351.2824,13.36,1.06,-0.96,7.38
1088351.3147,13.50,1.12,-0.99,7.39
1088351.3472,13.67,1.21,-1.00,7.42
1088351.3793,13.86,1.30,-1.04,7.45
1088351.4113,14.04,1.41,-1.08,7.53
1088351.4421,14.22,1.54,-1.08,7.61
1088351.4746,14.46,1.70,-1.08,7.71
1088351.5062,14.75,1.90,-1.05,7.83
1088351.5385,15.03,2.11,-0.96,7.97
1088351.5704,15.32,2.35,-0.82,8.14
1088351.6022,15.73,2.69,-0.71,8.31
1088351.6342,16.12,3.04,-0.59,8.50
1088351.6665,16.58,3.45,-0.45,8.70
1088351.6981,17.04,3.84,-0.31,8.92
1088351.7300,17.57,4.30,-0.11,9.15
1088351.7609,18.18,4.82,0.10,9.41
1088351.7931,18.78,5.34,0.30,9.69
1088351.8244,19.51,5.92,0.51,9.99
1088351.8565,20.25,6.50,0.69,10.37
1088351.8880,21.00,7.08,0.87,10.76
1088351.9190,21.75,7.67,1.07,11.20
1088351.9509,22.53,8.28,1.29,11.68
1088351.9821,23.35,8.91,1.51,12.15
1088352.0139,24.33,9.65,1.75,12.68
1088352.0457,25.49,10.51,2.00,13.28
1088352.0783,26.66,11.37,2.22,13.88
1088352.1094,27.81,12.22,2.42,14.52
1088352.1410,29.17,13.23,2.67,15.17
1088352.1730,30.69,14.39,2.94,15.84
1088352.2051,32.38,15.69,3.26,16.55
1088352.2374,34.00,16.96,3.56,17.22
1088352.2693,35.75,18.38,3.83,17.90
1088352.3017,37.58,19.94,4.07,18.53
1088352.3334,39.28,21.47,4.27,19.11
1088352.3649,41.03,23.13,4.48,19.66
1088352.3971,42.78,24.89,4.67,20.15
1088352.4288,44.62,26.87,4.81,20.58
1088352.4603,46.39,28.92,4.94,20.96
1088352.4924,48.02,30.88,5.06,21.32
1088352.5241,49.63,32.87,5.19,21.63
1088352.5564,51.21,34.89,5.31,21.95
1088352.5887,52.64,36.78,5.40,22.26
1088352.6204,53.93,38.55,5.48,22.53
1088352.6527,55.23,40.38,5.52,22.78
1088352.6807,56.40,42.08,5.54,23.02
1088352.7133,57.60,43.82,5.51,23.23
1088352.7453,58.83,45.62,5.47,23.42
1088352.7770,59.97,47.29,5.40,23.59
1088352.8068,61.14,49.03,5.32,23.74
1088352.8399,62.25,50.67,5.23,23.88
1088352.8774,63.42,52.38,5.10,24.03
1088352.9006,64.53,54.01,4.99,24.18
1088352.9326,65.71,55.72,4.91,24.31
1088352.9645,66.92,57.48,4.82,24.41
1088352.9962,68.05,59.15,4.75,24.49
1088353.0283,69.20,60.87,4.72,24.53
1088353.0729,70.37,62.65,4.75,24.53
1088353.0917,71.47,64.30,4.80,24.52
1088353.1236,72.54,65.95,4.88,24.47
1088353.1553,73.52,67.45,4.97,24.42
1088353.1807,74.48,68.95,5.11,24.32
1088353.2128,75.36,70.31,5.26,24.23
1088353.2446,76.22,71.63,5.43,24.08
1088353.2754,77.01,72.83,5.61,23.95
1088353.3142,77.79,74.02,5.87,23.77
1088353.3476,78.49,75.05,6.10,23.61
1088353.3648,79.11,75.94,6.30,23.47
1088353.4111,79.69,76.76,6.54,23.33
1088353.4273,80.18,77.46,6.78,23.21
1088353.4670,80.52,77.95,7.02,23.09
1088353.4966,80.72,78.28,7.27,22.95
1088353.5294,80.79,78.44,7.53,22.84
1088353.5620,80.71,78.40,7.77,22.74
1088353.5941,80.51,78.20,7.95,22.69
1088353.6260,80.22,77.85,8.09,22.63
1088353.6570,79.92,77.47,8.17,22.63
1088353.6807,79.58,76.99,8.19,22.63
1088353.7127,79.26,76.51,8.15,22.68
1088353.7444,78.89,75.95,8.09,22.73
1088353.7765,78.60,75.41,7.92,22.79
1088353.8097,78.30,74.82,7.67,22.82
1088353.8417,78.03,74.23,7.43,22.82
1088353.8738,77.78,73.68,7.19,22.81
1088353.9052,77.54,73.13,6.92,22.80
1088353.9372,77.30,72.58,6.70,22.78
1088353.9687,77.10,72.08,6.44,22.77
1088354.0008,76.88,71.53,6.19,22.76
1088354.0326,76.67,71.00,5.99,22.75
1088354.0641,76.39,70.37,5.76,22.73
1088354.0963,76.04,69.67,5.57,22.70
1088354.1277,75.66,68.96,5.41,22.68
1088354.1598,75.17,68.09,5.24,22.65
1088354.1917,74.66,67.17,5.06,22.62
1088354.2241,74.04,66.10,4.89,22.60
1088354.2555,73.42,65.02,4.75,22.58
1088354.2869,72.67,63.73,4.63,22.57
1088354.3187,71.92,62.44,4.51,22.56
1088354.3645,70.93,60.76,4.37,22.57
1088354.3965,69.98,59.14,4.20,22.58
1088354.4282,68.96,57.42,4.02,22.59
1088354.4602,67.84,55.56,3.86,22.60
1088354.4916,66.79,53.80,3.69,22.62
1088354.5232,65.68,51.95,3.49,22.61
1088354.5549,64.63,50.22,3.32,22.58
1088354.5864,63.53,48.41,3.17,22.59
1088354.6181,62.37,46.52,3.02,22.61
1088354.6495,61.30,44.76,2.89,22.60
1088354.6815,60.17,42.91,2.78,22.66
1088354.7168,58.98,40.99,2.67,22.73
1088354.7472,57.87,39.19,2.57,22.75
1088354.7794,56.75,37.37,2.44,22.81
1088354.8114,55.69,35.71,2.31,22.85
1088354.8437,54.61,34.01,2.20,22.89
1088354.8687,53.59,32.47,2.08,22.91
1088354.8976,52.52,30.88,2.02,22.92
1088354.9424,51.43,29.32,1.95,22.93
1088354.9753,50.29,27.76,1.90,22.91
1088355.0069,49.24,26.35,1.84,22.82
1088355.0387,48.14,24.94,1.75,22.76
1088355.0707,47.11,23.66,1.64,22.63
1088355.1034,46.03,22.34,1.56,22.54
1088355.1351,44.99,21.14,1.49,22.37
1088355.1670,43.91,19.92,1.42,22.18
1088355.1984,42.76,18.69,1.35,22.01
1088355.2304,41.65,17.55,1.31,21.82
1088355.2622,40.48,16.38,1.28,21.62
1088355.2937,39.22,15.17,1.26,21.42
1088355.3259,38.05,14.08,1.29,21.19
1088355.3583,36.85,12.99,1.30,20.93
1088355.3825,35.71,11.99,1.28,20.68
1088355.4141,34.52,10.96,1.27,20.42
1088355.4460,33.41,10.02,1.25,20.16
1088355.4777,32.28,9.06,1.18,19.96
1088355.5091,31.25,8.19,1.13,19.72
1088355.5414,30.22,7.38,1.11,19.43
1088355.5736,29.18,6.57,1.11,19.18
1088355.6143,28.21,5.82,1.11,18.89
1088355.6460,27.25,5.07,1.12,18.62
1088355.6783,26.38,4.36,1.12,18.34
1088355.7106,25.54,3.65,1.12,18.12
1088355.7423,24.72,2.96,1.18,17.89
1088355.7743,23.92,2.29,1.22,17.66
1088355.8142,23.12,1.63,1.22,17.43
1088355.8459,22.37,1.02,1.21,17.19
1088355.8776,21.66,0.43,1.17,16.95
1088355.9098,21.02,-0.11,1.12,16.68
1088355.9416,20.40,-0.64,1.09,16.44
1088355.9657,19.83,-1.13,1.05,16.22
1088355.9967,19.33,-1.58,1.00,16.01
1088356.0287,18.83,-2.02,0.95,15.78
1088356.0642,18.37,-2.41,0.92,15.56
1088356.0931,17.96,-2.74,0.87,15.34
1088356.1250,17.59,-3.03,0.77,15.11
1088356.1568,17.25,-3.30,0.60,14.89
1088356.1888,16.97,-3.54,0.45,14.70
1088356.2208,16.72,-3.75,0.34,14.52
1088356.2526,16.52,-3.94,0.23,14.36
1088356.2853,16.35,-4.09,0.12,14.22
1088356.3175,16.21,-4.24,-0.01,14.10
1088356.3495,16.08,-4.36,-0.14,14.00
1088356.3812,15.98,-4.46,-0.29,13.91
1088356.4131,15.91,-4.55,-0.45,13.84
1088356.4439,15.86,-4.63,-0.58,13.79
1088356.4760,15.82,-4.69,-0.70,13.74
1088356.5083,15.80,-4.74,-0.77,13.69
1088356.5400,15.78,-4.77,-0.82,13.64
1088356.5709,15.77,-4.80,-0.87,13.60
1088356.6033,15.77,-4.82,-0.91,13.57
1088356.6350,15.78,-4.84,-0.94,13.54
1088356.6673,15.80,-4.85,-0.97,13.53
1088356.6991,15.83,-4.86,-1.01,13.52
1088356.7309,15.87,-4.86,-1.04,13.51
1088356.7634,15.92,-4.86,-1.08,13.50
1088356.7953,15.97,-4.85,-1.09,13.50
1088356.8273,16.02,-4.84,-1.10,13.50
1088356.8593,16.06,-4.83,-1.11,13.50
1088356.8919,16.11,-4.82,-1.11,13.51
1088356.9243,16.15,-4.81,-1.10,13.53
1088356.9562,16.20,-4.81,-1.09,13.57
1088356.9879,16.24,-4.84,-1.11,13.65
1088357.0195,16.29,-4.86,-1.12,13.76
1088357.0516,16.36,-4.84,-1.12,13.89
1088357.0837,16.41,-4.79,-1.15,14.03
1088357.1153,16.50,-4.70,-1.16,14.16
1088357.1475,16.67,-4.52,-1.13,14.28
1088357.1792,16.94,-4.28,-1.15,14.38
1088357.2109,17.26,-4.01,-1.16,14.47
1088357.2423,17.66,-3.65,-1.23,14.55
1088357.2745,18.16,-3.20,-1.31,14.63
1088357.3064,18.63,-2.73,-1.33,14.70
1088357.3384,19.15,-2.17,-1.30,14.78
1088357.3707,19.72,-1.55,-1.27,14.90
1088357.4026,20.27,-0.94,-1.19,15.01
1088357.4352,20.91,-0.29,-1.13,15.14
1088357.4671,21.53,0.35,-1.05,15.30
1088357.4994,22.20,1.01,-1.00,15.48
1088357.5308,22.90,1.68,-0.90,15.67
1088357.5626,23.56,2.29,-0.77,15.83
1088357.5947,24.16,2.86,-0.63,15.99
1088357.6266,24.75,3.38,-0.44,16.13
1088357.6583,25.31,3.85,-0.26,16.26
1088357.6907,25.79,4.27,-0.10,16.38
1088357.7225,26.21,4.62,0.03,16.48
1088357.7547,26.57,4.92,0.10,16.59
1088357.7871,26.87,5.18,0.18,16.68
1088357.8186,27.11,5.39,0.26,16.76
1088357.8504,27.30,5.56,0.33,16.83
1088357.8824,27.43,5.69,0.37,16.88
1088357.9147,27.52,5.78,0.42,16.93
1088357.9460,27.62,5.85,0.45,16.96
1088357.9772,27.70,5.91,0.47,16.99
1088358.0092,27.75,5.93,0.49,17.02
1088358.0410,27.79,5.94,0.52,17.04
1088358.0728,27.83,5.95,0.54,17.06
1088358.1041,27.90,5.95,0.56,17.06
1088358.1362,27.97,5.97,0.60,17.06
1088358.1685,28.07,5.99,0.64,17.04
1088358.2004,28.14,6.06,0.73,16.99
1088358.2332,28.20,6.22,0.91,16.89
1088358.2643,28.24,6.41,1.14,16.82
1088358.2964,28.27,6.67,1.49,16.74
1088358.3286,28.28,6.96,1.89,16.64
1088358.3607,28.20,7.35,2.41,16.46
1088358.3925,28.07,7.92,3.10,16.16
1088358.4244,27.97,8.62,3.85,15.89
1088358.4561,27.79,9.52,4.61,15.58
1088358.4883,27.60,10.49,5.39,15.26
1088358.5201,27.31,11.82,6.40,14.84
1088358.5523,26.84,13.48,7.59,14.19
1088358.5842,26.23,15.14,8.88,13.72
1088358.6158,25.45,16.92,10.32,13.23
1088358.6478,24.53,18.59,11.87,12.79
1088358.6799,23.43,20.32,13.69,12.34
1088358.7116,22.20,21.97,15.66,11.83
1088358.7435,21.03,23.43,17.53,11.55
1088358.7756,19.83,24.73,19.25,11.36
1088358.8075,18.69,25.84,20.75,11.25
1088358.8400,17.60,26.87,22.09,11.17
1088358.8718,16.55,27.75,23.29,11.13
1088358.9032,15.59,28.48,24.36,11.13
1088358.9356,14.73,29.07,25.39,11.17
1088358.9670,14.01,29.59,26.32,11.20
1088358.9994,13.43,30.01,27.02,11.26
1088359.0310,13.05,30.37,27.47,11.41
1088359.0630,12.82,30.66,27.81,11.59
1088359.0946,12.70,30.88,28.10,11.79
1088359.1260,12.76,31.01,28.37,12.03
1088359.1589,13.01,31.05,28.46,12.34
1088359.1906,13.50,30.98,28.30,12.84
1088359.2226,14.05,30.86,28.08,13.26
1088359.2539,14.85,30.59,27.63,13.88
1088359.2864,15.72,30.25,27.05,14.40
1088359.3177,16.86,29.74,26.17,15.13
1088359.3492,17.98,29.17,25.25,15.72
1088359.3813,19.33,28.44,24.04,16.41
1088359.4133,20.79,27.50,22.58,17.30
1088359.4455,22.12,26.49,21.12,18.00
1088359.4773,23.55,25.33,19.40,18.87
1088359.5091,25.01,24.01,17.49,19.73
1088359.5409,26.32,22.71,15.64,20.36
1088359.5730,27.59,21.29,13.65,21.10
1088359.6047,28.74,19.90,11.79,21.64
1088359.6369,29.88,18.45,9.86,22.24
1088359.6690,30.91,17.05,8.00,22.75
1088359.7003,31.94,15.59,6.04,23.24
1088359.7320,32.97,14.06,3.97,23.79
1088359.7637,33.90,12.59,2.05,24.10
1088359.7960,34.74,11.18,0.29,24.35
1088359.8274,35.61,9.71,-1.49,24.62
1088359.8594,36.49,8.17,-3.34,24.89
1088359.8913,37.34,6.59,-5.14,25.19
1088359.9236,38.13,5.13,-6.79,25.32
1088359.9556,38.88,3.65,-8.40,25.49
1088359.9870,39.60,2.29,-9.87,25.55
1088360.0182,40.26,0.96,-11.25,25.60
1088360.0501,40.90,-0.33,-12.56,25.69
1088360.0819,41.46,-1.50,-13.75,25.72
1088360.1136,41.96,-2.62,-14.77,25.76
1088360.1451,42.40,-3.60,-15.66,25.74
1088360.1769,42.76,-4.50,-16.45,25.69
1088360.1933,43.05,-5.28,-17.13,25.61
1088360.2244,43.30,-5.95,-17.72,25.50
1088360.2564,43.48,-6.56,-18.24,25.37
1088360.2879,43.63,-7.08,-18.64,25.23
1088360.3199,43.75,-7.52,-19.00,25.08
1088360.3518,43.83,-7.91,-19.30,24.93
1088360.3834,43.90,-8.23,-19.56,24.79
1088360.4158,43.94,-8.50,-19.75,24.64
1088360.4466,43.97,-8.71,-19.89,24.50
1088360.4788,43.98,-8.88,-20.00,24.35
1088360.5103,43.95,-9.02,-20.05,24.19
1088360.5424,43.84,-9.11,-20.04,24.01
1088360.5733,43.72,-9.18,-20.00,23.82
1088360.6055,43.56,-9.23,-19.92,23.61
1088360.6377,43.27,-9.25,-19.77,23.36
1088360.6699,42.81,-9.23,-19.55,23.05
1088360.7017,42.30,-9.19,-19.27,22.71
1088360.7343,41.67,-9.10,-19.02,22.33
1088360.7652,41.01,-9.01,-18.80,21.95
1088360.7972,40.22,-9.00,-18.62,21.62
1088360.8290,39.47,-9.04,-18.54,21.36
1088360.8607,38.63,-9.13,-18.39,21.11
1088360.8927,37.76,-9.17,-18.09,20.73
1088360.9244,36.98,-9.21,-17.84,20.32
1088360.9567,36.18,-9.27,-17.73,19.91
1088360.9887,35.38,-9.33,-17.52,19.45
1088361.0206,34.70,-9.38,-17.35,19.00
1088361.0530,34.01,-9.42,-17.17,18.53
1088361.0833,33.32,-9.48,-17.00,18.09
1088361.1145,32.67,-9.55,-16.89,17.70
1088361.1466,32.06,-9.61,-16.79,17.34
1088361.1781,31.41,-9.67,-16.59,16.95
1088361.2098,30.72,-9.73,-16.32,16.56
1088361.2418,30.07,-9.79,-16.06,16.21
1088361.2740,29.42,-9.86,-15.81,15.90
1088361.3058,28.83,-9.94,-15.54,15.64
1088361.3378,28.30,-10.03,-15.28,15.42
1088361.3698,27.78,-10.12,-14.93,15.22
1088361.4026,27.32,-10.18,-14.60,15.04
1088361.4346,26.93,-10.24,-14.34,14.89
1088361.4660,26.64,-10.29,-14.12,14.76
1088361.4982,26.42,-10.34,-13.96,14.64
1088361.5304,26.28,-10.36,-13.79,14.52
1088361.5620,26.21,-10.35,-13.60,14.36
1088361.5942,26.17,-10.32,-13.37,14.16
1088361.6252,26.13,-10.23,-12.88,13.76
1088361.6576,26.10,-10.14,-12.26,13.25
1088361.6896,26.14,-10.00,-11.34,12.51
1088361.7213,26.29,-9.82,-10.00,11.70
1088361.7531,26.49,-9.66,-8.53,11.05
1088361.7849,26.87,-9.53,-6.57,10.70
1088361.8027,27.32,-9.43,-4.53,10.72
1088361.8487,27.99,-9.27,-1.95,11.26
1088361.8807,28.69,-9.05,0.59,12.31
1088361.9128,29.55,-8.71,3.34,13.56
1088361.9446,30.38,-8.29,5.94,15.04
1088361.9768,31.23,-7.77,8.48,16.46
1088362.0094,32.04,-7.25,10.84,17.91
1088362.0407,32.74,-6.77,12.90,19.39
1088362.0728,33.36,-6.44,14.70,20.88
1088362.1051,33.87,-6.27,16.21,22.44
1088362.1371,34.27,-6.17,17.48,23.90
1088362.1690,34.59,-6.17,18.52,25.27
1088362.2007,34.85,-6.20,19.33,26.49
1088362.2324,35.01,-6.28,19.97,27.54
1088362.2647,35.08,-6.39,20.42,28.48
1088362.2972,35.11,-6.50,20.77,29.31
1088362.3286,35.12,-6.64,21.03,30.06
1088362.3606,35.10,-6.76,21.22,30.72
1088362.3930,35.06,-6.90,21.33,31.30
1088362.4248,34.98,-7.02,21.43,31.81
1088362.4574,34.93,-7.16,21.44,32.29
1088362.4892,34.83,-7.29,21.45,32.71
1088362.5207,34.69,-7.39,21.46,33.07
1088362.5521,34.54,-7.44,21.41,33.34
1088362.5843,34.29,-7.37,21.25,33.35
1088362.6160,33.95,-7.18,21.07,33.13
1088362.6478,33.35,-6.52,20.66,32.10
1088362.6796,32.71,-5.59,20.09,30.59
1088362.7116,32.01,-4.05,18.58,28.03
1088362.7437,31.42,-2.49,15.18,25.12
1088362.7762,30.91,-1.17,10.96,22.45
1088362.8084,30.44,-0.10,5.10,20.07
1088362.8406,30.08,0.68,-1.07,18.28
1088362.8723,29.80,1.27,-6.59,17.14
1088362.9039,29.56,1.70,-11.40,16.64
1088362.9355,29.36,1.98,-15.69,16.66
1088362.9674,29.18,2.14,-19.77,17.06
1088362.9999,29.03,2.24,-23.38,17.66
1088363.0324,28.91,2.30,-26.53,18.36
1088363.0643,28.84,2.34,-29.20,19.08
1088363.0965,28.78,2.39,-31.51,19.79
1088363.1287,28.76,2.45,-33.54,20.46
1088363.1606,28.75,2.53,-35.30,21.09
1088363.1922,28.76,2.62,-36.81,21.65
1088363.2246,28.78,2.70,-38.08,22.15
1088363.2567,28.82,2.79,-39.17,22.58
1088363.2893,28.85,2.87,-40.07,22.95
1088363.3208,28.92,2.94,-40.79,23.26
1088363.3531,28.98,2.98,-41.39,23.55
1088363.3848,29.07,3.01,-41.89,23.79
1088363.4170,29.23,3.06,-42.19,23.98
1088363.4491,29.43,3.12,-42.32,24.10
1088363.4808,29.76,3.26,-42.01,24.19
1088363.5128,30.28,3.53,-41.30,24.28
1088363.5454,31.05,3.94,-40.20,24.42
1088363.5778,31.87,4.40,-39.11,24.57
1088363.6087,32.93,5.09,-37.84,24.76
1088363.6407,34.28,6.04,-36.42,25.03
1088363.6729,35.63,7.09,-35.02,25.31
1088363.7049,36.97,8.23,-33.58,25.62
1088363.7363,38.51,9.66,-31.87,25.94
1088363.7685,40.26,11.44,-29.83,26.24
1088363.8007,42.21,13.55,-27.53,26.54
1088363.8324,44.05,15.71,-25.30,26.77
1088363.8647,46.02,18.15,-23.02,26.98
1088363.8960,47.89,20.61,-20.93,27.12
1088363.9121,49.66,23.05,-19.01,27.26
1088363.9443,51.59,25.75,-17.19,27.43
1088363.9762,53.43,28.43,-15.56,27.60
1088364.0080,55.39,31.28,-14.10,27.82
1088364.0474,57.42,34.26,-12.86,28.12
1088364.0789,59.31,37.10,-11.79,28.44
1088364.1110,61.25,40.08,-10.87,28.82
1088364.1355,63.06,42.96,-10.07,29.23
1088364.1633,64.86,45.89,-9.32,29.65
1088364.1977,66.52,48.66,-8.66,30.09
1088364.2285,68.14,51.49,-8.05,30.52
1088364.2603,69.71,54.34,-7.43,30.90
1088364.2919,71.14,57.00,-6.85,31.29
1088364.3239,72.49,59.67,-6.22,31.58
1088364.3557,73.70,62.12,-5.58,31.89
1088364.3875,74.82,64.54,-4.81,32.13
1088364.4192,75.81,66.71,-4.03,32.34
1088364.4512,76.71,68.79,-3.14,32.48
1088364.4836,77.48,70.70,-2.09,32.52
1088364.5153,78.13,72.33,-1.04,32.56
1088364.5474,78.63,73.70,0.08,32.58
1088364.5796,78.98,74.81,1.26,32.53
1088364.6110,79.22,75.67,2.34,32.59
1088364.6361,79.35,76.32,3.29,32.67
1088364.6637,79.34,76.76,4.21,32.77
1088364.6950,79.27,77.06,5.03,32.88
1088364.7274,79.06,77.20,5.77,32.96
1088364.7592,78.79,77.22,6.44,33.07
1088364.7995,78.47,77.15,6.98,33.21
1088364.8303,78.15,77.06,7.41,33.40
1088364.8621,77.83,76.92,7.75,33.58
1088364.8941,77.53,76.78,8.03,33.77
1088364.9265,77.26,76.62,8.22,33.97
1088364.9584,77.01,76.46,8.34,34.14
1088364.9746,76.81,76.32,8.42,34.29
1088365.0144,76.66,76.18,8.38,34.38
1088365.0390,76.60,76.05,8.24,34.52
1088365.0738,76.62,75.95,8.06,34.53
1088365.1144,76.77,75.88,7.68,34.54
1088365.1390,76.98,75.81,7.19,34.55
1088365.1647,77.35,75.80,6.41,34.57
1088365.1960,77.74,75.77,5.52,34.59
1088365.2289,78.23,75.75,4.43,34.63
1088365.2555,78.71,75.73,3.30,34.64
1088365.3010,79.32,75.71,1.76,34.85
1088365.3327,79.88,75.68,0.30,34.86
1088365.3651,80.38,75.64,-1.06,34.81
1088365.3970,80.94,75.61,-2.61,34.87
1088365.4290,81.41,75.55,-4.00,34.74
1088365.4607,81.83,75.45,-5.32,34.67
1088365.4926,82.19,75.32,-6.51,34.47
1088365.5244,82.49,75.09,-7.63,34.40
1088365.5640,82.73,74.73,-8.69,34.37
1088365.5962,82.91,74.32,-9.61,34.24
1088365.6281,83.06,73.85,-10.53,34.14
1088365.6598,83.18,73.32,-11.44,33.99
1088365.6924,83.29,72.80,-12.24,33.77
1088365.7242,83.38,72.24,-13.03,33.58
1088365.7403,83.44,71.67,-13.70,33.35
1088365.7811,83.51,71.15,-14.33,33.08
1088365.8124,83.57,70.68,-14.88,32.78
1088365.8445,83.63,70.28,-15.30,32.48
1088365.8764,83.72,69.99,-15.67,32.18
1088365.9084,83.97,70.21,-16.02,31.91
1088365.9402,84.22,70.51,-16.24,31.63
1088365.9632,84.55,71.14,-16.40,31.36
1088365.9949,84.82,71.65,-16.56,31.14
1088366.0275,84.97,71.79,-16.66,30.92
1088366.0648,84.91,71.27,-16.73,30.71
1088366.0964,84.72,70.31,-16.80,30.49
1088366.1284,84.29,68.50,-16.76,30.26
1088366.1609,83.73,66.15,-16.71,30.10
1088366.1931,83.25,64.04,-16.60,29.95
1088366.2089,82.68,61.61,-16.38,29.82
1088366.2417,81.94,58.40,-16.09,29.73
1088366.2743,81.13,55.06,-15.87,29.65
1088366.3059,80.11,51.08,-15.76,29.57
1088366.3378,79.12,47.35,-15.79,29.51
1088366.3705,78.01,43.43,-15.89,29.44
1088366.4022,76.79,39.58,-15.77,29.38
1088366.4340,75.62,36.19,-15.59,29.30
1088366.4661,74.37,32.91,-15.35,29.23
1088366.4983,73.08,29.78,-15.19,29.18
1088366.5309,71.89,27.09,-15.09,29.12
1088366.5545,70.78,24.73,-15.05,29.04
1088366.5970,69.54,22.23,-14.98,28.95
1088366.6293,68.39,20.09,-14.91,28.84
1088366.6612,67.24,18.07,-14.82,28.71
1088366.6932,66.20,16.30,-14.74,28.55
1088366.7086,65.27,14.72,-14.66,28.39
1088366.7470,64.35,13.17,-14.60,28.23
1088366.7789,63.49,11.77,-14.53,28.07
1088366.8108,62.53,10.43,-14.48,27.89
1088366.8426,61.49,9.10,-14.43,27.74
1088366.8744,60.46,7.90,-14.42,27.55
1088366.9009,59.26,6.77,-14.35,27.37
1088366.9304,58.09,5.77,-14.23,27.19
1088366.9623,56.90,4.76,-14.13,26.99
1088366.9939,55.64,3.74,-14.00,26.79
1088367.0316,54.44,2.84,-13.86,26.58
1088367.0639,53.23,1.96,-13.78,26.36
1088367.0962,52.12,1.17,-13.72,26.13
1088367.1274,51.03,0.41,-13.64,25.93
1088367.1597,49.96,-0.29,-13.55,25.74
1088367.1913,48.95,-0.88,-13.46,25.55
1088367.2180,48.05,-1.39,-13.35,25.36
1088367.2477,47.16,-1.88,-13.15,25.17
1088367.2787,46.30,-2.37,-13.03,25.02
1088367.3104,45.50,-2.80,-12.91,24.88
1088367.3346,44.76,-3.19,-12.79,24.74
1088367.3794,44.01,-3.59,-12.68,24.61
1088367.4109,43.32,-3.95,-12.58,24.49
1088367.4306,42.69,-4.30,-12.50,24.36
1088367.4585,42.05,-4.66,-12.40,24.25
1088367.4904,41.48,-4.99,-12.31,24.15
1088367.5224,40.92,-5.33,-12.20,24.07
1088367.5542,40.42,-5.63,-12.11,24.00
1088367.5853,39.98,-5.93,-12.04,23.95
1088367.6175,39.62,-6.18,-11.97,23.90
1088367.6498,39.32,-6.39,-11.91,23.85
1088367.6814,39.11,-6.55,-11.88,23.80
1088367.7136,38.97,-6.66,-11.88,23.78
1088367.7450,38.89,-6.74,-11.91,23.76
1088367.7772,38.87,-6.77,-11.91,23.75
1088367.8083,38.86,-6.77,-11.92,23.76
1088367.8405,38.84,-6.75,-11.96,23.78
1088367.8725,38.80,-6.74,-11.97,23.80
1088367.9039,38.74,-6.72,-11.95,23.82
1088367.9364,38.69,-6.71,-11.91,23.85
1088367.9677,38.64,-6.72,-11.87,23.87
1088368.0003,38.54,-6.74,-11.82,23.88
1088368.0311,38.41,-6.75,-11.75,23.87
1088368.0636,38.20,-6.75,-11.62,23.83
1088368.0952,37.96,-6.76,-11.46,23.77
1088368.1268,37.61,-6.84,-11.24,23.72
1088368.1580,37.14,-7.02,-11.00,23.70
1088368.1902,36.66,-7.21,-10.72,23.65
1088368.2224,36.08,-7.41,-10.36,23.54
1088368.2545,35.41,-7.67,-10.01,23.42
1088368.2868,34.73,-7.95,-9.71,23.31
1088368.3187,34.02,-8.28,-9.44,23.21
1088368.3503,33.33,-8.59,-9.16,23.10
1088368.3826,32.59,-8.96,-8.84,22.99
1088368.4145,31.85,-9.37,-8.58,22.91
1088368.4462,31.19,-9.75,-8.36,22.83
1088368.4779,30.59,-10.09,-8.19,22.75
1088368.5097,30.04,-10.40,-8.03,22.67
1088368.5417,29.54,-10.68,-7.90,22.59
1088368.5737,29.11,-10.93,-7.81,22.52
1088368.6057,28.74,-11.13,-7.74,22.46
1088368.6377,28.44,-11.31,-7.68,22.42
1088368.6699,28.19,-11.44,-7.63,22.38
1088368.7021,28.01,-11.52,-7.60,22.34
1088368.7338,27.95,-11.53,-7.62,22.32
1088368.7661,27.96,-11.50,-7.70,22.32
1088368.7977,28.15,-11.35,-7.92,22.37
1088368.8299,28.48,-11.13,-8.19,22.46
1088368.8621,29.07,-10.70,-8.56,22.60
1088368.8947,29.96,-10.02,-8.97,22.82
1088368.9263,30.93,-9.27,-9.35,23.07
1088368.9584,32.22,-8.26,-9.68,23.41
1088368.9742,33.56,-7.17,-9.97,23.78
1088369.0065,34.95,-6.02,-10.24,24.19
1088369.0385,36.62,-4.61,-10.50,24.66
1088369.0700,38.24,-3.17,-10.74,25.14
1088369.1028,40.05,-1.47,-10.97,25.62
1088369.1349,42.02,0.50,-11.14,26.13
1088369.1668,43.86,2.47,-11.27,26.61
1088369.1989,45.75,4.69,-11.29,27.10
1088369.2310,47.64,7.12,-11.12,27.53
1088369.2631,49.37,9.51,-10.88,27.88
1088369.2953,50.96,11.86,-10.61,28.17
1088369.3270,52.55,14.33,-10.26,28.36
1088369.3592,53.99,16.59,-9.93,28.51
1088369.3910,55.44,19.07,-9.61,28.55
1088369.4233,56.83,21.55,-9.46,28.50
1088369.4469,58.11,23.90,-9.40,28.40
1088369.4786,59.40,26.24,-9.45,28.20
1088369.5107,60.60,28.43,-9.53,27.94
1088369.5479,61.77,30.55,-9.65,27.55
1088369.5722,62.87,32.73,-9.71,27.04
1088369.6136,63.84,34.45,-9.85,26.41
1088369.6451,64.70,35.98,-9.97,25.78
1088369.6773,65.50,37.32,-10.13,25.15
1088369.6931,66.19,38.60,-10.23,24.58
1088369.7257,66.85,39.50,-10.44,24.14
1088369.7573,67.45,40.35,-10.59,23.77
1088369.7890,67.95,41.01,-10.72,23.41
1088369.8212,68.33,41.44,-10.84,23.09
1088369.8530,68.58,41.77,-10.92,22.78
1088369.8853,68.67,41.86,-11.03,22.51
1088369.9177,68.68,41.77,-11.16,22.29
1088369.9476,68.67,41.70,-11.25,22.07
1088369.9791,68.63,41.59,-11.31,21.90
1088370.0110,68.55,41.41,-11.37,21.75
1088370.0430,68.46,41.23,-11.43,21.65
1088370.0692,68.36,41.05,-11.48,21.56
1088370.1068,68.26,40.89,-11.53,21.49
1088370.1310,68.15,40.72,-11.54,21.43
1088370.1633,68.05,40.57,-11.54,21.40
1088370.1952,67.96,40.45,-11.54,21.37
1088370.2271,67.86,40.35,-11.52,21.36
1088370.2592,67.72,40.25,-11.46,21.33
1088370.2978,67.56,40.11,-11.39,21.30
1088370.3298,67.30,39.82,-11.24,21.23
1088370.3618,66.92,39.34,-11.11,21.17
1088370.3938,66.37,38.61,-10.99,21.12
1088370.4123,65.79,37.79,-10.82,21.09
1088370.4472,65.22,36.90,-10.63,21.10
1088370.4784,64.45,35.65,-10.29,21.16
1088370.5140,63.49,34.02,-10.00,21.28
1088370.5428,62.43,32.37,-9.72,21.37
1088370.5746,61.31,30.69,-9.37,21.48
1088370.6072,59.96,28.60,-9.03,21.75
1088370.6391,58.44,26.31,-8.68,22.14
1088370.6708,56.85,23.90,-8.31,22.63
1088370.7029,55.37,21.76,-8.00,23.11
1088370.7348,53.77,19.57,-7.66,23.58
1088370.7661,52.32,17.50,-7.56,24.02
1088370.7980,51.11,15.73,-7.61,24.44
1088370.8302,50.15,14.22,-7.72,24.87
1088370.8621,49.56,13.04,-7.83,25.35
1088370.8943,49.29,12.17,-7.90,25.82
1088370.9263,49.22,11.65,-7.89,26.26
1088370.9584,49.42,11.59,-7.82,26.66
1088370.9901,49.73,11.81,-7.72,26.97
1088371.0309,50.10,12.36,-7.49,27.22
1088371.0634,50.50,13.17,-7.17,27.46
1088371.0950,50.92,14.25,-6.89,27.68
1088371.1271,51.31,15.35,-6.63,27.90
1088371.1590,51.68,16.57,-6.33,28.11
1088371.1903,51.99,17.74,-6.00,28.27
1088371.2148,52.25,18.93,-5.58,28.40
1088371.2463,52.48,20.01,-5.21,28.51
1088371.2783,52.66,20.95,-4.95,28.62
1088371.3104,52.82,21.81,-4.68,28.75
1088371.3429,52.96,22.60,-4.41,28.85
1088371.3751,53.07,23.26,-4.15,28.96
1088371.3984,53.16,23.82,-3.93,29.06
1088371.4299,53.21,24.24,-3.79,29.16
1088371.4620,53.28,24.63,-3.65,29.24
1088371.4942,53.35,24.92,-3.54,29.31
1088371.5266,53.41,25.17,-3.43,29.37
1088371.5580,53.47,25.36,-3.35,29.43
1088371.5894,53.53,25.50,-3.31,29.47
1088371.6302,53.58,25.61,-3.29,29.51
1088371.6616,53.62,25.69,-3.30,29.55
1088371.6938,53.65,25.73,-3.31,29.57
1088371.7255,53.65,25.76,-3.33,29.58
1088371.7607,53.60,25.75,-3.38,29.60
1088371.7926,53.54,25.71,-3.41,29.61
1088371.8248,53.45,25.64,-3.43,29.62
1088371.8568,53.34,25.56,-3.43,29.63
1088371.8891,53.21,25.45,-3.45,29.63
1088371.9207,53.07,25.31,-3.49,29.62
1088371.9522,52.92,25.17,-3.55,29.62
1088371.9848,52.77,25.02,-3.60,29.61
1088372.0162,52.62,24.87,-3.61,29.60
1088372.0477,52.50,24.73,-3.62,29.60
1088372.0799,52.39,24.59,-3.63,29.59
1088372.1125,52.30,24.45,-3.67,29.58
1088372.1444,52.24,24.33,-3.71,29.56
1088372.1765,52.20,24.21,-3.76,29.55
1088372.2083,52.18,24.12,-3.81,29.54
1088372.2401,52.17,24.03,-3.85,29.53
1088372.2717,52.15,23.95,-3.87,29.52
1088372.3039,52.14,23.88,-3.89,29.50
1088372.3360,52.11,23.80,-3.93,29.49
1088372.3682,52.05,23.70,-3.97,29.48
1088372.4005,51.99,23.60,-4.00,29.47
1088372.4321,51.93,23.50,-3.99,29.45
1088372.4640,51.84,23.39,-3.96,29.43
1088372.4961,51.72,23.24,-3.93,29.43
1088372.5279,51.58,23.09,-3.85,29.44
1088372.5599,51.43,22.94,-3.76,29.45
1088372.5921,51.28,22.75,-3.69,29.47
1088372.6249,51.14,22.56,-3.63,29.47
1088372.6565,51.02,22.36,-3.63,29.47
1088372.6885,50.93,22.11,-3.67,29.48
1088372.7205,50.86,21.83,-3.74,29.48
1088372.7528,50.80,21.55,-3.82,29.48
1088372.7847,50.77,21.27,-3.91,29.50
1088372.8164,50.73,21.00,-4.02,29.50
1088372.8488,50.70,20.75,-4.08,29.51
1088372.8806,50.67,20.53,-4.14,29.52
1088372.9120,50.62,20.33,-4.20,29.51
1088372.9437,50.58,20.15,-4.23,29.51
1088372.9762,50.52,19.99,-4.28,29.50
1088373.0076,50.47,19.82,-4.34,29.50
1088373.0400,50.41,19.63,-4.42,29.51
1088373.0724,50.31,19.39,-4.49,29.52
1088373.1038,50.20,19.09,-4.59,29.51
1088373.1356,50.03,18.73,-4.71,29.48
1088373.1679,49.79,18.27,-4.88,29.45
1088373.2002,49.52,17.76,-5.07,29.41
1088373.2322,49.21,17.22,-5.24,29.38
1088373.2642,48.80,16.65,-5.39,29.35
1088373.2963,48.42,16.12,-5.51,29.33
1088373.3282,47.99,15.59,-5.65,29.30
1088373.3604,47.47,15.07,-5.77,29.25
1088373.3923,46.85,14.51,-5.88,29.18
1088373.4242,46.18,13.91,-6.00,29.11
1088373.4561,45.48,13.33,-6.10,29.07
1088373.4884,44.71,12.73,-6.14,29.02
1088373.5204,43.97,12.17,-6.13,28.95
1088373.5523,43.19,11.57,-6.03,28.88
1088373.5681,42.46,11.01,-5.90,28.80
1088373.5998,41.75,10.47,-5.77,28.72
1088373.6314,41.03,9.91,-5.64,28.63
1088373.6636,40.30,9.30,-5.52,28.55
1088373.6958,39.61,8.72,-5.42,28.45
1088373.7277,38.89,8.13,-5.28,28.35
1088373.7600,38.20,7.57,-5.15,28.22
1088373.7916,37.47,6.98,-4.98,28.09
1088373.8238,36.79,6.42,-4.83,27.98
1088373.8555,36.08,5.80,-4.69,27.86
1088373.8877,35.39,5.21,-4.55,27.73
1088373.9195,34.68,4.57,-4.39,27.61
1088373.9516,33.94,3.90,-4.19,27.49
1088373.9834,33.20,3.17,-3.94,27.37
1088374.0155,32.49,2.48,-3.68,27.26
1088374.0473,31.76,1.75,-3.34,27.14
1088374.0791,31.07,1.07,-3.02,26.99
1088374.1113,30.31,0.39,-2.57,26.83
1088374.1433,29.52,-0.32,-2.10,26.67
1088374.1748,28.75,-0.99,-1.67,26.50
1088374.2072,27.94,-1.71,-1.29,26.33
1088374.2390,27.17,-2.38,-0.96,26.17
1088374.2709,26.40,-3.04,-0.66,25.99
1088374.2868,25.74,-3.60,-0.40,25.80
1088374.3187,25.08,-4.13,-0.08,25.57
1088374.3511,24.47,-4.61,0.23,25.31
1088374.3832,23.86,-5.06,0.56,25.02
1088374.4146,23.28,-5.48,0.83,24.74
1088374.4469,22.72,-5.87,1.11,24.46
1088374.4786,22.21,-6.23,1.36,24.18
1088374.5109,21.72,-6.56,1.66,23.90
1088374.5432,21.29,-6.86,1.93,23.61
1088374.5750,20.86,-7.16,2.17,23.34
1088374.6077,20.47,-7.46,2.34,23.08
1088374.6396,20.12,-7.73,2.47,22.84
1088374.6714,19.81,-7.97,2.56,22.60
1088374.7033,19.57,-8.18,2.63,22.38
1088374.7354,19.37,-8.33,2.68,22.17
1088374.7676,19.21,-8.45,2.73,22.00
1088374.7994,19.11,-8.53,2.75,21.87
1088374.8318,19.10,-8.59,2.71,21.83
1088374.8633,19.14,-8.61,2.66,21.87
1088374.8958,19.26,-8.56,2.50,21.94
1088374.9271,19.47,-8.42,2.23,22.05
1088374.9432,19.65,-8.29,2.02,22.15
1088374.9753,19.92,-8.07,1.69,22.28
1088375.0074,20.26,-7.77,1.34,22.42
1088375.0399,20.68,-7.41,0.94,22.60
1088375.0720,21.10,-7.04,0.55,22.78
1088375.1037,21.59,-6.64,0.15,23.00
1088375.1353,22.09,-6.26,-0.26,23.23
1088375.1669,22.66,-5.85,-0.70,23.50
1088375.1984,23.28,-5.40,-1.07,23.80
1088375.2303,23.89,-4.96,-1.39,24.10
1088375.2624,24.58,-4.49,-1.68,24.41
1088375.2945,25.25,-4.04,-1.94,24.71
1088375.3268,25.94,-3.56,-2.17,25.02
1088375.3589,26.61,-3.10,-2.37,25.32
1088375.3908,27.29,-2.62,-2.59,25.61
1088375.4228,27.93,-2.13,-2.75,25.89
1088375.4554,28.56,-1.59,-2.89,26.15
1088375.4867,29.16,-1.02,-3.05,26.41
1088375.5192,29.69,-0.46,-3.18,26.67
1088375.5513,30.23,0.11,-3.32,26.95
1088375.5834,30.75,0.69,-3.44,27.23
1088375.5991,31.19,1.21,-3.52,27.47
1088375.6313,31.62,1.69,-3.57,27.69
1088375.6635,32.15,2.21,-3.62,27.94
1088375.6954,32.70,2.70,-3.69,28.17
1088375.7275,33.34,3.19,-3.80,28.39
1088375.7600,34.03,3.67,-3.94,28.62
1088375.7917,34.68,4.12,-4.07,28.82
1088375.8237,35.36,4.56,-4.22,29.02
1088375.8559,35.99,4.99,-4.35,29.20
1088375.8878,36.59,5.41,-4.49,29.37
1088375.9198,37.14,5.81,-4.59,29.54
1088375.9517,37.66,6.21,-4.67,29.68
1088375.9839,38.18,6.63,-4.76,29.82
1088376.0155,38.66,7.04,-4.83,29.95
1088376.0473,39.15,7.45,-4.89,30.08
1088376.0795,39.59,7.87,-4.91,30.20
1088376.1115,40.05,8.28,-4.90,30.33
1088376.1429,40.45,8.67,-4.88,30.44
1088376.1746,40.83,9.08,-4.83,30.53
1088376.2069,41.15,9.46,-4.81,30.60
1088376.2384,41.42,9.77,-4.85,30.67
1088376.2704,41.69,10.03,-4.98,30.74
1088376.3025,41.97,10.24,-5.16,30.82
1088376.3343,42.23,10.40,-5.34,30.88
1088376.3659,42.47,10.55,-5.45,30.94
1088376.3980,42.71,10.68,-5.56,30.98
1088376.4300,42.92,10.81,-5.67,31.03
1088376.4618,43.10,10.91,-5.78,31.08
1088376.4939,43.28,11.02,-5.90,31.15
1088376.5258,43.44,11.13,-5.97,31.21
1088376.5580,43.60,11.26,-6.03,31.26
1088376.5897,43.77,11.41,-6.13,31.31
1088376.6215,43.94,11.59,-6.19,31.36
1088376.6538,44.11,11.79,-6.23,31.41
1088376.6863,44.30,12.02,-6.22,31.45
1088376.7179,44.48,12.24,-6.18,31.50
1088376.7498,44.67,12.52,-6.12,31.52
1088376.7812,44.86,12.83,-6.03,31.53
1088376.8130,45.05,13.16,-5.93,31.54
1088376.8451,45.23,13.51,-5.87,31.54
1088376.8765,45.40,13.89,-5.76,31.54
1088376.9089,45.56,14.28,-5.60,31.52
1088376.9407,45.70,14.68,-5.37,31.48
1088376.9719,45.81,15.05,-5.11,31.44
1088377.0037,45.86,15.38,-4.90,31.37
1088377.0355,45.86,15.63,-4.77,31.33
1088377.0676,45.85,15.83,-4.66,31.30
1088377.0998,45.80,15.98,-4.54,31.26
1088377.1318,45.76,16.06,-4.43,31.23
1088377.1640,45.73,16.10,-4.35,31.19
1088377.1956,45.70,16.08,-4.30,31.14
1088377.2280,45.66,16.03,-4.26,31.09
1088377.2600,45.62,15.93,-4.21,31.03
1088377.2922,45.56,15.82,-4.19,30.96
1088377.3246,45.48,15.66,-4.18,30.88
1088377.3563,45.38,15.47,-4.18,30.80
1088377.3880,45.23,15.25,-4.18,30.71
1088377.4193,45.05,15.00,-4.17,30.62
1088377.4515,44.85,14.75,-4.15,30.54
1088377.4832,44.61,14.48,-4.08,30.44
1088377.5141,44.37,14.25,-4.01,30.34
1088377.5469,44.09,13.98,-3.93,30.24
1088377.5784,43.77,13.70,-3.86,30.13
1088377.6105,43.47,13.43,-3.79,30.02
1088377.6420,43.15,13.14,-3.73,29.93
1088377.6739,42.86,12.89,-3.67,29.84
1088377.7060,42.57,12.64,-3.57,29.76
1088377.7385,42.34,12.43,-3.47,29.69
1088377.7710,42.14,12.24,-3.40,29.63
1088377.8024,42.00,12.09,-3.34,29.58
1088377.8345,41.88,11.97,-3.29,29.53
1088377.8663,41.79,11.89,-3.25,29.49
1088377.8977,41.68,11.83,-3.20,29.44
1088377.9299,41.57,11.76,-3.14,29.39
1088377.9613,41.40,11.66,-3.09,29.32
1088377.9936,41.17,11.53,-3.02,29.24
1088378.0255,40.88,11.35,-2.95,29.16
1088378.0579,40.59,11.16,-2.91,29.10
1088378.0895,40.21,10.90,-2.88,29.05
1088378.1218,39.78,10.60,-2.81,29.00
1088378.1537,39.33,10.25,-2.70,28.93
1088378.1861,38.88,9.91,-2.59,28.85
1088378.2178,38.41,9.58,-2.48,28.75
1088378.2497,37.90,9.19,-2.41,28.62
1088378.2830,37.35,8.78,-2.39,28.50
1088378.3140,36.80,8.40,-2.38,28.37
1088378.3458,36.21,8.01,-2.34,28.22
1088378.3773,35.63,7.67,-2.28,28.06
1088378.4091,35.04,7.33,-2.22,27.89
1088378.4417,34.41,7.02,-2.17,27.69
1088378.4741,33.77,6.73,-2.10,27.48
1088378.5065,33.08,6.41,-2.00,27.24
1088378.5382,32.34,6.04,-1.85,26.98
1088378.5696,31.64,5.67,-1.70,26.74
1088378.6010,30.90,5.22,-1.56,26.51
1088378.6328,30.10,4.68,-1.42,26.28
1088378.6651,29.34,4.15,-1.28,26.05
1088378.6968,28.52,3.53,-1.09,25.84
1088378.7283,27.76,2.90,-0.90,25.62
1088378.7605,26.96,2.22,-0.67,25.39
1088378.7923,26.28,1.63,-0.48,25.18
1088378.8244,25.49,0.93,-0.30,24.98
1088378.8562,24.79,0.28,-0.12,24.77
1088378.8882,24.11,-0.37,0.07,24.57
1088378.9204,23.48,-1.01,0.26,24.37
1088378.9531,22.93,-1.58,0.44,24.15
1088378.9848,22.45,-2.10,0.61,23.92
1088379.0164,22.03,-2.55,0.74,23.68
1088379.0480,21.66,-2.97,0.81,23.46
1088379.0797,21.33,-3.34,0.88,23.23
1088379.1115,21.03,-3.66,0.95,23.04
1088379.1436,20.77,-3.95,1.03,22.87
1088379.1756,20.53,-4.23,1.06,22.74
1088379.2084,20.33,-4.46,1.09,22.64
1088379.2402,20.15,-4.66,1.12,22.55
1088379.2723,20.02,-4.83,1.13,22.47
1088379.3048,19.94,-4.96,1.12,22.39
1088379.3367,19.90,-5.07,1.08,22.33
1088379.3686,19.94,-5.09,0.95,22.29
1088379.4007,20.08,-4.98,0.75,22.26
1088379.4327,20.28,-4.83,0.55,22.29
1088379.4648,20.61,-4.50,0.34,22.32
1088379.4963,20.98,-4.12,0.18,22.40
1088379.5283,21.48,-3.58,0.05,22.51
1088379.5611,22.10,-2.89,-0.09,22.70
1088379.5926,22.85,-2.06,-0.17,22.97
1088379.6248,23.54,-1.25,-0.20,23.26
1088379.6568,24.19,-0.44,-0.16,23.58
1088379.6884,24.94,0.50,-0.03,23.91
1088379.7208,25.77,1.51,0.14,24.28
1088379.7526,26.55,2.48,0.31,24.66
1088379.7848,27.34,3.51,0.53,25.03
1088379.8170,28.04,4.49,0.76,25.38
1088379.8369,28.77,5.52,1.03,25.72
1088379.8807,29.48,6.55,1.39,26.03
1088379.9127,30.09,7.51,1.76,26.30
1088379.9441,30.69,8.46,2.17,26.55
1088379.9763,31.28,9.39,2.60,26.79
1088380.0083,31.81,10.23,3.02,27.00
1088380.0404,32.29,11.04,3.52,27.20
1088380.0723,32.72,11.78,4.05,27.36
1088380.1042,33.10,12.46,4.72,27.50
1088380.1361,33.42,13.11,5.47,27.60
1088380.1683,33.70,13.69,6.16,27.68
1088380.2001,33.91,14.22,6.84,27.69
1088380.2312,34.07,14.64,7.65,27.63
1088380.2629,34.20,14.97,8.54,27.54
1088380.2945,34.27,15.19,9.83,27.32
1088380.3265,34.29,15.31,11.21,27.05
1088380.3585,34.27,15.28,12.89,26.61
1088380.3903,34.25,15.18,14.48,26.06
1088380.4222,34.25,14.92,16.00,25.64
1088380.4541,34.27,14.66,17.33,25.23
1088380.4864,34.33,14.39,18.53,24.98
1088380.5183,34.43,14.18,19.67,24.87
1088380.5500,34.56,14.03,20.70,24.88
1088380.5823,34.72,13.93,21.70,24.95
1088380.6145,34.91,13.88,22.70,25.08
1088380.6464,35.10,13.87,23.61,25.23
1088380.6785,35.33,13.89,24.53,25.43
1088380.7101,35.57,13.93,25.39,25.64
1088380.7417,35.84,13.97,26.28,25.89
1088380.7734,36.15,14.02,27.19,26.16
1088380.8055,36.45,14.08,28.05,26.43
1088380.8374,36.75,14.18,28.93,26.72
1088380.8696,37.02,14.31,29.77,27.01
1088380.9014,37.28,14.53,30.65,27.27
1088380.9332,37.52,14.83,31.53,27.53
1088380.9644,37.70,15.18,32.42,27.77
1088380.9959,37.85,15.57,33.34,27.98
1088381.0286,37.99,16.04,34.28,28.17
1088381.0604,38.12,16.59,35.25,28.37
1088381.0924,38.22,17.18,36.22,28.54
1088381.1245,38.30,17.74,37.11,28.72
1088381.1561,38.36,18.30,37.94,28.87
1088381.1884,38.39,18.81,38.66,29.01
1088381.2206,38.42,19.26,39.23,29.13
1088381.2528,38.42,19.66,39.69,29.24
1088381.2848,38.39,20.06,40.08,29.32
1088381.3169,38.38,20.44,40.29,29.38
1088381.3483,38.41,20.78,40.28,29.40
1088381.3805,38.43,21.11,40.17,29.34
1088381.4285,38.46,21.46,39.88,29.22
1088381.4601,38.49,21.80,39.52,29.06
1088381.4916,38.53,22.14,39.12,28.88
1088381.5236,38.59,22.50,38.64,28.70
1088381.5556,38.62,22.81,38.19,28.53
1088381.5875,38.67,23.13,37.75,28.38
1088381.6189,38.75,23.46,37.40,28.27
1088381.6506,38.84,23.75,37.13,28.19
1088381.6828,38.91,24.01,36.90,28.13
1088381.7146,38.93,24.22,36.64,28.07
1088381.7464,38.90,24.39,36.37,27.96
1088381.7784,38.79,24.53,35.89,27.77
1088381.8107,38.65,24.64,35.35,27.57
1088381.8427,38.42,24.77,34.53,27.23
1088381.8741,38.15,24.89,33.34,26.87
1088381.9064,37.90,24.99,32.09,26.57
1088381.9384,37.65,25.11,30.55,26.29
1088381.9699,37.41,25.23,28.97,26.07
1088382.0024,37.19,25.38,27.00,25.92
1088382.0338,37.05,25.57,24.70,25.86
1088382.0655,36.95,25.77,22.39,25.88
1088382.0970,36.92,25.97,19.69,26.02
1088382.1288,36.93,26.16,17.08,26.20
1088382.1614,37.03,26.38,14.33,26.44
1088382.1942,37.21,26.60,11.59,26.72
1088382.2254,37.40,26.80,9.12,27.01
1088382.2571,37.64,26.98,6.83,27.34
1088382.2890,37.89,27.13,4.78,27.69
1088382.3212,38.19,27.29,2.66,28.08
1088382.3534,38.48,27.40,0.50,28.49
1088382.3853,38.76,27.50,-1.54,28.89
1088382.4170,39.05,27.53,-3.67,29.30
1088382.4492,39.31,27.52,-5.65,29.69
1088382.4811,39.58,27.46,-7.62,30.09
1088382.5135,39.84,27.38,-9.54,30.49
1088382.5459,40.06,27.29,-11.27,30.83
1088382.5785,40.27,27.19,-12.83,31.13
1088382.6099,40.45,27.08,-14.29,31.38
1088382.6422,40.61,26.97,-15.63,31.59
1088382.6736,40.73,26.84,-16.99,31.76
1088382.7054,40.85,26.73,-18.23,31.89
1088382.7373,40.97,26.63,-19.45,31.99
1088382.7684,41.08,26.55,-20.55,32.06
1088382.8002,41.18,26.47,-21.61,32.10
1088382.8317,41.28,26.42,-22.68,32.10
1088382.8638,41.37,26.37,-23.64,32.08
1088382.8955,41.46,26.34,-24.54,32.05
1088382.9150,41.54,26.33,-25.35,32.01
1088382.9433,41.62,26.33,-26.06,31.96
1088382.9750,41.70,26.34,-26.68,31.90
1088383.0072,41.77,26.36,-27.22,31.84
1088383.0392,41.83,26.39,-27.54,31.79
1088383.0709,41.87,26.42,-27.67,31.74
1088383.1034,41.90,26.44,-27.38,31.73
1088383.1353,41.89,26.49,-26.48,31.70
1088383.1672,41.89,26.53,-25.33,31.68
1088383.1995,41.86,26.55,-23.63,31.62
1088383.2309,41.80,26.56,-21.51,31.52
1088383.2632,41.75,26.56,-19.43,31.41
1088383.2949,41.70,26.52,-17.23,31.25
1088383.3263,41.63,26.48,-15.07,31.03
1088383.3583,41.55,26.39,-12.66,30.75
1088383.3898,41.43,26.26,-10.08,30.43
1088383.4217,41.30,26.11,-7.63,30.01
1088383.4535,41.12,25.86,-5.24,29.58
1088383.4844,40.94,25.59,-3.11,29.08
1088383.5171,40.70,25.22,-1.14,28.59
1088383.5485,40.39,24.75,0.62,28.10
1088383.5808,40.08,24.29,2.16,27.61
1088383.6120,39.68,23.78,3.53,27.11
1088383.6441,39.28,23.29,4.67,26.61
1088383.6761,38.77,22.75,5.51,26.09
1088383.7076,38.24,22.22,6.13,25.58
1088383.7266,37.58,21.58,6.53,25.08
1088383.7707,36.89,20.93,6.81,24.59
1088383.8023,36.12,20.20,6.98,24.10
1088383.8343,35.27,19.37,7.12,23.62
1088383.8662,34.43,18.57,7.26,23.14
1088383.8980,33.53,17.70,7.39,22.70
1088383.9298,32.60,16.78,7.48,22.28
1088383.9621,31.75,15.95,7.54,21.87
1088383.9935,30.91,15.12,7.56,21.49
1088384.0253,30.10,14.33,7.57,21.12
1088384.0573,29.37,13.63,7.56,20.76
1088384.0892,28.66,12.98,7.50,20.43
1088384.1211,28.02,12.40,7.44,20.11
1088384.1531,27.43,11.88,7.38,19.81
1088384.1853,26.91,11.42,7.31,19.53
1088384.2172,26.46,11.02,7.24,19.28
1088384.2493,26.05,10.68,7.17,19.06
1088384.2812,25.67,10.36,7.10,18.86
1088384.3138,25.35,10.10,7.04,18.67
1088384.3453,25.10,9.88,6.96,18.50
1088384.3776,24.95,9.74,6.84,18.39
1088384.4090,24.85,9.64,6.72,18.29
1088384.4409,24.80,9.60,6.61,18.23
1088384.4728,24.85,9.65,6.50,18.20
1088384.5046,25.00,9.80,6.42,18.21
1088384.5365,25.25,10.05,6.35,18.26
1088384.5677,25.59,10.39,6.27,18.34
1088384.5990,25.95,10.73,6.19,18.46
1088384.6149,26.26,11.02,6.12,18.57
1088384.6469,26.65,11.39,6.06,18.71
1088384.6785,27.06,11.77,6.02,18.85
1088384.7104,27.57,12.26,6.00,19.03
1088384.7416,28.07,12.73,5.97,19.22
1088384.7733,28.60,13.22,5.92,19.40
1088384.8049,29.09,13.70,5.89,19.58
1088384.8365,29.58,14.16,5.85,19.77
1088384.8683,30.06,14.61,5.80,19.95
1088384.8999,30.50,15.01,5.75,20.11
1088384.9317,30.90,15.36,5.69,20.26
1088384.9635,31.24,15.65,5.63,20.37
1088384.9955,31.49,15.88,5.57,20.46
1088385.0272,31.67,16.06,5.52,20.52
1088385.0586,31.76,16.17,5.52,20.54
1088385.0903,31.77,16.23,5.60,20.52
1088385.1226,31.77,16.27,5.70,20.49
1088385.1546,31.75,16.27,5.78,20.45
1088385.1860,31.72,16.25,5.85,20.42
1088385.2178,31.75,16.24,5.87,20.40
1088385.2498,31.81,16.25,5.91,20.40
1088385.2822,31.96,16.31,6.00,20.43
1088385.3137,32.21,16.47,6.11,20.50
1088385.3454,32.57,16.72,6.18,20.62
1088385.3777,32.96,17.01,6.22,20.77
1088385.4098,33.48,17.43,6.20,20.97
1088385.4418,34.03,17.88,6.15,21.18
1088385.4740,34.70,18.45,6.07,21.45
1088385.5060,35.35,19.04,5.99,21.73
1088385.5380,36.10,19.75,5.93,22.05
1088385.5701,36.93,20.57,5.94,22.39
1088385.6023,37.74,21.39,5.98,22.73
1088385.6346,38.66,22.31,6.05,23.09
1088385.6665,39.54,23.21,6.14,23.43
1088385.6985,40.51,24.21,6.24,23.80
1088385.7301,41.56,25.31,6.32,24.16
1088385.7618,42.55,26.37,6.39,24.49
1088385.7935,43.59,27.52,6.39,24.80
1088385.8253,44.66,28.74,6.36,25.08
1088385.8573,45.64,29.91,6.31,25.32
1088385.8991,46.62,31.12,6.26,25.52
1088385.9207,47.51,32.25,6.22,25.69
1088385.9529,48.37,33.39,6.18,25.81
1088385.9850,49.17,34.45,6.15,25.91
1088386.0171,49.93,35.49,6.14,25.97
1088386.0490,50.61,36.44,6.14,26.01
1088386.0809,51.23,37.33,6.14,26.02
1088386.1126,51.78,38.15,6.12,26.02
1088386.1446,52.26,38.86,6.09,26.02
1088386.1763,52.67,39.50,6.08,26.01
1088386.2083,53.02,40.04,6.07,26.00
1088386.2405,53.31,40.50,6.07,25.97
1088386.2719,53.54,40.89,6.08,25.93
1088386.3040,53.67,41.18,6.09,25.88
1088386.3348,53.72,41.40,6.13,25.81
1088386.3668,53.66,41.52,6.16,25.75
1088386.3992,53.58,41.56,6.20,25.71
1088386.4317,53.47,41.54,6.29,25.67
1088386.4634,53.33,41.41,6.40,25.60
1088386.4955,53.27,41.19,6.43,25.51
1088386.5271,53.16,40.99,6.44,25.41
1088386.5584,53.22,40.68,6.33,25.32
1088386.5904,53.31,40.36,6.18,25.24
1088386.6225,53.47,39.95,6.01,25.16
1088386.6545,53.68,39.44,5.80,25.06
1088386.6867,53.80,38.91,5.64,24.93
1088386.7184,53.89,38.26,5.42,24.79
1088386.7507,53.86,37.61,5.24,24.59
1088386.7831,53.83,36.87,4.99,24.39
1088386.8153,53.76,36.10,4.77,24.14
1088386.8471,53.68,35.39,4.61,23.93
1088386.8786,53.57,34.70,4.49,23.66
1088386.9109,53.35,33.95,4.50,23.31
1088386.9421,53.10,33.22,4.52,22.96
1088386.9741,52.73,32.35,4.53,22.60
1088387.0060,52.30,31.37,4.36,22.28
1088387.0221,51.94,30.54,4.21,22.09
1088387.0530,51.46,29.58,3.92,21.84
1088387.0850,50.98,28.63,3.66,21.68
1088387.1176,50.50,27.61,3.37,21.60
1088387.1493,49.94,26.53,2.86,21.50
1088387.1809,49.38,25.54,2.37,21.39
1088387.2128,48.71,24.54,1.94,21.21
1088387.2449,47.96,23.61,1.45,20.99
1088387.2770,47.23,22.78,0.96,20.79
1088387.3088,46.44,22.03,0.45,20.55
1088387.3410,45.54,21.40,0.05,20.23
1088387.3727,44.62,20.94,-0.18,19.92
1088387.4046,43.55,20.54,-0.36,19.53
1088387.4373,42.45,20.25,-0.42,19.16
1088387.4681,41.20,19.96,-0.57,18.79
1088387.5003,39.88,19.76,-0.57,18.42
1088387.5318,38.52,19.63,-0.39,18.04
1088387.5637,36.97,19.38,-0.25,17.62
1088387.5958,35.21,19.08,-0.07,17.13
1088387.6280,33.33,18.62,0.03,16.63
1088387.6604,31.55,18.17,0.08,16.16
1088387.6922,29.69,17.58,0.01,15.69
1088387.7243,27.95,16.97,-0.13,15.21
1088387.7563,26.16,16.27,-0.27,14.68
1088387.7881,24.37,15.54,-0.45,13.99
1088387.8197,22.71,14.84,-0.68,13.30
1088387.8516,20.97,14.04,-0.99,12.53
1088387.8835,19.17,13.19,-1.37,11.66
1088387.9155,17.48,12.40,-1.77,10.78
1088387.9472,15.88,11.65,-2.19,9.87
1088387.9794,14.24,10.86,-2.69,8.91
1088388.0155,12.62,10.02,-3.25,7.97
1088388.0462,11.12,9.24,-3.78,7.10
1088388.0786,9.59,8.41,-4.16,6.30
1088388.1109,8.08,7.59,-4.42,5.58
1088388.1378,6.72,6.85,-4.63,4.95
1088388.1642,5.48,6.16,-4.74,4.41
1088388.1950,4.34,5.52,-4.75,3.96
1088388.2269,3.22,4.84,-4.60,3.59
1088388.2593,2.23,4.19,-4.46,3.31
1088388.2917,1.32,3.53,-4.29,3.14
1088388.3229,0.54,2.92,-4.13,3.03
1088388.3553,-0.11,2.32,-3.96,3.01
1088388.3873,-0.66,1.75,-3.70,3.03
1088388.4191,-1.10,1.23,-3.44,3.11
1088388.4511,-1.41,0.70,-3.21,3.24
1088388.4828,-1.67,0.20,-3.01,3.40
1088388.5141,-1.87,-0.26,-2.82,3.60
1088388.5473,-2.04,-0.67,-2.67,3.81
1088388.5797,-2.20,-1.03,-2.55,4.02
1088388.6108,-2.35,-1.33,-2.40,4.22
1088388.6428,-2.53,-1.57,-2.23,4.39
1088388.6751,-2.72,-1.78,-2.10,4.56
1088388.7075,-2.89,-1.98,-1.95,4.72
1088388.7391,-3.04,-2.16,-1.81,4.88
1088388.7635,-3.16,-2.32,-1.68,5.03
1088388.7952,-3.21,-2.48,-1.56,5.19
1088388.8271,-3.23,-2.65,-1.49,5.33
1088388.8597,-3.25,-2.79,-1.41,5.44
1088388.8918,-3.23,-2.91,-1.28,5.56
1088388.9235,-3.20,-3.01,-1.14,5.67
1088388.9471,-3.14,-3.09,-1.02,5.79
1088388.9791,-3.07,-3.15,-0.92,5.89
1088389.0110,-2.98,-3.20,-0.87,6.00
1088389.0440,-2.84,-3.24,-0.85,6.12
1088389.0758,-2.66,-3.27,-0.84,6.24
1088389.1083,-2.44,-3.27,-0.86,6.37
1088389.1406,-2.20,-3.22,-0.92,6.53
1088389.1643,-1.99,-3.18,-0.99,6.64
1088389.1965,-1.73,-3.08,-1.09,6.81
1088389.2282,-1.42,-2.92,-1.22,7.02
1088389.2599,-1.04,-2.72,-1.45,7.26
1088389.2922,-0.69,-2.50,-1.67,7.50
1088389.3243,-0.23,-2.21,-1.77,7.84
1088389.3636,0.36,-1.87,-1.79,8.23
1088389.3904,0.96,-1.54,-1.82,8.56
1088389.4224,1.71,-1.17,-1.88,9.02
1088389.4546,2.46,-0.81,-1.94,9.38
1088389.4870,3.36,-0.37,-1.98,9.82
1088389.5190,4.26,0.07,-1.98,10.25
1088389.5507,5.30,0.59,-1.91,10.78
1088389.5824,6.49,1.20,-1.81,11.40
1088389.6142,7.63,1.78,-1.67,11.99
1088389.6459,8.74,2.37,-1.48,12.50
1088389.6787,9.96,3.04,-1.23,13.17
1088389.7104,11.28,3.78,-0.90,13.88
1088389.7422,12.67,4.58,-0.41,14.62
1088389.7745,13.98,5.37,0.10,15.31
1088389.8059,15.32,6.24,0.69,16.02
1088389.8377,16.72,7.16,1.37,16.79
1088389.8693,18.02,8.05,2.03,17.41
1088389.9011,19.36,8.99,2.70,18.08
1088389.9331,20.58,9.90,3.33,18.63
1088389.9652,21.80,10.84,3.96,19.16
1088389.9970,23.02,11.78,4.61,19.72
1088390.0291,24.14,12.67,5.22,20.18
1088390.0608,25.24,13.56,5.84,20.63
1088390.0925,26.23,14.36,6.40,20.99
1088390.1244,27.15,15.09,6.89,21.31
1088390.1569,27.98,15.72,7.31,21.58
1088390.1883,28.70,16.30,7.62,21.80
1088390.2202,29.26,16.82,7.84,21.99
1088390.2520,29.63,17.28,7.99,22.15
1088390.2840,29.90,17.69,8.11,22.26
1088390.3157,30.10,18.04,8.29,22.35
1088390.3477,30.36,18.34,8.52,22.39
1088390.3801,30.59,18.55,8.71,22.39
1088390.4117,30.86,18.65,8.80,22.35
1088390.4276,31.12,18.69,8.79,22.30
1088390.4601,31.34,18.67,8.69,22.23
1088390.4917,31.50,18.58,8.48,22.12
1088390.5239,31.51,18.42,8.22,21.95
1088390.5559,31.43,18.25,7.97,21.80
1088390.5875,31.25,17.97,7.61,21.60
1088390.6199,30.92,17.59,7.29,21.37
1088390.6514,30.56,17.22,7.05,21.16
1088390.6832,30.01,16.70,6.76,20.84
1088390.7150,29.27,16.07,6.40,20.44
1088390.7472,28.49,15.46,5.97,20.06
1088390.7791,27.59,14.78,5.38,19.64
1088390.8105,26.70,14.14,4.81,19.23
1088390.8421,25.85,13.53,4.28,18.82
1088390.8744,24.89,12.90,3.79,18.34
1088390.9065,23.81,12.23,3.36,17.76
1088390.9383,22.77,11.60,2.96,17.20
1088390.9703,21.66,10.92,2.45,16.57
1088391.0020,20.49,10.19,1.82,15.91
1088391.0339,19.39,9.52,1.22,15.26
1088391.0659,18.36,8.91,0.66,14.64
1088391.0988,17.23,8.26,0.16,13.98
1088391.1306,16.03,7.60,-0.30,13.30
1088391.1627,14.76,6.90,-0.73,12.59
1088391.1945,13.56,6.26,-1.10,11.94
1088391.2263,12.31,5.62,-1.40,11.26
1088391.2588,11.03,4.99,-1.62,10.54
1088391.2905,9.83,4.40,-1.79,9.89
1088391.3227,8.63,3.82,-1.92,9.25
1088391.3542,7.49,3.23,-2.00,8.62
1088391.3863,6.45,2.70,-2.05,8.08
1088391.4184,5.48,2.20,-2.03,7.57
1088391.4501,4.63,1.73,-2.00,7.17
1088391.4821,3.89,1.26,-2.01,6.87
1088391.5134,3.26,0.84,-2.01,6.64
1088391.5452,2.72,0.46,-2.01,6.49
1088391.5769,2.28,0.12,-1.99,6.39
1088391.6095,1.93,-0.18,-1.99,6.35
1088391.6415,1.66,-0.43,-2.05,6.38
1088391.6734,1.46,-0.65,-2.12,6.46
1088391.7048,1.32,-0.83,-2.20,6.57
1088391.7367,1.21,-0.97,-2.26,6.69
1088391.7684,1.11,-1.09,-2.33,6.81
1088391.8001,1.01,-1.18,-2.40,6.94
1088391.8321,0.85,-1.24,-2.47,7.07
1088391.8639,0.68,-1.29,-2.51,7.20
1088391.8816,0.51,-1.33,-2.54,7.32
1088391.9281,0.30,-1.36,-2.52,7.43
1088391.9598,0.03,-1.38,-2.49,7.53
1088391.9917,-0.25,-1.39,-2.47,7.64
1088392.0320,-0.56,-1.37,-2.44,7.76
1088392.0646,-0.84,-1.34,-2.39,7.89
1088392.0939,-1.11,-1.29,-2.32,8.04
1088392.1255,-1.29,-1.19,-2.26,8.21
1088392.1582,-1.39,-1.03,-2.20,8.46
1088392.1898,-1.45,-0.87,-2.17,8.66
1088392.2217,-1.38,-0.66,-2.16,8.95
1088392.2527,-1.31,-0.44,-2.18,9.20
1088392.2844,-1.08,-0.14,-2.23,9.57
1088392.3165,-0.80,0.18,-2.25,9.87
1088392.3497,-0.37,0.59,-2.27,10.31
1088392.3806,0.23,1.10,-2.26,10.85
1088392.4123,0.84,1.62,-2.23,11.31
1088392.4442,1.63,2.22,-2.11,11.92
1088392.4765,2.42,2.82,-1.96,12.44
1088392.5088,3.38,3.51,-1.70,13.02
1088392.5407,4.46,4.29,-1.23,13.72
1088392.5806,5.68,5.16,-0.59,14.44
1088392.6129,7.01,6.11,0.13,15.19
1088392.6450,8.29,7.04,0.80,15.89
1088392.6773,9.71,8.04,1.42,16.64
1088392.7084,11.05,9.01,1.98,17.41
1088392.7248,12.35,9.94,2.48,18.03
1088392.7641,13.59,10.84,2.92,18.61
1088392.7947,15.06,11.90,3.33,19.40
1088392.8268,16.45,12.92,3.72,20.11
1088392.8588,17.87,14.00,4.09,20.81
1088392.8904,19.30,15.08,4.43,21.52
1088392.9224,20.63,16.08,4.73,22.11
1088392.9463,21.88,17.01,5.00,22.63
1088392.9784,23.13,17.95,5.22,23.11
1088393.0096,24.38,18.90,5.38,23.58
1088393.0419,25.54,19.78,5.50,23.98
1088393.0741,26.70,20.67,5.60,24.37
1088393.1137,27.77,21.50,5.70,24.69
1088393.1310,28.75,22.27,5.79,24.97
1088393.1769,29.73,23.06,5.87,25.27
1088393.2087,30.61,23.77,5.94,25.52
1088393.2471,31.44,24.44,5.99,25.74
1088393.2722,32.18,25.05,6.02,25.94
1088393.3040,32.86,25.62,6.04,26.13
1088393.3365,33.51,26.16,6.08,26.32
1088393.3681,34.13,26.67,6.10,26.46
1088393.4000,34.72,27.15,6.11,26.59
1088393.4321,35.25,27.59,6.11,26.68
1088393.4636,35.73,27.97,6.09,26.76
1088393.4958,36.13,28.30,6.11,26.83
1088393.5276,36.46,28.58,6.15,26.88
1088393.5600,36.69,28.80,6.21,26.92
1088393.5919,36.87,29.02,6.30,26.94
1088393.6236,36.97,29.18,6.39,26.94
1088393.6555,37.01,29.34,6.53,26.93
1088393.6874,36.96,29.46,6.75,26.89
1088393.7192,36.81,29.49,6.97,26.80
1088393.7508,36.63,29.50,7.19,26.70
1088393.7830,36.42,29.46,7.34,26.60
1088393.8152,36.05,29.27,7.40,26.42
1088393.8469,35.66,29.04,7.47,26.26
1088393.8791,35.16,28.69,7.51,26.06
1088393.9111,34.56,28.23,7.52,25.84
1088393.9429,33.97,27.76,7.52,25.63
1088393.9585,33.37,27.27,7.49,25.42
1088393.9907,32.77,26.77,7.42,25.21
1088394.0225,32.04,26.15,7.27,24.97
1088394.0545,31.22,25.41,7.07,24.68
1088394.0867,30.42,24.71,6.88,24.39
1088394.1187,29.52,23.92,6.60,24.04
1088394.1504,28.56,23.08,6.28,23.63
1088394.1826,27.67,22.30,5.97,23.22
1088394.2144,26.69,21.42,5.61,22.76
1088394.2460,25.74,20.59,5.26,22.31
1088394.2778,24.72,19.67,4.85,21.81
1088394.3097,23.72,18.79,4.42,21.32
1088394.3419,22.62,17.83,3.91,20.79
1088394.3733,21.43,16.81,3.38,20.21
1088394.4052,20.28,15.86,2.87,19.64
1088394.4373,19.05,14.89,2.40,19.04
1088394.4690,17.89,13.99,1.97,18.47
1088394.5012,16.66,13.06,1.52,17.88
1088394.5337,15.37,12.11,1.11,17.24
1088394.5657,14.16,11.24,0.77,16.64
1088394.5844,13.01,10.45,0.48,16.06
1088394.6248,11.82,9.64,0.21,15.46
1088394.6572,10.63,8.82,-0.07,14.83
1088394.6818,9.53,8.07,-0.35,14.26
1088394.7125,8.50,7.35,-0.62,13.74
1088394.7463,7.42,6.62,-0.86,13.17
1088394.7786,6.30,5.88,-1.05,12.54
1088394.8106,5.20,5.13,-1.20,11.92
1088394.8425,4.22,4.43,-1.36,11.37
1088394.8741,3.35,3.79,-1.52,10.91
1088394.9063,2.50,3.15,-1.64,10.46
1088394.9380,1.74,2.56,-1.76,10.09
1088394.9704,1.06,2.01,-1.83,9.75
1088395.0024,0.45,1.52,-1.84,9.47
1088395.0348,-0.04,1.11,-1.88,9.27
1088395.0669,-0.43,0.76,-1.96,9.16
1088395.0989,-0.72,0.46,-2.08,9.12
1088395.1165,-0.95,0.20,-2.21,9.13
1088395.1616,-1.16,-0.04,-2.38,9.16
1088395.1928,-1.33,-0.25,-2.56,9.22
1088395.2240,-1.48,-0.44,-2.72,9.30
1088395.2479,-1.61,-0.60,-2.85,9.40
1088395.2800,-1.70,-0.73,-2.98,9.52
1088395.3121,-1.75,-0.83,-3.14,9.67
1088395.3440,-1.77,-0.89,-3.29,9.83
1088395.3762,-1.73,-0.91,-3.45,10.01
1088395.4079,-1.68,-0.91,-3.63,10.21
1088395.4406,-1.53,-0.82,-3.85,10.47
1088395.4644,-1.33,-0.72,-4.08,10.75
1088395.4960,-1.02,-0.53,-4.30,11.10
1088395.5287,-0.67,-0.31,-4.49,11.45
1088395.5603,-0.15,0.01,-4.61,11.85
1088395.5923,0.47,0.42,-4.76,12.31
1088395.6245,1.12,0.83,-4.88,12.77
1088395.6565,1.92,1.33,-4.94,13.38
1088395.6810,2.71,1.82,-4.95,13.87
1088395.7117,3.64,2.41,-4.90,14.41
1088395.7440,4.52,3.00,-4.83,14.92
1088395.7765,5.54,3.66,-4.75,15.51
1088395.8087,6.55,4.31,-4.65,16.06
1088395.8410,7.63,5.06,-4.49,16.67
1088395.8801,8.74,5.87,-4.28,17.29
1088395.9116,9.88,6.74,-4.02,17.95
1088395.9444,10.95,7.57,-3.76,18.56
1088395.9759,12.03,8.46,-3.47,19.20
1088396.0079,13.00,9.30,-3.20,19.80
1088396.0402,14.06,10.20,-2.89,20.47
1088396.0724,15.18,11.16,-2.48,21.18
1088396.1044,16.22,12.06,-2.07,21.83
1088396.1364,17.32,13.01,-1.60,22.49
1088396.1680,18.48,13.98,-1.08,23.18
1088396.2000,19.58,14.90,-0.58,23.75
1088396.2325,20.71,15.85,-0.07,24.33
1088396.2653,21.77,16.76,0.40,24.81
1088396.2973,22.85,17.68,0.89,25.26
1088396.3285,23.93,18.62,1.36,25.70
1088396.3601,24.92,19.49,1.77,26.06
1088396.3923,25.84,20.31,2.14,26.35
1088396.4245,26.74,21.11,2.47,26.64
1088396.4567,27.61,21.89,2.82,26.91
1088396.4887,28.42,22.61,3.16,27.13
1088396.5212,29.14,23.25,3.45,27.33
1088396.5527,29.78,23.81,3.72,27.48
1088396.5842,30.33,24.28,3.96,27.60
1088396.6160,30.76,24.65,4.15,27.67
1088396.6476,31.11,24.93,4.30,27.73
1088396.6800,31.32,25.08,4.42,27.76
1088396.7116,31.39,25.09,4.49,27.75
1088396.7434,31.41,25.03,4.52,27.72
1088396.7759,31.31,24.83,4.50,27.68
1088396.8077,31.06,24.49,4.42,27.59
1088396.8395,30.79,24.12,4.31,27.50
1088396.8710,30.46,23.70,4.19,27.39
1088396.9029,30.01,23.16,4.01,27.23
1088396.9353,29.43,22.49,3.77,27.03
1088396.9668,28.84,21.82,3.52,26.83
1088396.9987,28.14,21.04,3.17,26.58
1088397.0303,27.38,20.18,2.78,26.30
1088397.0616,26.63,19.35,2.42,26.03
1088397.0932,25.81,18.47,2.02,25.70
1088397.1254,25.03,17.65,1.64,25.39
1088397.1572,24.19,16.78,1.25,25.04
1088397.1895,23.35,15.98,0.89,24.69
1088397.2209,22.45,15.13,0.52,24.30
1088397.2530,21.48,14.25,0.10,23.89
1088397.2840,20.55,13.43,-0.28,23.47
1088397.3161,19.53,12.56,-0.67,22.99
1088397.3488,18.43,11.66,-1.08,22.45
1088397.3801,17.36,10.83,-1.46,21.94
1088397.3963,16.33,10.05,-1.83,21.43
1088397.4281,15.24,9.25,-2.19,20.89
1088397.4598,14.21,8.52,-2.52,20.37
1088397.4918,13.15,7.78,-2.86,19.83
1088397.5240,12.16,7.11,-3.16,19.30
1088397.5557,11.16,6.45,-3.42,18.74
1088397.5875,10.16,5.80,-3.68,18.16
1088397.6194,9.22,5.21,-3.88,17.61
1088397.6513,8.24,4.61,-4.01,17.00
1088397.6827,7.31,4.06,-4.09,16.41
1088397.7143,6.34,3.48,-4.14,15.78
1088397.7462,5.34,2.89,-4.17,15.14
1088397.7785,4.40,2.34,-4.17,14.54
1088397.8106,3.43,1.79,-4.11,13.94
1088397.8422,2.53,1.28,-4.00,13.41
1088397.8746,1.64,0.79,-3.82,12.88
1088397.9065,0.85,0.35,-3.61,12.43
1088397.9381,0.10,-0.08,-3.35,12.01
1088397.9704,-0.57,-0.46,-3.01,11.65
1088398.0027,-1.13,-0.79,-2.67,11.36
1088398.0337,-1.59,-1.07,-2.33,11.15
1088398.0660,-1.96,-1.32,-2.03,11.00
1088398.0972,-2.22,-1.52,-1.74,10.92
1088398.1292,-2.37,-1.67,-1.45,10.90
1088398.1607,-2.47,-1.81,-1.22,10.89
1088398.1929,-2.47,-1.90,-1.05,10.94
1088398.2088,-2.44,-1.98,-0.91,11.00
1088398.2414,-2.36,-2.04,-0.79,11.06
1088398.2737,-2.20,-2.08,-0.67,11.18
1088398.3048,-1.97,-2.12,-0.66,11.32
1088398.3369,-1.71,-2.15,-0.69,11.44
1088398.3693,-1.38,-2.15,-0.70,11.61
1088398.4014,-1.04,-2.13,-0.66,11.75
1088398.4309,-0.66,-2.09,-0.59,11.88
1088398.4628,-0.27,-2.03,-0.55,11.95
1088398.4938,0.20,-1.96,-0.61,12.08
1088398.5305,0.71,-1.85,-0.78,12.26
1088398.5623,1.18,-1.75,-0.96,12.44
1088398.5963,1.68,-1.58,-1.10,12.67
1088398.6283,2.21,-1.35,-1.27,12.97
1088398.6610,2.71,-1.13,-1.43,13.24
1088398.6930,3.29,-0.85,-1.56,13.58
1088398.7247,3.91,-0.51,-1.62,13.94
1088398.7568,4.49,-0.20,-1.69,14.24
1088398.7889,5.10,0.15,-1.74,14.58
1088398.8208,5.68,0.47,-1.79,14.89
1088398.8529,6.30,0.81,-1.87,15.23
1088398.8845,6.95,1.14,-1.97,15.58
1088398.9169,7.56,1.44,-2.07,15.89
1088398.9473,8.20,1.73,-2.16,16.18
1088398.9793,8.80,1.97,-2.23,16.42
1088399.0113,9.38,2.18,-2.29,16.62
1088399.0435,9.94,2.33,-2.38,16.77
1088399.0759,10.43,2.43,-2.46,16.89
1088399.1075,10.83,2.50,-2.56,16.97
1088399.1311,11.11,2.52,-2.61,17.00
1088399.1629,11.29,2.49,-2.69,16.98
1088399.1951,11.44,2.46,-2.78,16.98
1088399.2276,11.45,2.36,-2.93,16.91
1088399.2594,11.41,2.24,-3.07,16.85
1088399.2920,11.27,2.10,-3.23,16.74
1088399.3236,11.12,1.96,-3.39,16.64
1088399.3633,10.92,1.80,-3.59,16.53
1088399.3946,10.70,1.65,-3.83,16.38
1088399.4267,10.50,1.52,-4.07,16.23
1088399.4508,10.26,1.38,-4.32,16.05
1088399.4802,10.04,1.24,-4.57,15.89
1088399.5126,9.82,1.08,-4.84,15.69
1088399.5443,9.59,0.88,-5.15,15.49
1088399.5763,9.36,0.68,-5.44,15.30
1088399.6084,9.11,0.47,-5.72,15.09
1088399.6406,8.89,0.26,-5.98,14.89
1088399.6726,8.66,0.02,-6.17,14.69
1088399.6973,8.47,-0.21,-6.34,14.49
1088399.7297,8.30,-0.46,-6.46,14.29
1088399.7720,8.15,-0.73,-6.58,14.08
1088399.8121,8.05,-0.99,-6.72,13.89
1088399.8441,7.97,-1.24,-6.90,13.70
1088399.8762,7.96,-1.46,-7.14,13.53
1088399.9083,7.98,-1.64,-7.44,13.38
1088399.9400,8.03,-1.80,-7.71,13.25
1088399.9721,8.10,-1.91,-7.93,13.13
1088400.0042,8.17,-2.00,-8.08,13.03
1088400.0360,8.28,-2.05,-8.20,12.94
1088400.0669,8.41,-2.08,-8.27,12.86
1088400.0997,8.52,-2.08,-8.26,12.79
1088400.1306,8.61,-2.07,-8.19,12.71
1088400.1623,8.69,-2.05,-8.09,12.63
1088400.1945,8.76,-2.02,-7.95,12.55
1088400.2263,8.81,-1.98,-7.81,12.48
1088400.2585,8.85,-1.94,-7.69,12.42
1088400.2905,8.85,-1.90,-7.57,12.37
1088400.3225,8.83,-1.86,-7.46,12.33
1088400.3552,8.76,-1.82,-7.30,12.29
1088400.3861,8.62,-1.80,-7.10,12.27
1088400.4178,8.47,-1.78,-6.91,12.27
1088400.4506,8.27,-1.78,-6.73,12.30
1088400.4818,8.03,-1.77,-6.55,12.34
1088400.5140,7.78,-1.77,-6.35,12.38
1088400.5461,7.48,-1.76,-6.07,12.43
1088400.5778,7.19,-1.76,-5.73,12.50
1088400.6102,6.87,-1.77,-5.41,12.55
1088400.6417,6.58,-1.79,-5.05,12.62
1088400.6737,6.26,-1.84,-4.71,12.69
1088400.7054,5.96,-1.90,-4.39,12.81
1088400.7367,5.69,-1.96,-4.11,12.93
1088400.7689,5.44,-2.03,-3.87,13.03
1088400.8002,5.24,-2.08,-3.68,13.13
1088400.8314,5.12,-2.09,-3.54,13.28
1088400.8631,5.09,-2.05,-3.46,13.47
1088400.8959,5.07,-2.00,-3.40,13.66
1088400.9273,5.11,-1.90,-3.34,13.89
1088400.9595,5.21,-1.78,-3.31,14.12
1088400.9911,5.37,-1.59,-3.31,14.41
1088401.0226,5.63,-1.34,-3.31,14.74
1088401.0552,5.88,-1.07,-3.31,15.07
1088401.0874,6.23,-0.74,-3.31,15.43
1088401.1194,6.70,-0.35,-3.30,15.85
1088401.1514,7.20,0.04,-3.29,16.23
1088401.1832,7.78,0.49,-3.24,16.63
1088401.2158,8.34,0.93,-3.18,16.98
1088401.2476,8.95,1.43,-3.07,17.36
1088401.2790,9.55,1.93,-2.97,17.71
1088401.3103,10.22,2.47,-2.84,18.11
1088401.3420,10.88,3.00,-2.72,18.48
1088401.3703,11.60,3.58,-2.56,18.87
1088401.4046,12.35,4.20,-2.38,19.27
1088401.4357,13.08,4.79,-2.20,19.65
1088401.4674,13.77,5.37,-2.04,20.02
1088401.4994,14.50,5.99,-1.87,20.40
1088401.5312,15.26,6.63,-1.67,20.77
1088401.5625,16.03,7.29,-1.45,21.14
1088401.5949,16.75,7.90,-1.24,21.47
1088401.6259,17.47,8.52,-1.05,21.79
1088401.6576,18.17,9.12,-0.88,22.11
1088401.6892,18.79,9.67,-0.73,22.39
1088401.7209,19.34,10.17,-0.60,22.64
1088401.7520,19.86,10.65,-0.50,22.89
1088401.7848,20.33,11.09,-0.41,23.12
1088401.8155,20.78,11.51,-0.36,23.37
1088401.8475,21.24,11.93,-0.31,23.62
1088401.8787,21.70,12.33,-0.26,23.87
1088401.9105,22.12,12.71,-0.23,24.09
1088401.9424,22.54,13.10,-0.22,24.31
1088401.9747,22.92,13.46,-0.24,24.50
1088402.0073,23.31,13.84,-0.29,24.70
1088402.0392,23.67,14.20,-0.34,24.88
1088402.0702,24.04,14.57,-0.38,25.05
1088402.1026,24.41,14.95,-0.39,25.22
1088402.1335,24.74,15.30,-0.38,25.37
1088402.1650,25.07,15.65,-0.36,25.51
1088402.1968,25.39,15.99,-0.34,25.64
1088402.2289,25.69,16.31,-0.32,25.75
1088402.2607,25.99,16.63,-0.26,25.86
1088402.2926,26.27,16.92,-0.21,25.96
1088402.3240,26.54,17.20,-0.17,26.05
1088402.3555,26.80,17.47,-0.14,26.15
1088402.3868,27.04,17.71,-0.10,26.22
1088402.4187,27.26,17.93,-0.07,26.28
1088402.4504,27.44,18.12,-0.03,26.32
1088402.4824,27.61,18.30,0.01,26.36
1088402.5141,27.75,18.45,0.07,26.39
1088402.5460,27.86,18.55,0.12,26.41
1088402.5787,27.95,18.63,0.18,26.43
1088402.6108,27.98,18.67,0.24,26.43
1088402.6431,27.99,18.68,0.30,26.42
1088402.6757,27.94,18.63,0.32,26.38
1088402.7075,27.82,18.51,0.35,26.33
1088402.7392,27.64,18.32,0.38,26.26
1088402.7709,27.44,18.11,0.41,26.18
1088402.8027,27.18,17.84,0.43,26.08
1088402.8343,26.90,17.56,0.42,25.98
1088402.8660,26.57,17.22,0.41,25.87
1088402.8976,26.18,16.82,0.40,25.75
1088402.9289,25.81,16.43,0.40,25.62
1088402.9611,25.44,16.05,0.39,25.49
1088402.9926,25.08,15.67,0.39,25.35
1088403.0246,24.60,15.19,0.37,25.18
1088403.0565,24.14,14.73,0.34,25.00
1088403.0887,23.60,14.23,0.31,24.80
1088403.1202,23.02,13.70,0.28,24.58
1088403.1521,22.44,13.20,0.28,24.35
1088403.1843,21.80,12.66,0.28,24.11
1088403.2167,21.17,12.13,0.27,23.87
1088403.2477,20.48,11.57,0.29,23.62
1088403.2802,19.71,10.97,0.35,23.33
1088403.3121,18.99,10.40,0.40,23.04
1088403.3435,18.19,9.80,0.48,22.73
1088403.3752,17.36,9.15,0.55,22.39
1088403.4069,16.56,8.54,0.58,22.06
1088403.4383,15.73,7.92,0.60,21.72
1088403.4703,14.96,7.34,0.62,21.39
1088403.5018,14.16,6.73,0.68,21.04
1088403.5340,13.39,6.18,0.77,20.68
1088403.5659,12.60,5.61,0.85,20.30
1088403.5981,11.84,5.09,0.91,19.91
1088403.6301,11.05,4.57,0.92,19.50
1088403.6616,10.27,4.05,0.90,19.09
1088403.6940,9.55,3.58,0.89,18.70
1088403.7257,8.83,3.12,0.88,18.29
1088403.7572,8.16,2.70,0.89,17.89
1088403.7894,7.50,2.28,0.91,17.47
1088403.8216,6.85,1.86,0.93,17.04
1088403.8536,6.26,1.47,0.95,16.64
1088403.8858,5.67,1.08,1.00,16.25
1088403.9176,5.09,0.69,1.07,15.86
1088403.9501,4.55,0.34,1.13,15.51
1088403.9818,4.04,-0.00,1.20,15.16
1088404.0135,3.54,-0.32,1.29,14.80
1088404.0452,3.09,-0.61,1.37,14.46
1088404.0771,2.64,-0.88,1.45,14.13
1088404.1088,2.26,-1.12,1.51,13.83
1088404.1409,1.88,-1.36,1.55,13.53
1088404.1730,1.56,-1.57,1.57,13.27
1088404.2043,1.26,-1.79,1.58,13.02
1088404.2363,1.01,-1.98,1.59,12.81
1088404.2632,0.78,-2.18,1.61,12.62
1088404.2951,0.58,-2.36,1.63,12.44
1088404.3275,0.43,-2.52,1.66,12.30
1088404.3580,0.32,-2.67,1.66,12.18
1088404.3855,0.24,-2.79,1.67,12.07
1088404.4218,0.21,-2.89,1.63,12.00
1088404.4554,0.22,-2.96,1.57,11.96
1088404.4799,0.25,-2.99,1.50,11.93
1088404.5117,0.32,-3.00,1.46,11.93
1088404.5440,0.46,-2.96,1.39,11.98
1088404.5760,0.66,-2.88,1.30,12.07
1088404.6076,0.85,-2.79,1.22,12.16
1088404.6401,1.05,-2.70,1.16,12.25
1088404.6722,1.29,-2.58,1.08,12.37
1088404.7040,1.55,-2.44,1.00,12.51
1088404.7363,1.80,-2.31,0.92,12.63
1088404.7682,2.08,-2.18,0.82,12.74
1088404.7967,2.37,-2.06,0.71,12.88
1088404.8291,2.79,-1.92,0.55,13.04
1088404.8614,3.26,-1.76,0.41,13.23
1088404.8935,3.76,-1.61,0.25,13.42
1088404.9251,4.35,-1.40,0.05,13.68
1088404.9565,4.94,-1.19,-0.13,13.93
1088404.9806,5.59,-0.91,-0.28,14.21
1088405.0124,6.32,-0.56,-0.43,14.53
1088405.0444,7.04,-0.21,-0.57,14.84
1088405.0767,7.82,0.24,-0.65,15.21
1088405.1091,8.55,0.68,-0.70,15.56
1088405.1407,9.33,1.23,-0.74,15.97
1088405.1734,10.05,1.76,-0.79,16.38
1088405.1974,10.87,2.40,-0.82,16.87
1088405.2284,11.64,3.02,-0.82,17.32
1088405.2606,12.46,3.73,-0.77,17.81
1088405.2932,13.26,4.42,-0.69,18.26
1088405.3254,14.10,5.16,-0.54,18.71
1088405.3577,14.96,5.94,-0.40,19.15
1088405.3901,15.83,6.69,-0.28,19.51
1088405.4141,16.66,7.39,-0.18,19.83
1088405.4457,17.54,8.11,-0.12,20.14
1088405.4789,18.38,8.83,-0.09,20.42
1088405.5104,19.15,9.52,-0.03,20.67
1088405.5425,19.90,10.22,0.01,20.92
1088405.5806,20.62,10.90,0.00,21.16
1088405.6051,21.31,11.55,0.04,21.38
1088405.6456,21.98,12.18,0.10,21.57
1088405.6768,22.59,12.76,0.14,21.74
1088405.7085,23.19,13.33,0.16,21.90
1088405.7240,23.74,13.84,0.16,22.06
1088405.7562,24.27,14.27,-0.02,22.24
1088405.7883,24.76,14.66,-0.23,22.42
1088405.8197,25.24,14.95,-0.44,22.57
1088405.8519,25.70,15.16,-0.68,22.69
1088405.8840,26.12,15.30,-0.96,22.79
1088405.9162,26.51,15.35,-1.31,22.87
1088405.9479,26.84,15.35,-1.64,22.91
1088405.9796,27.13,15.26,-1.91,22.93
1088406.0119,27.34,15.14,-2.15,22.91
1088406.0437,27.47,14.95,-2.39,22.89
1088406.0761,27.53,14.74,-2.59,22.82
1088406.1081,27.51,14.45,-2.80,22.72
1088406.1399,27.43,14.19,-3.00,22.57
1088406.1720,27.22,13.86,-3.27,22.39
1088406.2044,26.84,13.49,-3.57,22.14
1088406.2363,26.29,13.03,-3.82,21.82
1088406.2674,25.70,12.61,-3.97,21.48
1088406.2993,24.94,12.11,-4.05,21.06
1088406.3310,24.06,11.55,-3.98,20.61
1088406.3634,23.20,11.00,-3.82,20.19
1088406.3953,22.38,10.46,-3.61,19.82
1088406.4274,21.48,9.86,-3.29,19.45
1088406.4591,20.48,9.21,-2.76,19.02
1088406.4912,19.45,8.54,-2.32,18.54
1088406.5233,18.50,7.89,-2.00,18.08
1088406.5551,17.62,7.28,-1.79,17.63
1088406.5872,16.72,6.63,-1.61,17.12
1088406.6193,15.78,5.97,-1.40,16.55
1088406.6515,14.91,5.34,-1.21,16.00
1088406.6837,14.01,4.66,-1.05,15.44
1088406.7156,13.09,3.95,-0.91,14.89
1088406.7471,12.24,3.29,-0.79,14.38
1088406.7788,11.37,2.62,-0.68,13.88
1088406.8106,10.51,1.97,-0.57,13.37
1088406.8428,9.72,1.38,-0.46,12.89
1088406.8752,8.96,0.84,-0.34,12.43
1088406.9069,8.26,0.36,-0.21,12.00
1088406.9392,7.58,-0.07,-0.10,11.59
1088406.9711,6.95,-0.46,-0.02,11.21
1088407.0032,6.38,-0.81,0.07,10.88
1088407.0351,5.87,-1.11,0.10,10.60
1088407.0673,5.42,-1.37,0.11,10.36
1088407.0991,5.04,-1.60,0.08,10.18
1088407.1312,4.71,-1.79,0.03,10.03
1088407.1640,4.43,-1.95,0.00,9.89
1088407.1954,4.20,-2.10,-0.03,9.76
1088407.2269,4.01,-2.25,-0.07,9.66
1088407.2592,3.84,-2.37,-0.15,9.58
1088407.2907,3.68,-2.51,-0.23,9.52
1088407.3226,3.53,-2.64,-0.31,9.47
1088407.3551,3.39,-2.77,-0.39,9.43
1088407.3874,3.26,-2.88,-0.49,9.40
1088407.4193,3.17,-3.00,-0.59,9.39
1088407.4509,3.12,-3.08,-0.69,9.43
1088407.4830,3.11,-3.14,-0.79,9.47
1088407.5148,3.16,-3.16,-0.85,9.54
1088407.5468,3.24,-3.15,-0.92,9.61
1088407.5789,3.37,-3.12,-0.98,9.70
1088407.6110,3.52,-3.07,-1.06,9.79
1088407.6430,3.69,-3.01,-1.16,9.87
1088407.6750,3.89,-2.95,-1.29,9.95
1088407.7075,4.11,-2.89,-1.45,10.04
1088407.7398,4.37,-2.83,-1.61,10.11
1088407.7558,4.62,-2.78,-1.76,10.16
1088407.7879,4.86,-2.73,-1.89,10.19
1088407.8199,5.13,-2.69,-1.98,10.18
1088407.8514,5.47,-2.65,-2.07,10.14
1088407.8836,5.78,-2.64,-2.15,10.04
1088407.9153,6.14,-2.64,-2.27,9.89
1088407.9472,6.63,-2.63,-2.43,9.74
1088407.9793,7.10,-2.62,-2.60,9.60
1088408.0108,7.56,-2.65,-2.80,9.34
1088408.0429,8.02,-2.67,-2.98,9.08
1088408.0745,8.54,-2.71,-3.18,8.78
1088408.1065,9.16,-2.72,-3.36,8.48
1088408.1385,9.70,-2.76,-3.54,8.17
1088408.1705,10.28,-2.80,-3.71,7.81
1088408.2025,10.93,-2.82,-3.87,7.48
1088408.2346,11.53,-2.84,-4.01,7.17
1088408.2672,12.16,-2.87,-4.12,6.80
1088408.2990,12.70,-2.93,-4.23,6.41
1088408.3307,13.21,-2.98,-4.34,6.04
1088408.3623,13.71,-3.03,-4.47,5.63
1088408.3944,14.22,-3.08,-4.61,5.20
1088408.4261,14.69,-3.14,-4.76,4.80
1088408.4587,15.18,-3.20,-4.93,4.41
1088408.4902,15.70,-3.25,-5.12,4.04
1088408.5218,16.19,-3.30,-5.29,3.70
1088408.5542,16.68,-3.36,-5.47,3.38
1088408.5864,17.15,-3.41,-5.63,3.13
1088408.6179,17.62,-3.46,-5.80,2.91
1088408.6496,18.08,-3.51,-5.97,2.72
1088408.6814,18.55,-3.55,-6.12,2.57
1088408.7134,18.96,-3.60,-6.25,2.44
1088408.7452,19.37,-3.64,-6.37,2.33
1088408.7768,19.73,-3.70,-6.45,2.23
1088408.8086,20.10,-3.76,-6.52,2.16
1088408.8399,20.47,-3.81,-6.61,2.09
1088408.8716,20.79,-3.87,-6.67,2.02
1088408.9044,21.11,-3.92,-6.73,1.97
1088408.9356,21.38,-3.98,-6.78,1.92
1088408.9675,21.65,-4.02,-6.85,1.90
1088408.9999,21.88,-4.08,-6.93,1.90
1088409.0314,22.09,-4.13,-7.02,1.90
1088409.0636,22.27,-4.18,-7.12,1.93
1088409.0952,22.43,-4.23,-7.20,1.96
1088409.1272,22.57,-4.28,-7.27,1.99
1088409.1586,22.69,-4.32,-7.33,2.04
1088409.1908,22.77,-4.36,-7.38,2.09
1088409.2228,22.82,-4.39,-7.43,2.14
1088409.2543,22.85,-4.41,-7.46,2.20
1088409.2860,22.84,-4.44,-7.49,2.25
1088409.3182,22.81,-4.46,-7.50,2.30
1088409.3500,22.78,-4.47,-7.50,2.34
1088409.3819,22.75,-4.47,-7.49,2.39
1088409.4135,22.70,-4.46,-7.47,2.42
1088409.4453,22.64,-4.44,-7.43,2.45
1088409.4778,22.59,-4.42,-7.39,2.49
1088409.5095,22.53,-4.39,-7.35,2.51
1088409.5415,22.49,-4.35,-7.32,2.53
1088409.5734,22.45,-4.32,-7.28,2.54
1088409.6055,22.40,-4.28,-7.24,2.56
1088409.6368,22.38,-4.24,-7.21,2.57
1088409.6694,22.36,-4.20,-7.18,2.58
1088409.7012,22.30,-4.15,-7.13,2.58
1088409.7333,22.26,-4.10,-7.08,2.59
1088409.7652,22.23,-4.05,-7.03,2.59
1088409.7972,22.20,-3.99,-6.97,2.59
1088409.8300,22.14,-3.90,-6.86,2.59
1088409.8614,22.08,-3.82,-6.77,2.59
1088409.8938,22.02,-3.73,-6.66,2.60
1088409.9259,21.93,-3.63,-6.53,2.60
1088409.9582,21.85,-3.55,-6.41,2.59
1088409.9899,21.84,-3.48,-6.24,2.62
1088410.0223,21.83,-3.42,-6.04,2.60
1088410.0549,21.79,-3.34,-5.75,2.64
1088410.0871,21.66,-3.25,-5.45,2.64
1088410.1194,21.60,-3.16,-5.15,2.65
1088410.1521,21.51,-3.02,-4.80,2.67
1088410.1836,21.39,-2.82,-4.34,2.65
1088410.2154,21.26,-2.57,-3.82,2.54
1088410.2474,21.05,-2.23,-3.23,2.38
1088410.2795,20.79,-1.82,-2.57,2.26
1088410.3112,20.56,-1.44,-2.22,2.20
1088410.3434,20.37,-1.08,-1.98,2.22
1088410.3754,20.21,-0.69,-1.71,2.29
1088410.4071,20.09,-0.34,-1.45,2.36
1088410.4390,19.98,-0.02,-1.16,2.41
1088410.4714,19.87,0.28,-0.86,2.40
1088410.5034,19.83,0.61,-0.45,2.36
1088410.5355,19.81,0.96,0.02,2.28
1088410.5676,19.82,1.31,0.51,2.19
1088410.5994,19.80,1.63,0.83,2.13
1088410.6310,19.75,1.90,0.99,2.08
1088410.6631,19.71,2.12,1.09,2.09
1088410.6949,19.69,2.26,1.12,2.13
1088410.7267,19.66,2.36,1.20,2.15
1088410.7587,19.66,2.41,1.24,2.17
1088410.7905,19.69,2.42,1.30,2.15
1088410.8224,19.77,2.40,1.33,2.11
1088410.8546,19.85,2.37,1.34,2.05
1088410.8863,19.98,2.31,1.29,1.99
1088410.9182,20.11,2.26,1.23,1.95
1088410.9501,20.27,2.20,1.21,1.91
1088410.9822,20.42,2.14,1.20,1.89
1088411.0141,20.51,2.05,1.28,1.84
1088411.0457,20.58,1.99,1.42,1.82
1088411.0783,20.57,1.95,1.53,1.85
1088411.1097,20.46,1.93,1.58,1.87
1088411.1419,20.34,1.92,1.61,1.91
1088411.1739,20.18,1.91,1.63,1.94
1088411.2052,20.03,1.90,1.66,1.97
1088411.2372,19.93,1.88,1.68,1.99
1088411.2693,19.86,1.87,1.70,2.01
1088411.3009,19.84,1.88,1.78,2.03
1088411.3328,19.85,1.92,1.90,2.05
1088411.3651,19.92,2.02,2.02,2.08
1088411.3807,19.96,2.13,2.14,2.05
1088411.4131,20.08,2.29,2.22,2.09
1088411.4448,20.22,2.49,2.31,2.07
1088411.4770,20.42,2.79,2.48,2.15
1088411.5091,20.69,3.17,2.71,2.31
1088411.5405,20.95,3.55,2.91,2.45
1088411.5726,21.33,4.01,3.09,2.76
1088411.6035,21.80,4.52,3.26,3.16
1088411.6355,22.26,5.02,3.42,3.57
1088411.6682,22.80,5.56,3.59,4.09
1088411.7007,23.31,6.05,3.74,4.57
1088411.7317,23.93,6.61,3.89,5.15
1088411.7635,24.64,7.19,4.04,5.77
1088411.7959,25.32,7.76,4.17,6.35
1088411.8271,25.98,8.30,4.25,6.86
1088411.8590,26.76,8.94,4.24,7.43
1088411.8907,27.65,9.66,4.16,8.10
1088411.9228,28.56,10.33,4.06,8.74
1088411.9550,29.60,11.10,4.02,9.43
1088411.9870,30.68,11.83,3.99,10.06
1088412.0188,31.90,12.66,4.01,10.74
1088412.0512,33.19,13.61,4.10,11.42
1088412.0827,34.53,14.66,4.25,12.12
1088412.1155,35.82,15.68,4.39,12.75
1088412.1468,37.14,16.81,4.54,13.39
1088412.1784,38.37,17.93,4.72,13.96
1088412.2105,39.59,19.15,5.00,14.52
1088412.2425,40.78,20.47,5.41,15.05
1088412.2741,41.85,21.74,5.84,15.51
1088412.3059,42.82,22.98,6.32,15.91
1088412.3382,43.75,24.28,6.84,16.30
1088412.3698,44.62,25.61,7.38,16.64
1088412.4012,45.39,26.87,7.92,16.93
1088412.4334,46.13,28.18,8.44,17.22
1088412.4651,46.81,29.42,8.90,17.48
1088412.4970,47.48,30.70,9.31,17.73
1088412.5286,48.09,31.91,9.69,17.94
1088412.5598,48.70,33.12,10.03,18.12
1088412.5918,49.27,34.32,10.33,18.26
1088412.6232,49.82,35.45,10.57,18.38
1088412.6558,50.31,36.45,10.78,18.46
1088412.6870,50.76,37.36,10.95,18.51
1088412.7186,51.11,38.12,11.09,18.54
1088412.7509,51.42,38.78,11.21,18.58
1088412.7829,51.68,39.34,11.31,18.64
1088412.8151,51.88,39.80,11.38,18.70
1088412.8472,52.07,40.18,11.44,18.80
1088412.8798,52.23,40.50,11.49,18.88
1088412.9113,52.38,40.77,11.52,18.97
1088412.9433,52.54,40.98,11.49,19.04
1088412.9756,52.69,41.13,11.43,19.09
1088413.0081,52.80,41.14,11.30,19.11
1088413.0403,52.89,41.05,11.12,19.12
1088413.0720,52.87,40.78,10.96,19.07
1088413.1036,52.72,40.28,10.79,18.96
1088413.1353,52.51,39.70,10.65,18.81
1088413.1674,52.15,38.87,10.54,18.60
1088413.1991,51.77,37.97,10.42,18.39
1088413.2309,51.24,36.83,10.30,18.16
1088413.2631,50.67,35.63,10.15,17.91
1088413.2953,49.94,34.21,10.04,17.66
1088413.3270,49.19,32.78,9.88,17.36
1088413.3590,48.11,30.95,9.67,16.97
1088413.3908,47.06,29.21,9.45,16.59
1088413.4363,45.87,27.33,9.15,16.13
1088413.4511,44.71,25.56,8.86,15.68
1088413.4866,43.43,23.69,8.53,15.18
1088413.5180,42.21,21.97,8.19,14.66
1088413.5500,40.90,20.21,7.83,14.08
1088413.5816,39.52,18.48,7.40,13.42
1088413.6135,38.21,16.92,6.94,12.75
1088413.6454,36.81,15.40,6.37,11.99
1088413.6773,35.46,14.02,5.77,11.23
1088413.6929,34.16,12.78,5.19,10.48
1088413.7249,32.74,11.51,4.54,9.71
1088413.7571,31.38,10.35,3.95,8.98
1088413.7894,29.97,9.19,3.34,8.25
1088413.8208,28.63,8.15,2.78,7.49
1088413.8525,27.27,7.16,2.26,6.79
1088413.8843,25.88,6.20,1.81,6.11
1088413.9163,24.59,5.36,1.44,5.48
1088413.9483,23.29,4.53,1.15,4.90
1088413.9799,22.01,3.75,0.92,4.39
1088414.0121,20.85,3.06,0.75,3.93
1088414.0443,19.75,2.42,0.66,3.55
1088414.0759,18.75,1.84,0.63,3.25
1088414.1074,17.78,1.29,0.71,3.04
1088414.1392,16.91,0.79,0.82,2.91
1088414.1707,16.10,0.33,0.93,2.85
1088414.2026,15.37,-0.08,1.04,2.85
1088414.2342,14.68,-0.48,1.12,2.89
1088414.2630,14.04,-0.85,1.22,2.98
1088414.2948,13.40,-1.20,1.36,3.13
1088414.3270,12.82,-1.53,1.50,3.28
1088414.3581,12.28,-1.83,1.63,3.45
1088414.3906,11.73,-2.12,1.72,3.65
1088414.4132,11.25,-2.39,1.78,3.86
1088414.4441,10.82,-2.62,1.81,4.06
1088414.4761,10.42,-2.85,1.81,4.25
1088414.5078,10.07,-3.07,1.83,4.43
1088414.5394,9.75,-3.26,1.86,4.62
1088414.5709,9.48,-3.44,1.90,4.78
1088414.6029,9.25,-3.60,1.91,4.91
1088414.6350,9.05,-3.74,1.92,5.03
1088414.6660,8.91,-3.85,1.92,5.12
1088414.6977,8.81,-3.94,1.90,5.21
1088414.7290,8.76,-4.00,1.82,5.27
1088414.7609,8.78,-4.03,1.67,5.29
1088414.7928,8.86,-4.04,1.51,5.29
1088414.8246,9.05,-3.99,1.31,5.24
1088414.8567,9.30,-3.91,1.12,5.13
1088414.8804,9.71,-3.76,0.89,4.93
1088414.9280,10.32,-3.51,0.62,4.65
1088414.9602,11.11,-3.11,0.42,4.39
1088414.9922,11.94,-2.68,0.26,4.08
1088415.0239,12.97,-2.11,0.18,3.76
1088415.0638,14.18,-1.40,0.20,3.48
1088415.0958,15.37,-0.67,0.27,3.32
1088415.1273,16.71,0.20,0.50,3.45
1088415.1597,18.17,1.20,0.86,3.75
1088415.1919,19.56,2.18,1.26,4.02
1088415.2234,21.03,3.28,1.71,4.55
1088415.2549,22.56,4.46,2.18,5.19
1088415.2794,23.99,5.62,2.66,5.82
1088415.3117,25.34,6.74,3.10,6.44
1088415.3434,26.60,7.83,3.51,6.97
1088415.3749,27.88,8.99,3.94,7.57
1088415.4069,29.18,10.18,4.40,8.23
1088415.4309,30.38,11.32,4.84,8.84
1088415.4624,31.57,12.49,5.25,9.49
1088415.4940,32.67,13.60,5.62,10.04
1088415.5263,33.76,14.73,5.97,10.57
1088415.5581,34.76,15.80,6.28,11.04
1088415.5901,35.76,16.88,6.58,11.50
1088415.6261,36.74,17.99,6.92,11.93
1088415.6629,37.72,19.10,7.23,12.35
1088415.6950,38.63,20.15,7.51,12.72
1088415.7266,39.48,21.13,7.74,13.06
1088415.7591,40.45,22.29,7.98,13.46
1088415.7910,41.35,23.38,8.20,13.84
1088415.8230,42.30,24.50,8.41,14.26
1088415.8550,43.21,25.57,8.59,14.70
1088415.8872,44.19,26.70,8.73,15.16
1088415.9189,45.22,27.88,8.82,15.63
1088415.9508,46.18,29.00,8.89,16.06
1088415.9819,47.16,30.17,8.95,16.47
1088416.0136,48.12,31.34,8.98,16.85
1088416.0455,49.01,32.44,9.01,17.19
1088416.0782,49.86,33.54,9.02,17.52
1088416.1100,50.66,34.56,9.00,17.83
1088416.1420,51.43,35.56,8.96,18.13
1088416.1741,52.14,36.49,8.92,18.42
1088416.2062,52.80,37.41,8.90,18.69
1088416.2384,53.40,38.25,8.89,18.95
1088416.2701,53.93,39.06,8.91,19.16
1088416.3021,54.39,39.78,8.97,19.34
1088416.3181,54.77,40.39,9.01,19.48
1088416.3507,55.09,40.91,9.06,19.59
1088416.3960,55.32,41.29,9.11,19.66
1088416.4274,55.42,41.45,9.15,19.70
1088416.4593,55.39,41.40,9.20,19.73
1088416.4911,55.30,41.22,9.24,19.72
1088416.5304,55.03,40.74,9.30,19.66
1088416.5623,54.55,39.97,9.32,19.58
1088416.5941,54.02,39.13,9.30,19.43
1088416.6258,53.27,37.99,9.21,19.27
1088416.6576,52.37,36.56,9.04,19.10
1088416.6897,51.46,35.09,8.82,18.88
1088416.7212,50.34,33.36,8.59,18.63
1088416.7532,49.24,31.67,8.38,18.33
1088416.7848,47.94,29.78,8.21,17.96
1088416.8169,46.69,27.98,8.07,17.58
1088416.8488,45.29,26.03,7.93,17.18
1088416.8793,43.76,24.01,7.76,16.70
1088416.9118,42.31,22.15,7.56,16.17
1088416.9438,40.77,20.25,7.35,15.67
1088416.9758,39.14,18.38,7.04,15.09
1088417.0080,37.59,16.70,6.71,14.52
1088417.0396,36.02,15.08,6.35,13.89
1088417.0797,34.42,13.54,5.87,13.22
1088417.1034,32.89,12.17,5.37,12.55
1088417.1438,31.38,10.88,4.86,11.88
1088417.1755,29.87,9.67,4.36,11.18
1088417.2077,28.46,8.60,3.93,10.45
1088417.2401,27.08,7.58,3.53,9.78
1088417.2801,25.74,6.59,3.21,9.16
1088417.3116,24.55,5.72,2.93,8.54
1088417.3441,23.45,4.91,2.72,7.97
1088417.3759,22.48,4.20,2.55,7.41
1088417.4074,21.60,3.55,2.40,6.89
1088417.4388,20.82,2.97,2.24,6.41
1088417.4641,20.15,2.46,2.10,5.97
1088417.4951,19.59,2.04,1.98,5.56
1088417.5272,19.11,1.69,1.88,5.18
1088417.5591,18.74,1.42,1.82,4.83
1088417.5904,18.48,1.22,1.75,4.52
1088417.6228,18.35,1.08,1.70,4.21
1088417.6468,18.29,0.97,1.66,3.93
1088417.6794,18.28,0.89,1.62,3.68
1088417.7117,18.29,0.82,1.58,3.46
1088417.7431,18.35,0.76,1.54,3.28
1088417.7754,18.46,0.72,1.55,3.13
1088417.8077,18.58,0.69,1.60,3.01
1088417.8401,18.76,0.71,1.73,2.93
1088417.8718,18.96,0.76,1.87,2.88
1088417.9037,19.22,0.86,2.02,2.90
1088417.9356,19.59,1.05,2.17,3.00
1088417.9678,19.96,1.25,2.32,3.17
1088417.9997,20.45,1.55,2.48,3.44
1088418.0316,21.07,1.96,2.68,3.81
1088418.0634,21.70,2.40,2.89,4.21
1088418.0951,22.42,2.97,3.11,4.71
1088418.1270,23.10,3.54,3.32,5.25
1088418.1590,23.90,4.26,3.55,5.86
1088418.1913,24.67,4.99,3.78,6.45
1088418.2235,25.54,5.87,4.06,7.10
1088418.2552,26.51,6.88,4.35,7.79
1088418.2871,27.43,7.90,4.67,8.43
1088418.3188,28.44,9.05,5.01,9.09
1088418.3510,29.41,10.16,5.33,9.71
1088418.3832,30.45,11.34,5.68,10.33
1088418.4156,31.54,12.56,6.08,10.97
1088418.4471,32.59,13.71,6.47,11.56
1088418.4790,33.68,14.88,6.92,12.16
1088418.5119,34.78,16.06,7.40,12.74
1088418.5439,35.79,17.15,7.84,13.26
1088418.5759,36.78,18.24,8.26,13.76
1088418.6076,37.68,19.26,8.61,14.21
1088418.6395,38.54,20.29,8.93,14.64
1088418.6713,39.33,21.26,9.19,15.05
1088418.7032,40.10,22.23,9.41,15.47
1088418.7353,40.87,23.21,9.60,15.89
1088418.7668,41.57,24.11,9.77,16.29
1088418.7982,42.27,25.03,9.91,16.70
1088418.8301,42.90,25.88,10.04,17.07
1088418.8619,43.53,26.76,10.12,17.44
1088418.8932,44.16,27.65,10.17,17.78
1088418.9251,44.74,28.49,10.18,18.07
1088418.9567,45.31,29.34,10.17,18.35
1088418.9886,45.83,30.12,10.14,18.59
1088419.0207,46.36,30.92,10.12,18.82
1088419.0528,46.84,31.68,10.07,19.03
1088419.0848,47.28,32.39,10.02,19.23
1088419.1172,47.67,33.04,9.98,19.41
1088419.1487,48.07,33.68,9.92,19.59
1088419.1801,48.48,34.33,9.82,19.76
1088419.2121,48.84,34.93,9.71,19.93
1088419.2444,49.22,35.55,9.60,20.14
1088419.2768,49.63,36.21,9.48,20.36
1088419.3087,50.02,36.87,9.38,20.55
1088419.3408,50.42,37.55,9.29,20.73
1088419.3723,50.78,38.20,9.21,20.87
1088419.4040,51.12,38.84,9.13,20.98
1088419.4366,51.45,39.45,9.04,21.08
1088419.4677,51.74,40.00,8.94,21.18
1088419.4998,52.00,40.50,8.86,21.27
1088419.5316,52.26,40.98,8.81,21.35
1088419.5631,52.49,41.39,8.79,21.41
1088419.5950,52.65,41.70,8.78,21.45
1088419.6270,52.78,41.93,8.77,21.46
1088419.6584,52.81,42.00,8.77,21.42
1088419.6903,52.78,41.97,8.77,21.38
1088419.7224,52.63,41.73,8.79,21.29
1088419.7545,52.31,41.24,8.83,21.17
1088419.7868,51.95,40.65,8.85,21.04
1088419.8187,51.38,39.81,8.85,20.87
1088419.8503,50.81,38.92,8.81,20.69
1088419.8825,50.14,37.79,8.70,20.44
1088419.9143,49.31,36.42,8.55,20.19
1088419.9466,48.59,35.10,8.38,19.88
1088419.9784,47.73,33.52,8.19,19.53
1088420.0104,46.71,31.70,7.92,19.16
1088420.0417,45.74,29.96,7.64,18.79
1088420.0735,44.73,28.11,7.40,18.36
1088420.1058,43.77,26.33,7.15,17.92
1088420.1384,42.64,24.40,6.79,17.45
1088420.1709,41.62,22.63,6.47,16.93
1088420.2030,40.48,20.80,6.18,16.33
1088420.2344,39.20,18.87,5.83,15.68
1088420.2655,38.03,17.12,5.51,15.02
1088420.2972,36.69,15.35,5.20,14.27
1088420.3292,35.49,13.76,4.90,13.52
1088420.3612,34.26,12.19,4.49,12.75
1088420.3928,32.97,10.60,4.00,11.97
1088420.4253,31.83,9.17,3.51,11.23
1088420.4572,30.63,7.69,2.94,10.56
1088420.4887,29.45,6.20,2.42,9.97
1088420.5210,28.38,4.88,2.01,9.40
1088420.5530,27.36,3.64,1.74,8.85
1088420.5851,26.50,2.54,1.49,8.31
1088420.6180,25.71,1.49,1.17,7.81
1088420.6494,24.97,0.51,0.83,7.41
1088420.6816,24.37,-0.34,0.51,6.99
1088420.7131,23.83,-1.09,0.23,6.65
1088420.7454,23.42,-1.73,-0.04,6.29
1088420.7771,23.13,-2.26,-0.32,5.97
1088420.8092,22.90,-2.71,-0.58,5.68
1088420.8414,22.79,-3.07,-0.87,5.42
1088420.8726,22.72,-3.37,-1.16,5.21
1088420.9049,22.74,-3.62,-1.46,5.00
1088420.9364,22.78,-3.83,-1.74,4.83
1088420.9688,22.92,-4.00,-2.01,4.68
1088421.0014,23.09,-4.12,-2.23,4.56
1088421.0332,23.27,-4.21,-2.42,4.48
1088421.0656,23.48,-4.26,-2.59,4.42
1088421.0980,23.71,-4.27,-2.75,4.37
1088421.1298,24.05,-4.22,-2.93,4.24
1088421.1620,24.46,-4.16,-3.10,4.07
1088421.2098,25.04,-3.97,-3.13,3.80
1088421.2416,25.80,-3.60,-3.03,3.46
1088421.2731,26.76,-3.04,-2.79,2.96
1088421.3056,27.75,-2.43,-2.50,2.52
1088421.3378,28.99,-1.61,-2.12,1.95
1088421.3698,30.42,-0.57,-1.68,1.21
1088421.4022,31.79,0.50,-1.25,0.55
1088421.4334,33.35,1.78,-0.80,0.36
1088421.4645,35.03,3.25,-0.28,1.28
1088421.4964,36.63,4.73,0.25,2.16
1088421.5281,38.34,6.40,0.86,3.13
1088421.5601,39.93,8.07,1.45,4.05
1088421.5918,41.66,9.95,2.05,5.02
1088421.6239,43.31,11.84,2.60,5.91
1088421.6559,45.03,13.97,3.11,6.78
1088421.6882,46.67,16.04,3.56,7.56
1088421.7202,48.37,18.30,4.06,8.33
1088421.7518,50.00,20.52,4.55,9.03
1088421.7843,51.65,22.93,5.13,9.69
1088421.8158,53.22,25.39,5.70,10.30
1088421.8474,54.63,27.69,6.16,10.85
1088421.8794,55.81,29.74,6.56,11.35
1088421.9115,56.74,31.42,6.93,11.79
1088421.9284,57.50,32.86,7.23,12.17
1088421.9597,57.91,33.78,7.54,12.45
1088421.9913,58.04,34.18,7.84,12.71
1088422.0306,57.82,34.01,8.08,12.90
1088422.0554,57.36,33.57,8.27,13.07
1088422.0934,56.69,32.70,8.41,13.21
1088422.1259,55.72,31.44,8.51,13.28
1088422.1578,54.67,30.13,8.58,13.20
1088422.1900,53.47,28.76,8.63,13.07
1088422.2223,52.05,27.11,8.56,12.90
1088422.2533,50.40,25.22,8.43,12.68
1088422.2848,48.78,23.42,8.32,12.43
1088422.3169,47.12,21.55,8.09,12.18
1088422.3492,45.28,19.57,7.79,12.00
1088422.3648,43.49,17.75,7.57,11.79
1088422.3965,41.77,16.11,7.40,11.47
1088422.4285,39.94,14.48,7.18,11.18
1088422.4607,38.20,13.03,6.95,10.81
1088422.4914,36.35,11.65,6.72,10.46
1088422.5229,34.64,10.36,6.34,10.12
1088422.5627,32.85,9.13,5.93,9.76
1088422.5944,31.11,7.99,5.45,9.43
1088422.6260,29.54,7.00,5.04,9.09
1088422.6574,28.02,6.09,4.76,8.76
1088422.6903,26.63,5.35,4.61,8.39
1088422.7215,25.27,4.71,4.50,8.04
1088422.7509,24.04,4.16,4.42,7.70
1088422.7777,22.83,3.64,4.33,7.39
1088422.8098,21.77,3.22,4.28,7.10
1088422.8419,20.74,2.81,4.24,6.84
1088422.8735,19.83,2.49,4.29,6.60
1088422.9051,18.93,2.16,4.36,6.40
1088422.9299,18.10,1.89,4.53,6.21
1088422.9622,17.28,1.63,4.72,6.06
1088422.9939,16.55,1.41,4.95,5.94
1088423.0256,15.84,1.19,5.17,5.85
1088423.0580,15.21,1.01,5.39,5.79
1088423.0896,14.65,0.85,5.60,5.74
1088423.1304,14.17,0.71,5.80,5.73
1088423.1613,13.73,0.58,5.97,5.76
1088423.1938,13.39,0.49,6.10,5.84
1088423.2301,13.21,0.47,6.17,5.99
1088423.2557,13.10,0.47,6.17,6.18
1088423.2882,13.13,0.55,6.14,6.41
1088423.3200,13.23,0.65,6.11,6.66
1088423.3512,13.47,0.83,6.07,6.92
1088423.3831,13.75,1.03,6.02,7.18
1088423.4152,14.16,1.31,5.96,7.46
1088423.4470,14.71,1.66,5.90,7.77
1088423.4789,15.26,2.01,5.87,8.07
1088423.5109,15.92,2.43,5.90,8.38
1088423.5429,16.59,2.86,5.95,8.69
1088423.5754,17.34,3.37,6.10,9.01
1088423.6072,18.19,3.96,6.22,9.36
1088423.6390,19.02,4.53,6.31,9.70
1088423.6708,19.89,5.17,6.40,10.06
1088423.7032,20.76,5.81,6.50,10.41
1088423.7349,21.68,6.52,6.64,10.73
1088423.7672,22.57,7.23,6.79,11.00
1088423.7989,23.52,8.01,6.94,11.23
1088423.8312,24.44,8.86,7.10,11.38
1088423.8634,25.40,9.67,7.26,11.52
1088423.8948,26.36,10.52,7.44,11.65
1088423.9273,27.41,11.40,7.64,11.81
1088423.9587,28.40,12.24,7.84,11.98
1088423.9909,29.44,13.13,8.05,12.18
1088424.0228,30.50,14.05,8.24,12.44
1088424.0549,31.49,14.93,8.40,12.70
1088424.0875,32.49,15.87,8.58,13.01
1088424.1188,33.47,16.85,8.77,13.33
1088424.1508,34.35,17.79,8.93,13.64
1088424.1826,35.23,18.77,9.09,13.96
1088424.2146,35.99,19.69,9.22,14.26
1088424.2466,36.78,20.66,9.36,14.57
1088424.2780,37.46,21.55,9.51,14.86
1088424.3098,38.17,22.48,9.68,15.13
1088424.3419,38.82,23.33,9.83,15.36
1088424.3736,39.46,24.19,9.93,15.60
1088424.4054,40.14,25.06,9.98,15.84
1088424.4375,40.76,25.86,9.99,16.08
1088424.4690,41.38,26.62,9.96,16.31
1088424.5011,41.93,27.31,9.93,16.51
1088424.5336,42.40,27.92,9.90,16.68
1088424.5657,42.77,28.40,9.91,16.82
1088424.5980,43.03,28.76,9.95,16.93
1088424.6299,43.16,28.91,10.00,17.03
1088424.6618,43.14,28.85,10.01,17.11
1088424.6940,43.03,28.71,10.00,17.15
1088424.7261,42.76,28.35,9.98,17.14
1088424.7575,42.48,27.97,9.94,17.05
1088424.7897,41.98,27.33,9.82,16.96
1088424.8217,41.51,26.66,9.70,16.84
1088424.8540,40.88,25.75,9.52,16.77
1088424.8852,40.28,24.84,9.35,16.66
1088424.9174,39.49,23.68,9.16,16.61
1088424.9491,38.57,22.36,8.97,16.52
1088424.9812,37.72,21.11,8.77,16.38
1088425.0130,36.74,19.71,8.45,16.19
1088425.0450,35.64,18.24,8.10,15.93
1088425.0766,34.60,16.87,7.78,15.64
1088425.1086,33.61,15.60,7.47,15.22
1088425.1408,32.47,14.28,7.13,14.70
1088425.1727,31.23,12.90,6.74,14.24
1088425.2043,29.88,11.45,6.34,13.85
1088425.2363,28.62,10.11,5.95,13.36
1088425.2679,27.27,8.73,5.50,12.83
1088425.3000,26.01,7.46,5.05,12.20
1088425.3319,24.84,6.27,4.63,11.57
1088425.3638,23.61,5.05,4.16,10.95
1088425.3958,22.34,3.81,3.68,10.41
1088425.4280,21.13,2.70,3.24,9.80
1088425.4600,19.86,1.61,2.85,9.25
1088425.4922,18.59,0.58,2.47,8.70
1088425.5236,17.44,-0.37,2.02,8.11
1088425.5557,16.41,-1.18,1.58,7.52
1088425.5877,15.43,-1.88,1.03,6.90
1088425.6194,14.47,-2.50,0.37,6.25
1088425.6543,13.60,-3.03,-0.29,5.65
1088425.6788,12.81,-3.53,-1.01,5.10
1088425.7105,12.14,-3.97,-1.69,4.61
1088425.7426,11.57,-4.38,-2.32,4.15
1088425.7803,11.15,-4.75,-2.85,3.72
1088425.8084,10.84,-5.06,-3.31,3.34
1088425.8387,10.59,-5.31,-3.70,2.98
1088425.8700,10.49,-5.48,-3.97,2.64
1088425.9019,10.43,-5.61,-4.20,2.39
1088425.9338,10.49,-5.65,-4.38,2.05
1088425.9656,10.60,-5.65,-4.55,1.79
1088425.9977,10.84,-5.58,-4.71,1.39
1088426.0295,11.27,-5.41,-4.82,0.91
1088426.0614,11.80,-5.13,-4.86,0.42
1088426.0933,12.32,-4.83,-4.87,0.39
1088426.1251,12.95,-4.45,-4.83,0.92
1088426.1571,13.56,-4.06,-4.75,1.48
1088426.1885,14.26,-3.59,-4.58,2.08
1088426.2197,15.01,-3.04,-4.34,2.73
1088426.2521,15.68,-2.50,-4.10,3.33
1088426.2840,16.45,-1.87,-3.83,3.95
1088426.3133,17.13,-1.26,-3.59,4.53
1088426.3451,17.77,-0.65,-3.37,5.07
1088426.3771,18.45,0.03,-3.12,5.67
1088426.4102,19.22,0.81,-2.79,6.30
1088426.4417,19.99,1.67,-2.37,7.00
1088426.4649,20.67,2.51,-1.95,7.61
1088426.4969,21.19,3.33,-1.53,8.19
1088426.5290,21.81,4.24,-1.07,8.82
1088426.5609,22.43,5.22,-0.61,9.50
1088426.5927,22.91,6.18,-0.18,10.11
1088426.6248,23.51,7.22,0.24,10.74
1088426.6569,24.07,8.22,0.65,11.31
1088426.6888,24.65,9.31,1.11,11.91
1088426.7211,25.11,10.35,1.55,12.43
1088426.7529,25.69,11.43,2.02,12.96
1088426.7848,26.34,12.55,2.47,13.50
1088426.8169,26.98,13.61,2.88,13.98
1088426.8486,27.70,14.69,3.31,14.44
1088426.8803,28.37,15.69,3.69,14.86
1088426.9122,29.11,16.70,4.05,15.26
1088426.9445,29.87,17.69,4.41,15.63
1088426.9765,30.58,18.61,4.73,15.95
1088427.0173,31.32,19.49,5.03,16.25
1088427.0492,32.06,20.36,5.29,16.53
1088427.0804,32.74,21.13,5.53,16.78
1088427.1126,33.41,21.87,5.75,17.01
1088427.1443,34.06,22.55,5.89,17.25
1088427.1764,34.66,23.16,6.01,17.45
1088427.2083,35.24,23.73,6.12,17.64
1088427.2404,35.81,24.25,6.20,17.81
1088427.2724,36.33,24.69,6.26,17.96
1088427.3039,36.81,25.09,6.31,18.09
1088427.3360,37.24,25.44,6.35,18.21
1088427.3680,37.62,25.74,6.37,18.33
1088427.3997,37.96,25.99,6.42,18.43
1088427.4314,38.30,26.18,6.47,18.51
1088427.4631,38.56,26.28,6.52,18.59
1088427.4947,38.73,26.29,6.55,18.65
1088427.5268,38.87,26.24,6.58,18.70
1088427.5590,39.01,26.13,6.58,18.75
1088427.5905,39.10,25.99,6.58,18.79
1088427.6227,39.10,25.76,6.60,18.83
1088427.6554,39.05,25.50,6.63,18.84
1088427.6879,38.92,25.16,6.71,18.86
1088427.7196,38.73,24.77,6.83,18.88
1088427.7515,38.54,24.37,6.96,18.89
1088427.7838,38.28,23.90,7.10,18.87
1088427.8153,38.04,23.45,7.22,18.84
1088427.8474,37.72,22.88,7.35,18.77
1088427.8800,37.32,22.23,7.46,18.71
1088427.9115,36.90,21.60,7.54,18.58
1088427.9431,36.31,20.94,7.69,18.41
1088427.9751,35.50,20.26,8.00,18.13
1088428.0068,34.68,19.63,8.31,17.75
1088428.0388,33.67,18.96,8.66,17.37
1088428.0708,32.67,18.33,9.01,16.91
1088428.1035,31.58,17.65,9.30,16.45
1088428.1351,30.53,17.01,9.51,16.02
1088428.1669,29.35,16.35,9.68,15.54
1088428.1987,28.20,15.73,9.88,15.03
1088428.2305,26.97,15.11,10.10,14.48
1088428.2625,25.63,14.48,10.29,13.98
1088428.2951,24.29,13.93,10.53,13.40
1088428.3265,22.89,13.28,10.62,12.89
1088428.3579,21.52,12.70,10.74,12.30
1088428.3900,20.10,12.04,10.83,11.71
1088428.4224,18.67,11.27,10.82,11.21
1088428.4546,17.33,10.53,10.78,10.65
1088428.4861,15.94,9.71,10.70,10.14
1088428.5179,14.62,8.81,10.62,9.76
1088428.5518,13.41,7.97,10.58,9.33
1088428.5701,12.31,7.15,10.52,8.92
1088428.6117,11.28,6.29,10.42,8.55
1088428.6469,10.31,5.37,10.31,8.22
1088428.6885,9.42,4.44,10.17,7.91
1088428.7125,8.64,3.58,10.07,7.60
1088428.7455,7.89,2.72,10.04,7.36
1088428.7773,7.19,1.87,10.05,7.13
1088428.8093,6.57,1.10,10.06,6.85
1088428.8412,6.02,0.36,10.04,6.61
1088428.8731,5.56,-0.27,10.01,6.29
1088428.9049,5.14,-0.86,9.97,5.99
1088428.9376,4.72,-1.41,9.95,5.73
1088428.9691,4.34,-1.90,9.91,5.49
1088429.0012,4.03,-2.33,9.83,5.24
1088429.0327,3.75,-2.72,9.73,5.01
1088429.0592,3.53,-3.05,9.63,4.77
1088429.0968,3.36,-3.32,9.53,4.54
1088429.1290,3.23,-3.55,9.45,4.32
1088429.1607,3.14,-3.73,9.40,4.11
1088429.1930,3.07,-3.87,9.35,3.92
1088429.2265,3.04,-3.98,9.29,3.75
1088429.2578,3.05,-4.07,9.23,3.60
1088429.2963,3.07,-4.13,9.12,3.47
1088429.3287,3.09,-4.18,9.01,3.35
1088429.3608,3.13,-4.20,8.90,3.25
1088429.3928,3.17,-4.23,8.80,3.16
1088429.4253,3.21,-4.25,8.71,3.08
1088429.4570,3.27,-4.26,8.61,3.01
1088429.4887,3.33,-4.28,8.51,2.94
1088429.5120,3.39,-4.29,8.42,2.87
1088429.5451,3.48,-4.29,8.33,2.81
1088429.5771,3.57,-4.29,8.23,2.75
1088429.6093,3.68,-4.29,8.13,2.69
1088429.6413,3.79,-4.27,8.03,2.61
1088429.6730,3.89,-4.26,7.94,2.55
1088429.7055,4.00,-4.24,7.87,2.48
1088429.7292,4.09,-4.22,7.81,2.41
1088429.7615,4.17,-4.19,7.75,2.35
1088429.7942,4.24,-4.16,7.70,2.29
1088429.8265,4.31,-4.13,7.67,2.24
1088429.8589,4.36,-4.10,7.64,2.18
1088429.8947,4.39,-4.09,7.62,2.13
1088429.9298,4.43,-4.09,7.59,2.08
1088429.9625,4.47,-4.09,7.57,2.03
1088429.9943,4.50,-4.09,7.57,1.99
1088430.0263,4.52,-4.08,7.58,1.95
1088430.0583,4.52,-4.06,7.59,1.92
1088430.0898,4.52,-4.05,7.59,1.88
1088430.1214,4.54,-4.02,7.57,1.84
1088430.1539,4.60,-3.99,7.53,1.82
1088430.1854,4.68,-3.95,7.48,1.78
1088430.2170,4.74,-3.90,7.43,1.74
1088430.2490,4.80,-3.84,7.35,1.66
1088430.2806,4.88,-3.77,7.29,1.54
1088430.3127,4.95,-3.71,7.25,1.44
1088430.3447,5.06,-3.61,7.21,1.30
1088430.3770,5.19,-3.50,7.13,1.14
1088430.4092,5.32,-3.39,7.04,1.07
1088430.4415,5.43,-3.29,6.91,1.00
1088430.4731,5.54,-3.19,6.78,0.97
1088430.5053,5.66,-3.11,6.60,0.94
1088430.5374,5.76,-3.07,6.40,0.95
1088430.5693,5.88,-3.03,6.21,0.97
1088430.6013,6.00,-3.02,6.00,1.01
1088430.6333,6.11,-3.01,5.82,1.07
1088430.6648,6.20,-3.02,5.67,1.14
1088430.6967,6.26,-3.02,5.55,1.22
1088430.7290,6.31,-3.03,5.44,1.30
1088430.7610,6.35,-3.06,5.34,1.38
1088430.7934,6.38,-3.08,5.25,1.46
1088430.8247,6.41,-3.10,5.21,1.54
1088430.8562,6.41,-3.11,5.21,1.62
1088430.8881,6.40,-3.09,5.25,1.69
1088430.9208,6.40,-3.06,5.29,1.74
1088430.9524,6.38,-3.04,5.33,1.79
1088430.9846,6.33,-3.01,5.41,1.83
1088431.0163,6.25,-2.97,5.50,1.86
1088431.0478,6.16,-2.91,5.62,1.87
1088431.0798,6.06,-2.83,5.74,1.87
1088431.1119,5.98,-2.74,5.84,1.87
1088431.1446,5.91,-2.64,5.93,1.86
1088431.1760,5.88,-2.52,6.02,1.88
1088431.2081,5.87,-2.41,6.13,1.91
1088431.2403,5.88,-2.29,6.27,1.97
1088431.2722,5.89,-2.17,6.44,2.04
1088431.3047,5.94,-2.05,6.55,2.12
1088431.3360,6.02,-1.91,6.67,2.21
1088431.3684,6.10,-1.79,6.77,2.29
1088431.4000,6.19,-1.67,6.86,2.37
1088431.4321,6.28,-1.56,6.94,2.44
1088431.4634,6.37,-1.46,7.01,2.50
1088431.4953,6.47,-1.39,7.05,2.58
1088431.5282,6.56,-1.34,7.07,2.64
1088431.5605,6.65,-1.32,7.05,2.72
1088431.5923,6.72,-1.32,7.01,2.78
1088431.6243,6.77,-1.33,6.97,2.84
1088431.6562,6.81,-1.34,6.92,2.87
1088431.6880,6.81,-1.36,6.87,2.90
1088431.7202,6.80,-1.38,6.83,2.91
1088431.7523,6.77,-1.40,6.80,2.92
1088431.7837,6.72,-1.42,6.79,2.92
1088431.8156,6.62,-1.44,6.80,2.93
1088431.8470,6.52,-1.46,6.81,2.94
1088431.8787,6.41,-1.48,6.82,2.95
1088431.9107,6.32,-1.50,6.83,2.95
1088431.9427,6.26,-1.51,6.83,2.96
1088431.9587,6.25,-1.51,6.80,2.96
1088431.9912,6.33,-1.50,6.75,2.96
1088432.0234,6.43,-1.49,6.68,2.96
1088432.0557,6.56,-1.47,6.60,2.98
1088432.0876,6.71,-1.45,6.54,3.01
1088432.1204,6.88,-1.42,6.49,3.05
1088432.1519,7.02,-1.39,6.45,3.09
1088432.1846,7.16,-1.37,6.41,3.13
1088432.2164,7.29,-1.35,6.34,3.18
1088432.2486,7.41,-1.34,6.28,3.22
1088432.2805,7.51,-1.32,6.21,3.26
1088432.3130,7.59,-1.31,6.15,3.30
1088432.3451,7.65,-1.29,6.10,3.34
1088432.3765,7.66,-1.28,6.07,3.37
1088432.4081,7.64,-1.27,6.04,3.39
1088432.4403,7.61,-1.26,6.01,3.41
1088432.4726,7.56,-1.24,5.98,3.43
1088432.5047,7.45,-1.22,5.95,3.44
1088432.5369,7.33,-1.20,5.94,3.45
1088432.5689,7.19,-1.19,5.94,3.46
1088432.6012,7.05,-1.16,5.94,3.46
1088432.6331,6.92,-1.13,5.93,3.47
1088432.6661,6.82,-1.10,5.90,3.50
1088432.6971,6.77,-1.08,5.81,3.55
1088432.7287,6.76,-1.03,5.73,3.61
1088432.7608,6.78,-1.02,5.61,3.68
1088432.7918,6.85,-0.97,5.50,3.75
1088432.8241,6.94,-0.96,5.35,3.81
1088432.8561,7.05,-0.98,5.18,3.84
1088432.8876,7.20,-0.99,5.04,3.88
1088432.9197,7.35,-1.03,4.87,3.94
1088432.9518,7.54,-1.13,4.53,4.01
1088432.9839,7.72,-1.25,4.19,4.09
1088433.0155,7.89,-1.39,3.80,4.18
1088433.0473,8.04,-1.53,3.44,4.26
1088433.0792,8.18,-1.69,3.07,4.35
1088433.1127,8.30,-1.83,2.69,4.43
1088433.1434,8.39,-1.97,2.28,4.52
1088433.1754,8.43,-2.11,1.80,4.59
1088433.2072,8.47,-2.21,1.31,4.68
1088433.2391,8.51,-2.26,0.68,4.77
1088433.2708,8.56,-2.22,-0.03,4.88
1088433.2872,8.59,-2.21,-0.68,4.98
1088433.3190,8.62,-2.15,-1.34,5.12
1088433.3506,8.66,-2.09,-1.94,5.26
1088433.3824,8.70,-1.98,-2.31,5.41
1088433.4148,8.73,-1.85,-2.42,5.53
1088433.4468,8.76,-1.73,-2.43,5.62
1088433.4791,8.77,-1.61,-2.34,5.67
1088433.5110,8.75,-1.52,-2.29,5.70
1088433.5451,8.73,-1.44,-2.27,5.72
1088433.5754,8.68,-1.42,-2.29,5.75
1088433.6074,8.60,-1.42,-2.26,5.76
1088433.6398,8.51,-1.45,-2.22,5.75
1088433.6714,8.36,-1.53,-2.15,5.71
1088433.7033,8.21,-1.63,-2.10,5.68
1088433.7353,8.02,-1.76,-2.06,5.63
1088433.7681,7.83,-1.89,-2.04,5.59
1088433.8002,7.61,-2.05,-2.02,5.54
1088433.8322,7.37,-2.21,-2.02,5.49
1088433.8644,7.15,-2.37,-2.02,5.44
1088433.8963,6.91,-2.51,-2.02,5.41
1088433.9283,6.71,-2.64,-2.00,5.38
1088433.9601,6.53,-2.75,-1.95,5.36
1088433.9918,6.40,-2.83,-1.86,5.34
1088434.0242,6.30,-2.90,-1.79,5.33
1088434.0562,6.22,-2.95,-1.75,5.33
1088434.0876,6.18,-2.98,-1.75,5.35
1088434.1190,6.16,-3.00,-1.79,5.36
1088434.1507,6.15,-2.99,-1.86,5.38
1088434.1829,6.15,-2.98,-1.93,5.41
1088434.2150,6.13,-2.96,-2.01,5.45
1088434.2468,6.11,-2.95,-2.10,5.49
1088434.2791,6.07,-2.93,-2.22,5.52
1088434.3108,6.01,-2.92,-2.30,5.55
1088434.3425,5.94,-2.91,-2.36,5.55
1088434.3740,5.84,-2.91,-2.42,5.55
1088434.4060,5.72,-2.90,-2.47,5.54
1088434.4377,5.56,-2.91,-2.50,5.53
1088434.4695,5.38,-2.91,-2.50,5.51
1088434.5018,5.17,-2.92,-2.48,5.49
1088434.5343,4.92,-2.92,-2.41,5.45
1088434.5660,4.69,-2.92,-2.33,5.41
1088434.5972,4.46,-2.92,-2.25,5.37
1088434.6294,4.23,-2.92,-2.18,5.33
1088434.6618,3.99,-2.93,-2.15,5.29
1088434.6937,3.73,-2.92,-2.16,5.25
1088434.7260,3.50,-2.91,-2.16,5.22
1088434.7580,3.29,-2.90,-2.14,5.19
1088434.7898,3.13,-2.88,-2.09,5.17
1088434.8213,3.02,-2.87,-2.04,5.15
1088434.8545,2.94,-2.86,-1.99,5.14
1088434.8873,2.90,-2.85,-1.94,5.14
1088434.9188,2.92,-2.83,-1.91,5.13
1088434.9504,2.97,-2.82,-1.88,5.16
1088434.9825,3.01,-2.80,-1.86,5.18
1088435.0146,3.08,-2.78,-1.85,5.22
1088435.0463,3.15,-2.77,-1.83,5.26
1088435.0782,3.20,-2.75,-1.79,5.26
1088435.1097,3.24,-2.74,-1.68,5.28
1088435.1420,3.27,-2.74,-1.57,5.29
1088435.1737,3.29,-2.75,-1.42,5.34
1088435.2050,3.34,-2.77,-1.25,5.39
1088435.2370,3.37,-2.77,-1.07,5.41
1088435.2689,3.40,-2.64,-0.83,5.42
1088435.3009,3.43,-2.53,-0.58,5.42
1088435.3326,3.46,-2.39,-0.31,5.41
1088435.3648,3.48,-2.25,-0.05,5.41
1088435.3806,3.49,-2.09,0.18,5.39
1088435.4125,3.53,-1.90,0.48,5.34
1088435.4439,3.58,-1.69,0.82,5.26
1088435.4757,3.67,-1.46,1.35,5.14
1088435.5077,3.61,-1.29,1.68,4.98
1088435.5393,3.55,-1.14,1.98,4.84
1088435.5716,3.54,-0.92,2.41,4.68
1088435.6026,3.48,-0.71,2.76,4.49
1088435.6343,3.45,-0.49,3.27,4.31
1088435.6668,3.41,-0.29,3.78,4.13
1088435.6987,3.41,-0.09,4.39,3.98
1088435.7302,3.43,0.06,4.93,3.87
1088435.7625,3.47,0.21,5.51,3.77
1088435.7955,3.54,0.34,6.02,3.71
1088435.8271,3.67,0.44,6.39,3.67
1088435.8590,3.78,0.54,6.69,3.61
1088435.8918,3.92,0.63,6.93,3.58
1088435.9233,4.05,0.71,7.14,3.53
1088435.9550,4.21,0.79,7.30,3.49
1088435.9866,4.37,0.87,7.43,3.46
1088436.0185,4.55,0.95,7.46,3.46
1088436.0504,4.76,1.01,7.41,3.50
1088436.0828,5.00,1.06,7.33,3.57
1088436.1153,5.23,1.08,7.22,3.64
1088436.1464,5.47,1.09,7.03,3.72
1088436.1779,5.70,1.08,6.75,3.80
1088436.2100,5.93,1.05,6.31,3.88
1088436.2424,6.16,1.01,5.82,3.97
1088436.2744,6.37,0.96,5.27,4.06
1088436.3063,6.56,0.90,4.73,4.14
1088436.3385,6.71,0.82,4.22,4.22
1088436.3703,6.80,0.73,3.77,4.30
1088436.4027,6.81,0.61,3.36,4.36
1088436.4343,6.72,0.48,2.98,4.43
1088436.4669,6.62,0.36,2.71,4.49
1088436.4986,6.47,0.21,2.51,4.54
1088436.5300,6.24,0.04,2.33,4.58
1088436.5616,6.03,-0.08,2.24,4.64
1088436.5933,5.85,-0.19,2.18,4.69
1088436.6250,5.70,-0.30,2.10,4.74
1088436.6568,5.56,-0.42,2.02,4.79
1088436.6884,5.44,-0.58,1.86,4.84
1088436.7211,5.33,-0.74,1.68,4.88
1088436.7526,5.23,-0.89,1.49,4.88
1088436.7808,5.12,-0.99,1.34,4.88
1088436.8077,5.01,-1.09,1.20,4.87
1088436.8347,4.91,-1.19,1.06,4.86
1088436.8797,4.81,-1.35,0.82,4.89
1088436.8967,4.71,-1.50,0.60,4.90
1088436.9306,4.60,-1.62,0.48,4.90
1088436.9590,4.50,-1.76,0.26,4.90
1088436.9908,4.39,-1.86,0.14,4.88
1088437.0223,4.23,-1.96,0.06,4.85
1088437.0542,4.09,-2.09,-0.18,4.84
1088437.0858,3.92,-2.16,-0.22,4.79
1088437.1169,3.75,-2.23,-0.31,4.77
1088437.1491,3.57,-2.27,-0.33,4.75
1088437.1803,3.41,-2.32,-0.43,4.77
1088437.2125,3.25,-2.34,-0.46,4.78
1088437.2441,3.10,-2.34,-0.46,4.81
1088437.2757,2.95,-2.34,-0.43,4.84
1088437.3076,2.73,-2.36,-0.44,4.87
1088437.3396,2.53,-2.38,-0.44,4.91
1088437.3716,2.32,-2.41,-0.42,4.95
1088437.4030,2.12,-2.43,-0.30,4.98
1088437.4348,1.94,-2.45,-0.19,5.01
1088437.4662,1.78,-2.49,-0.10,5.01
1088437.4985,1.62,-2.56,-0.12,5.02
1088437.5300,1.47,-2.61,-0.06,5.02
1088437.5619,1.30,-2.68,-0.12,5.03
1088437.5955,1.11,-2.75,-0.19,5.04
1088437.6268,0.92,-2.79,-0.18,5.06
1088437.6669,0.71,-2.82,-0.15,5.08
1088437.6861,0.51,-2.85,-0.11,5.12
1088437.7132,0.29,-2.89,-0.14,5.16
1088437.7439,0.08,-2.91,-0.12,5.24
1088437.7766,-0.13,-2.94,-0.14,5.34
1088437.8086,-0.34,-2.95,-0.09,5.42
1088437.8406,-0.54,-2.96,-0.06,5.52
1088437.8727,-0.73,-2.95,-0.00,5.60
1088437.9045,-0.90,-2.93,0.06,5.68
1088437.9365,-1.06,-2.91,0.12,5.76
1088437.9685,-1.18,-2.89,0.16,5.84
1088438.0009,-1.25,-2.86,0.18,5.93
1088438.0324,-1.31,-2.83,0.23,6.00
1088438.0651,-1.34,-2.81,0.24,6.07
1088438.0932,-1.35,-2.79,0.24,6.13
1088438.1265,-1.31,-2.77,0.22,6.19
1088438.1582,-1.24,-2.75,0.21,6.23
1088438.1902,-1.16,-2.72,0.18,6.24
1088438.2222,-1.05,-2.70,0.15,6.23
1088438.2541,-0.90,-2.67,0.13,6.22
1088438.2858,-0.76,-2.65,0.09,6.21
1088438.3129,-0.58,-2.63,0.07,6.18
1088438.3444,-0.41,-2.64,-0.01,6.16
1088438.3766,-0.22,-2.64,-0.06,6.15
1088438.4086,-0.06,-2.66,-0.17,6.12
1088438.4407,0.09,-2.69,-0.29,6.09
1088438.4727,0.26,-2.72,-0.37,6.05
1088438.4968,0.43,-2.75,-0.45,6.01
1088438.5292,0.55,-2.80,-0.55,5.97
1088438.5611,0.66,-2.86,-0.63,5.93
1088438.5934,0.74,-2.91,-0.67,5.88
1088438.6263,0.79,-2.97,-0.74,5.83
1088438.6587,0.80,-3.02,-0.76,5.77
1088438.6902,0.80,-3.07,-0.80,5.74
1088438.7221,0.78,-3.09,-0.79,5.72
1088438.7538,0.74,-3.10,-0.77,5.71
1088438.7863,0.69,-3.10,-0.76,5.71
1088438.8181,0.66,-3.09,-0.74,5.71
1088438.8498,0.68,-3.07,-0.70,5.71
1088438.8813,0.71,-3.06,-0.70,5.72
1088438.9128,0.76,-3.04,-0.70,5.72
1088438.9444,0.85,-3.04,-0.78,5.72
1088438.9764,1.04,-3.05,-0.89,5.73
1088439.0173,1.29,-3.10,-1.05,5.75
1088439.0500,1.63,-3.18,-1.23,5.78
1088439.0818,1.98,-3.29,-1.43,5.81
1088439.1141,2.35,-3.40,-1.61,5.82
1088439.1464,2.69,-3.52,-1.75,5.78
1088439.1623,2.99,-3.62,-1.85,5.75
1088439.1938,3.27,-3.67,-1.91,5.67
1088439.2258,3.54,-3.71,-1.95,5.59
1088439.2581,3.79,-3.74,-1.99,5.55
1088439.2903,4.05,-3.77,-2.09,5.57
1088439.3219,4.30,-3.86,-2.24,5.65
1088439.3545,4.55,-3.89,-2.36,5.74
1088439.3867,4.80,-3.92,-2.48,5.86
1088439.4191,5.05,-3.95,-2.61,5.98
1088439.4511,5.31,-3.98,-2.78,6.12
1088439.4831,5.59,-4.05,-2.95,6.27
1088439.5151,5.86,-4.09,-3.10,6.39
1088439.5470,6.13,-4.13,-3.22,6.50
1088439.5792,6.42,-4.15,-3.34,6.60
1088439.6109,6.68,-4.16,-3.46,6.69
1088439.6427,6.92,-4.15,-3.54,6.77
1088439.6746,7.13,-4.10,-3.59,6.85
1088439.7066,7.29,-4.05,-3.62,6.94
1088439.7385,7.44,-3.96,-3.59,7.03
1088439.7703,7.46,-3.87,-3.50,7.11
1088439.8023,7.45,-3.78,-3.38,7.24
1088439.8347,7.36,-3.72,-3.25,7.37
1088439.8666,7.22,-3.68,-3.10,7.49
1088439.8984,7.05,-3.64,-2.93,7.59
1088439.9298,6.79,-3.60,-2.71,7.64
1088439.9608,6.50,-3.52,-2.52,7.65
1088439.9922,6.17,-3.44,-2.36,7.65
1088440.0243,5.89,-3.35,-2.23,7.66
1088440.0559,5.61,-3.27,-2.10,7.68
1088440.0882,5.39,-3.19,-2.01,7.73
1088440.1200,5.21,-3.12,-1.95,7.80
1088440.1522,5.08,-3.05,-1.91,7.87
1088440.1846,4.98,-3.00,-1.89,7.93
1088440.2162,4.89,-2.94,-1.85,7.96
1088440.2477,4.82,-2.90,-1.85,7.99
1088440.2797,4.78,-2.86,-1.85,8.02
1088440.3115,4.76,-2.84,-1.83,8.05
1088440.3437,4.75,-2.85,-1.80,8.10
1088440.3761,4.74,-2.85,-1.73,8.14
1088440.4081,4.74,-2.85,-1.63,8.15
1088440.4398,4.70,-2.86,-1.38,8.14
1088440.4717,4.63,-2.84,-1.08,8.04
1088440.5044,4.51,-2.74,-0.62,7.86
1088440.5361,4.42,-2.54,0.03,7.66
1088440.5683,4.22,-2.37,0.58,7.42
1088440.6001,3.99,-2.13,1.18,7.15
1088440.6321,3.81,-1.79,2.02,6.86
1088440.6642,3.47,-1.48,2.76,6.51
1088440.6960,3.17,-1.09,3.78,6.16
1088440.7281,2.79,-0.75,4.67,5.79
1088440.7599,2.46,-0.37,5.55,5.42
1088440.7923,2.17,-0.03,6.32,5.07
1088440.8237,1.96,0.30,6.99,4.77
1088440.8561,1.85,0.63,7.70,4.52
1088440.8882,1.86,0.88,8.12,4.39
1088440.9199,2.08,1.12,8.43,4.42
1088440.9517,2.38,1.36,8.66,4.52
1088440.9836,2.90,1.67,8.75,4.75
1088441.0156,3.50,2.00,8.86,5.00
1088441.0471,4.30,2.44,8.90,5.32
1088441.0791,5.35,2.99,8.92,5.74
1088441.1113,6.47,3.53,8.89,6.15
1088441.1430,7.78,4.18,8.86,6.66
1088441.1748,9.27,4.90,8.79,7.24
1088441.2071,10.74,5.59,8.74,7.77
1088441.2393,12.35,6.32,8.68,8.35
1088441.2712,13.93,6.97,8.57,8.88
1088441.3038,15.58,7.71,8.56,9.41
1088441.3361,17.24,8.36,8.47,9.91
1088441.3678,19.03,9.07,8.37,10.40
1088441.3998,20.81,9.91,8.39,10.84
1088441.4324,22.59,10.68,8.36,11.18
1088441.4646,24.34,11.58,8.47,11.41
1088441.4965,26.14,12.44,8.52,11.55
1088441.5286,27.90,13.43,8.63,11.55
1088441.5606,29.77,14.51,8.71,11.46
1088441.5928,31.72,15.53,8.68,11.38
1088441.6246,33.60,16.65,8.63,11.30
1088441.6569,35.63,17.86,8.53,11.22
1088441.6889,37.56,19.05,8.41,11.27
1088441.7209,39.63,20.39,8.18,11.31
1088441.7533,41.75,21.69,7.86,11.46
1088441.7842,43.78,23.00,7.51,11.73
1088441.8166,46.03,24.69,7.00,11.95
1088441.8488,48.25,26.39,6.52,12.20
1088441.8810,50.45,28.37,6.18,12.43
1088441.9128,52.51,30.38,5.90,12.69
1088441.9440,54.61,32.58,5.65,12.84
1088441.9757,56.68,34.82,5.46,13.02
1088442.0134,58.66,37.25,5.33,13.14
1088442.0450,60.61,39.77,5.27,13.24
1088442.0774,62.48,42.25,5.19,13.33
1088442.1093,64.12,44.50,5.13,13.43
1088442.1347,65.59,46.56,5.09,13.54
1088442.1631,66.76,48.18,5.06,13.69
1088442.1959,67.63,49.32,5.04,13.89
1088442.2363,68.18,49.84,4.98,14.15
1088442.2682,68.52,50.02,4.87,14.44
1088442.3012,68.52,49.48,4.74,14.81
1088442.3334,68.31,48.55,4.57,15.10
1088442.3494,67.97,47.34,4.43,15.39
1088442.3813,67.38,45.59,4.29,15.78
1088442.4135,66.44,43.26,4.06,16.18
1088442.4458,65.46,40.85,3.85,16.55
1088442.4777,64.26,38.04,3.51,16.89
1088442.5094,62.98,35.16,3.09,17.04
1088442.5422,61.65,32.02,2.54,17.32
1088442.5741,60.35,29.05,1.91,17.43
1088442.6060,59.05,26.24,1.29,17.46
1088442.6460,57.44,23.01,0.58,17.47
1088442.6775,55.74,20.13,-0.15,17.41
1088442.7094,53.96,17.41,-0.75,17.34
1088442.7406,52.12,14.87,-1.32,17.18
1088442.7800,50.13,12.52,-1.91,16.95
1088442.8118,48.22,10.54,-2.37,16.55
1088442.8441,46.21,8.77,-2.79,16.15
1088442.8760,44.03,7.17,-3.20,15.68
1088442.9076,41.94,5.82,-3.56,15.10
1088442.9398,39.70,4.60,-3.92,14.54
1088442.9634,37.56,3.56,-4.24,13.97
1088442.9953,35.26,2.62,-4.41,13.31
1088443.0264,33.08,1.80,-4.52,12.66
1088443.0530,30.82,0.97,-4.60,12.02
1088443.0903,28.71,0.24,-4.67,11.32
1088443.1224,26.56,-0.48,-4.66,10.68
1088443.1469,24.56,-1.13,-4.59,10.00
1088443.1782,22.63,-1.77,-4.34,9.36
1088443.2098,20.91,-2.35,-4.03,8.63
1088443.2408,19.22,-2.89,-3.65,7.93
1088443.2730,17.67,-3.35,-3.28,7.25
1088443.3131,16.03,-3.74,-2.93,6.61
1088443.3444,14.63,-4.06,-2.59,6.02
1088443.3763,13.47,-4.28,-2.27,5.45
1088443.4076,12.55,-4.46,-2.02,4.97
1088443.4392,11.85,-4.60,-1.85,4.53
1088443.4709,11.47,-4.72,-1.89,4.16
1088443.5031,11.33,-4.79,-2.05,3.81
1088443.5349,11.38,-4.82,-2.24,3.51
1088443.5660,11.62,-4.80,-2.47,3.24
1088443.5988,11.97,-4.74,-2.84,3.02
1088443.6305,12.33,-4.68,-3.23,2.90
1088443.6623,12.86,-4.55,-3.45,2.82
1088443.6935,13.48,-4.38,-3.55,2.80
1088443.7261,14.28,-4.10,-3.65,2.79
1088443.7588,15.27,-3.75,-3.76,2.87
1088443.7898,16.43,-3.37,-3.85,3.00
1088443.8216,17.73,-2.87,-3.85,3.17
1088443.8533,19.24,-2.25,-3.85,3.37
1088443.8855,20.74,-1.62,-3.77,3.56
1088443.9174,22.46,-0.87,-3.50,3.78
1088443.9488,24.31,-0.10,-3.20,3.98
1088443.9811,26.21,0.79,-2.68,4.19
1088444.0129,28.27,1.83,-2.06,4.40
1088444.0448,30.21,2.88,-1.48,4.67
1088444.0765,32.14,3.96,-0.98,4.97
1088444.1083,34.07,5.16,-0.62,5.39
1088444.1401,36.06,6.51,-0.47,5.78
1088444.1723,38.05,8.04,-0.37,6.19
1088444.2040,39.90,9.56,-0.27,6.59
1088444.2363,41.73,11.25,-0.14,6.99
1088444.2683,43.42,12.91,0.00,7.38
1088444.3002,45.06,14.68,0.22,7.77
1088444.3321,46.59,16.41,0.42,8.15
1088444.3636,48.16,18.25,0.63,8.54
1088444.3955,49.75,20.23,0.88,8.94
1088444.4272,51.26,22.17,1.11,9.33
1088444.4592,52.85,24.29,1.35,9.71
1088444.4911,54.44,26.59,1.62,10.06
1088444.5229,56.04,28.84,1.91,10.40
1088444.5638,57.70,31.25,2.26,10.71
1088444.5951,59.38,33.79,2.66,10.98
1088444.6278,60.93,36.23,3.07,11.23
1088444.6600,62.47,38.74,3.50,11.48
1088444.6836,63.87,41.12,3.93,11.73
1088444.7223,65.22,43.50,4.37,11.97
1088444.7582,66.49,45.79,4.79,12.21
1088444.7901,67.67,47.91,5.18,12.48
1088444.8220,68.71,49.80,5.49,12.76
1088444.8535,69.63,51.46,5.76,13.03
1088444.8856,70.38,52.77,5.97,13.32
1088444.9168,70.94,53.70,6.12,13.61
1088444.9492,71.35,54.34,6.22,13.84
1088444.9810,71.63,54.75,6.28,14.06
1088445.0132,71.58,54.42,6.22,14.45
1088445.0445,71.42,53.87,6.12,14.74
1088445.0796,71.00,52.77,5.96,15.03
1088445.1113,70.42,51.25,5.77,15.31
1088445.1434,69.79,49.65,5.54,15.56
1088445.1752,68.90,47.56,5.28,15.89
1088445.2068,68.00,45.43,5.03,16.08
1088445.2388,66.92,42.93,4.67,16.27
1088445.2624,65.83,40.48,4.36,16.40
1088445.2944,64.59,37.78,4.03,16.52
1088445.3269,63.28,35.15,3.64,16.59
1088445.3591,61.87,32.41,3.17,16.62
1088445.3905,60.39,29.64,2.60,16.59
1088445.4220,58.94,27.28,2.12,16.41
1088445.4461,57.25,24.80,1.61,16.30
1088445.4782,55.67,22.43,1.07,16.16
1088445.5111,54.08,20.45,0.64,15.89
1088445.5431,52.38,18.60,0.19,15.52
1088445.5746,50.46,16.68,-0.20,15.14
1088445.6066,48.58,15.00,-0.47,14.74
1088445.6387,46.49,13.29,-0.76,14.39
1088445.6621,44.47,11.82,-0.97,13.99
1088445.6942,42.41,10.50,-1.12,13.49
1088445.7259,40.16,9.10,-1.38,13.15
1088445.7578,37.96,7.78,-1.65,12.78
1088445.7899,35.73,6.51,-1.93,12.46
1088445.8187,33.65,5.40,-2.17,12.06
1088445.8614,31.51,4.32,-2.28,11.63
1088445.8928,29.34,3.28,-2.27,11.17
1088445.9178,27.32,2.35,-2.25,10.71
1088445.9584,25.38,1.47,-2.20,10.27
1088445.9897,23.43,0.56,-2.18,9.85
1088446.0219,21.66,-0.27,-2.12,9.41
1088446.0541,19.95,-1.08,-1.98,8.90
1088446.0865,18.37,-1.81,-1.76,8.41
1088446.1186,17.00,-2.42,-1.48,7.88
1088446.1508,15.82,-2.88,-1.19,7.30
1088446.1829,14.84,-3.25,-0.97,6.81
1088446.2141,14.08,-3.53,-0.92,6.43
1088446.2459,13.55,-3.72,-1.01,6.08
1088446.2780,13.19,-3.83,-1.04,5.82
1088446.3105,13.08,-3.79,-0.95,5.53
1088446.3420,13.08,-3.71,-0.83,5.34
1088446.3741,13.30,-3.52,-0.71,5.17
1088446.4058,13.62,-3.31,-0.66,5.10
1088446.4385,14.17,-3.05,-0.74,5.11
1088446.4702,14.80,-2.77,-0.87,5.18
1088446.5016,15.63,-2.42,-1.02,5.30
1088446.5340,16.64,-1.98,-1.10,5.40
1088446.5655,17.67,-1.51,-1.13,5.56
1088446.5977,18.90,-0.93,-1.09,5.74
1088446.6296,20.35,-0.24,-0.99,5.91
1088446.6615,21.79,0.46,-0.84,6.15
1088446.6932,23.44,1.30,-0.62,6.39
1088446.7247,25.16,2.25,-0.41,6.65
1088446.7569,26.94,3.21,-0.22,6.92
1088446.7884,28.74,4.28,-0.04,7.22
1088446.8200,30.62,5.37,0.12,7.53
1088446.8519,32.68,6.60,0.28,7.78
1088446.8838,34.65,7.83,0.45,8.04
1088446.9157,36.75,9.16,0.65,8.31
1088446.9472,38.77,10.50,0.78,8.63
1088446.9791,40.92,12.01,0.78,8.94
1088447.0110,43.09,13.66,0.76,9.28
1088447.0431,45.19,15.29,0.74,9.65
1088447.0747,47.60,17.14,0.84,10.03
1088447.1067,49.86,19.04,0.98,10.46
1088447.1396,52.16,21.19,1.22,10.92
1088447.1713,54.38,23.39,1.50,11.39
1088447.2035,56.53,25.77,1.80,11.92
1088447.2343,58.86,28.45,2.03,12.45
1088447.2598,61.01,31.17,2.23,12.94
1088447.2961,63.15,34.12,2.36,13.40
1088447.3280,65.31,37.36,2.51,13.81
1088447.3534,67.29,40.61,2.67,14.18
1088447.3805,69.12,43.81,2.85,14.51
1088447.4136,70.89,47.16,3.09,14.74
1088447.4448,72.48,50.39,3.35,14.94
1088447.4767,73.96,53.65,3.69,15.06
1088447.5087,75.28,56.74,4.08,15.11
1088447.5407,76.43,59.54,4.49,15.17
1088447.5723,77.43,62.01,4.91,15.21
1088447.6045,78.29,64.13,5.28,15.25
1088447.6368,79.03,65.94,5.58,15.29
1088447.6686,79.67,67.46,5.80,15.34
1088447.7012,80.20,68.71,5.96,15.39
1088447.7330,80.62,69.67,6.09,15.46
1088447.7627,80.98,70.49,6.16,15.52
1088447.7944,81.24,71.04,6.18,15.61
1088447.8265,81.42,71.41,6.16,15.68
1088447.8584,81.48,71.52,6.12,15.77
1088447.8907,81.36,71.23,6.03,15.87
1088447.9231,81.17,70.77,5.93,15.97
1088447.9547,80.74,69.76,5.71,16.09
1088447.9789,80.22,68.53,5.49,16.22
1088448.0107,79.49,66.76,5.19,16.42
1088448.0428,78.69,64.85,4.85,16.60
1088448.0745,77.54,62.22,4.61,16.75
1088448.1064,76.30,59.31,4.53,16.99
1088448.1461,74.80,55.95,4.50,17.20
1088448.1778,73.16,52.51,4.53,17.37
1088448.2092,71.35,48.82,4.45,17.53
1088448.2461,69.43,45.17,4.28,17.60
1088448.2781,67.38,41.45,4.15,17.59
1088448.3107,65.13,37.58,3.90,17.64
1088448.3379,62.93,34.13,3.66,17.54
1088448.3759,60.55,30.71,3.50,17.43
1088448.4033,58.45,27.85,3.33,17.29
1088448.4432,55.82,24.70,3.21,17.15
1088448.4752,53.42,22.07,3.13,16.97
1088448.5072,51.04,19.69,2.97,16.77
1088448.5390,48.95,17.73,2.87,16.53
1088448.5710,46.92,15.94,2.77,16.25
1088448.6030,45.05,14.39,2.64,15.96
1088448.6349,43.33,13.06,2.71,15.66
1088448.6670,41.86,11.96,2.86,15.34
1088448.6987,40.60,11.04,3.00,15.05
1088448.7307,39.54,10.31,3.10,14.74
1088448.7624,38.69,9.71,3.13,14.49
1088448.7940,38.17,9.32,3.04,14.26
1088448.8260,37.84,9.10,2.96,14.01
1088448.8514,37.69,8.92,2.83,13.78
1088448.8956,37.70,8.82,2.67,13.60
1088448.9280,37.83,8.77,2.49,13.46
1088448.9597,37.97,8.69,2.23,13.35
1088448.9923,38.13,8.57,1.89,13.30
1088449.0242,38.26,8.42,1.57,13.21
1088449.0562,38.34,8.19,1.34,13.17
1088449.0962,38.36,7.90,1.28,13.07
1088449.1287,38.26,7.55,1.27,12.94
1088449.1613,38.21,7.18,1.26,12.80
1088449.1934,38.21,6.74,1.16,12.69
1088449.2255,38.19,6.16,0.90,12.64
1088449.2577,38.18,5.64,0.64,12.52
1088449.2900,38.28,5.19,0.42,12.33
1088449.3292,38.41,4.83,0.20,12.12
1088449.3616,38.59,4.55,-0.05,11.94
1088449.3940,38.91,4.41,-0.35,11.82
1088449.4262,39.27,4.39,-0.60,11.77
1088449.4499,39.63,4.45,-0.73,11.76
1088449.4790,40.01,4.60,-0.76,11.85
1088449.5112,40.44,5.02,-0.60,11.95
1088449.5439,40.89,5.61,-0.36,12.11
1088449.5785,41.42,6.41,-0.11,12.29
1088449.6104,42.02,7.34,0.17,12.39
1088449.6421,42.64,8.36,0.56,12.48
1088449.6739,43.30,9.39,1.03,12.57
1088449.7058,44.04,10.50,1.59,12.63
1088449.7382,44.77,11.60,2.09,12.70
1088449.7706,45.59,12.81,2.48,12.76
1088449.8023,46.37,13.98,2.80,12.89
1088449.8185,47.12,15.11,3.09,12.98
1088449.8501,47.87,16.20,3.37,13.13
1088449.8820,48.60,17.35,3.65,13.23
1088449.9139,49.33,18.56,3.98,13.33
1088449.9458,50.08,19.84,4.37,13.44
1088449.9776,50.77,21.06,4.74,13.59
1088450.0096,51.41,22.24,5.07,13.75
1088450.0421,52.03,23.49,5.36,13.90
1088450.0735,52.69,24.78,5.62,14.03
1088450.1055,53.40,26.12,5.88,14.13
1088450.1372,54.08,27.39,6.09,14.29
1088450.1696,54.81,28.75,6.28,14.47
1088450.2092,55.53,30.07,6.45,14.68
1088450.2409,56.30,31.48,6.58,14.86
1088450.2729,57.11,32.95,6.69,15.03
1088450.3126,57.94,34.46,6.76,15.19
1088450.3346,58.69,35.86,6.81,15.35
1088450.3754,59.46,37.27,6.87,15.49
1088450.4082,60.17,38.60,6.97,15.63
1088450.4401,60.83,39.84,7.06,15.75
1088450.4719,61.41,40.95,7.16,15.87
1088450.5045,61.90,41.86,7.23,16.00
1088450.5364,62.32,42.63,7.29,16.14
1088450.5677,62.66,43.22,7.35,16.28
1088450.5999,62.93,43.69,7.39,16.42
1088450.6320,63.11,44.00,7.43,16.57
1088450.6640,63.23,44.16,7.46,16.72
1088450.6959,63.34,44.28,7.48,16.86
1088450.7277,63.41,44.34,7.51,17.01
1088450.7592,63.47,44.36,7.53,17.15
1088450.7913,63.49,44.34,7.54,17.27
1088450.8244,63.49,44.28,7.53,17.39
1088450.8504,63.49,44.22,7.50,17.49
1088450.8945,63.47,44.15,7.46,17.57
1088450.9261,63.44,44.06,7.43,17.63
1088450.9507,63.40,43.95,7.38,17.69
1088450.9816,63.29,43.69,7.35,17.75
1088451.0123,63.15,43.41,7.31,17.81
1088451.0436,62.96,43.03,7.25,17.89
1088451.0756,62.73,42.60,7.20,17.92
1088451.1077,62.40,41.99,7.17,17.96
1088451.1400,62.03,41.34,7.14,17.98
1088451.1639,61.53,40.48,7.08,18.04
1088451.1956,60.98,39.57,7.02,18.03
1088451.2276,60.31,38.47,6.89,17.99
1088451.2624,59.48,37.12,6.73,18.02
1088451.2940,58.61,35.74,6.56,17.97
1088451.3210,57.73,34.34,6.38,17.90
1088451.3616,56.43,32.30,6.18,17.96
1088451.3938,55.20,30.35,5.94,17.89
1088451.4262,53.99,28.45,5.63,17.67
1088451.4581,52.41,26.03,5.24,17.74
1088451.4898,50.92,23.80,4.87,17.62
1088451.5056,49.47,21.72,4.52,17.46
1088451.5375,48.04,19.80,4.20,17.12
1088451.5695,46.47,17.81,3.92,16.89
1088451.6013,44.80,15.86,3.52,16.61
1088451.6335,43.19,14.09,3.10,16.33
1088451.6659,41.43,12.28,2.68,16.05
1088451.6973,39.57,10.52,2.30,15.89
1088451.7294,37.83,8.96,1.93,15.58
1088451.7611,36.03,7.42,1.56,15.41
1088451.7940,34.33,6.04,1.25,15.09
1088451.8256,32.61,4.67,0.88,14.76
1088451.8575,30.98,3.42,0.46,14.43
1088451.8883,29.37,2.17,-0.04,14.08
1088451.9124,27.91,1.04,-0.55,13.72
1088451.9437,26.46,-0.04,-1.07,13.43
1088451.9759,25.14,-1.00,-1.55,13.02
1088452.0074,23.86,-1.92,-2.00,12.60
1088452.0390,22.69,-2.72,-2.39,12.19
1088452.0718,21.58,-3.47,-2.72,11.79
1088452.1123,20.55,-4.15,-3.02,11.45
1088452.1443,19.60,-4.77,-3.27,11.10
1088452.1763,18.76,-5.30,-3.45,10.73
1088452.2090,18.03,-5.76,-3.57,10.36
1088452.2244,17.40,-6.15,-3.65,9.99
1088452.2566,16.87,-6.47,-3.69,9.63
1088452.3124,16.43,-6.73,-3.69,9.28
1088452.3275,16.09,-6.93,-3.67,8.94
1088452.3600,15.80,-7.09,-3.66,8.62
1088452.3916,15.62,-7.19,-3.63,8.28
1088452.4238,15.52,-7.24,-3.59,7.96
1088452.4554,15.60,-7.17,-3.49,7.53
1088452.4796,15.74,-7.06,-3.37,7.14
1088452.5117,15.92,-6.93,-3.24,6.82
1088452.5439,16.26,-6.70,-3.13,6.47
1088452.5716,16.66,-6.44,-3.04,6.13
1088452.6075,17.19,-6.11,-2.94,5.72
1088452.6394,17.76,-5.75,-2.82,5.42
1088452.6717,18.53,-5.33,-2.66,5.08
1088452.7035,19.44,-4.81,-2.41,4.73
1088452.7357,20.36,-4.27,-2.15,4.43
1088452.7676,21.40,-3.65,-1.88,4.14
1088452.7997,22.41,-3.03,-1.65,3.94
1088452.8316,23.49,-2.33,-1.45,3.77
1088452.8632,24.63,-1.58,-1.31,3.58
1088452.8955,25.71,-0.85,-1.18,3.64
1088452.9274,26.75,-0.13,-1.05,3.81
1088452.9589,28.01,0.73,-0.82,4.02
1088452.9909,29.17,1.55,-0.60,4.43
1088453.0222,30.38,2.41,-0.35,4.86
1088453.0537,31.52,3.24,-0.11,5.34
1088453.0860,32.72,4.11,0.13,5.88
1088453.1179,33.95,5.05,0.34,6.45
1088453.1500,35.10,5.94,0.52,7.05
1088453.1817,36.28,6.89,0.69,7.65
1088453.2142,37.35,7.79,0.85,8.21
1088453.2461,38.43,8.73,1.05,8.75
1088453.2780,39.42,9.62,1.26,9.26
1088453.3098,40.42,10.57,1.47,9.77
1088453.3421,41.44,11.58,1.67,10.22
1088453.3744,42.37,12.54,1.86,10.67
1088453.4061,43.29,13.57,2.03,11.07
1088453.4379,44.14,14.54,2.18,11.48
1088453.4696,44.99,15.55,2.32,11.86
1088453.5017,45.78,16.53,2.45,12.22
1088453.5339,46.55,17.53,2.59,12.55
1088453.5663,47.31,18.56,2.75,12.86
1088453.5974,48.00,19.53,2.88,13.14
1088453.6298,48.66,20.53,3.02,13.39
1088453.6614,49.30,21.53,3.17,13.60
1088453.6939,49.87,22.47,3.33,13.82
1088453.7256,50.39,23.33,3.49,14.06
1088453.7576,50.88,24.18,3.67,14.26
1088453.7894,51.36,25.02,3.85,14.44
1088453.8216,51.83,25.86,4.02,14.61
1088453.8538,52.25,26.62,4.16,14.81
1088453.8854,52.65,27.38,4.32,14.98
1088453.9176,53.06,28.12,4.50,15.17
1088453.9501,53.41,28.79,4.66,15.36
1088453.9825,53.75,29.45,4.84,15.54
1088454.0136,54.06,30.06,5.00,15.72
1088454.0456,54.33,30.63,5.15,15.89
1088454.0779,54.63,31.24,5.28,16.05
1088454.1096,54.92,31.88,5.46,16.21
1088454.1416,55.23,32.53,5.68,16.35
1088454.1738,55.53,33.15,5.89,16.50
1088454.2057,55.83,33.79,6.08,16.63
1088454.2315,56.12,34.40,6.25,16.75
1088454.2615,56.39,34.99,6.40,16.87
1088454.2875,56.63,35.51,6.53,16.99
1088454.3287,56.85,35.98,6.66,17.10
1088454.3607,57.01,36.36,6.77,17.22
1088454.3928,57.14,36.67,6.87,17.33
1088454.4250,57.23,36.88,6.95,17.43
1088454.4575,57.27,37.01,7.02,17.54
1088454.4895,57.29,37.07,7.07,17.63
1088454.5216,57.31,37.13,7.12,17.70
1088454.5535,57.29,37.10,7.16,17.79
1088454.5852,57.24,37.04,7.18,17.87
1088454.6172,57.19,36.97,7.19,17.94
1088454.6464,57.15,36.90,7.19,18.01
1088454.6791,57.11,36.85,7.18,18.07
1088454.7108,57.07,36.80,7.17,18.13
1088454.7426,57.01,36.75,7.16,18.18
1088454.7746,56.92,36.67,7.13,18.23
1088454.8071,56.80,36.59,7.12,18.28
1088454.8386,56.64,36.47,7.13,18.31
1088454.8786,56.41,36.27,7.14,18.32
1088454.9096,56.06,35.93,7.16,18.32
1088454.9335,55.65,35.52,7.17,18.32
1088454.9623,55.07,34.87,7.17,18.36
1088454.9947,54.44,34.17,7.18,18.36
1088455.0267,53.74,33.27,7.16,18.35
1088455.0647,52.94,32.19,7.12,18.34
1088455.0951,52.06,30.96,7.05,18.40
1088455.1276,51.21,29.79,6.96,18.36
1088455.1601,50.32,28.52,6.87,18.39
1088455.1922,49.48,27.34,6.82,18.33
1088455.2240,48.60,26.05,6.75,18.33
1088455.2561,47.78,24.84,6.68,18.23
1088455.2960,46.84,23.38,6.53,18.22
1088455.3282,45.98,22.03,6.35,18.07
1088455.3594,45.04,20.58,6.14,18.00
1088455.3917,44.17,19.22,5.90,17.80
1088455.4131,43.36,17.94,5.64,17.59
1088455.4456,42.48,16.59,5.31,17.43
1088455.4772,41.53,15.21,4.95,17.23
1088455.5097,40.64,13.94,4.59,16.88
1088455.5413,39.77,12.79,4.24,16.50
1088455.5731,38.81,11.61,3.82,16.11
1088455.6042,37.82,10.41,3.35,15.69
1088455.6360,36.77,9.22,2.84,15.36
1088455.6673,35.75,8.12,2.37,14.92
1088455.6989,34.68,7.02,1.96,14.58
1088455.7310,33.61,6.02,1.61,14.21
1088455.7629,32.51,5.02,1.21,13.83
1088455.7959,31.34,4.04,0.85,13.45
1088455.8268,30.23,3.15,0.53,13.06
1088455.8586,29.06,2.26,0.26,12.71
1088455.8908,27.87,1.39,0.06,12.39
1088455.9228,26.80,0.62,-0.08,12.06
1088455.9555,25.80,-0.07,-0.20,11.73
1088455.9869,24.79,-0.74,-0.27,11.38
1088456.0191,23.80,-1.39,-0.30,11.10
1088456.0511,22.92,-1.99,-0.38,10.78
1088456.0830,22.13,-2.54,-0.56,10.48
1088456.1148,21.41,-3.04,-0.78,10.18
1088456.1462,20.84,-3.47,-1.00,9.88
1088456.1781,20.32,-3.84,-1.14,9.60
1088456.2098,19.89,-4.15,-1.24,9.32
1088456.2420,19.49,-4.44,-1.36,9.02
1088456.2737,19.13,-4.70,-1.50,8.67
1088456.3060,18.82,-4.94,-1.72,8.31
1088456.3378,18.52,-5.13,-1.95,7.93
1088456.3705,18.21,-5.27,-2.10,7.55
1088456.4017,17.98,-5.33,-2.15,7.20
1088456.4338,17.80,-5.33,-2.10,6.88
1088456.4656,17.64,-5.31,-2.03,6.64
1088456.4980,17.57,-5.23,-1.91,6.38
1088456.5293,17.56,-5.15,-1.79,6.18
1088456.5614,17.64,-5.03,-1.66,6.00
1088456.5934,17.73,-4.92,-1.51,5.86
1088456.6252,17.81,-4.82,-1.36,5.75
1088456.6564,17.91,-4.76,-1.31,5.67
1088456.6884,18.01,-4.71,-1.31,5.60
1088456.7203,18.09,-4.69,-1.34,5.53
1088456.7523,18.14,-4.70,-1.38,5.47
1088456.7841,18.17,-4.71,-1.38,5.42
1088456.8154,18.19,-4.72,-1.35,5.39
1088456.8473,18.20,-4.74,-1.29,5.35
1088456.8792,18.19,-4.77,-1.25,5.34
1088456.9114,18.15,-4.81,-1.23,5.34
1088456.9433,18.11,-4.85,-1.24,5.33
1088456.9750,18.05,-4.90,-1.31,5.30
1088457.0071,17.98,-4.95,-1.38,5.27
1088457.0390,17.91,-5.01,-1.42,5.23
1088457.0709,17.85,-5.08,-1.43,5.21
1088457.1029,17.83,-5.14,-1.38,5.19
1088457.1348,17.84,-5.15,-1.28,5.17
1088457.1668,17.88,-5.15,-1.17,5.16
1088457.1990,17.90,-5.12,-1.06,5.18
1088457.2313,18.02,-5.02,-1.02,5.17
1088457.2632,18.14,-4.90,-0.99,5.17
1088457.2950,18.33,-4.74,-0.96,5.17
1088457.3268,18.52,-4.57,-0.92,5.19
1088457.3591,18.76,-4.37,-0.83,5.21
1088457.3905,19.03,-4.12,-0.67,5.23
1088457.4229,19.30,-3.88,-0.50,5.28
1088457.4549,19.62,-3.59,-0.30,5.34
1088457.4871,19.93,-3.30,-0.10,5.41
1088457.5189,20.25,-2.96,0.15,5.49
1088457.5507,20.62,-2.56,0.38,5.53
1088457.5828,20.97,-2.16,0.59,5.64
1088457.6146,21.37,-1.73,0.77,5.78
1088457.6459,21.76,-1.32,0.94,5.93
1088457.6616,22.15,-0.93,1.12,6.10
1088457.6941,22.59,-0.49,1.34,6.27
1088457.7260,23.01,-0.06,1.58,6.44
1088457.7573,23.50,0.44,1.85,6.61
1088457.7894,24.05,0.98,2.15,6.75
1088457.8213,24.59,1.50,2.42,6.96
1088457.8529,25.20,2.06,2.66,7.14
1088457.8849,25.79,2.60,2.89,7.39
1088457.9166,26.44,3.20,3.12,7.65
1088457.9483,27.08,3.79,3.34,7.91
1088457.9805,27.79,4.45,3.55,8.18
1088458.0123,28.56,5.18,3.74,8.49
1088458.0441,29.31,5.88,3.90,8.81
1088458.0762,30.10,6.65,4.07,9.14
1088458.1081,30.84,7.39,4.24,9.47
1088458.1403,31.63,8.19,4.38,9.80
1088458.1721,32.45,9.03,4.53,10.14
1088458.2041,33.23,9.81,4.66,10.46
1088458.2360,34.02,10.62,4.79,10.79
1088458.2682,34.75,11.38,4.92,11.11
1088458.3009,35.43,12.10,5.05,11.44
1088458.3329,36.14,12.84,5.18,11.75
1088458.3650,36.84,13.60,5.29,12.05
1088458.3968,37.54,14.39,5.43,12.35
1088458.4295,38.19,15.12,5.58,12.63
1088458.4609,38.84,15.87,5.72,12.91
1088458.4925,39.44,16.58,5.86,13.17
1088458.5245,40.03,17.31,5.99,13.43
1088458.5563,40.61,18.04,6.11,13.67
1088458.5878,41.15,18.72,6.20,13.91
1088458.6202,41.66,19.42,6.29,14.13
1088458.6523,42.16,20.11,6.37,14.35
1088458.6841,42.62,20.75,6.43,14.56
1088458.7165,43.08,21.40,6.51,14.75
1088458.7484,43.54,22.02,6.59,14.93
1088458.7804,43.96,22.59,6.67,15.11
1088458.8124,44.35,23.11,6.74,15.29
1088458.8439,44.71,23.61,6.83,15.45
1088458.8762,45.05,24.09,6.92,15.62
1088458.9084,45.36,24.52,6.99,15.77
1088458.9403,45.65,24.91,7.05,15.92
1088458.9719,45.91,25.27,7.11,16.06
1088459.0040,46.13,25.58,7.16,16.19
1088459.0360,46.32,25.84,7.21,16.31
1088459.0674,46.47,26.05,7.27,16.42
1088459.0999,46.57,26.19,7.31,16.53
1088459.1320,46.60,26.24,7.33,16.62
1088459.1637,46.60,26.24,7.35,16.69
1088459.1954,46.52,26.13,7.34,16.77
1088459.2270,46.36,25.91,7.33,16.83
1088459.2592,46.18,25.63,7.31,16.86
1088459.2916,45.91,25.18,7.28,16.92
1088459.3239,45.61,24.69,7.26,16.94
1088459.3551,45.21,23.99,7.28,17.01
1088459.3862,44.68,23.09,7.45,17.17
1088459.4188,44.14,22.18,7.69,17.27
1088459.4493,43.47,21.17,7.97,17.40
1088459.4818,42.81,20.21,8.21,17.43
1088459.5133,42.06,19.16,8.32,17.49
1088459.5455,41.35,18.16,8.34,17.45
1088459.5771,40.59,17.12,8.17,17.42
1088459.6089,39.79,16.07,7.85,17.33
1088459.6414,39.04,15.10,7.51,17.14
1088459.6730,38.23,14.14,7.12,16.95
1088459.7046,37.44,13.29,6.72,16.65
1088459.7363,36.66,12.52,6.31,16.32
1088459.7684,35.86,11.76,5.79,15.96
1088459.8002,35.04,11.03,5.18,15.56
1088459.8319,34.15,10.31,4.56,15.20
1088459.8649,33.28,9.67,3.99,14.80
1088459.8960,32.39,9.03,3.38,14.36
1088459.9278,31.46,8.38,2.73,13.98
1088459.9595,30.57,7.75,2.12,13.61
1088459.9911,29.64,7.08,1.57,13.25
1088460.0232,28.76,6.44,1.12,12.85
1088460.0554,27.85,5.74,0.77,12.47
1088460.0870,26.99,5.09,0.48,12.11
1088460.1188,26.10,4.38,0.22,11.75
1088460.1504,25.26,3.70,-0.03,11.40
1088460.1822,24.37,2.96,-0.34,11.06
1088460.2136,23.46,2.18,-0.75,10.80
1088460.2458,22.60,1.44,-1.19,10.45
1088460.2773,21.74,0.68,-1.71,10.09
1088460.3095,20.88,-0.09,-2.28,9.81
1088460.3418,20.07,-0.80,-2.81,9.45
1088460.3736,19.25,-1.50,-3.33,9.06
1088460.4054,18.50,-2.13,-3.81,8.67
1088460.4374,17.78,-2.72,-4.35,8.25
1088460.4693,17.08,-3.26,-5.00,7.86
1088460.5017,16.45,-3.73,-5.63,7.46
1088460.5327,15.85,-4.12,-6.30,7.03
1088460.5643,15.30,-4.45,-6.90,6.56
1088460.5961,14.76,-4.71,-7.50,6.11
1088460.6212,14.25,-4.93,-8.06,5.68
1088460.6618,13.76,-5.13,-8.58,5.24
1088460.6937,13.30,-5.27,-9.05,4.78
1088460.7341,12.86,-5.34,-9.36,4.35
1088460.7659,12.48,-5.37,-9.56,3.93
1088460.7921,12.16,-5.39,-9.75,3.57
1088460.8228,11.92,-5.37,-9.87,3.24
1088460.8543,11.74,-5.35,-9.95,2.95
1088460.8869,11.63,-5.32,-9.99,2.69
1088460.9189,11.55,-5.30,-10.04,2.47
1088460.9509,11.54,-5.29,-10.10,2.26
1088460.9831,11.57,-5.29,-10.23,2.07
1088461.0145,11.62,-5.30,-10.36,1.90
1088461.0464,11.67,-5.32,-10.49,1.77
1088461.0786,11.76,-5.32,-10.52,1.65
1088461.1108,11.87,-5.29,-10.49,1.57
1088461.1431,12.03,-5.25,-10.34,1.52
1088461.1750,12.22,-5.19,-10.19,1.45
1088461.2071,12.43,-5.16,-10.11,1.42
1088461.2393,12.66,-5.11,-10.10,1.41
1088461.2626,12.88,-5.06,-10.12,1.43
1088461.2950,13.12,-4.99,-10.14,1.44
1088461.3271,13.38,-4.88,-10.11,1.49
1088461.3506,13.66,-4.75,-9.99,1.53
1088461.3954,13.97,-4.61,-9.86,1.59
1088461.4269,14.29,-4.46,-9.75,1.70
1088461.4584,14.60,-4.33,-9.65,1.86
1088461.4830,14.91,-4.19,-9.56,2.02
1088461.5128,15.25,-4.03,-9.42,2.20
1088461.5444,15.64,-3.83,-9.17,2.39
1088461.5765,16.03,-3.63,-8.90,2.61
1088461.6090,16.49,-3.39,-8.58,2.84
1088461.6410,16.95,-3.14,-8.24,3.08
1088461.6729,17.49,-2.82,-7.85,3.35
1088461.6968,18.02,-2.50,-7.47,3.63
1088461.7282,18.63,-2.10,-7.04,3.93
1088461.7606,19.21,-1.70,-6.60,4.22
1088461.7926,19.87,-1.23,-6.12,4.52
1088461.8240,20.58,-0.71,-5.63,4.85
1088461.8562,21.27,-0.19,-5.17,5.15
1088461.8952,22.01,0.39,-4.70,5.47
1088461.9278,22.69,0.95,-4.27,5.78
1088461.9438,23.41,1.56,-3.81,6.09
1088461.9770,24.06,2.14,-3.37,6.37
1088462.0170,24.69,2.74,-2.92,6.66
1088462.0491,25.27,3.34,-2.46,6.93
1088462.0810,25.76,3.88,-2.05,7.16
1088462.1130,26.15,4.38,-1.64,7.36
1088462.1442,26.44,4.81,-1.27,7.54
1088462.1759,26.66,5.18,-0.89,7.69
1088462.2078,26.80,5.46,-0.59,7.83
1088462.2398,26.85,5.68,-0.38,7.98
1088462.2559,26.90,5.85,-0.21,8.13
1088462.2868,26.87,5.96,-0.07,8.29
1088462.3191,26.82,6.03,0.05,8.42
1088462.3503,26.77,6.06,0.12,8.56
1088462.3824,26.71,6.06,0.15,8.68
1088462.4145,26.65,6.03,0.15,8.79
1088462.4467,26.59,5.96,0.12,8.89
1088462.4788,26.55,5.88,0.08,8.99
1088462.5108,26.53,5.79,0.02,9.08
1088462.5423,26.51,5.70,-0.05,9.16
1088462.5742,26.48,5.61,-0.14,9.23
1088462.6062,26.43,5.50,-0.26,9.30
1088462.6380,26.35,5.36,-0.38,9.39
1088462.6704,26.24,5.19,-0.44,9.49
1088462.7018,26.03,4.95,-0.45,9.57
1088462.7335,25.81,4.70,-0.46,9.64
1088462.7659,25.51,4.35,-0.52,9.69
1088462.7974,25.26,4.02,-0.58,9.67
1088462.8290,24.93,3.61,-0.69,9.66
1088462.8604,24.59,3.20,-0.82,9.57
1088462.8925,24.23,2.69,-0.94,9.53
1088462.9239,23.85,2.14,-1.05,9.47
1088462.9562,23.51,1.63,-1.16,9.39
1088462.9890,23.16,1.08,-1.23,9.31
1088463.0199,22.87,0.58,-1.28,9.18
1088463.0522,22.56,0.06,-1.35,9.09
1088463.0834,22.31,-0.43,-1.45,9.00
1088463.1153,22.12,-0.85,-1.57,8.90
1088463.1468,22.01,-1.20,-1.71,8.80
1088463.1790,21.93,-1.49,-1.83,8.70
1088463.2106,21.91,-1.70,-1.90,8.61
1088463.2423,21.99,-1.82,-1.94,8.52
1088463.2742,22.08,-1.90,-1.97,8.43
1088463.3063,22.23,-1.92,-1.98,8.33
1088463.3382,22.41,-1.89,-1.95,8.22
1088463.3705,22.63,-1.82,-1.90,8.14
1088463.4026,22.87,-1.72,-1.86,8.10
1088463.4348,23.16,-1.56,-1.81,8.04
1088463.4664,23.48,-1.33,-1.71,7.99
1088463.4983,23.81,-1.10,-1.60,7.96
1088463.5303,24.18,-0.81,-1.47,7.94
1088463.5618,24.55,-0.52,-1.36,7.95
1088463.5935,24.99,-0.17,-1.25,7.98
1088463.6254,25.48,0.23,-1.12,8.00
1088463.6577,25.96,0.62,-0.99,8.09
1088463.6890,26.49,1.05,-0.85,8.20
1088463.7207,27.08,1.53,-0.70,8.34
1088463.7530,27.65,2.00,-0.58,8.50
1088463.7847,28.25,2.53,-0.44,8.67
1088463.8164,28.82,3.05,-0.30,8.85
1088463.8484,29.40,3.60,-0.14,9.05
1088463.8804,30.05,4.18,0.00,9.24
1088463.9124,30.65,4.74,0.12,9.47
1088463.9440,31.26,5.31,0.26,9.69
1088463.9759,31.84,5.86,0.39,9.94
1088464.0079,32.44,6.45,0.53,10.20
1088464.0401,33.00,7.01,0.68,10.45
1088464.0719,33.59,7.60,0.87,10.71
1088464.1036,34.20,8.22,1.10,10.98
1088464.1349,34.78,8.81,1.33,11.25
1088464.1663,35.40,9.45,1.55,11.52
1088464.1984,35.99,10.07,1.70,11.79
1088464.2300,36.62,10.72,1.80,12.08
1088464.2613,37.30,11.39,1.91,12.38
1088464.2926,37.93,12.03,2.04,12.69
1088464.3246,38.55,12.71,2.20,13.00
1088464.3565,39.13,13.37,2.35,13.30
1088464.3883,39.72,14.07,2.50,13.59
1088464.4200,40.28,14.81,2.65,13.85
1088464.4522,40.78,15.49,2.78,14.11
1088464.4837,41.26,16.17,2.93,14.35
1088464.5158,41.67,16.79,3.05,14.59
1088464.5479,42.03,17.37,3.19,14.81
1088464.5789,42.32,17.88,3.32,15.01
1088464.6109,42.53,18.31,3.46,15.19
1088464.6429,42.66,18.62,3.59,15.35
1088464.6751,42.74,18.85,3.69,15.48
1088464.7068,42.71,18.92,3.75,15.61
1088464.7387,42.64,18.90,3.80,15.70
1088464.7709,42.47,18.73,3.83,15.78
1088464.8031,42.20,18.41,3.82,15.86
1088464.8352,41.90,18.04,3.79,15.88
1088464.8670,41.52,17.55,3.70,15.89
1088464.8987,41.06,16.95,3.53,15.94
1088464.9307,40.58,16.38,3.35,15.87
1088464.9627,39.98,15.72,3.09,15.80
1088464.9946,39.34,15.01,2.68,15.70
1088465.0267,38.70,14.33,2.22,15.53
1088465.0586,37.96,13.56,1.63,15.40
1088465.0906,37.23,12.81,1.07,15.21
1088465.1231,36.41,11.97,0.55,15.07
1088465.1552,35.61,11.17,0.12,14.86
1088465.1882,34.73,10.33,-0.26,14.67
1088465.2197,33.88,9.54,-0.60,14.40
1088465.2515,32.99,8.69,-0.99,14.10
1088465.2838,32.16,7.89,-1.39,13.80
1088465.3158,31.27,7.05,-1.84,13.48
1088465.3478,30.43,6.27,-2.26,13.09
1088465.3794,29.47,5.38,-2.77,12.81
1088465.4114,28.60,4.57,-3.25,12.46
1088465.4273,27.78,3.81,-3.70,12.12
1088465.4597,26.93,3.03,-4.15,11.84
1088465.4920,26.10,2.30,-4.54,11.53
1088465.5239,25.19,1.56,-4.85,11.27
1088465.5561,24.33,0.88,-5.13,10.95
1088465.5873,23.46,0.20,-5.39,10.63
1088465.6193,22.58,-0.48,-5.68,10.36
1088465.6519,21.76,-1.12,-5.95,10.03
1088465.6835,20.95,-1.75,-6.28,9.75
1088465.7153,20.14,-2.38,-6.60,9.47
1088465.7473,19.43,-2.96,-6.89,9.19
1088465.7784,18.74,-3.53,-7.17,8.90
1088465.8107,18.19,-4.04,-7.43,8.62
1088465.8425,17.67,-4.55,-7.64,8.30
1088465.8744,17.19,-5.02,-7.84,8.00
1088465.9065,16.74,-5.46,-8.03,7.71
1088465.9390,16.35,-5.85,-8.20,7.41
1088465.9708,15.98,-6.20,-8.36,7.13
1088466.0024,15.66,-6.51,-8.49,6.85
1088466.0348,15.34,-6.76,-8.56,6.56
1088466.0663,15.06,-6.98,-8.59,6.28
1088466.0981,14.81,-7.16,-8.59,6.01
1088466.1306,14.62,-7.30,-8.57,5.75
1088466.1464,14.48,-7.40,-8.54,5.50
1088466.1781,14.40,-7.46,-8.50,5.27
1088466.2099,14.44,-7.46,-8.42,5.05
1088466.2538,14.58,-7.38,-8.28,4.85
1088466.2775,14.82,-7.22,-8.07,4.62
1088466.3125,15.11,-7.03,-7.87,4.49
1088466.3441,15.49,-6.78,-7.64,4.34
1088466.3764,15.87,-6.51,-7.43,4.31
1088466.4082,16.33,-6.19,-7.19,4.33
1088466.4404,16.78,-5.87,-6.93,4.39
1088466.4725,17.29,-5.49,-6.59,4.51
1088466.5047,17.86,-5.07,-6.13,4.68
1088466.5366,18.49,-4.59,-5.59,4.86
1088466.5525,19.02,-4.18,-5.14,5.10
1088466.5844,19.62,-3.70,-4.65,5.36
1088466.6166,20.28,-3.18,-4.15,5.64
1088466.6467,20.90,-2.66,-3.67,5.92
1088466.6784,21.58,-2.10,-3.20,6.23
1088466.7103,22.22,-1.54,-2.77,6.56
1088466.7423,22.91,-0.94,-2.34,6.91
1088466.7742,23.64,-0.30,-1.90,7.25
1088466.8058,24.32,0.31,-1.49,7.61
1088466.8461,25.02,0.99,-1.08,7.95
1088466.8778,25.75,1.70,-0.70,8.32
1088466.9094,26.40,2.38,-0.34,8.68
1088466.9411,27.06,3.08,0.02,9.04
1088466.9663,27.66,3.75,0.35,9.39
1088466.9954,28.22,4.38,0.64,9.73
1088467.0270,28.79,5.02,0.92,10.08
1088467.0593,29.35,5.66,1.21,10.42
1088467.0909,29.85,6.24,1.50,10.75
1088467.1230,30.35,6.83,1.80,11.07
1088467.1473,30.82,7.39,2.07,11.38
1088467.1788,31.28,7.95,2.32,11.68
1088467.2112,31.69,8.47,2.56,11.98
1088467.2427,32.11,9.00,2.81,12.26
1088467.2743,32.50,9.51,3.05,12.54
1088467.3069,32.87,10.04,3.30,12.78
1088467.3389,33.22,10.59,3.56,13.02
1088467.3789,33.53,11.10,3.79,13.25
1088467.4103,33.88,11.60,4.02,13.48
1088467.4418,34.25,12.08,4.27,13.71
1088467.4628,34.63,12.52,4.51,13.92
1088467.4963,35.07,12.96,4.70,14.15
1088467.5284,35.55,13.36,4.84,14.38
1088467.5601,36.09,13.77,4.96,14.61
1088467.5923,36.59,14.16,5.08,14.83
1088467.6246,37.09,14.59,5.21,15.02
1088467.6566,37.54,14.99,5.33,15.19
1088467.6887,37.92,15.39,5.43,15.33
1088467.7204,38.24,15.75,5.50,15.44
1088467.7525,38.51,16.05,5.55,15.53
1088467.7842,38.71,16.27,5.59,15.59
1088467.8166,38.82,16.37,5.58,15.66
1088467.8488,38.86,16.40,5.53,15.70
1088467.8812,38.80,16.30,5.46,15.75
1088467.9127,38.65,16.11,5.38,15.78
1088467.9447,38.48,15.88,5.28,15.81
1088467.9765,38.24,15.60,5.13,15.79
1088468.0086,37.99,15.31,4.98,15.77
1088468.0402,37.68,14.94,4.79,15.71
1088468.0723,37.37,14.58,4.60,15.61
1088468.1047,36.99,14.18,4.36,15.51
1088468.1371,36.54,13.70,4.07,15.38
1088468.1690,36.10,13.22,3.80,15.20
1088468.2013,35.60,12.65,3.54,15.05
1088468.2330,35.12,12.09,3.29,14.85
1088468.2655,34.56,11.44,3.02,14.68
1088468.2977,33.93,10.69,2.74,14.51
1088468.3294,33.32,9.98,2.48,14.34
1088468.3615,32.65,9.20,2.22,14.17
1088468.3931,31.93,8.38,2.01,13.98
1088468.4253,31.24,7.64,1.86,13.77
1088468.4574,30.53,6.90,1.71,13.51
1088468.4891,29.85,6.23,1.55,13.23
1088468.5210,29.12,5.54,1.30,12.92
1088468.5367,28.43,4.89,1.01,12.61
1088468.5692,27.77,4.27,0.69,12.32
1088468.6005,27.08,3.62,0.32,12.02
1088468.6321,26.42,3.02,-0.02,11.73
1088468.6645,25.71,2.37,-0.39,11.43
1088468.6962,24.98,1.67,-0.83,11.14
1088468.7279,24.28,1.01,-1.28,10.85
1088468.7603,23.54,0.29,-1.79,10.56
1088468.7924,22.83,-0.37,-2.26,10.20
1088468.8247,22.08,-1.05,-2.68,9.87
1088468.8571,21.36,-1.67,-3.05,9.48
1088468.8887,20.55,-2.31,-3.31,9.08
1088468.9211,19.71,-2.95,-3.50,8.74
1088468.9530,18.90,-3.54,-3.66,8.41
1088468.9849,18.08,-4.10,-3.80,8.08
1088469.0166,17.29,-4.61,-3.90,7.75
1088469.0486,16.56,-5.06,-3.98,7.43
1088469.0806,15.89,-5.45,-4.04,7.11
1088469.1120,15.27,-5.79,-4.08,6.79
1088469.1439,14.73,-6.08,-4.11,6.50
1088469.1632,14.30,-6.35,-4.12,6.23
1088469.1955,13.99,-6.59,-4.13,5.98
1088469.2272,13.81,-6.80,-4.11,5.75
1088469.2588,13.68,-7.00,-4.08,5.57
1088469.2956,13.62,-7.14,-4.06,5.41
1088469.3284,13.64,-7.21,-4.03,5.24
1088469.3607,13.72,-7.21,-3.99,5.10
1088469.3924,13.87,-7.13,-3.94,4.99
1088469.4247,14.05,-7.02,-3.89,4.90
1088469.4568,14.33,-6.84,-3.80,4.85
1088469.4887,14.64,-6.63,-3.71,4.84
1088469.5209,15.01,-6.35,-3.52,4.88
1088469.5368,15.38,-6.05,-3.31,4.96
1088469.5685,15.83,-5.64,-3.05,5.06
1088469.6003,16.16,-5.29,-2.80,5.23
1088469.6328,16.67,-4.79,-2.52,5.35
1088469.6647,17.16,-4.30,-2.24,5.54
1088469.6963,17.74,-3.75,-1.93,5.76
1088469.7285,18.31,-3.21,-1.63,6.03
1088469.7603,18.95,-2.61,-1.27,6.28
1088469.7921,19.67,-1.96,-0.86,6.52
1088469.8242,20.37,-1.33,-0.50,6.80
1088469.8566,21.11,-0.66,-0.17,7.11
1088469.8878,21.83,-0.03,0.14,7.42
1088469.9275,22.60,0.64,0.47,7.76
1088469.9593,23.43,1.33,0.81,8.13
1088469.9909,24.23,1.97,1.12,8.52
1088470.0225,25.09,2.63,1.42,8.92
1088470.0548,25.91,3.25,1.71,9.33
1088470.0943,26.88,3.95,2.05,9.77
1088470.1261,27.79,4.61,2.36,10.19
1088470.1581,28.73,5.29,2.66,10.62
1088470.1900,29.60,5.93,2.91,11.04
1088470.2211,30.48,6.60,3.16,11.47
1088470.2442,31.29,7.22,3.39,11.89
1088470.2757,32.12,7.86,3.68,12.31
1088470.3078,32.90,8.46,3.99,12.70
1088470.3399,33.68,9.09,4.30,13.07
1088470.3713,34.38,9.69,4.59,13.42
1088470.4111,35.14,10.37,4.90,13.77
1088470.4434,35.83,11.00,5.19,14.10
1088470.4756,36.46,11.61,5.46,14.41
1088470.5121,37.15,12.28,5.67,14.73
1088470.5445,37.78,12.91,5.84,15.05
1088470.5765,38.39,13.54,5.96,15.35
1088470.6087,38.96,14.12,6.06,15.63
1088470.6408,39.53,14.69,6.12,15.89
1088470.6721,40.05,15.22,6.16,16.13
1088470.7044,40.53,15.71,6.22,16.34
1088470.7363,40.98,16.14,6.27,16.54
1088470.7682,41.38,16.51,6.31,16.73
1088470.8007,41.71,16.81,6.32,16.91
1088470.8313,41.96,17.03,6.32,17.08
1088470.8629,42.17,17.21,6.34,17.24
1088470.8948,42.31,17.29,6.37,17.39
1088470.9271,42.37,17.27,6.41,17.54
1088470.9590,42.38,17.20,6.44,17.66
1088470.9914,42.36,17.09,6.46,17.77
1088471.0236,42.25,16.87,6.47,17.87
1088471.0556,42.07,16.56,6.47,17.98
1088471.0879,41.84,16.23,6.47,18.03
1088471.1201,41.53,15.81,6.44,18.05
1088471.1515,41.12,15.31,6.37,18.02
1088471.1839,40.68,14.82,6.30,17.97
1088471.2155,40.14,14.24,6.18,17.87
1088471.2475,39.57,13.67,6.06,17.75
1088471.2792,38.90,12.97,5.95,17.61
1088471.3111,38.22,12.26,5.84,17.41
1088471.3431,37.46,11.42,5.69,17.26
1088471.3751,36.60,10.47,5.50,17.16
1088471.4069,35.74,9.56,5.30,16.98
1088471.4390,34.85,8.59,5.00,16.78
1088471.4711,33.92,7.61,4.70,16.62
1088471.5028,33.03,6.71,4.45,16.37
1088471.5345,32.09,5.79,4.20,16.11
1088471.5667,31.09,4.86,3.93,15.88
1088471.5986,30.12,4.02,3.68,15.56
1088471.6306,29.07,3.17,3.44,15.28
1088471.6624,28.09,2.37,3.20,14.94
1088471.6943,27.06,1.53,2.90,14.62
1088471.7266,26.10,0.74,2.59,14.29
1088471.7586,25.08,-0.06,2.23,13.95
1088471.7907,24.04,-0.86,1.85,13.67
1088471.8227,23.04,-1.60,1.49,13.30
1088471.8548,22.04,-2.33,1.10,12.98
1088471.8865,21.09,-3.00,0.71,12.54
1088471.9188,20.15,-3.67,0.27,12.08
1088471.9497,19.23,-4.34,-0.15,11.68
1088471.9823,18.42,-4.94,-0.54,11.24
1088472.0138,17.69,-5.48,-0.90,10.81
1088472.0458,17.02,-6.00,-1.23,10.37
1088472.0777,16.39,-6.48,-1.52,9.98
1088472.1095,15.80,-6.92,-1.82,9.55
1088472.1415,15.26,-7.30,-2.10,9.11
1088472.1728,14.78,-7.63,-2.36,8.69
1088472.1992,14.35,-7.92,-2.58,8.28
1088472.2314,13.96,-8.15,-2.73,7.89
1088472.2621,13.65,-8.33,-2.82,7.53
1088472.2940,13.41,-8.47,-2.89,7.17
1088472.3293,13.23,-8.58,-2.94,6.85
1088472.3541,13.14,-8.64,-2.98,6.57
1088472.3943,13.11,-8.67,-3.02,6.28
1088472.4258,13.14,-8.68,-3.06,6.05
1088472.4584,13.23,-8.65,-3.09,5.84
1088472.4902,13.41,-8.58,-3.11,5.63
1088472.5226,13.61,-8.49,-3.11,5.49
1088472.5537,13.87,-8.37,-3.07,5.34
1088472.5855,14.21,-8.19,-2.98,5.22
1088472.6176,14.57,-7.99,-2.85,5.13
1088472.6492,15.04,-7.71,-2.64,5.07
1088472.6821,15.53,-7.42,-2.43,5.08
1088472.7130,16.10,-7.04,-2.19,5.12
1088472.7456,16.65,-6.66,-1.97,5.19
1088472.7773,17.28,-6.21,-1.73,5.30
1088472.8091,17.91,-5.76,-1.52,5.43
1088472.8411,18.54,-5.30,-1.31,5.64
1088472.8734,19.33,-4.71,-1.01,5.78
1088472.9046,20.08,-4.13,-0.72,6.00
1088472.9286,20.81,-3.56,-0.43,6.23
1088472.9603,21.51,-3.00,-0.14,6.52
1088472.9929,22.36,-2.31,0.20,6.77
1088473.0240,23.17,-1.65,0.51,7.09
1088473.0561,24.04,-0.94,0.82,7.40
1088473.0961,24.95,-0.18,1.15,7.79
1088473.1282,25.80,0.54,1.47,8.18
1088473.1605,26.68,1.31,1.82,8.61
1088473.1924,27.60,2.11,2.19,9.03
1088473.2240,28.47,2.88,2.54,9.51
1088473.2549,29.37,3.69,2.92,10.00
1088473.2789,30.21,4.46,3.30,10.52
1088473.3106,30.98,5.20,3.67,11.01
1088473.3419,31.77,5.99,4.07,11.52
1088473.3734,32.57,6.84,4.46,12.00
1088473.4053,33.35,7.72,4.85,12.45
1088473.4298,34.04,8.55,5.22,12.88
1088473.4608,34.67,9.39,5.62,13.29
1088473.4931,35.22,10.17,6.02,13.68
1088473.5294,35.71,10.97,6.50,14.04
1088473.5572,36.15,11.71,6.96,14.38
1088473.5950,36.57,12.47,7.43,14.72
1088473.6272,36.99,13.21,7.86,15.07
1088473.6588,37.37,13.88,8.22,15.44
1088473.6910,37.73,14.54,8.52,15.80
1088473.7236,38.04,15.12,8.77,16.14
1088473.7555,38.34,15.68,8.97,16.50
1088473.7871,38.64,16.22,9.17,16.84
1088473.8194,38.89,16.70,9.34,17.16
1088473.8517,39.10,17.13,9.50,17.46
1088473.8830,39.26,17.50,9.62,17.73
1088473.9149,39.37,17.81,9.73,17.98
1088473.9472,39.40,18.02,9.82,18.22
1088473.9790,39.37,18.16,9.91,18.43
1088474.0108,39.25,18.18,10.01,18.61
1088474.0429,39.09,18.14,10.09,18.74
1088474.0749,38.82,17.95,10.15,18.89
1088474.1068,38.48,17.61,10.17,19.01
1088474.1387,38.13,17.25,10.15,19.05
1088474.1714,37.72,16.73,10.07,19.13
1088474.2027,37.33,16.18,9.99,19.12
1088474.2344,37.00,15.53,9.86,19.06
1088474.2665,36.71,14.77,9.73,19.03
1088474.2985,36.42,14.03,9.61,18.96
1088474.3310,36.05,13.21,9.39,18.85
1088474.3623,35.62,12.32,9.04,18.71
1088474.3946,35.18,11.47,8.67,18.54
1088474.4264,34.60,10.57,8.30,18.34
1088474.4582,34.01,9.72,7.93,18.11
1088474.4899,33.28,8.84,7.53,17.84
1088474.5212,32.50,8.03,7.14,17.46
1088474.5538,31.68,7.19,6.59,17.13
1088474.5855,30.90,6.41,6.01,16.70
1088474.6168,30.17,5.68,5.44,16.26
1088474.6489,29.32,4.81,4.78,15.90
1088474.6809,28.54,4.03,4.18,15.52
1088474.7126,27.81,3.32,3.63,15.04
1088474.7443,26.97,2.51,2.97,14.61
1088474.7768,26.21,1.77,2.30,14.17
1088474.8076,25.45,1.00,1.46,13.73
1088474.8392,24.79,0.28,0.63,13.29
1088474.8721,24.09,-0.44,-0.24,12.86
1088474.9033,23.42,-1.14,-1.07,12.42
1088474.9352,22.80,-1.78,-1.83,11.98
1088474.9672,22.19,-2.41,-2.57,11.53
1088474.9990,21.59,-3.01,-3.29,11.10
1088475.0315,21.05,-3.55,-3.95,10.66
1088475.0629,20.54,-4.02,-4.55,10.19
1088475.0955,20.01,-4.43,-5.13,9.76
1088475.1268,19.48,-4.78,-5.65,9.32
1088475.1589,18.99,-5.07,-6.11,8.87
1088475.1914,18.52,-5.32,-6.48,8.45
1088475.2228,18.08,-5.52,-6.78,8.03
1088475.2549,17.68,-5.68,-6.99,7.64
1088475.2868,17.32,-5.83,-7.14,7.27
1088475.3186,17.01,-5.95,-7.27,6.92
1088475.3501,16.73,-6.05,-7.37,6.59
1088475.3816,16.48,-6.14,-7.46,6.27
1088475.4137,16.28,-6.21,-7.54,5.98
1088475.4458,16.11,-6.28,-7.60,5.72
1088475.4777,15.97,-6.33,-7.64,5.47
1088475.5102,15.84,-6.39,-7.65,5.26
1088475.5427,15.74,-6.45,-7.66,5.06
1088475.5750,15.64,-6.51,-7.68,4.88
1088475.6070,15.56,-6.57,-7.70,4.71
1088475.6393,15.49,-6.62,-7.71,4.55
1088475.6723,15.46,-6.66,-7.72,4.41
1088475.7034,15.44,-6.68,-7.73,4.30
1088475.7353,15.50,-6.67,-7.69,4.18
1088475.7673,15.64,-6.61,-7.52,4.08
1088475.7993,15.81,-6.52,-7.28,4.01
1088475.8308,16.09,-6.34,-6.89,3.97
1088475.8629,16.47,-6.04,-6.37,3.95
1088475.8950,16.88,-5.71,-5.84,3.99
1088475.9271,17.42,-5.25,-5.21,3.97
1088475.9588,17.99,-4.75,-4.59,4.10
1088475.9909,18.68,-4.13,-3.94,4.29
1088476.0230,19.46,-3.41,-3.23,4.55
1088476.0554,20.23,-2.69,-2.57,4.85
1088476.0879,21.12,-1.87,-1.88,5.21
1088476.1194,22.05,-0.99,-1.21,5.57
1088476.1514,22.94,-0.14,-0.59,5.96
1088476.1832,23.76,0.66,-0.02,6.41
1088476.2151,24.66,1.53,0.55,6.90
1088476.2475,25.58,2.44,1.09,7.41
1088476.2791,26.45,3.31,1.58,7.90
1088476.3108,27.36,4.22,2.07,8.43
1088476.3434,28.30,5.18,2.52,8.99
1088476.3757,29.15,6.09,2.95,9.53
1088476.4075,30.01,7.03,3.36,10.09
1088476.4398,30.91,7.99,3.78,10.66
1088476.4708,31.76,8.92,4.18,11.20
1088476.5033,32.60,9.86,4.59,11.69
1088476.5359,33.37,10.74,4.97,12.18
1088476.5671,34.12,11.63,5.36,12.62
1088476.5991,34.85,12.52,5.76,13.03
1088476.6149,35.48,13.29,6.10,13.42
1088476.6468,36.12,14.07,6.41,13.80
1088476.6786,36.73,14.80,6.66,14.17
1088476.7106,37.34,15.55,6.86,14.52
1088476.7424,37.94,16.25,7.00,14.88
1088476.7747,38.55,16.97,7.06,15.20
1088476.8058,39.17,17.69,7.08,15.51
1088476.8373,39.81,18.42,7.08,15.78
1088476.8690,40.38,19.09,7.09,16.05
1088476.9008,40.94,19.70,7.11,16.32
1088476.9327,41.46,20.30,7.15,16.56
1088476.9646,42.02,20.89,7.17,16.81
1088476.9969,42.54,21.43,7.16,17.05
1088477.0288,43.06,21.98,7.15,17.30
1088477.0610,43.55,22.49,7.14,17.54
1088477.0929,43.99,22.96,7.14,17.76
1088477.1241,44.37,23.36,7.13,17.97
1088477.1560,44.68,23.67,7.12,18.15
1088477.1882,44.89,23.84,7.08,18.32
1088477.2200,45.04,23.92,7.04,18.46
1088477.2519,45.07,23.84,6.99,18.57
1088477.2843,44.97,23.60,6.90,18.69
1088477.3160,44.83,23.30,6.81,18.74
1088477.3482,44.59,22.84,6.69,18.79
1088477.3797,44.23,22.24,6.55,18.87
1088477.4114,43.84,21.61,6.41,18.87
1088477.4432,43.44,20.98,6.26,18.84
1088477.4752,42.96,20.26,5.99,18.75
1088477.5069,42.35,19.41,5.65,18.60
1088477.5390,41.72,18.58,5.32,18.41
1088477.5704,41.00,17.67,4.91,18.12
1088477.6024,40.19,16.69,4.31,17.74
1088477.6342,39.40,15.76,3.70,17.34
1088477.6665,38.52,14.73,3.06,16.91
1088477.6980,37.56,13.67,2.41,16.53
1088477.7297,36.65,12.71,1.80,16.02
1088477.7623,35.68,11.73,1.16,15.44
1088477.7938,34.76,10.82,0.53,14.86
1088477.8253,33.79,9.85,-0.18,14.38
1088477.8571,32.79,8.84,-0.94,13.91
1088477.8895,31.84,7.90,-1.63,13.38
1088477.9217,30.86,6.92,-2.29,12.94
1088477.9533,29.93,6.03,-2.86,12.44
1088477.9853,28.97,5.12,-3.37,11.95
1088478.0169,27.98,4.19,-3.82,11.55
1088478.0482,27.03,3.35,-4.22,11.15
1088478.0799,26.06,2.49,-4.64,10.76
1088478.1123,25.14,1.69,-5.06,10.30
1088478.1442,24.20,0.89,-5.54,9.86
1088478.1766,23.41,0.22,-5.95,9.36
1088478.2081,22.58,-0.46,-6.39,8.95
1088478.2400,21.75,-1.13,-6.78,8.55
1088478.2721,20.96,-1.72,-7.11,8.11
1088478.3047,20.16,-2.28,-7.34,7.74
1088478.3370,19.37,-2.78,-7.44,7.37
1088478.3687,18.59,-3.23,-7.46,7.02
1088478.4003,17.84,-3.63,-7.45,6.71
1088478.4325,17.18,-3.97,-7.45,6.38
1088478.4641,16.57,-4.26,-7.43,6.07
1088478.4957,16.03,-4.51,-7.38,5.78
1088478.5277,15.55,-4.73,-7.30,5.49
1088478.5596,15.10,-4.91,-7.09,5.22
1088478.5915,14.70,-5.06,-6.87,4.95
1088478.6227,14.31,-5.20,-6.68,4.70
1088478.6534,13.93,-5.32,-6.53,4.46
1088478.6845,13.59,-5.44,-6.49,4.24
1088478.7151,13.28,-5.55,-6.48,4.03
1088478.7457,13.00,-5.66,-6.51,3.84
1088478.7771,12.73,-5.76,-6.55,3.67
1088478.8086,12.51,-5.86,-6.61,3.50
1088478.8392,12.35,-5.95,-6.69,3.35
1088478.8697,12.29,-6.01,-6.82,3.20
1088478.9011,12.32,-6.04,-7.02,3.00
1088478.9323,12.39,-6.05,-7.22,2.84
1088478.9634,12.59,-5.99,-7.40,2.61
1088478.9945,12.82,-5.91,-7.53,2.46
1088479.0252,13.15,-5.76,-7.60,2.25
1088479.0564,13.49,-5.57,-7.63,2.15
1088479.0878,13.95,-5.30,-7.60,2.08
1088479.1188,14.52,-4.94,-7.47,2.02
1088479.1503,15.03,-4.57,-7.30,2.13
1088479.1819,15.60,-4.12,-7.04,2.27
1088479.2134,16.16,-3.67,-6.74,2.48
1088479.2439,16.80,-3.16,-6.36,2.76
1088479.2738,17.42,-2.67,-5.95,3.09
1088479.3045,18.10,-2.14,-5.48,3.44
1088479.3360,18.80,-1.58,-4.96,3.77
1088479.3679,19.45,-1.05,-4.48,4.10
1088479.3995,20.13,-0.50,-4.00,4.43
1088479.4314,20.74,0.01,-3.55,4.75
1088479.4623,21.29,0.49,-3.15,5.05
1088479.4932,21.83,0.94,-2.74,5.35
1088479.5240,22.36,1.37,-2.33,5.64
1088479.5564,22.86,1.74,-1.98,5.90
1088479.5870,23.31,2.04,-1.69,6.17
1088479.6559,23.73,2.23,-1.43,6.39
1088479.6793,24.07,2.37,-1.24,6.59
1088479.7201,24.35,2.45,-1.11,6.77
1088479.7554,24.57,2.49,-1.01,6.92
1088479.7958,24.74,2.49,-0.95,7.05
1088479.8273,24.90,2.48,-0.89,7.17
1088479.8502,25.03,2.45,-0.83,7.29
1088479.8950,25.16,2.41,-0.79,7.38
1088479.9271,25.24,2.39,-0.76,7.45
1088479.9530,25.29,2.37,-0.73,7.51
1088479.9762,25.29,2.38,-0.69,7.54
1088480.0077,25.24,2.37,-0.65,7.56
1088480.0397,25.13,2.37,-0.60,7.57
1088480.0723,24.96,2.37,-0.51,7.58
1088480.1043,24.79,2.37,-0.43,7.58
1088480.1358,24.51,2.35,-0.33,7.60
1088480.1681,24.21,2.32,-0.21,7.63
1088480.1997,23.89,2.28,-0.09,7.66
1088480.2316,23.47,2.20,0.04,7.70
1088480.2638,23.06,2.13,0.18,7.73
1088480.2955,22.65,2.06,0.31,7.77
1088480.3266,22.18,1.97,0.42,7.82
1088480.3585,21.67,1.87,0.52,7.86
1088480.3905,21.11,1.75,0.62,7.91
1088480.4227,20.54,1.63,0.72,7.97
1088480.4542,20.04,1.52,0.81,8.07
1088480.4869,19.49,1.40,0.88,8.16
1088480.5192,18.95,1.28,0.94,8.26
1088480.5509,18.45,1.18,0.99,8.37
1088480.5827,17.94,1.08,1.04,8.46
1088480.6147,17.40,0.98,1.10,8.53
1088480.6464,16.92,0.91,1.16,8.59
1088480.6777,16.50,0.84,1.25,8.66
1088480.7105,16.05,0.75,1.33,8.72
1088480.7424,15.62,0.67,1.42,8.73
1088480.7747,15.25,0.58,1.52,8.73
1088480.8067,14.93,0.49,1.66,8.69
1088480.8389,14.67,0.38,1.73,8.66
1088480.8709,14.46,0.28,1.77,8.63
1088480.9032,14.29,0.16,1.79,8.61
1088480.9353,14.14,0.06,1.83,8.56
1088480.9671,13.98,-0.03,1.87,8.49
1088480.9991,13.79,-0.11,1.93,8.39
1088481.0310,13.60,-0.19,1.99,8.29
1088481.0628,13.36,-0.26,2.03,8.17
1088481.0947,13.07,-0.32,2.07,8.02
1088481.1265,12.78,-0.37,2.09,7.87
1088481.1584,12.40,-0.41,2.12,7.66
1088481.1904,12.00,-0.44,2.15,7.44
1088481.2223,11.45,-0.48,2.21,7.17
1088481.2545,10.80,-0.46,2.44,6.88
1088481.2858,10.16,-0.49,2.61,6.61
1088481.3181,9.48,-0.56,2.74,6.39
1088481.3337,8.78,-0.63,2.88,6.18
1088481.3653,7.99,-0.63,3.13,5.90
1088481.3968,7.12,-0.62,3.35,5.61
1088481.4290,6.36,-0.67,3.43,5.49
1088481.4602,5.50,-0.63,3.66,5.22
1088481.4926,4.70,-0.59,3.90,5.02
1088481.5241,3.92,-0.54,4.16,4.79
1088481.5558,3.23,-0.53,4.39,4.54
1088481.5881,2.61,-0.53,4.58,4.37
1088481.6206,2.01,-0.57,4.75,4.22
1088481.6521,1.43,-0.61,4.95,4.09
1088481.6839,0.90,-0.72,5.07,4.00
1088481.7162,0.37,-0.88,5.24,3.95
1088481.7486,-0.14,-1.09,5.42,3.96
1088481.7807,-0.61,-1.34,5.61,4.00
1088481.8119,-1.03,-1.60,5.80,4.08
1088481.8443,-1.39,-1.85,5.99,4.18
1088481.8687,-1.69,-2.08,6.18,4.29
1088481.9096,-1.93,-2.29,6.36,4.43
1088481.9442,-2.08,-2.48,6.46,4.60
1088481.9756,-2.15,-2.65,6.48,4.79
1088482.0080,-2.22,-2.79,6.54,4.99
1088482.0392,-2.27,-2.89,6.64,5.16
1088482.0711,-2.22,-2.97,6.67,5.36
1088482.1031,-2.13,-3.01,6.72,5.55
1088482.1346,-2.00,-3.04,6.71,5.75
1088482.1668,-1.86,-3.02,6.81,5.95
1088482.1984,-1.66,-2.99,6.89,6.20
1088482.2298,-1.39,-3.02,6.80,6.50
1088482.2621,-1.08,-2.97,6.79,6.78
1088482.2929,-0.72,-2.92,6.73,7.06
1088482.3248,-0.39,-2.88,6.69,7.30
1088482.3574,-0.12,-2.93,6.59,7.49
1088482.3904,0.26,-2.87,6.71,7.62
1088482.4222,0.63,-2.77,6.99,7.66
1088482.4539,0.84,-2.73,7.31,7.65
1088482.4782,1.01,-2.65,7.69,7.51
1088482.5102,1.17,-2.54,8.20,7.41
1088482.5420,1.38,-2.33,8.93,7.25
1088482.5740,1.58,-2.12,9.55,7.08
1088482.6060,1.83,-1.80,10.30,6.84
1088482.6332,1.92,-1.58,10.34,6.58
1088482.6783,2.02,-1.15,10.55,6.24
1088482.7093,2.05,-0.72,10.53,5.84
1088482.7419,2.09,-0.21,10.73,5.41
1088482.7739,2.08,0.26,10.80,4.98
1088482.8063,2.09,0.77,10.98,4.56
1088482.8382,2.09,1.27,11.08,4.16
1088482.8781,2.10,1.75,11.07,3.79
1088482.9101,2.11,2.16,11.02,3.45
1088482.9413,2.20,2.58,10.96,3.14
1088482.9738,2.30,2.97,11.00,2.85
1088483.0057,2.40,3.31,11.07,2.57
1088483.0291,2.51,3.60,11.20,2.31
1088483.0609,2.65,3.83,11.44,2.08
1088483.0861,2.79,3.99,11.69,1.87
1088483.1190,2.93,4.09,11.90,1.68
1088483.1516,3.07,4.17,12.04,1.51
1088483.1832,3.20,4.22,12.08,1.37
1088483.2143,3.32,4.24,12.03,1.25
1088483.2463,3.43,4.25,11.96,1.15
1088483.2783,3.55,4.23,11.83,1.08
1088483.3097,3.68,4.18,11.66,1.03
1088483.3416,3.81,4.12,11.53,0.99
1088483.3738,3.91,4.05,11.46,0.95
1088483.4050,4.00,3.99,11.40,0.90
1088483.4365,4.07,3.94,11.37,0.85
1088483.4687,4.14,3.90,11.33,0.81
1088483.5001,4.21,3.86,11.30,0.77
1088483.5317,4.27,3.84,11.27,0.75
1088483.5643,4.33,3.83,11.21,0.73
1088483.5954,4.41,3.84,11.13,0.71
1088483.6280,4.49,3.86,11.07,0.69
1088483.6597,4.61,3.91,11.08,0.67
1088483.6910,4.69,3.94,11.07,0.67
1088483.7232,4.78,3.99,11.07,0.67
1088483.7546,4.85,4.02,11.02,0.70
1088483.7874,4.94,4.07,11.00,0.70
1088483.8191,4.99,4.10,10.93,0.70
1088483.8508,5.05,4.13,10.84,0.66
1088483.8824,5.08,4.17,10.81,0.62
1088483.9145,5.10,4.20,10.73,0.56
1088483.9461,5.09,4.23,10.72,0.51
1088483.9777,5.07,4.27,10.72,0.46
1088484.0093,5.05,4.33,10.74,0.42
1088484.0416,5.03,4.38,10.76,0.41
1088484.0733,5.01,4.43,10.77,0.42
1088484.1055,4.98,4.50,10.79,0.46
1088484.1378,4.94,4.56,10.80,0.49
1088484.1697,4.89,4.61,10.84,0.52
1088484.2014,4.86,4.68,10.87,0.54
1088484.2335,4.86,4.76,10.87,0.56
1088484.2651,4.81,4.84,10.88,0.58
1088484.2967,4.71,4.87,10.88,0.54
1088484.3286,4.60,4.90,10.89,0.49
1088484.3603,4.48,4.90,10.86,0.41
1088484.3923,4.30,4.88,10.81,0.32
1088484.4236,4.12,4.85,10.75,0.22
1088484.4561,3.90,4.81,10.71,0.14
1088484.4881,3.68,4.76,10.65,0.10
1088484.5201,3.44,4.71,10.59,0.09
1088484.5519,3.18,4.64,10.53,0.06
1088484.5831,2.94,4.56,10.49,0.08
1088484.6146,2.68,4.48,10.44,0.12
1088484.6470,2.40,4.39,10.38,0.17
1088484.6787,2.11,4.30,10.33,0.22
1088484.7110,1.84,4.21,10.29,0.27
1088484.7427,1.63,4.11,10.24,0.31
1088484.7750,1.46,4.01,10.20,0.36
1088484.8145,1.31,3.92,10.18,0.41
1088484.8460,1.20,3.85,10.17,0.45
1088484.8783,1.12,3.78,10.15,0.50
1088484.9055,1.04,3.72,10.16,0.54
1088484.9292,0.99,3.66,10.17,0.57
1088484.9716,0.96,3.59,10.17,0.58
1088485.0036,0.96,3.53,10.18,0.56
1088485.0349,0.96,3.48,10.19,0.52
1088485.0672,0.98,3.42,10.19,0.47
1088485.0988,1.00,3.38,10.18,0.42
1088485.1307,1.02,3.35,10.17,0.38
1088485.1626,1.05,3.33,10.17,0.34
1088485.1946,1.11,3.32,10.17,0.31
1088485.2265,1.18,3.32,10.17,0.30
1088485.2585,1.27,3.33,10.17,0.29
1088485.2904,1.36,3.33,10.16,0.28
1088485.3223,1.46,3.33,10.16,0.28
1088485.3540,1.56,3.34,10.15,0.29
1088485.3858,1.67,3.35,10.14,0.30
1088485.4180,1.77,3.36,10.12,0.31
1088485.4461,1.87,3.37,10.10,0.33
1088485.4786,1.97,3.38,10.07,0.33
1088485.5103,2.09,3.40,10.04,0.33
1088485.5429,2.22,3.40,10.00,0.33
1088485.5750,2.33,3.42,9.98,0.33
1088485.6074,2.44,3.43,9.97,0.33
1088485.6397,2.56,3.44,9.94,0.32
1088485.6716,2.65,3.45,9.90,0.33
1088485.7034,2.76,3.45,9.87,0.33
1088485.7355,2.86,3.46,9.84,0.33
1088485.7671,2.97,3.46,9.81,0.33
1088485.7994,3.09,3.46,9.77,0.33
1088485.8301,3.21,3.47,9.74,0.35
1088485.8625,3.33,3.46,9.69,0.36
1088485.8949,3.48,3.45,9.62,0.38
1088485.9267,3.61,3.42,9.56,0.40
1088485.9589,3.75,3.38,9.48,0.41
1088485.9912,3.87,3.36,9.45,0.45
1088486.0230,3.98,3.29,9.37,0.47
1088486.0624,4.11,3.21,9.25,0.49
1088486.0928,4.23,3.11,9.13,0.51
1088486.1245,4.36,3.01,9.03,0.59
1088486.1488,4.48,2.90,8.92,0.70
1088486.1807,4.57,2.71,8.69,0.79
1088486.2122,4.69,2.56,8.49,0.97
1088486.2449,4.80,2.37,8.21,1.17
1088486.2766,4.92,2.19,7.92,1.36
1088486.3089,5.04,1.98,7.56,1.56
1088486.3410,5.15,1.77,7.18,1.74
1088486.3728,5.24,1.43,6.50,1.95
1088486.4048,5.35,1.11,5.85,2.14
1088486.4373,5.48,0.77,5.18,2.34
1088486.4684,5.63,0.41,4.48,2.60
1088486.5006,5.80,0.07,3.81,2.90
1088486.5326,5.98,-0.27,3.04,3.24
1088486.5643,6.12,-0.59,2.25,3.55
1088486.5959,6.16,-0.92,1.38,3.83
1088486.6285,6.17,-1.21,0.67,4.06
1088486.6611,6.08,-1.47,0.09,4.20
1088486.6927,5.96,-1.69,-0.22,4.26
1088486.7246,5.81,-1.89,-0.49,4.25
1088486.7563,5.61,-2.07,-0.62,4.19
1088486.7882,5.38,-2.24,-0.78,4.14
1088486.8202,5.17,-2.41,-1.03,4.17
1088486.8521,4.95,-2.60,-1.31,4.22
1088486.8843,4.72,-2.78,-1.56,4.35
1088486.9158,4.44,-2.96,-1.74,4.47
1088486.9483,4.11,-3.11,-1.78,4.56
1088486.9803,3.77,-3.25,-1.82,4.64
1088487.0124,3.39,-3.36,-1.72,4.66
1088487.0445,3.05,-3.46,-1.63,4.68
1088487.0769,2.68,-3.55,-1.46,4.69
1088487.1090,2.30,-3.63,-1.22,4.70
1088487.1407,1.95,-3.69,-1.00,4.77
1088487.1727,1.57,-3.78,-0.88,4.91
1088487.2045,1.19,-3.91,-0.84,5.15
1088487.2368,0.80,-4.04,-0.84,5.41
1088487.2696,0.46,-4.16,-0.85,5.67
1088487.3025,0.16,-4.25,-0.80,5.87
1088487.3349,-0.10,-4.31,-0.72,6.03
1088487.3672,-0.32,-4.37,-0.60,6.11
1088487.3986,-0.50,-4.39,-0.47,6.10
1088487.4305,-0.63,-4.40,-0.34,6.08
1088487.4622,-0.74,-4.40,-0.24,6.03
1088487.4938,-0.82,-4.39,-0.17,5.99
1088487.5266,-0.87,-4.39,-0.14,5.96
1088487.5593,-0.86,-4.38,-0.08,5.93
1088487.5913,-0.83,-4.37,-0.04,5.92
1088487.6233,-0.79,-4.36,0.01,5.95
1088487.6553,-0.76,-4.35,0.06,5.99
1088487.6877,-0.76,-4.35,0.13,6.08
1088487.7194,-0.76,-4.34,0.18,6.22
1088487.7510,-0.78,-4.33,0.22,6.36
1088487.7786,-0.76,-4.35,0.30,6.54
1088487.8108,-0.73,-4.36,0.40,6.68
1088487.8429,-0.66,-4.37,0.49,6.79
1088487.8753,-0.54,-4.38,0.53,6.89
1088487.8993,-0.45,-4.42,0.53,6.97
1088487.9294,-0.28,-4.46,0.46,7.03
1088487.9738,-0.07,-4.53,0.36,7.09
1088488.0067,0.12,-4.62,0.32,7.11
1088488.0384,0.29,-4.70,0.32,7.11
1088488.0702,0.45,-4.78,0.43,7.10
1088488.1022,0.63,-4.84,0.56,7.09
1088488.1347,0.79,-4.92,0.69,7.10
1088488.1662,0.96,-5.01,0.74,7.14
1088488.1986,1.11,-5.08,0.78,7.19
1088488.2299,1.27,-5.15,0.69,7.28
1088488.2616,1.40,-5.20,0.63,7.37
1088488.2959,1.53,-5.21,0.62,7.45
1088488.3294,1.67,-5.20,0.68,7.52
1088488.3622,1.81,-5.18,0.76,7.59
1088488.3937,1.93,-5.16,0.84,7.65
1088488.4240,2.05,-5.13,0.88,7.70
1088488.4500,2.16,-5.07,0.88,7.73
1088488.4779,2.27,-4.99,0.87,7.77
1088488.5093,2.35,-4.91,0.85,7.80
1088488.5471,2.44,-4.84,0.83,7.82
1088488.5788,2.50,-4.77,0.81,7.83
1088488.6021,2.59,-4.72,0.79,7.83
1088488.6429,2.67,-4.68,0.73,7.80
1088488.6748,2.75,-4.65,0.68,7.77
1088488.7069,2.80,-4.63,0.65,7.73
1088488.7387,2.85,-4.62,0.63,7.68
1088488.7628,2.86,-4.62,0.63,7.62
1088488.7950,2.86,-4.62,0.63,7.57
1088488.8272,2.86,-4.62,0.63,7.52
1088488.8593,2.85,-4.62,0.62,7.48
1088488.8918,2.82,-4.63,0.61,7.43
1088488.9238,2.80,-4.62,0.60,7.37
1088488.9560,2.78,-4.63,0.58,7.32
1088488.9791,2.76,-4.63,0.58,7.26
1088489.0117,2.74,-4.63,0.57,7.20
1088489.0435,2.70,-4.62,0.58,7.11
1088489.0757,2.63,-4.62,0.59,7.03
1088489.1079,2.54,-4.60,0.62,6.92
1088489.1408,2.41,-4.57,0.69,6.79
1088489.1727,2.27,-4.55,0.78,6.67
1088489.2050,2.12,-4.50,0.90,6.52
1088489.2370,1.94,-4.46,1.04,6.40
1088489.2694,1.76,-4.40,1.17,6.28
1088489.3009,1.56,-4.35,1.31,6.19
1088489.3329,1.35,-4.29,1.43,6.11
1088489.3648,1.13,-4.22,1.57,6.05
1088489.3805,0.92,-4.16,1.71,6.00
1088489.4126,0.72,-4.10,1.87,5.97
1088489.4445,0.56,-4.04,2.00,5.94
1088489.4765,0.39,-3.99,2.13,5.92
1088489.5085,0.24,-3.93,2.26,5.89
1088489.5406,0.10,-3.88,2.37,5.87
1088489.5724,-0.02,-3.83,2.46,5.86
1088489.6043,-0.12,-3.77,2.53,5.84
1088489.6364,-0.20,-3.70,2.59,5.82
1088489.6691,-0.27,-3.62,2.64,5.80
1088489.7011,-0.31,-3.54,2.68,5.77
1088489.7327,-0.33,-3.47,2.71,5.76
1088489.7646,-0.33,-3.38,2.72,5.75
1088489.7960,-0.30,-3.31,2.72,5.73
1088489.8271,-0.27,-3.23,2.70,5.71
1088489.8586,-0.23,-3.16,2.69,5.69
1088489.8904,-0.18,-3.10,2.68,5.69
1088489.9225,-0.13,-3.06,2.68,5.69
1088489.9544,-0.09,-3.02,2.69,5.68
1088489.9865,-0.07,-3.02,2.69,5.67
1088490.0178,-0.05,-3.05,2.70,5.66
1088490.0496,-0.04,-3.08,2.71,5.64
1088490.0814,-0.04,-3.12,2.72,5.62
1088490.1131,-0.05,-3.19,2.73,5.60
1088490.1455,-0.07,-3.25,2.74,5.58
1088490.1638,-0.09,-3.31,2.75,5.56
1088490.2089,-0.11,-3.37,2.77,5.54
1088490.2401,-0.09,-3.42,2.77,5.51
1088490.2717,-0.06,-3.46,2.77,5.49
1088490.3038,-0.03,-3.50,2.75,5.47
1088490.3354,0.03,-3.54,2.73,5.45
1088490.3672,0.08,-3.58,2.70,5.42
1088490.3989,0.14,-3.62,2.68,5.40
1088490.4304,0.23,-3.66,2.65,5.36
1088490.4627,0.32,-3.70,2.61,5.33
1088490.4947,0.40,-3.74,2.57,5.30
1088490.5269,0.51,-3.79,2.50,5.26
1088490.5586,0.60,-3.87,2.43,5.24
1088490.5908,0.67,-3.95,2.38,5.22
1088490.6223,0.74,-4.02,2.35,5.19
1088490.6542,0.81,-4.08,2.37,5.14
1088490.6861,0.85,-4.15,2.43,5.07
1088490.7177,0.88,-4.21,2.50,5.01
1088490.7481,0.92,-4.27,2.54,4.97
1088490.7823,0.98,-4.33,2.57,4.93
1088490.8086,1.05,-4.37,2.59,4.91
1088490.8442,1.13,-4.39,2.60,4.90
1088490.8762,1.22,-4.40,2.61,4.91
1088490.8968,1.31,-4.41,2.59,4.93
1088490.9291,1.42,-4.39,2.49,4.95
1088490.9623,1.53,-4.36,2.36,4.99
1088490.9950,1.61,-4.34,2.19,5.03
1088491.0269,1.70,-4.30,2.03,5.04
1088491.0590,1.77,-4.24,1.89,5.02
1088491.0915,1.85,-4.22,1.76,4.96
1088491.1230,1.89,-4.18,1.70,4.84
1088491.1552,1.90,-4.14,1.70,4.68
1088491.1870,1.89,-4.15,1.51,4.53
1088491.2190,1.86,-4.15,1.35,4.42
1088491.2507,1.81,-4.17,1.17,4.37
1088491.2827,1.74,-4.17,1.06,4.37
1088491.3149,1.55,-4.23,0.83,4.40
1088491.3453,1.33,-4.28,0.74,4.45
1088491.3770,1.08,-4.33,0.66,4.49
1088491.4093,0.80,-4.38,0.74,4.51
1088491.4418,0.50,-4.42,0.88,4.50
1088491.4742,0.22,-4.46,0.97,4.52
1088491.5046,-0.06,-4.51,1.08,4.56
1088491.5286,-0.31,-4.56,1.15,4.61
1088491.5600,-0.58,-4.61,1.21,4.68
1088491.5916,-0.84,-4.64,1.24,4.76
1088491.6234,-1.09,-4.66,1.29,4.84
1088491.6467,-1.32,-4.67,1.34,4.91
1088491.6871,-1.56,-4.67,1.40,4.95
1088491.7115,-1.78,-4.66,1.46,4.97
1088491.7433,-1.99,-4.63,1.53,4.98
1088491.7754,-2.21,-4.61,1.60,4.96
1088491.8066,-2.38,-4.59,1.63,4.93
1088491.8375,-2.53,-4.57,1.66,4.93
1088491.8779,-2.67,-4.55,1.70,4.93
1088491.9094,-2.82,-4.53,1.74,4.93
1088491.9414,-2.95,-4.50,1.79,4.94
1088491.9735,-3.06,-4.48,1.85,4.95
1088492.0054,-3.15,-4.44,1.91,4.97
1088492.0294,-3.21,-4.41,1.97,5.00
1088492.0611,-3.26,-4.37,2.03,5.03
1088492.0927,-3.28,-4.32,2.07,5.08
1088492.1285,-3.28,-4.26,2.10,5.12
1088492.1613,-3.27,-4.22,2.13,5.17
1088492.1936,-3.24,-4.17,2.17,5.22
