timestamp_s,flexion,abduction,ext_rot,elbow
10041.8038,-4.63,9.61,-2.38,3.97
10041.8195,-4.62,9.58,-2.37,3.97
10041.8555,-4.61,9.55,-2.36,3.97
10041.8900,-4.61,9.53,-2.35,3.96
10041.9158,-4.60,9.50,-2.34,3.96
10041.9536,-4.60,9.47,-2.32,3.96
10041.9753,-4.59,9.45,-2.30,3.95
10042.0050,-4.59,9.43,-2.29,3.95
10042.0454,-4.59,9.41,-2.28,3.94
10042.0782,-4.58,9.39,-2.28,3.93
10042.1016,-4.58,9.37,-2.27,3.92
10042.1438,-4.58,9.35,-2.26,3.92
10042.1670,-4.57,9.33,-2.25,3.91
10042.1965,-4.57,9.32,-2.25,3.90
10042.2256,-4.57,9.31,-2.24,3.89
10042.2610,-4.58,9.31,-2.24,3.89
10042.2936,-4.58,9.30,-2.24,3.88
10042.3246,-4.58,9.30,-2.24,3.88
10042.3586,-4.58,9.30,-2.23,3.88
10042.3915,-4.59,9.30,-2.22,3.88
10042.4250,-4.60,9.31,-2.22,3.88
10042.4587,-4.60,9.31,-2.22,3.88
10042.4909,-4.61,9.31,-2.22,3.88
10042.5241,-4.62,9.31,-2.22,3.88
10042.5584,-4.64,9.30,-2.22,3.88
10042.5916,-4.66,9.30,-2.23,3.88
10042.6251,-4.67,9.30,-2.23,3.88
10042.6503,-4.69,9.30,-2.23,3.88
10042.6904,-4.72,9.31,-2.24,3.88
10042.7235,-4.74,9.32,-2.24,3.89
10042.7548,-4.76,9.33,-2.25,3.89
10042.7863,-4.79,9.35,-2.26,3.89
10042.8195,-4.82,9.37,-2.27,3.89
10042.8587,-4.85,9.40,-2.28,3.90
10042.8909,-4.89,9.43,-2.29,3.91
10042.9239,-4.93,9.47,-2.30,3.92
10042.9562,-4.96,9.50,-2.32,3.93
10042.9899,-5.00,9.54,-2.33,3.94
10043.0215,-5.03,9.57,-2.34,3.95
10043.0547,-5.07,9.61,-2.34,3.96
10043.0860,-5.11,9.64,-2.34,3.97
10043.1257,-5.15,9.67,-2.35,3.99
10043.1512,-5.19,9.70,-2.35,4.00
10043.1919,-5.24,9.72,-2.36,4.01
10043.2153,-5.29,9.74,-2.37,4.03
10043.2464,-5.33,9.76,-2.37,4.04
10043.2777,-5.38,9.77,-2.38,4.05
10043.3093,-5.42,9.78,-2.38,4.06
10043.3407,-5.46,9.79,-2.38,4.07
10043.3730,-5.51,9.80,-2.38,4.08
10043.4079,-5.55,9.81,-2.38,4.09
10043.4398,-5.59,9.81,-2.38,4.10
10043.4723,-5.63,9.81,-2.38,4.11
10043.5040,-5.67,9.81,-2.38,4.12
10043.5350,-5.71,9.81,-2.38,4.13
10043.5670,-5.74,9.81,-2.37,4.14
10043.5992,-5.78,9.81,-2.37,4.14
10043.6379,-5.80,9.80,-2.37,4.15
10043.6640,-5.83,9.80,-2.37,4.16
10043.6950,-5.85,9.80,-2.36,4.16
10043.7283,-5.86,9.80,-2.36,4.17
10043.7606,-5.87,9.79,-2.35,4.17
10043.7971,-5.88,9.79,-2.36,4.18
10043.8303,-5.89,9.79,-2.37,4.18
10043.8621,-5.89,9.78,-2.38,4.18
10043.8936,-5.90,9.76,-2.38,4.18
10043.9335,-5.92,9.75,-2.38,4.18
10043.9645,-5.94,9.75,-2.37,4.17
10043.9957,-6.00,9.74,-2.30,4.16
10044.0298,-6.10,9.73,-2.17,4.18
10044.0615,-6.22,9.71,-2.02,4.18
10044.0926,-6.41,9.69,-1.79,4.20
10044.1240,-6.67,9.65,-1.50,4.23
10044.1554,-6.94,9.60,-1.22,4.26
10044.1768,-7.22,9.54,-0.92,4.28
10044.2202,-7.62,9.45,-0.50,4.35
10044.2526,-8.02,9.35,-0.06,4.37
10044.2848,-8.41,9.24,0.38,4.37
10044.3060,-8.88,9.16,0.92,4.37
10044.3393,-9.38,9.09,1.46,4.36
10044.3768,-9.99,9.08,2.07,4.37
10044.4086,-10.73,9.14,2.73,4.41
10044.4410,-11.50,9.22,3.35,4.47
10044.4728,-12.44,9.38,4.00,4.58
10044.5047,-13.39,9.56,4.61,4.70
10044.5367,-14.50,9.81,5.18,4.86
10044.5697,-15.76,10.11,5.73,5.08
10044.6016,-17.10,10.45,6.25,5.36
10044.6347,-18.39,10.78,6.71,5.59
10044.6748,-19.74,11.14,7.15,5.83
10044.6986,-21.00,11.49,7.53,6.03
10044.7308,-22.29,11.86,7.87,6.27
10044.7628,-23.58,12.24,8.16,6.50
10044.7947,-24.78,12.61,8.40,6.66
10044.8268,-25.92,12.96,8.62,6.83
10044.8589,-26.95,13.26,8.80,6.95
10044.8904,-27.87,13.52,8.97,7.06
10044.9249,-28.65,13.71,9.13,7.15
10044.9573,-29.29,13.85,9.24,7.22
10044.9891,-29.73,13.93,9.28,7.23
10045.0202,-30.05,13.96,9.28,7.24
10045.0361,-30.24,13.95,9.26,7.23
10045.0830,-30.17,13.82,9.21,7.17
10045.1157,-30.00,13.66,9.15,7.15
10045.1484,-29.65,13.42,9.02,7.10
10045.1806,-29.11,13.16,8.74,7.00
10045.2135,-28.50,12.90,8.44,6.90
10045.2447,-27.71,12.61,8.06,6.75
10045.2768,-26.88,12.31,7.71,6.63
10045.3087,-25.89,11.94,7.29,6.53
10045.3406,-24.72,11.55,6.79,6.43
10045.3729,-23.56,11.18,6.30,6.34
10045.4049,-22.28,10.83,5.72,6.21
10045.4369,-21.00,10.49,5.21,6.09
10045.4730,-19.57,10.16,4.73,5.92
10045.5048,-18.04,9.85,4.18,5.76
10045.5371,-16.58,9.59,3.65,5.58
10045.5686,-15.02,9.38,3.05,5.40
10045.6002,-13.54,9.21,2.45,5.19
10045.6326,-11.94,9.10,1.82,4.97
10045.6755,-10.22,9.07,1.18,4.73
10045.7068,-8.40,9.10,0.58,4.48
10045.7269,-6.67,9.15,0.07,4.29
10045.7586,-4.89,9.28,-0.44,4.08
10045.7917,-3.19,9.44,-0.91,3.79
10045.8250,-1.42,9.65,-1.36,3.56
10045.8568,0.27,9.87,-1.76,3.22
10045.8840,1.99,10.12,-2.16,2.95
10045.9175,3.59,10.35,-2.51,2.56
10045.9595,5.15,10.60,-2.88,2.14
10045.9919,6.63,10.81,-3.23,1.71
10046.0235,7.94,10.97,-3.53,1.31
10046.0560,9.05,11.08,-3.77,0.93
10046.0917,9.93,11.12,-3.89,0.65
10046.1244,10.53,11.10,-3.88,0.64
10046.1564,10.94,11.00,-3.79,0.90
10046.1900,11.03,10.81,-3.55,1.30
10046.2215,10.97,10.56,-3.24,1.65
10046.2535,10.55,10.19,-2.75,2.04
10046.2850,9.80,9.74,-2.10,2.63
10046.3092,8.94,9.29,-1.43,3.24
10046.3408,7.73,8.78,-0.65,3.93
10046.3724,6.45,8.28,0.13,4.44
10046.4048,4.85,7.80,1.11,5.16
10046.4372,3.20,7.38,2.15,5.67
10046.4691,1.24,7.03,3.39,6.40
10046.5017,-0.98,6.79,4.76,7.12
10046.5341,-3.16,6.61,6.03,7.62
10046.5578,-5.31,6.51,7.21,8.10
10046.5892,-7.78,6.59,8.33,8.81
10046.6212,-10.20,6.74,9.26,9.33
10046.6614,-13.21,7.18,9.97,10.13
10046.6933,-16.10,7.65,10.52,10.85
10046.7256,-19.17,8.24,11.01,11.62
10046.7581,-22.42,8.94,11.42,12.46
10046.7931,-25.50,9.68,11.74,13.11
10046.8246,-28.69,10.53,12.05,13.89
10046.8587,-31.70,11.44,12.33,14.46
10046.8907,-34.80,12.48,12.61,15.05
10046.9245,-37.93,13.67,12.89,15.71
10046.9562,-40.85,14.89,13.14,16.19
10046.9889,-43.78,16.29,13.38,16.72
10047.0208,-46.67,17.82,13.67,17.20
10047.0531,-49.34,19.43,13.92,17.53
10047.0920,-51.96,21.23,14.20,17.83
10047.1327,-54.54,23.24,14.46,18.07
10047.1637,-57.05,25.38,14.73,18.32
10047.1961,-59.36,27.59,14.98,18.42
10047.2328,-61.60,29.91,15.26,18.48
10047.2648,-63.77,32.41,15.57,18.52
10047.2969,-65.88,35.09,15.89,18.49
10047.3319,-67.80,37.78,16.20,18.36
10047.3643,-69.62,40.53,16.53,18.23
10047.3959,-71.28,43.24,16.86,18.06
10047.4277,-72.82,45.97,17.21,17.86
10047.4592,-74.19,48.54,17.55,17.62
10047.4896,-75.44,51.02,17.91,17.39
10047.5216,-76.53,53.29,18.24,17.13
10047.5551,-77.46,55.33,18.56,16.88
10047.5870,-78.22,57.05,18.80,16.60
10047.6192,-78.77,58.34,19.02,16.33
10047.6508,-79.19,59.32,19.19,16.08
10047.6930,-79.31,59.63,19.27,15.83
10047.7305,-79.33,59.69,19.31,15.63
10047.7628,-79.15,59.31,19.28,15.42
10047.8044,-78.80,58.53,19.16,15.22
10047.8361,-78.29,57.46,18.92,15.04
10047.8678,-77.74,56.27,18.67,14.88
10047.8998,-77.03,54.80,18.31,14.73
10047.9316,-76.29,53.32,17.95,14.61
10047.9633,-75.41,51.67,17.54,14.51
10047.9948,-74.41,49.90,17.04,14.42
10048.0268,-73.41,48.23,16.55,14.35
10048.0602,-72.26,46.40,16.03,14.29
10048.0927,-71.12,44.63,15.54,14.25
10048.1249,-69.96,42.92,15.06,14.20
10048.1570,-68.65,41.11,14.56,14.14
10048.1889,-67.17,39.23,14.02,14.05
10048.2204,-65.54,37.26,13.45,13.96
10048.2520,-63.94,35.39,12.93,13.87
10048.2841,-62.20,33.52,12.37,13.77
10048.3157,-60.29,31.61,11.81,13.66
10048.3469,-58.46,29.91,11.30,13.56
10048.3794,-56.48,28.20,10.78,13.43
10048.4109,-54.57,26.66,10.33,13.30
10048.4269,-52.75,25.28,9.93,13.17
10048.4588,-50.82,23.94,9.55,13.03
10048.4902,-48.96,22.72,9.22,12.89
10048.5219,-47.01,21.58,8.89,12.73
10048.5546,-45.15,20.56,8.59,12.57
10048.5869,-43.21,19.61,8.23,12.39
10048.6186,-41.17,18.74,7.80,12.17
10048.6546,-39.06,17.94,7.33,11.96
10048.6795,-37.08,17.21,6.93,11.72
10048.7118,-35.02,16.50,6.53,11.50
10048.7448,-33.07,15.87,6.16,11.23
10048.7814,-31.04,15.28,5.75,10.94
10048.8129,-29.12,14.74,5.36,10.65
10048.8445,-27.11,14.22,4.90,10.36
10048.8778,-25.05,13.76,4.32,10.04
10048.9104,-23.11,13.34,3.79,9.76
10048.9443,-21.28,12.97,3.30,9.38
10048.9774,-19.25,12.62,2.71,9.02
10049.0092,-17.36,12.32,2.11,8.64
10049.0401,-15.58,12.08,1.53,8.25
10049.0721,-13.61,11.87,0.78,7.87
10049.1047,-11.73,11.67,0.13,7.45
10049.1371,-9.82,11.50,-0.46,7.09
10049.1687,-8.02,11.37,-0.99,6.67
10049.2003,-6.35,11.28,-1.48,6.18
10049.2249,-4.77,11.22,-1.94,5.70
10049.2591,-3.16,11.22,-2.39,5.21
10049.2922,-1.78,11.24,-2.75,4.70
10049.3228,-0.24,11.36,-3.14,4.22
10049.3563,1.28,11.56,-3.52,3.73
10049.3802,2.69,11.79,-3.86,3.25
10049.4227,4.10,12.09,-4.18,2.76
10049.4547,5.41,12.40,-4.45,2.29
10049.4869,6.78,12.75,-4.72,1.83
10049.5198,8.10,13.10,-4.97,1.36
10049.5455,9.29,13.41,-5.20,0.91
10049.5747,10.41,13.72,-5.43,0.53
10049.6066,11.40,13.99,-5.63,0.50
10049.6311,12.28,14.24,-5.80,0.85
10049.6619,13.06,14.48,-5.96,1.32
10049.7000,13.73,14.72,-6.10,1.81
10049.7248,14.30,14.93,-6.23,2.28
10049.7588,14.76,15.13,-6.32,2.73
10049.7903,15.11,15.30,-6.38,3.14
10049.8218,15.35,15.42,-6.40,3.54
10049.8536,15.45,15.48,-6.36,3.90
10049.8856,15.48,15.50,-6.31,4.24
10049.9179,15.38,15.44,-6.20,4.56
10049.9587,15.16,15.28,-6.03,4.85
10049.9903,14.90,15.10,-5.85,5.11
10050.0223,14.51,14.82,-5.64,5.37
10050.0546,14.01,14.49,-5.38,5.61
10050.0917,13.42,14.13,-5.05,5.84
10050.1252,12.81,13.77,-4.72,6.05
10050.1565,12.19,13.42,-4.41,6.25
10050.1911,11.30,13.04,-3.98,6.61
10050.2244,10.39,12.68,-3.56,6.88
10050.2567,9.35,12.31,-3.06,7.20
10050.2923,8.32,11.97,-2.57,7.51
10050.3243,7.14,11.64,-2.00,7.85
10050.3558,5.85,11.30,-1.37,8.20
10050.3898,4.59,10.99,-0.78,8.52
10050.4216,3.22,10.68,-0.11,8.86
10050.4537,1.74,10.40,0.65,9.22
10050.4856,0.30,10.14,1.36,9.51
10050.5171,-1.26,9.93,2.18,9.91
10050.5417,-2.77,9.78,2.97,10.14
10050.5752,-4.41,9.71,3.75,10.46
10050.6067,-6.01,9.68,4.46,10.61
10050.6394,-7.74,9.73,5.19,10.76
10050.6703,-9.59,9.86,5.90,11.02
10050.7042,-11.39,10.02,6.51,11.13
10050.7364,-13.32,10.23,7.09,11.38
10050.7584,-15.16,10.45,7.61,11.59
10050.7902,-17.13,10.72,8.15,11.85
10050.8220,-19.01,10.99,8.67,11.99
10050.8609,-21.00,11.29,9.17,12.17
10050.8929,-22.88,11.59,9.61,12.33
10050.9245,-24.88,11.93,10.01,12.55
10050.9635,-26.96,12.28,10.38,12.80
10050.9948,-29.08,12.67,10.71,13.08
10051.0256,-31.08,13.06,11.00,13.31
10051.0577,-33.10,13.46,11.34,13.58
10051.0896,-35.14,13.90,11.69,13.91
10051.1213,-37.04,14.34,12.02,14.14
10051.1557,-38.97,14.82,12.32,14.42
10051.1939,-40.91,15.36,12.59,14.71
10051.2330,-42.85,15.95,12.86,14.96
10051.2683,-44.63,16.55,13.11,15.09
10051.3024,-46.40,17.24,13.38,15.19
10051.3351,-48.15,17.99,13.67,15.30
10051.3726,-49.84,18.82,13.95,15.36
10051.4049,-51.40,19.66,14.21,15.33
10051.4372,-52.91,20.58,14.45,15.30
10051.4598,-54.29,21.50,14.68,15.23
10051.4918,-55.64,22.50,14.92,15.19
10051.5232,-56.87,23.48,15.16,15.10
10051.5548,-58.00,24.49,15.36,15.00
10051.5855,-59.13,25.57,15.57,14.91
10051.6170,-60.23,26.69,15.78,14.83
10051.6494,-61.24,27.79,15.97,14.73
10051.6810,-62.23,28.91,16.17,14.63
10051.7127,-63.14,30.01,16.36,14.51
10051.7457,-64.02,31.15,16.55,14.38
10051.7771,-64.86,32.26,16.75,14.25
10051.8129,-65.65,33.36,16.93,14.10
10051.8444,-66.36,34.39,17.09,13.96
10051.8772,-67.03,35.36,17.25,13.81
10051.9087,-67.62,36.26,17.40,13.66
10051.9407,-68.17,37.08,17.53,13.52
10051.9728,-68.65,37.84,17.63,13.39
10052.0049,-69.10,38.52,17.72,13.27
10052.0368,-69.48,39.13,17.80,13.16
10052.0685,-69.81,39.65,17.85,13.06
10052.1009,-70.09,40.08,17.91,12.97
10052.1324,-70.30,40.38,17.96,12.88
10052.1641,-70.44,40.58,18.00,12.81
10052.1960,-70.52,40.67,18.01,12.75
10052.2295,-70.52,40.65,17.99,12.69
10052.2625,-70.51,40.59,17.96,12.63
10052.2939,-70.47,40.49,17.93,12.59
10052.3255,-70.42,40.37,17.90,12.56
10052.3584,-70.36,40.24,17.87,12.53
10052.3905,-70.30,40.10,17.85,12.52
10052.4232,-70.24,39.98,17.81,12.50
10052.4546,-70.18,39.87,17.77,12.48
10052.4862,-70.12,39.77,17.74,12.47
10052.5197,-70.07,39.67,17.72,12.46
10052.5506,-70.02,39.59,17.70,12.46
10052.5834,-69.98,39.52,17.68,12.45
10052.6194,-69.97,39.50,17.66,12.45
10052.6502,-69.97,39.51,17.66,12.45
10052.6828,-69.98,39.54,17.66,12.45
10052.7144,-70.01,39.59,17.67,12.46
10052.7463,-70.04,39.65,17.67,12.47
10052.7786,-70.08,39.73,17.68,12.48
10052.8110,-70.12,39.83,17.69,12.50
10052.8460,-70.16,39.94,17.69,12.51
10052.8769,-70.18,40.04,17.68,12.51
10052.9091,-70.19,40.12,17.67,12.52
10052.9404,-70.19,40.17,17.65,12.52
10052.9719,-70.14,40.17,17.62,12.51
10053.0044,-70.08,40.13,17.57,12.51
10053.0368,-69.94,40.02,17.49,12.48
10053.0687,-69.78,39.87,17.40,12.45
10053.1018,-69.52,39.61,17.26,12.40
10053.1334,-69.23,39.31,17.11,12.33
10053.1669,-68.80,38.86,16.90,12.23
10053.1999,-68.23,38.24,16.67,12.11
10053.2320,-67.52,37.46,16.38,11.99
10053.2640,-66.79,36.64,16.10,11.88
10053.2961,-65.89,35.68,15.75,11.77
10053.3283,-64.85,34.57,15.34,11.67
10053.3603,-63.82,33.50,14.95,11.58
10053.3937,-62.64,32.33,14.57,11.50
10053.4243,-61.35,31.06,14.17,11.42
10053.4557,-60.10,29.89,13.78,11.34
10053.4879,-58.89,28.79,13.41,11.25
10053.5195,-57.55,27.66,12.98,11.13
10053.5509,-56.07,26.54,12.54,11.02
10053.5840,-54.64,25.49,12.13,10.90
10053.6158,-53.02,24.42,11.71,10.78
10053.6480,-51.44,23.44,11.32,10.62
10053.6794,-49.71,22.45,10.94,10.47
10053.7110,-47.86,21.46,10.57,10.35
10053.7448,-45.90,20.46,10.21,10.23
10053.7768,-44.05,19.54,9.89,10.12
10053.8101,-42.11,18.63,9.51,10.03
10053.8421,-40.29,17.83,9.09,9.93
10053.8760,-38.38,17.06,8.51,9.82
10053.9097,-36.41,16.37,7.81,9.69
10053.9469,-34.56,15.72,7.17,9.50
10053.9789,-32.64,15.05,6.56,9.32
10054.0103,-30.86,14.44,6.03,9.14
10054.0489,-28.94,13.79,5.52,9.03
10054.0812,-27.18,13.22,5.06,8.89
10054.1130,-25.44,12.72,4.53,8.72
10054.1538,-23.74,12.29,3.90,8.49
10054.1935,-22.06,11.86,3.23,8.25
10054.2248,-20.52,11.45,2.63,8.00
10054.2584,-19.03,11.02,2.07,7.73
10054.2907,-17.60,10.56,1.56,7.43
10054.3221,-16.33,10.13,1.11,7.12
10054.3542,-15.16,9.71,0.68,6.80
10054.3857,-14.07,9.34,0.26,6.50
10054.4178,-13.11,9.02,-0.12,6.23
10054.4497,-12.23,8.77,-0.46,5.99
10054.4817,-11.44,8.58,-0.76,5.77
10054.5150,-10.69,8.44,-1.02,5.58
10054.5458,-10.03,8.32,-1.20,5.42
10054.5803,-9.44,8.22,-1.30,5.30
10054.6122,-8.93,8.14,-1.41,5.22
10054.6435,-8.50,8.08,-1.51,5.19
10054.6747,-8.13,8.01,-1.59,5.21
10054.7079,-7.81,7.94,-1.63,5.26
10054.7250,-7.54,7.88,-1.66,5.31
10054.7586,-7.31,7.81,-1.68,5.38
10054.7912,-7.12,7.74,-1.69,5.44
10054.8232,-6.96,7.68,-1.67,5.51
10054.8639,-6.83,7.61,-1.66,5.58
10054.8840,-6.72,7.55,-1.64,5.65
10054.9248,-6.63,7.47,-1.61,5.70
10054.9565,-6.55,7.41,-1.58,5.74
10054.9887,-6.47,7.34,-1.55,5.77
10055.0207,-6.41,7.28,-1.51,5.80
10055.0544,-6.37,7.22,-1.48,5.82
10055.0864,-6.34,7.15,-1.45,5.85
10055.1199,-6.32,7.09,-1.42,5.88
10055.1522,-6.30,7.04,-1.38,5.91
10055.1856,-6.29,7.00,-1.34,5.94
10055.2196,-6.29,6.96,-1.30,5.96
10055.2518,-6.28,6.94,-1.28,5.99
10055.2711,-6.28,6.92,-1.26,6.01
10055.3090,-6.28,6.90,-1.24,6.03
10055.3409,-6.27,6.89,-1.22,6.05
10055.3720,-6.26,6.88,-1.22,6.07
10055.4047,-6.25,6.86,-1.21,6.08
10055.4367,-6.22,6.85,-1.21,6.10
10055.4687,-6.20,6.85,-1.21,6.11
10055.4920,-6.18,6.84,-1.21,6.11
10055.5234,-6.15,6.83,-1.21,6.12
10055.5547,-6.14,6.83,-1.21,6.12
10055.5865,-6.14,6.83,-1.21,6.13
10055.6248,-6.17,6.84,-1.21,6.14
10055.6569,-6.22,6.84,-1.21,6.16
10055.6919,-6.27,6.86,-1.21,6.18
10055.7093,-6.31,6.90,-1.20,6.18
10055.7402,-6.32,6.95,-1.19,6.14
10055.7731,-6.32,7.04,-1.10,6.05
10055.8052,-6.38,7.11,-0.83,5.98
10055.8376,-6.49,7.19,-0.51,5.94
10055.8698,-6.79,7.34,-0.12,5.92
10055.9011,-7.17,7.51,0.26,5.91
10055.9346,-7.80,7.75,0.73,5.92
10055.9589,-8.48,8.01,1.21,5.94
10055.9910,-9.35,8.35,1.77,6.04
10056.0235,-10.26,8.71,2.33,6.01
10056.0547,-11.41,9.11,3.02,6.04
10056.0845,-12.83,9.53,3.85,6.20
10056.1206,-14.29,9.93,4.64,6.40
10056.1530,-16.05,10.39,5.42,6.70
10056.1844,-18.04,10.91,6.07,7.08
10056.2168,-19.98,11.42,6.63,7.42
10056.2483,-22.13,11.96,7.21,7.84
10056.2800,-24.22,12.48,7.78,8.24
10056.3123,-26.53,13.04,8.44,8.78
10056.3446,-29.04,13.67,9.10,9.49
10056.3759,-31.45,14.29,9.66,10.08
10056.4098,-34.03,15.03,10.12,10.79
10056.4417,-36.49,15.78,10.52,11.33
10056.4741,-39.09,16.64,10.94,11.89
10056.5062,-41.78,17.60,11.40,12.47
10056.5399,-44.29,18.57,11.86,12.98
10056.5717,-46.87,19.66,12.33,13.49
10056.6097,-49.49,20.90,12.80,14.06
10056.6414,-51.91,22.18,13.23,14.46
10056.6725,-54.35,23.63,13.66,14.84
10056.7041,-56.75,25.20,14.19,15.24
10056.7485,-59.10,27.00,14.77,15.54
10056.7800,-61.24,28.88,15.32,15.76
10056.8120,-63.30,30.82,15.89,15.95
10056.8437,-65.18,32.75,16.42,16.07
10056.8746,-66.97,34.75,16.95,16.19
10056.9065,-68.69,36.90,17.48,16.24
10056.9389,-70.22,38.97,17.98,16.22
10056.9702,-71.69,41.18,18.48,16.12
10057.0029,-73.02,43.35,18.94,15.99
10057.0350,-74.23,45.53,19.35,15.81
10057.0679,-75.33,47.62,19.73,15.63
10057.1019,-76.35,49.69,20.07,15.44
10057.1352,-77.26,51.65,20.39,15.25
10057.1666,-78.09,53.54,20.70,15.06
10057.2046,-78.82,55.30,21.00,14.87
10057.2356,-79.47,56.91,21.25,14.69
10057.2678,-80.01,58.30,21.48,14.51
10057.3002,-80.47,59.49,21.66,14.34
10057.3324,-80.83,60.46,21.81,14.17
10057.3718,-81.09,61.18,21.93,14.01
10057.4035,-81.25,61.64,22.00,13.85
10057.4345,-81.36,61.93,22.05,13.70
10057.4663,-81.31,61.85,22.01,13.53
10057.4987,-81.21,61.64,21.95,13.39
10057.5304,-80.99,61.12,21.84,13.25
10057.5635,-80.63,60.28,21.66,13.09
10057.6014,-80.13,59.12,21.41,12.92
10057.6347,-79.59,57.93,21.14,12.78
10057.6664,-78.89,56.39,20.83,12.63
10057.7000,-78.05,54.60,20.45,12.50
10057.7323,-77.19,52.85,20.06,12.41
10057.7640,-76.20,50.97,19.59,12.29
10057.7957,-75.22,49.23,19.14,12.20
10057.8272,-74.10,47.35,18.65,12.11
10057.8592,-73.00,45.60,18.19,12.03
10057.8909,-71.72,43.70,17.72,11.93
10057.9224,-70.30,41.72,17.22,11.80
10057.9623,-68.75,39.72,16.73,11.68
10057.9940,-67.24,37.88,16.28,11.59
10058.0261,-65.62,36.03,15.80,11.48
10058.0582,-64.07,34.38,15.36,11.37
10058.0907,-62.58,32.86,14.95,11.25
10058.1224,-60.96,31.33,14.56,11.11
10058.1554,-59.24,29.83,14.18,10.92
10058.1865,-57.43,28.35,13.84,10.69
10058.2218,-55.53,26.87,13.53,10.46
10058.2546,-53.74,25.55,13.24,10.23
10058.2705,-52.04,24.36,12.99,10.01
10058.3024,-50.23,23.18,12.72,9.80
10058.3355,-48.33,22.03,12.41,9.60
10058.3692,-46.51,20.98,12.10,9.36
10058.4004,-44.59,19.98,11.67,9.13
10058.4339,-42.76,19.05,11.27,8.88
10058.4656,-40.80,18.15,10.77,8.65
10058.4987,-38.95,17.35,10.25,8.39
10058.5314,-36.97,16.54,9.71,8.12
10058.5669,-34.92,15.76,9.17,7.89
10058.5994,-33.00,15.07,8.66,7.65
10058.6307,-31.05,14.47,8.03,7.38
10058.6626,-29.06,13.94,7.29,7.14
10058.6943,-27.19,13.47,6.61,6.86
10058.7247,-25.30,13.02,5.87,6.64
10058.7562,-23.41,12.56,5.11,6.45
10058.7907,-21.66,12.13,4.42,6.24
10058.8239,-19.94,11.69,3.72,6.09
10058.8543,-18.36,11.30,3.07,5.87
10058.8864,-16.79,10.94,2.36,5.68
10058.9193,-15.26,10.59,1.64,5.50
10058.9504,-13.87,10.26,1.04,5.26
10058.9835,-12.54,9.94,0.45,5.07
10059.0150,-11.33,9.66,-0.10,4.82
10059.0499,-10.18,9.41,-0.68,4.55
10059.0800,-9.09,9.18,-1.21,4.32
10059.1114,-8.11,8.97,-1.64,4.05
10059.1452,-7.21,8.78,-2.03,3.81
10059.1712,-6.40,8.61,-2.35,3.58
10059.2026,-5.66,8.46,-2.62,3.38
10059.2345,-5.01,8.34,-2.84,3.23
10059.2604,-4.43,8.25,-3.04,3.12
10059.2906,-3.93,8.18,-3.20,3.06
10059.3220,-3.50,8.12,-3.33,3.05
10059.3539,-3.14,8.08,-3.44,3.08
10059.3947,-2.86,8.04,-3.51,3.15
10059.4272,-2.63,7.99,-3.55,3.24
10059.4586,-2.47,7.93,-3.56,3.35
10059.5058,-2.37,7.86,-3.54,3.48
10059.5490,-2.31,7.79,-3.50,3.60
10059.5806,-2.28,7.71,-3.44,3.72
10059.6128,-2.27,7.63,-3.37,3.82
10059.6446,-2.28,7.55,-3.31,3.92
10059.6756,-2.31,7.47,-3.24,4.01
10059.7091,-2.34,7.39,-3.18,4.10
10059.7411,-2.38,7.31,-3.13,4.18
10059.7728,-2.39,7.22,-3.07,4.24
10059.8049,-2.38,7.12,-3.03,4.30
10059.8369,-2.36,7.03,-2.99,4.35
10059.8687,-2.33,6.96,-2.96,4.39
10059.9081,-2.30,6.89,-2.93,4.42
10059.9399,-2.27,6.84,-2.89,4.46
10059.9715,-2.25,6.79,-2.86,4.51
10060.0022,-2.23,6.76,-2.86,4.54
10060.0274,-2.21,6.75,-2.85,4.57
10060.0578,-2.20,6.73,-2.82,4.60
10060.0895,-2.20,6.73,-2.80,4.63
10060.1216,-2.20,6.73,-2.77,4.67
10060.1557,-2.21,6.73,-2.75,4.70
10060.1864,-2.24,6.75,-2.72,4.73
10060.2183,-2.27,6.76,-2.69,4.76
10060.2425,-2.31,6.77,-2.66,4.79
10060.2753,-2.35,6.79,-2.63,4.81
10060.3069,-2.39,6.80,-2.60,4.83
10060.3382,-2.44,6.81,-2.57,4.85
10060.3710,-2.49,6.82,-2.55,4.87
10060.4022,-2.54,6.82,-2.52,4.88
10060.4345,-2.59,6.83,-2.51,4.90
10060.4592,-2.64,6.83,-2.50,4.91
10060.4910,-2.69,6.84,-2.50,4.92
10060.5212,-2.73,6.85,-2.50,4.93
10060.5519,-2.76,6.86,-2.49,4.94
10060.5842,-2.79,6.87,-2.49,4.95
10060.6155,-2.82,6.88,-2.49,4.96
10060.6497,-2.85,6.90,-2.49,4.97
10060.6814,-2.87,6.92,-2.50,4.97
10060.7141,-2.89,6.94,-2.51,4.98
10060.7466,-2.92,6.97,-2.53,4.98
10060.7790,-2.94,6.99,-2.54,4.98
10060.8107,-2.96,7.02,-2.55,4.99
10060.8426,-3.00,7.05,-2.57,4.99
10060.8752,-3.05,7.10,-2.58,4.99
10060.9071,-3.12,7.18,-2.58,4.98
10060.9388,-3.25,7.30,-2.51,4.97
10060.9758,-3.45,7.45,-2.37,4.94
10061.0125,-3.70,7.62,-2.20,4.84
10061.0445,-4.09,7.85,-1.92,4.80
10061.0770,-4.64,8.12,-1.56,4.75
10061.1097,-5.24,8.40,-1.17,4.70
10061.1417,-6.04,8.71,-0.64,4.68
10061.1827,-7.06,9.08,-0.03,4.67
10061.2231,-8.31,9.49,0.65,4.70
10061.2546,-9.57,9.88,1.31,4.62
10061.2867,-11.10,10.31,2.05,4.73
10061.3198,-12.88,10.79,2.83,4.93
10061.3515,-14.92,11.30,3.63,5.34
10061.3830,-16.93,11.78,4.36,5.66
10061.4150,-18.94,12.23,5.01,6.00
10061.4480,-21.23,12.73,5.66,6.48
10061.4802,-23.75,13.27,6.31,7.07
10061.5121,-26.19,13.80,6.91,7.65
10061.5439,-28.85,14.40,7.48,8.36
10061.5748,-31.40,15.00,8.00,9.02
10061.6059,-34.13,15.70,8.50,9.75
10061.6374,-36.98,16.51,8.99,10.50
10061.6693,-39.65,17.31,9.48,11.15
10061.7011,-42.40,18.25,9.97,11.80
10061.7320,-44.97,19.25,10.40,12.35
10061.7637,-47.57,20.40,10.88,12.89
10061.8030,-50.16,21.67,11.41,13.42
10061.8337,-52.72,23.12,11.92,13.96
10061.8739,-55.06,24.67,12.37,14.41
10061.9055,-57.37,26.42,12.84,14.80
10061.9382,-59.62,28.30,13.32,15.14
10061.9707,-61.69,30.26,13.75,15.39
10062.0022,-63.70,32.39,14.18,15.60
10062.0334,-65.63,34.61,14.64,15.75
10062.0648,-67.41,36.87,15.07,15.84
10062.0967,-69.12,39.27,15.49,15.89
10062.1286,-70.68,41.63,15.88,15.88
10062.1645,-72.18,44.11,16.25,15.84
10062.1978,-73.59,46.62,16.59,15.77
10062.2288,-74.89,49.10,16.90,15.68
10062.2655,-76.11,51.57,17.19,15.57
10062.2962,-77.23,53.94,17.46,15.45
10062.3286,-78.22,56.15,17.68,15.32
10062.3606,-79.11,58.24,17.85,15.17
10062.3924,-79.88,60.10,18.00,15.01
10062.4242,-80.51,61.69,18.14,14.84
10062.4579,-81.02,62.99,18.25,14.68
10062.4740,-81.45,64.10,18.35,14.52
10062.5056,-81.76,64.95,18.41,14.37
10062.5369,-81.95,65.49,18.44,14.22
10062.5691,-82.09,65.86,18.45,14.09
10062.6002,-82.13,66.03,18.42,13.96
10062.6329,-82.09,65.98,18.36,13.84
10062.6651,-82.02,65.82,18.29,13.73
10062.6967,-81.85,65.43,18.18,13.62
10062.7286,-81.64,64.94,18.06,13.53
10062.7599,-81.34,64.24,17.91,13.43
10062.7926,-80.94,63.29,17.69,13.31
10062.8248,-80.50,62.29,17.44,13.20
10062.8628,-79.94,61.03,17.12,13.08
10062.8944,-79.35,59.76,16.78,12.96
10062.9264,-78.60,58.19,16.36,12.85
10062.9603,-77.69,56.39,15.88,12.75
10062.9974,-76.63,54.35,15.32,12.64
10063.0289,-75.54,52.36,14.80,12.56
10063.0606,-74.26,50.13,14.28,12.49
10063.0930,-72.84,47.80,13.75,12.41
10063.1341,-71.42,45.59,13.26,12.35
10063.1652,-69.85,43.34,12.72,12.27
10063.1957,-68.11,40.99,12.14,12.17
10063.2275,-66.39,38.81,11.59,12.08
10063.2589,-64.53,36.59,11.04,12.00
10063.2907,-62.71,34.54,10.57,11.93
10063.3229,-60.75,32.52,10.06,11.85
10063.3546,-58.67,30.62,9.51,11.74
10063.3877,-56.69,28.96,8.99,11.64
10063.4197,-54.58,27.31,8.49,11.57
10063.4515,-52.36,25.69,7.97,11.51
10063.4836,-50.27,24.25,7.48,11.42
10063.5152,-48.05,22.83,6.91,11.36
10063.5467,-45.95,21.53,6.38,11.23
10063.5793,-43.75,20.24,5.77,11.13
10063.6104,-41.47,18.93,5.16,11.12
10063.6499,-39.32,17.75,4.61,11.09
10063.6819,-37.13,16.62,3.99,11.10
10063.7129,-34.96,15.55,3.31,11.12
10063.7444,-32.95,14.59,2.70,11.13
10063.7783,-30.91,13.69,2.08,11.11
10063.8092,-29.02,12.92,1.49,11.06
10063.8404,-27.10,12.26,0.81,10.93
10063.8726,-25.18,11.71,0.04,10.73
10063.9063,-23.38,11.24,-0.66,10.47
10063.9380,-21.58,10.81,-1.33,10.16
10063.9710,-19.78,10.41,-1.95,9.84
10064.0029,-18.13,10.06,-2.51,9.51
10064.0350,-16.55,9.76,-3.11,9.18
10064.0656,-15.04,9.48,-3.67,8.86
10064.0973,-13.69,9.24,-4.14,8.57
10064.1299,-12.44,9.05,-4.56,8.30
10064.1621,-11.34,8.91,-4.92,8.07
10064.1947,-10.34,8.84,-5.30,7.84
10064.2262,-9.47,8.83,-5.63,7.65
10064.2584,-8.70,8.86,-5.93,7.47
10064.2906,-8.02,8.90,-6.17,7.33
10064.3267,-7.45,8.95,-6.36,7.25
10064.3561,-6.95,9.00,-6.52,7.20
10064.3912,-6.52,9.04,-6.64,7.18
10064.4245,-6.16,9.07,-6.72,7.19
10064.4583,-5.84,9.07,-6.79,7.20
10064.4918,-5.56,9.06,-6.84,7.24
10064.5346,-5.33,9.01,-6.86,7.28
10064.5709,-5.14,8.94,-6.86,7.33
10064.6024,-4.98,8.86,-6.85,7.37
10064.6346,-4.86,8.76,-6.80,7.43
10064.6671,-4.77,8.66,-6.74,7.48
10064.7046,-4.70,8.56,-6.68,7.52
10064.7390,-4.66,8.46,-6.63,7.56
10064.7734,-4.62,8.37,-6.57,7.59
10064.8046,-4.59,8.28,-6.51,7.62
10064.8379,-4.56,8.21,-6.45,7.65
10064.8693,-4.54,8.14,-6.39,7.67
10064.9017,-4.52,8.08,-6.35,7.70
10064.9344,-4.50,8.03,-6.32,7.71
10064.9664,-4.47,7.99,-6.29,7.72
10065.0091,-4.43,7.96,-6.26,7.72
10065.0391,-4.40,7.92,-6.23,7.73
10065.0707,-4.37,7.89,-6.22,7.74
10065.1045,-4.36,7.87,-6.22,7.76
10065.1363,-4.36,7.84,-6.23,7.78
10065.1691,-4.38,7.83,-6.24,7.80
10065.2005,-4.41,7.82,-6.24,7.81
10065.2261,-4.45,7.82,-6.25,7.83
10065.2601,-4.50,7.82,-6.25,7.84
10065.2944,-4.56,7.81,-6.26,7.86
10065.3264,-4.63,7.82,-6.27,7.88
10065.3616,-4.72,7.83,-6.28,7.89
10065.3938,-4.80,7.83,-6.31,7.91
10065.4256,-4.87,7.84,-6.34,7.92
10065.4465,-4.93,7.85,-6.38,7.93
10065.4793,-4.99,7.85,-6.41,7.94
10065.5099,-5.04,7.85,-6.43,7.95
10065.5416,-5.08,7.84,-6.45,7.97
10065.5748,-5.12,7.82,-6.47,7.98
10065.6067,-5.14,7.79,-6.48,7.98
10065.6390,-5.15,7.76,-6.49,7.99
10065.6768,-5.16,7.72,-6.49,8.00
10065.6999,-5.16,7.68,-6.49,8.00
10065.7246,-5.15,7.64,-6.49,8.00
10065.7647,-5.12,7.59,-6.49,7.99
10065.7968,-5.09,7.55,-6.50,7.99
10065.8290,-5.04,7.52,-6.52,7.97
10065.8604,-4.99,7.50,-6.52,7.95
10065.8932,-4.89,7.49,-6.53,7.89
10065.9248,-4.72,7.50,-6.57,7.78
10065.9560,-4.54,7.52,-6.62,7.67
10065.9864,-4.26,7.56,-6.67,7.53
10066.0200,-3.86,7.59,-6.72,7.34
10066.0374,-3.53,7.62,-6.75,7.27
10066.0701,-3.05,7.66,-6.80,7.11
10066.1019,-2.50,7.72,-6.85,7.00
10066.1332,-1.77,7.81,-6.96,6.75
10066.1645,-0.87,7.93,-7.14,6.45
10066.1959,0.07,8.06,-7.30,6.17
10066.2281,1.08,8.21,-7.43,5.97
10066.2604,2.31,8.39,-7.62,5.61
10066.2926,3.77,8.58,-7.79,5.21
10066.3236,5.36,8.80,-8.04,4.84
10066.3551,6.92,9.05,-8.28,4.56
10066.3884,8.43,9.35,-8.50,4.47
10066.4203,10.07,9.71,-8.72,4.44
10066.4519,11.77,10.15,-8.98,4.34
10066.4842,13.40,10.63,-9.23,4.49
10066.5157,15.05,11.19,-9.55,4.63
10066.5475,16.71,11.81,-9.87,4.95
10066.5791,18.26,12.44,-10.14,5.45
10066.6117,19.80,13.10,-10.45,5.92
10066.6444,21.30,13.80,-10.74,6.44
10066.6771,22.66,14.45,-11.00,6.97
10066.7088,23.90,15.09,-11.22,7.53
10066.7404,25.04,15.69,-11.45,8.03
10066.7723,26.02,16.25,-11.64,8.57
10066.8045,26.86,16.73,-11.77,9.07
10066.8367,27.52,17.14,-11.85,9.57
10066.8690,27.98,17.45,-11.89,10.03
10066.9012,28.29,17.68,-11.89,10.46
10066.9426,28.36,17.81,-11.83,10.80
10066.9740,28.17,17.78,-11.65,11.18
10067.0057,27.74,17.61,-11.39,11.53
10067.0372,27.21,17.38,-11.12,11.80
10067.0692,26.39,16.98,-10.74,12.17
10067.1020,25.30,16.46,-10.29,12.51
10067.1336,24.17,15.91,-9.84,12.68
10067.1661,22.76,15.21,-9.24,13.01
10067.2027,21.32,14.46,-8.62,13.16
10067.2344,19.63,13.67,-7.80,13.49
10067.2646,17.72,12.84,-6.93,13.77
10067.2995,15.86,12.06,-6.12,13.80
10067.3315,13.78,11.23,-5.18,14.03
10067.3635,12.00,10.48,-4.40,13.75
10067.3953,9.75,9.68,-3.23,13.71
10067.4156,7.60,8.92,-2.11,13.83
10067.4500,5.26,8.21,-0.80,13.96
10067.4894,2.80,7.58,0.68,14.05
10067.5206,0.24,7.04,2.23,14.08
10067.5530,-2.16,6.57,3.66,13.80
10067.5917,-4.69,6.22,5.01,13.69
10067.6209,-7.35,5.97,6.25,13.56
10067.6567,-9.87,5.78,7.35,13.27
10067.6889,-12.58,5.69,8.38,13.26
10067.7205,-15.19,5.62,9.32,13.20
10067.7534,-18.04,5.60,10.23,13.45
10067.7859,-20.79,5.59,11.02,13.64
10067.8195,-23.73,5.62,11.68,14.09
10067.8519,-26.80,5.69,12.16,14.65
10067.8846,-29.97,5.81,12.49,15.28
10067.9167,-32.94,5.95,12.75,15.77
10067.9484,-36.00,6.20,13.03,16.37
10067.9741,-38.83,6.49,13.32,16.79
10068.0056,-41.72,6.90,13.61,17.28
10068.0407,-44.40,7.43,13.84,17.57
10068.0756,-47.09,8.08,14.12,17.89
10068.1085,-49.75,8.91,14.40,18.14
10068.1406,-52.19,9.82,14.69,18.23
10068.1727,-54.60,10.92,15.02,18.36
10068.2085,-56.82,12.17,15.30,18.38
10068.2406,-59.02,13.63,15.60,18.39
10068.2721,-61.16,15.22,15.92,18.39
10068.3035,-63.23,16.91,16.29,18.40
10068.3370,-65.12,18.72,16.65,18.33
10068.3690,-66.86,20.62,17.00,18.22
10068.3999,-68.60,22.59,17.44,18.14
10068.4413,-70.17,24.62,17.86,17.99
10068.4723,-71.62,26.67,18.33,17.85
10068.5042,-72.94,28.66,18.81,17.65
10068.5290,-74.09,30.53,19.27,17.42
10068.5524,-75.08,32.23,19.72,17.16
10068.5846,-75.94,33.80,20.16,16.91
10068.6244,-76.67,35.22,20.55,16.65
10068.6559,-77.27,36.47,20.89,16.40
10068.6927,-77.66,37.35,21.13,16.15
10068.7242,-77.86,37.85,21.29,15.90
10068.7567,-77.94,38.06,21.37,15.68
10068.7888,-77.92,38.06,21.38,15.48
10068.8224,-77.59,37.44,21.13,15.26
10068.8558,-77.18,36.65,20.84,15.08
10068.8876,-76.54,35.37,20.48,14.92
10068.9191,-75.70,33.66,20.03,14.79
10068.9512,-74.82,32.01,19.59,14.69
10068.9829,-73.91,30.44,19.15,14.63
10069.0144,-72.78,28.71,18.61,14.57
10069.0465,-71.44,26.89,17.98,14.53
10069.0783,-70.11,25.25,17.35,14.49
10069.1104,-68.56,23.57,16.64,14.43
10069.1424,-66.81,21.84,15.94,14.41
10069.1628,-65.13,20.37,15.30,14.39
10069.1942,-63.45,19.01,14.70,14.36
10069.2281,-61.58,17.70,14.04,14.31
10069.2604,-59.54,16.47,13.34,14.23
10069.2933,-57.56,15.42,12.68,14.13
10069.3246,-55.37,14.43,12.02,14.00
10069.3568,-53.23,13.59,11.41,13.86
10069.3878,-51.12,12.86,10.81,13.67
10069.4201,-48.46,12.19,10.05,13.45
10069.4541,-45.89,11.61,9.33,13.21
10069.4857,-43.19,11.11,8.53,12.97
10069.5180,-40.61,10.65,7.79,12.72
10069.5364,-38.19,10.26,7.08,12.44
10069.5811,-35.42,9.98,6.11,12.07
10069.6145,-32.81,9.73,5.22,11.68
10069.6457,-30.10,9.49,4.37,11.30
10069.6781,-27.55,9.27,3.58,10.87
10069.7097,-24.90,9.06,2.76,10.49
10069.7418,-22.21,8.89,1.89,10.10
10069.7763,-19.67,8.74,1.07,9.67
10069.8084,-17.09,8.60,0.16,9.28
10069.8444,-14.49,8.47,-0.75,8.90
10069.8780,-11.90,8.32,-1.61,8.51
10069.9099,-9.52,8.19,-2.38,8.11
10069.9419,-7.20,8.06,-3.11,7.69
10069.9620,-5.07,7.96,-3.77,7.24
10069.9919,-3.09,7.91,-4.36,6.76
10070.0235,-1.11,7.96,-4.93,6.25
10070.0558,0.74,8.06,-5.41,5.74
10070.0876,2.61,8.23,-5.86,5.20
10070.1247,4.36,8.43,-6.23,4.62
10070.1535,6.13,8.71,-6.56,4.04
10070.1860,7.95,9.08,-6.86,3.41
10070.2176,9.80,9.51,-7.09,2.77
10070.2500,11.53,9.96,-7.29,2.20
10070.2818,13.18,10.43,-7.45,1.82
10070.3040,14.84,10.98,-7.61,1.73
10070.3380,16.40,11.55,-7.76,2.06
10070.3701,18.00,12.21,-7.93,2.68
10070.4039,19.62,12.98,-8.14,3.46
10070.4353,21.14,13.77,-8.33,4.29
10070.4680,22.62,14.61,-8.54,5.14
10070.4925,23.90,15.36,-8.72,6.03
10070.5249,25.21,16.19,-8.98,6.86
10070.5556,26.40,17.00,-9.22,7.66
10070.5864,27.53,17.80,-9.50,8.42
10070.6183,28.54,18.55,-9.75,9.15
10070.6582,29.49,19.26,-10.00,9.84
10070.6900,30.33,19.89,-10.23,10.47
10070.7215,31.06,20.45,-10.44,11.07
10070.7544,31.70,20.93,-10.62,11.61
10070.7867,32.21,21.36,-10.77,12.12
10070.8185,32.62,21.72,-10.89,12.59
10070.8588,32.93,22.02,-10.99,13.03
10070.8905,33.13,22.26,-11.05,13.43
10070.9248,33.20,22.42,-11.06,13.79
10070.9574,33.19,22.53,-11.05,14.13
10070.9905,33.01,22.52,-10.98,14.43
10071.0237,32.65,22.41,-10.85,14.70
10071.0557,32.09,22.18,-10.68,14.93
10071.0895,31.46,21.89,-10.51,15.14
10071.1216,30.62,21.51,-10.28,15.33
10071.1546,29.70,21.07,-10.04,15.50
10071.1911,28.53,20.53,-9.71,15.68
10071.2223,27.12,19.86,-9.34,15.97
10071.2546,25.70,19.19,-8.95,16.08
10071.2707,24.27,18.52,-8.53,16.18
10071.3083,22.58,17.74,-7.93,16.30
10071.3465,20.66,16.88,-7.19,16.46
10071.3780,18.80,16.05,-6.44,16.44
10071.4101,16.72,15.14,-5.47,16.64
10071.4439,14.49,14.22,-4.29,17.02
10071.4747,12.40,13.35,-3.16,17.17
10071.5077,10.22,12.48,-1.91,17.33
10071.5395,7.95,11.69,-0.42,17.65
10071.5712,5.83,10.95,1.00,17.71
10071.6030,3.81,10.27,2.32,17.52
10071.6345,1.45,9.75,3.84,17.69
10071.6665,-0.82,9.31,5.21,17.61
10071.7028,-3.28,8.98,6.49,17.55
10071.7422,-5.94,8.78,7.67,17.56
10071.7757,-8.75,8.64,8.81,17.65
10071.8082,-11.45,8.54,9.81,17.71
10071.8400,-14.32,8.47,10.71,18.00
10071.8720,-17.30,8.43,11.55,18.33
10071.9038,-20.15,8.42,12.25,18.61
10071.9353,-23.14,8.43,12.85,18.97
10071.9686,-25.94,8.46,13.36,19.27
10072.0003,-28.85,8.53,13.82,19.55
10072.0364,-31.37,8.66,14.13,19.60
10072.0723,-34.22,8.85,14.53,19.94
10072.1132,-37.29,9.19,14.90,20.41
10072.1452,-40.12,9.63,15.18,20.71
10072.1610,-42.70,10.07,15.50,20.95
10072.1956,-45.10,10.63,15.76,21.12
10072.2278,-47.49,11.35,16.01,21.29
10072.2594,-49.85,12.23,16.29,21.49
10072.2907,-52.00,13.15,16.56,21.58
10072.3245,-54.10,14.24,16.84,21.63
10072.3565,-56.11,15.49,17.14,21.68
10072.3881,-57.93,16.77,17.42,21.66
10072.4219,-59.70,18.22,17.71,21.63
10072.4565,-61.32,19.74,17.97,21.56
10072.4886,-62.88,21.32,18.20,21.46
10072.5254,-64.38,23.05,18.40,21.34
10072.5572,-65.75,24.81,18.57,21.12
10072.5886,-66.99,26.52,18.75,20.81
10072.6206,-68.15,28.22,18.97,20.52
10072.6521,-69.24,29.88,19.22,20.22
10072.6850,-70.20,31.40,19.46,19.92
10072.7164,-71.05,32.80,19.68,19.64
10072.7484,-71.77,34.03,19.87,19.38
10072.7803,-72.35,35.06,20.02,19.13
10072.8127,-72.76,35.85,20.12,18.88
10072.8443,-72.99,36.37,20.12,18.62
10072.8761,-73.02,36.61,20.03,18.35
10072.9094,-72.95,36.65,19.89,18.12
10072.9413,-72.66,36.34,19.69,17.90
10072.9591,-72.27,35.90,19.45,17.67
10072.9897,-71.65,35.21,19.11,17.41
10073.0225,-70.93,34.39,18.74,17.18
10073.0578,-69.98,33.40,18.23,16.95
10073.0896,-68.95,32.34,17.72,16.74
10073.1218,-67.66,31.08,17.12,16.53
10073.1546,-66.35,29.86,16.54,16.34
10073.1869,-64.98,28.62,15.98,16.20
10073.2184,-63.10,27.18,15.26,15.85
10073.2498,-61.24,25.88,14.61,15.61
10073.2815,-59.11,24.57,13.91,15.30
10073.3126,-56.79,23.34,13.17,14.95
10073.3534,-54.30,22.14,12.38,14.58
10073.3842,-51.87,21.04,11.68,14.23
10073.4178,-49.30,20.05,10.91,13.85
10073.4500,-46.82,19.18,10.18,13.47
10073.4826,-44.15,18.37,9.46,13.03
10073.5141,-41.62,17.66,8.82,12.62
10073.5487,-38.98,16.99,8.19,12.22
10073.5806,-36.26,16.35,7.54,11.82
10073.6119,-33.49,15.76,6.85,11.50
10073.6440,-30.87,15.26,6.17,11.26
10073.6753,-28.18,14.90,5.37,10.89
10073.7090,-25.48,14.65,4.43,10.43
10073.7454,-22.89,14.44,3.64,9.98
10073.7780,-20.25,14.27,2.87,9.47
10073.8095,-17.75,14.12,2.26,9.02
10073.8412,-15.22,14.02,1.73,8.56
10073.8726,-12.87,13.95,1.23,8.18
10073.9040,-10.49,14.00,0.61,7.78
10073.9355,-8.27,14.07,-0.00,7.40
10073.9688,-5.97,14.21,-0.66,6.97
10073.9920,-3.82,14.35,-1.26,6.56
10074.0250,-1.57,14.53,-1.74,6.06
10074.0564,0.58,14.70,-2.10,5.59
10074.0883,2.78,14.88,-2.37,5.09
10074.1211,4.98,15.11,-2.68,4.56
10074.1524,7.14,15.45,-3.11,4.08
10074.1894,9.22,15.87,-3.56,3.71
10074.2224,11.13,16.32,-3.94,3.49
10074.2549,12.97,16.83,-4.29,3.43
10074.2864,14.63,17.32,-4.61,3.62
10074.3236,16.23,17.84,-4.91,3.87
10074.3541,17.68,18.32,-5.19,4.30
10074.3862,19.09,18.80,-5.48,4.80
10074.4179,20.36,19.22,-5.74,5.34
10074.4561,21.57,19.62,-6.02,5.93
10074.4865,22.72,20.00,-6.30,6.53
10074.5182,23.80,20.39,-6.60,7.08
10074.5500,24.80,20.77,-6.88,7.64
10074.5824,25.69,21.14,-7.12,8.22
10074.6136,26.51,21.51,-7.34,8.76
10074.6455,27.23,21.85,-7.55,9.32
10074.6915,27.87,22.18,-7.73,9.86
10074.7232,28.46,22.52,-7.91,10.37
10074.7541,28.99,22.86,-8.08,10.86
10074.7890,29.45,23.16,-8.22,11.32
10074.8203,29.86,23.44,-8.34,11.74
10074.8546,30.17,23.66,-8.44,12.14
10074.8863,30.42,23.84,-8.53,12.52
10074.9177,30.58,23.96,-8.60,12.86
10074.9491,30.62,24.01,-8.61,13.19
10074.9815,30.60,24.01,-8.61,13.48
10075.0140,30.52,23.98,-8.59,13.69
10075.0461,30.28,23.89,-8.57,13.85
10075.0792,29.88,23.73,-8.51,14.05
10075.1109,29.44,23.55,-8.44,14.14
10075.1431,28.84,23.30,-8.31,14.28
10075.1750,28.07,22.99,-8.17,14.39
10075.2086,27.28,22.67,-8.03,14.38
10075.2405,26.38,22.32,-7.83,14.42
10075.2753,25.40,21.95,-7.58,14.48
10075.3087,24.44,21.59,-7.34,14.35
10075.3419,23.39,21.19,-7.06,14.31
10075.3646,22.37,20.80,-6.79,14.16
10075.4043,21.28,20.41,-6.53,14.00
10075.4361,20.15,20.00,-6.25,13.92
10075.4675,19.05,19.62,-5.97,13.75
10075.4996,17.90,19.23,-5.65,13.67
10075.5313,16.78,18.86,-5.32,13.50
10075.5642,15.58,18.47,-4.93,13.36
10075.5955,14.30,18.07,-4.51,13.30
10075.6288,13.09,17.69,-4.11,13.16
10075.6594,11.79,17.29,-3.65,13.15
10075.6913,10.44,16.88,-3.14,13.15
10075.7247,9.15,16.50,-2.64,13.12
10075.7580,7.83,16.10,-2.10,13.09
10075.7903,6.50,15.72,-1.51,13.05
10075.8243,5.25,15.35,-0.95,12.99
10075.8562,4.00,15.00,-0.38,12.92
10075.8900,2.86,14.68,0.15,12.77
10075.9220,1.75,14.39,0.64,12.66
10075.9544,0.71,14.11,1.11,12.54
10075.9862,-0.21,13.86,1.55,12.39
10076.0180,-1.05,13.62,1.93,12.25
10076.0502,-1.79,13.42,2.20,12.08
10076.0820,-2.43,13.24,2.39,11.89
10076.1141,-2.97,13.09,2.51,11.68
10076.1455,-3.41,12.96,2.54,11.46
10076.1767,-3.77,12.86,2.54,11.24
10076.2118,-4.04,12.77,2.50,11.03
10076.2436,-4.24,12.69,2.45,10.82
10076.2754,-4.36,12.62,2.35,10.64
10076.3066,-4.43,12.55,2.24,10.49
10076.3391,-4.43,12.49,2.10,10.32
10076.3704,-4.40,12.45,1.95,10.18
10076.4036,-4.34,12.41,1.78,10.05
10076.4359,-4.24,12.37,1.63,9.90
10076.4681,-4.13,12.33,1.50,9.76
10076.5000,-4.02,12.28,1.37,9.63
10076.5361,-3.91,12.23,1.23,9.49
10076.5694,-3.81,12.19,1.09,9.36
10076.6015,-3.72,12.13,0.95,9.23
10076.6346,-3.63,12.07,0.83,9.09
10076.6663,-3.55,12.01,0.72,8.94
10076.7010,-3.49,11.93,0.62,8.81
10076.7327,-3.44,11.85,0.54,8.69
10076.7647,-3.40,11.76,0.48,8.59
10076.7964,-3.37,11.67,0.44,8.50
10076.8321,-3.35,11.58,0.41,8.42
10076.8646,-3.34,11.49,0.38,8.35
10076.8978,-3.33,11.41,0.37,8.29
10076.9342,-3.31,11.32,0.36,8.23
10076.9656,-3.29,11.23,0.35,8.19
10076.9987,-3.28,11.15,0.36,8.16
10077.0302,-3.26,11.07,0.35,8.13
10077.0623,-3.25,11.00,0.37,8.10
10077.0944,-3.23,10.92,0.36,8.08
10077.1318,-3.22,10.85,0.36,8.06
10077.1719,-3.20,10.77,0.35,8.04
10077.2044,-3.18,10.69,0.32,8.01
10077.2366,-3.16,10.62,0.32,8.00
10077.2698,-3.15,10.54,0.30,7.99
10077.3026,-3.13,10.47,0.29,7.98
10077.3349,-3.12,10.40,0.27,7.97
10077.3665,-3.11,10.33,0.27,7.97
10077.3983,-3.10,10.26,0.26,7.96
10077.4299,-3.09,10.20,0.26,7.96
10077.4630,-3.08,10.13,0.26,7.95
10077.4976,-3.07,10.07,0.27,7.95
10077.5295,-3.08,10.01,0.29,7.95
10077.5611,-3.08,9.95,0.30,7.95
10077.5932,-3.11,9.90,0.33,7.96
10077.6253,-3.16,9.87,0.40,7.99
10077.6609,-3.24,9.85,0.52,8.03
10077.6940,-3.34,9.85,0.66,8.08
10077.7287,-3.45,9.87,0.79,8.14
10077.7601,-3.60,9.92,0.93,8.20
10077.7917,-3.77,9.98,1.09,8.27
10077.8235,-3.91,10.05,1.24,8.33
10077.8559,-4.03,10.13,1.38,8.38
10077.8876,-4.12,10.20,1.55,8.42
10077.9199,-4.16,10.27,1.69,8.47
10077.9522,-4.19,10.33,1.81,8.50
10077.9861,-4.20,10.38,1.90,8.52
10078.0181,-4.18,10.41,1.99,8.54
10078.0507,-4.15,10.43,1.99,8.54
10078.0842,-4.11,10.45,1.93,8.53
10078.1162,-4.06,10.46,1.90,8.52
10078.1486,-4.01,10.46,1.87,8.51
10078.1806,-3.97,10.44,1.84,8.50
10078.2124,-3.94,10.42,1.79,8.49
10078.2442,-3.90,10.41,1.73,8.48
10078.2766,-3.87,10.39,1.65,8.46
10078.3085,-3.85,10.37,1.59,8.46
10078.3403,-3.84,10.35,1.55,8.46
10078.3719,-3.84,10.32,1.51,8.47
10078.4043,-3.86,10.29,1.46,8.48
10078.4364,-3.89,10.27,1.41,8.50
10078.4706,-3.93,10.25,1.35,8.51
10078.4957,-3.96,10.22,1.31,8.51
10078.5245,-4.00,10.18,1.28,8.53
10078.5565,-4.03,10.15,1.27,8.53
10078.5855,-4.06,10.12,1.24,8.53
10078.6297,-4.06,10.07,1.21,8.52
10078.6458,-4.06,10.03,1.18,8.51
10078.6773,-4.04,9.98,1.16,8.50
10078.7090,-4.00,9.94,1.13,8.47
10078.7411,-3.95,9.91,1.10,8.45
10078.7742,-3.88,9.87,1.06,8.42
10078.8071,-3.79,9.84,1.04,8.38
10078.8384,-3.69,9.81,1.02,8.35
10078.8751,-3.59,9.80,0.99,8.32
10078.9069,-3.49,9.79,0.95,8.29
10078.9378,-3.38,9.79,0.92,8.26
10078.9699,-3.27,9.79,0.90,8.24
10079.0022,-3.16,9.79,0.88,8.22
10079.0274,-3.06,9.80,0.87,8.20
10079.0563,-2.96,9.80,0.86,8.18
10079.0864,-2.87,9.81,0.85,8.16
10079.1231,-2.78,9.81,0.83,8.14
10079.1545,-2.71,9.82,0.83,8.13
10079.1864,-2.64,9.83,0.82,8.11
10079.2184,-2.59,9.83,0.81,8.10
10079.2504,-2.54,9.84,0.82,8.10
10079.2815,-2.51,9.86,0.83,8.09
10079.3149,-2.48,9.88,0.85,8.09
10079.3470,-2.48,9.90,0.87,8.10
10079.3691,-2.48,9.92,0.88,8.11
10079.3990,-2.50,9.95,0.90,8.12
10079.4309,-2.52,9.99,0.90,8.13
10079.4635,-2.55,10.02,0.89,8.14
10079.4907,-2.58,10.04,0.89,8.14
10079.5247,-2.62,10.06,0.88,8.15
10079.5557,-2.65,10.08,0.87,8.16
10079.5848,-2.68,10.09,0.85,8.16
10079.6195,-2.70,10.10,0.84,8.17
10079.6520,-2.71,10.10,0.81,8.17
10079.6950,-2.72,10.10,0.80,8.16
10079.7284,-2.73,10.10,0.78,8.16
10079.7595,-2.73,10.12,0.75,8.15
10079.7950,-2.71,10.14,0.73,8.15
10079.8263,-2.69,10.16,0.72,8.15
10079.8572,-2.67,10.19,0.71,8.14
10079.8861,-2.64,10.21,0.70,8.14
10079.9146,-2.61,10.23,0.68,8.13
10079.9476,-2.58,10.26,0.66,8.12
10079.9765,-2.57,10.29,0.64,8.11
10080.0058,-2.56,10.32,0.63,8.10
10080.0469,-2.58,10.36,0.69,8.09
10080.0688,-2.63,10.40,0.78,8.09
10080.1023,-2.75,10.47,0.93,8.12
10080.1338,-2.91,10.54,1.09,8.16
10080.1658,-3.12,10.64,1.30,8.19
10080.1975,-3.35,10.75,1.52,8.17
10080.2244,-3.65,10.89,1.73,8.19
10080.2609,-4.02,11.06,1.93,8.22
10080.2939,-4.38,11.21,2.14,8.25
10080.3254,-4.76,11.36,2.40,8.30
10080.3582,-5.10,11.47,2.64,8.33
10080.3815,-5.41,11.56,2.87,8.37
10080.4159,-6.96,0.10,3.44,8.43
10080.4475,-6.98,0.10,3.45,8.44
10080.4740,-7.00,0.11,3.45,8.45
10080.5068,-7.00,0.10,3.45,8.45
10080.5384,-6.99,0.09,3.43,8.43
10080.5699,-6.98,0.08,3.40,8.41
10080.6040,-6.94,0.04,3.34,8.37
10080.6325,-6.88,-0.01,3.24,8.30
10080.6658,-6.79,-0.08,3.11,8.24
10080.6939,-6.70,-0.17,2.99,8.17
10080.7319,-6.58,-0.27,2.83,8.09
10080.7581,-6.44,-0.38,2.66,8.01
10080.7900,-6.28,-0.50,2.46,7.93
10080.8233,-6.13,-0.62,2.27,7.86
10080.8545,-5.97,-0.75,2.08,7.79
10080.8883,-5.80,-0.87,1.87,7.71
10080.9177,-5.64,-0.98,1.66,7.64
10080.9464,-5.49,-1.09,1.47,7.59
10080.9758,-5.35,-1.19,1.31,7.56
10081.0089,-5.23,-1.29,1.14,7.53
10081.0401,-5.11,-1.37,0.97,7.50
10081.0739,-5.01,-1.45,0.83,7.48
10081.1043,-4.92,-1.51,0.70,7.47
10081.1368,-4.85,-1.57,0.58,7.45
10081.1664,-4.79,-1.61,0.45,7.44
10081.1950,-4.74,-1.65,0.34,7.42
10081.2244,-4.69,-1.68,0.25,7.41
10081.2570,-4.65,-1.71,0.17,7.39
10081.2913,-4.62,-1.74,0.09,7.38
10081.3250,-4.59,-1.76,0.01,7.37
10081.3563,-4.56,-1.78,-0.07,7.34
10081.3862,-4.53,-1.79,-0.13,7.31
10081.4176,-4.51,-1.80,-0.18,7.28
10081.4558,-4.49,-1.81,-0.22,7.25
10081.4866,-4.46,-1.81,-0.26,7.22
10081.5178,-4.43,-1.81,-0.28,7.19
10081.5416,-4.40,-1.81,-0.31,7.17
10081.5736,-4.38,-1.81,-0.32,7.14
10081.6074,-4.35,-1.81,-0.33,7.12
10081.6443,-4.32,-1.81,-0.35,7.11
10081.6701,-4.30,-1.81,-0.38,7.09
10081.7023,-4.27,-1.82,-0.41,7.06
10081.7266,-4.24,-1.83,-0.43,7.05
10081.7569,-4.21,-1.85,-0.44,7.04
10081.7919,-4.18,-1.86,-0.47,7.02
10081.8255,-4.15,-1.88,-0.50,7.00
10081.8586,-4.12,-1.89,-0.53,6.99
10081.8905,-4.09,-1.91,-0.56,6.98
10081.9226,-4.06,-1.92,-0.59,6.96
10081.9591,-4.03,-1.93,-0.62,6.95
10081.9907,-3.99,-1.95,-0.65,6.93
10082.0225,-3.96,-1.96,-0.68,6.92
10082.0539,-3.93,-1.97,-0.71,6.90
10082.0853,-3.91,-1.97,-0.72,6.88
10082.1188,-3.88,-1.98,-0.73,6.87
10082.1501,-3.85,-1.98,-0.75,6.85
10082.1822,-3.83,-1.98,-0.75,6.83
10082.2142,-3.82,-1.98,-0.76,6.82
10082.2462,-3.80,-1.98,-0.76,6.80
10082.2778,-3.79,-1.98,-0.75,6.79
10082.3098,-3.78,-1.98,-0.74,6.77
10082.3421,-3.78,-1.98,-0.74,6.75
10082.3734,-3.77,-1.98,-0.73,6.74
10082.4055,-3.76,-1.97,-0.71,6.72
10082.4374,-3.75,-1.97,-0.70,6.70
10082.4697,-3.74,-1.96,-0.69,6.68
10082.5006,-3.73,-1.96,-0.68,6.67
10082.5324,-3.73,-1.95,-0.66,6.66
10082.5642,-3.72,-1.95,-0.65,6.64
10082.5851,-3.72,-1.94,-0.64,6.63
10082.6173,-3.71,-1.94,-0.63,6.62
10082.6485,-3.70,-1.93,-0.63,6.62
10082.6805,-3.69,-1.94,-0.63,6.61
10082.7121,-3.69,-1.94,-0.63,6.61
10082.7441,-3.68,-1.95,-0.64,6.61
10082.7764,-3.67,-1.96,-0.66,6.61
10082.8083,-3.66,-1.97,-0.68,6.60
10082.8409,-3.65,-1.98,-0.69,6.60
10082.8723,-3.63,-1.99,-0.71,6.60
10082.9046,-3.61,-2.01,-0.72,6.60
10082.9367,-3.59,-2.02,-0.74,6.60
10082.9691,-3.58,-2.04,-0.76,6.60
10083.0002,-3.56,-2.05,-0.78,6.60
10083.0324,-3.55,-2.06,-0.80,6.60
10083.0641,-3.54,-2.07,-0.81,6.60
10083.0958,-3.53,-2.09,-0.82,6.60
10083.1279,-3.52,-2.10,-0.82,6.61
10083.1599,-3.51,-2.11,-0.83,6.61
10083.1774,-3.50,-2.11,-0.84,6.62
10083.2089,-3.49,-2.12,-0.84,6.62
10083.2412,-3.48,-2.12,-0.84,6.63
10083.2725,-3.47,-2.12,-0.84,6.64
10083.3043,-3.46,-2.12,-0.84,6.65
10083.3364,-3.45,-2.12,-0.84,6.66
10083.3677,-3.45,-2.13,-0.84,6.67
10083.3995,-3.44,-2.13,-0.84,6.68
10083.4358,-3.44,-2.14,-0.84,6.69
10083.4664,-3.44,-2.14,-0.84,6.70
10083.4998,-3.44,-2.15,-0.85,6.70
10083.5327,-3.44,-2.16,-0.85,6.71
10083.5645,-3.43,-2.17,-0.86,6.71
10083.6003,-3.43,-2.17,-0.87,6.71
10083.6419,-3.42,-2.18,-0.88,6.72
10083.6738,-3.41,-2.19,-0.90,6.72
10083.7050,-3.40,-2.19,-0.92,6.71
10083.7362,-3.39,-2.20,-0.93,6.71
10083.7686,-3.38,-2.21,-0.94,6.71
10083.8014,-3.36,-2.21,-0.96,6.71
10083.8338,-3.33,-2.22,-0.98,6.71
10083.8655,-3.30,-2.22,-0.99,6.71
10083.8985,-3.26,-2.21,-1.01,6.71
10083.9304,-3.23,-2.20,-1.01,6.72
10083.9618,-3.20,-2.19,-1.01,6.72
10083.9941,-3.18,-2.19,-1.01,6.74
10084.0251,-3.15,-2.19,-1.00,6.77
10084.0570,-3.13,-2.18,-1.00,6.80
10084.0888,-3.12,-2.18,-1.00,6.82
10084.1201,-3.13,-2.19,-1.01,6.84
10084.1518,-3.13,-2.20,-1.00,6.85
10084.1838,-3.13,-2.22,-0.99,6.86
10084.2223,-3.13,-2.25,-0.99,6.87
10084.2439,-3.13,-2.28,-0.99,6.88
10084.2771,-3.13,-2.31,-1.00,6.87
10084.3097,-3.13,-2.34,-1.01,6.87
10084.3413,-3.12,-2.38,-1.01,6.86
10084.3733,-3.11,-2.40,-1.02,6.85
10084.4046,-3.11,-2.42,-1.04,6.84
10084.4422,-3.11,-2.43,-1.04,6.83
10084.4767,-3.11,-2.44,-1.04,6.82
10084.5114,-3.10,-2.43,-1.05,6.81
10084.5445,-3.09,-2.42,-1.06,6.80
10084.5764,-3.07,-2.41,-1.07,6.79
10084.6082,-3.06,-2.39,-1.07,6.78
10084.6426,-3.04,-2.38,-1.08,6.77
10084.6745,-3.02,-2.37,-1.09,6.76
10084.7058,-3.01,-2.36,-1.09,6.75
10084.7271,-3.00,-2.36,-1.10,6.74
10084.7593,-2.99,-2.36,-1.10,6.73
10084.7900,-2.99,-2.36,-1.11,6.72
10084.8213,-2.99,-2.37,-1.12,6.71
10084.8589,-3.00,-2.38,-1.12,6.70
10084.8912,-3.00,-2.39,-1.13,6.70
10084.9233,-3.02,-2.39,-1.13,6.69
10084.9553,-3.02,-2.40,-1.12,6.68
10084.9897,-3.03,-2.40,-1.12,6.68
10085.0218,-3.04,-2.39,-1.12,6.68
10085.0557,-3.06,-2.39,-1.12,6.67
10085.0876,-3.07,-2.38,-1.11,6.67
10085.1223,-3.09,-2.38,-1.10,6.67
10085.1553,-3.10,-2.37,-1.09,6.67
10085.1882,-3.12,-2.36,-1.08,6.66
10085.2201,-3.13,-2.35,-1.08,6.66
10085.2531,-3.14,-2.34,-1.08,6.65
10085.2844,-3.14,-2.33,-1.08,6.65
10085.3161,-3.13,-2.33,-1.08,6.64
10085.3497,-3.12,-2.33,-1.07,6.63
10085.3853,-3.10,-2.32,-1.07,6.62
10085.4222,-3.09,-2.32,-1.07,6.60
10085.4539,-3.07,-2.32,-1.06,6.60
10085.4861,-3.06,-2.32,-1.05,6.59
10085.5221,-3.05,-2.32,-1.03,6.60
10085.5630,-3.06,-2.32,-1.00,6.60
10085.5943,-3.07,-2.32,-0.97,6.61
10085.6266,-3.08,-2.31,-0.94,6.62
10085.6584,-3.09,-2.31,-0.92,6.63
10085.6909,-3.10,-2.30,-0.90,6.64
10085.7223,-3.10,-2.30,-0.89,6.65
10085.7548,-3.10,-2.30,-0.89,6.66
10085.7864,-3.10,-2.29,-0.90,6.66
10085.8196,-3.09,-2.29,-0.90,6.67
10085.8521,-3.09,-2.30,-0.91,6.68
10085.8842,-3.08,-2.30,-0.92,6.69
10085.9170,-3.06,-2.30,-0.92,6.69
10085.9483,-3.04,-2.31,-0.90,6.71
10085.9858,-3.01,-2.32,-0.88,6.72
10086.0175,-2.98,-2.33,-0.86,6.74
10086.0499,-2.95,-2.33,-0.85,6.76
10086.0676,-2.93,-2.32,-0.85,6.76
10086.1078,-2.92,-2.31,-0.86,6.75
10086.1411,-2.88,-2.30,-0.84,6.74
10086.1623,-2.83,-2.31,-0.79,6.75
10086.1938,-2.79,-2.30,-0.73,6.77
10086.2260,-2.76,-2.29,-0.70,6.80
10086.2576,-2.74,-2.27,-0.69,6.82
10086.2894,-2.72,-2.26,-0.66,6.85
10086.3213,-2.71,-2.25,-0.65,6.88
10086.3531,-2.70,-2.24,-0.65,6.91
10086.3849,-2.68,-2.24,-0.66,6.93
10086.4163,-2.67,-2.24,-0.66,6.96
10086.4479,-2.67,-2.24,-0.65,6.98
10086.4805,-2.67,-2.25,-0.63,7.00
10086.5120,-2.68,-2.27,-0.62,7.03
10086.5440,-2.71,-2.29,-0.61,7.04
10086.5765,-2.73,-2.31,-0.58,7.05
10086.6085,-2.77,-2.33,-0.56,7.06
10086.6400,-2.81,-2.35,-0.54,7.08
10086.6729,-2.84,-2.37,-0.50,7.09
10086.7055,-2.88,-2.38,-0.45,7.09
10086.7371,-2.93,-2.36,-0.36,7.11
10086.7690,-2.98,-2.34,-0.26,7.11
10086.8009,-3.08,-2.27,-0.11,7.12
10086.8218,-3.19,-2.20,0.06,7.13
10086.8546,-3.37,-2.07,0.38,7.17
10086.8864,-3.58,-1.93,0.76,7.15
10086.9187,-3.90,-1.74,1.25,7.18
10086.9498,-4.42,-1.48,1.83,7.25
10086.9820,-5.02,-1.21,2.41,7.34
10087.0141,-5.89,-0.86,3.02,7.52
10087.0462,-6.84,-0.51,3.57,7.61
10087.0780,-8.10,-0.06,4.08,7.92
10087.1105,-9.40,0.38,4.52,8.11
10087.1419,-11.00,0.89,4.96,8.53
10087.1745,-12.87,1.47,5.38,9.02
10087.2057,-14.69,2.03,5.76,9.34
10087.2387,-16.74,2.67,6.14,9.88
10087.2589,-18.75,3.29,6.50,10.37
10087.2899,-20.70,3.91,6.83,10.75
10087.3298,-23.10,4.70,7.18,11.42
10087.3651,-25.37,5.48,7.47,11.97
10087.3972,-27.80,6.36,7.73,12.67
10087.4290,-30.34,7.31,7.97,13.42
10087.4604,-32.73,8.26,8.14,14.10
10087.4923,-35.20,9.30,8.30,14.79
10087.5254,-37.50,10.35,8.39,15.33
10087.5572,-39.87,11.53,8.45,15.93
10087.5893,-42.07,12.69,8.49,16.39
10087.6216,-44.34,13.96,8.56,16.92
10087.6542,-46.63,15.31,8.59,17.44
10087.6861,-48.71,16.58,8.53,17.82
10087.7182,-50.80,17.96,8.46,18.21
10087.7507,-52.83,19.41,8.40,18.55
10087.7821,-54.68,20.83,8.35,18.74
10087.8140,-56.46,22.29,8.36,18.94
10087.8456,-58.06,23.72,8.37,19.03
10087.8788,-59.59,25.20,8.37,19.13
10087.9100,-60.97,26.63,8.39,19.18
10087.9433,-62.27,28.07,8.44,19.19
10087.9754,-63.47,29.47,8.58,19.19
10088.0080,-64.53,30.82,8.72,19.13
10088.0399,-65.43,32.03,8.83,19.04
10088.0716,-66.21,33.13,8.95,18.95
10088.1050,-66.86,34.08,9.05,18.84
10088.1369,-67.41,34.88,9.16,18.74
10088.1769,-67.83,35.51,9.24,18.62
10088.1956,-68.16,36.02,9.32,18.50
10088.2328,-68.39,36.36,9.38,18.39
10088.2647,-68.53,36.59,9.44,18.29
10088.2961,-68.57,36.65,9.50,18.17
10088.3272,-68.48,36.52,9.53,18.06
10088.3603,-68.36,36.33,9.57,17.94
10088.3928,-68.10,35.95,9.59,17.83
10088.4245,-67.80,35.54,9.59,17.71
10088.4581,-67.33,34.94,9.53,17.60
10088.4901,-66.70,34.13,9.44,17.48
10088.5219,-66.04,33.31,9.35,17.40
10088.5535,-65.21,32.32,9.20,17.27
10088.5853,-64.36,31.34,9.05,17.15
10088.6196,-63.33,30.20,8.87,17.02
10088.6513,-62.11,28.91,8.69,16.87
10088.6879,-60.70,27.50,8.44,16.71
10088.7205,-59.35,26.21,8.28,16.57
10088.7521,-57.85,24.86,8.10,16.41
10088.7840,-56.39,23.62,7.91,16.27
10088.8161,-54.75,22.31,7.69,16.11
10088.8485,-53.17,21.12,7.50,15.96
10088.8805,-51.44,19.87,7.29,15.81
10088.9129,-49.58,18.61,7.07,15.65
10088.9441,-47.84,17.48,6.88,15.50
10088.9763,-45.98,16.35,6.60,15.32
10089.0081,-44.04,15.26,6.25,15.12
10089.0404,-42.24,14.27,5.93,14.92
10089.0721,-40.34,13.29,5.53,14.71
10089.1042,-38.56,12.40,5.14,14.49
10089.1358,-36.68,11.50,4.73,14.24
10089.1674,-34.71,10.62,4.23,13.96
10089.1992,-32.87,9.84,3.73,13.67
10089.2313,-30.95,9.13,3.10,13.31
10089.2637,-29.14,8.50,2.47,12.95
10089.2952,-27.22,7.91,1.80,12.55
10089.3277,-25.23,7.34,1.13,12.12
10089.3592,-23.35,6.83,0.49,11.69
10089.3802,-21.55,6.37,-0.12,11.25
10089.4124,-19.63,5.93,-0.81,10.76
10089.4439,-17.84,5.51,-1.43,10.29
10089.4756,-15.97,5.09,-2.09,9.79
10089.5069,-14.06,4.68,-2.81,9.26
10089.5398,-12.27,4.31,-3.50,8.73
10089.5703,-10.46,3.95,-4.19,8.17
10089.6027,-8.61,3.63,-4.83,7.63
10089.6340,-6.93,3.31,-5.38,7.10
10089.6618,-5.22,3.07,-5.94,6.57
10089.7061,-3.67,2.85,-6.42,6.03
10089.7379,-2.12,2.70,-6.87,5.46
10089.7621,-0.68,2.58,-7.27,4.90
10089.7944,0.76,2.51,-7.64,4.32
10089.8196,2.08,2.48,-7.97,3.75
10089.8575,3.40,2.48,-8.27,3.17
10089.8893,4.70,2.51,-8.53,2.61
10089.9215,5.88,2.55,-8.77,2.11
10089.9455,6.96,2.61,-8.99,1.73
10089.9831,8.02,2.70,-9.21,1.57
10090.0190,9.05,2.81,-9.38,1.76
10090.0517,10.08,2.97,-9.55,2.24
10090.0835,11.14,3.20,-9.75,2.77
10090.1154,12.11,3.44,-9.91,3.47
10090.1475,13.08,3.72,-10.06,4.14
10090.1899,14.04,4.06,-10.23,4.92
10090.2229,14.91,4.39,-10.38,5.69
10090.2586,15.76,4.76,-10.54,6.45
10090.2908,16.54,5.15,-10.69,7.18
10090.3238,17.28,5.56,-10.86,7.91
10090.3556,17.91,5.96,-10.99,8.62
10090.3920,18.48,6.35,-11.11,9.31
10090.4235,18.96,6.71,-11.22,9.97
10090.4547,19.36,7.06,-11.33,10.60
10090.4863,19.70,7.37,-11.43,11.19
10090.5175,19.96,7.66,-11.51,11.75
10090.5407,20.16,7.91,-11.59,12.26
10090.5733,20.30,8.11,-11.64,12.72
10090.6055,20.40,8.27,-11.69,13.14
10090.6377,20.44,8.40,-11.72,13.52
10090.6691,20.43,8.47,-11.71,13.87
10090.7018,20.40,8.54,-11.69,14.18
10090.7340,20.31,8.57,-11.65,14.46
10090.7593,20.21,8.58,-11.60,14.70
10090.7904,20.04,8.53,-11.53,14.91
10090.8218,19.85,8.46,-11.46,15.10
10090.8564,19.60,8.36,-11.36,15.25
10090.8917,19.26,8.21,-11.29,15.36
10090.9234,18.91,8.05,-11.23,15.45
10090.9554,18.46,7.83,-11.12,15.50
10090.9788,17.99,7.59,-10.97,15.53
10091.0192,17.38,7.30,-10.77,15.54
10091.0529,16.68,6.97,-10.53,15.50
10091.0850,15.82,6.58,-10.25,15.56
10091.1161,14.98,6.21,-9.97,15.50
10091.1485,13.99,5.80,-9.66,15.45
10091.1797,13.02,5.42,-9.38,15.39
10091.2129,11.90,5.01,-9.09,15.33
10091.2580,10.68,4.60,-8.75,15.24
10091.2897,9.32,4.16,-8.29,15.16
10091.3271,8.03,3.78,-7.83,14.94
10091.3590,6.81,3.45,-7.38,14.73
10091.3903,5.44,3.12,-6.74,14.68
10091.4218,3.95,2.79,-5.92,14.66
10091.4540,2.36,2.49,-5.04,14.80
10091.4864,0.65,2.24,-4.06,14.94
10091.5183,-0.96,2.04,-3.09,14.85
10091.5496,-2.69,1.88,-1.98,14.79
10091.5829,-4.58,1.80,-0.86,14.90
10091.6026,-6.15,1.72,0.09,14.77
10091.6342,-7.93,1.73,1.00,14.86
10091.6684,-9.88,1.81,1.87,14.98
10091.7001,-11.75,1.91,2.67,14.93
10091.7322,-13.81,2.09,3.41,14.96
10091.7641,-15.81,2.30,4.04,15.03
10091.7963,-18.04,2.60,4.58,15.29
10091.8281,-20.16,2.92,5.02,15.57
10091.8493,-22.49,3.32,5.42,16.04
10091.8898,-24.99,3.80,5.82,16.51
10091.9220,-27.32,4.29,6.17,16.92
10091.9542,-29.75,4.86,6.53,17.39
10091.9883,-32.25,5.50,6.90,17.89
10092.0197,-34.57,6.15,7.19,18.33
10092.0370,-36.75,6.80,7.44,18.76
10092.0689,-39.00,7.56,7.63,19.22
10092.1002,-41.28,8.42,7.84,19.66
10092.1324,-43.38,9.30,7.99,19.96
10092.1642,-45.48,10.27,8.21,20.27
10092.1982,-47.41,11.24,8.38,20.45
10092.2310,-49.32,12.31,8.55,20.61
10092.2644,-51.18,13.43,8.72,20.77
10092.2960,-52.88,14.53,8.84,20.83
10092.3270,-54.52,15.66,8.94,20.90
10092.3588,-56.00,16.75,9.04,20.90
10092.3898,-57.45,17.88,9.16,20.89
10092.4212,-58.74,18.97,9.25,20.83
10092.4529,-59.98,20.05,9.38,20.75
10092.4842,-61.15,21.12,9.52,20.69
10092.5163,-62.20,22.13,9.65,20.59
10092.5480,-63.18,23.11,9.80,20.50
10092.5685,-64.05,24.03,9.93,20.40
10092.5995,-64.81,24.89,10.04,20.27
10092.6309,-65.50,25.69,10.18,20.15
10092.6628,-66.10,26.44,10.30,20.02
10092.6942,-66.62,27.12,10.39,19.88
10092.7260,-67.06,27.73,10.47,19.76
10092.7593,-67.43,28.25,10.53,19.64
10092.7911,-67.74,28.71,10.58,19.52
10092.8231,-67.99,29.10,10.62,19.42
10092.8551,-68.20,29.44,10.63,19.33
10092.8863,-68.37,29.72,10.65,19.25
10092.9173,-68.49,29.93,10.66,19.17
10092.9492,-68.57,30.09,10.68,19.09
10092.9854,-68.62,30.18,10.69,19.02
10093.0161,-68.64,30.24,10.69,18.96
10093.0476,-68.63,30.26,10.70,18.90
10093.0798,-68.61,30.26,10.71,18.85
10093.1119,-68.55,30.23,10.73,18.81
10093.1422,-68.44,30.13,10.72,18.76
10093.1740,-68.31,30.00,10.69,18.72
10093.2103,-68.09,29.78,10.62,18.68
10093.2428,-67.84,29.50,10.55,18.63
10093.2748,-67.49,29.13,10.44,18.58
10093.3081,-67.03,28.66,10.29,18.50
10093.3401,-66.47,28.12,10.08,18.40
10093.3717,-65.89,27.60,9.87,18.33
10093.4038,-65.20,26.98,9.59,18.23
10093.4368,-64.50,26.37,9.34,18.15
10093.4685,-63.67,25.64,9.05,18.04
10093.5009,-62.84,24.94,8.80,17.95
10093.5318,-61.88,24.15,8.55,17.84
10093.5641,-60.78,23.30,8.28,17.71
10093.5845,-59.71,22.54,8.02,17.58
10093.6177,-58.67,21.81,7.79,17.48
10093.6496,-57.49,21.03,7.55,17.34
10093.6878,-56.18,20.21,7.29,17.20
10093.7193,-54.92,19.44,7.06,17.07
10093.7515,-53.53,18.64,6.83,16.93
10093.7848,-52.04,17.82,6.57,16.76
10093.8168,-50.42,16.99,6.27,16.56
10093.8491,-48.88,16.22,6.00,16.38
10093.8815,-47.42,15.51,5.75,16.20
10093.9140,-45.83,14.78,5.50,15.99
10093.9455,-44.31,14.11,5.25,15.78
10093.9773,-42.66,13.40,4.99,15.56
10094.0091,-41.09,12.77,4.74,15.33
10094.0414,-39.19,12.01,4.38,15.09
10094.0733,-37.40,11.34,4.03,14.84
10094.1065,-35.48,10.67,3.55,14.55
10094.1418,-33.43,9.98,2.97,14.22
10094.1734,-31.51,9.36,2.39,13.88
10094.2049,-29.49,8.79,1.69,13.48
10094.2394,-27.40,8.26,0.93,13.04
10094.2755,-25.29,7.74,0.19,12.56
10094.3070,-23.35,7.27,-0.48,12.10
10094.3392,-21.54,6.84,-1.10,11.64
10094.3710,-19.68,6.45,-1.73,11.13
10094.4044,-17.76,6.10,-2.38,10.57
10094.4377,-15.98,5.78,-3.01,10.03
10094.4693,-14.16,5.49,-3.72,9.44
10094.4942,-12.45,5.24,-4.41,8.87
10094.5287,-10.71,4.97,-5.08,8.27
10094.5619,-8.93,4.69,-5.62,7.69
10094.5931,-7.32,4.38,-6.02,7.19
10094.6198,-5.69,4.12,-6.36,6.69
10094.6542,-4.21,3.87,-6.64,6.23
10094.6892,-2.72,3.72,-6.95,5.75
10094.7215,-1.33,3.63,-7.24,5.32
10094.7539,-0.05,3.57,-7.48,5.00
10094.7745,1.27,3.62,-7.70,4.63
10094.8144,2.73,3.77,-7.86,4.21
10094.8342,3.94,3.88,-7.99,4.05
10094.8751,5.24,4.10,-8.10,4.01
10094.9093,6.40,4.30,-8.20,4.18
10094.9407,7.45,4.51,-8.29,4.60
10094.9684,8.50,4.78,-8.42,5.03
10095.0001,9.50,5.10,-8.57,5.52
10095.0389,10.38,5.40,-8.71,6.13
10095.0695,11.23,5.73,-8.83,6.71
10095.1007,12.01,6.07,-8.96,7.33
10095.1327,12.68,6.37,-9.07,7.94
10095.1737,13.34,6.72,-9.18,8.57
10095.2061,13.90,7.04,-9.26,9.18
10095.2378,14.40,7.34,-9.34,9.77
10095.2708,14.87,7.64,-9.41,10.34
10095.3013,15.33,7.96,-9.49,10.91
10095.3247,15.75,8.26,-9.56,11.46
10095.3564,16.17,8.57,-9.63,12.00
10095.3915,16.58,8.88,-9.72,12.50
10095.4241,16.96,9.16,-9.79,12.99
10095.4579,17.30,9.41,-9.86,13.46
10095.4913,17.62,9.64,-9.93,13.89
10095.5223,17.90,9.85,-10.02,14.29
10095.5543,18.14,10.01,-10.09,14.67
10095.5860,18.33,10.15,-10.17,15.01
10095.6213,18.46,10.25,-10.25,15.33
10095.6543,18.57,10.30,-10.31,15.61
10095.6864,18.63,10.32,-10.34,15.86
10095.7187,18.66,10.31,-10.35,16.08
10095.7427,18.67,10.30,-10.36,16.29
10095.7741,18.68,10.27,-10.37,16.47
10095.8063,18.65,10.24,-10.37,16.63
10095.8383,18.59,10.22,-10.35,16.78
10095.8702,18.52,10.20,-10.31,16.89
10095.9044,18.41,10.15,-10.27,16.99
10095.9284,18.30,10.10,-10.23,17.07
10095.9647,18.12,10.03,-10.15,17.13
10095.9894,17.94,9.96,-10.07,17.16
10096.0210,17.68,9.85,-9.99,17.16
10096.0540,17.33,9.68,-9.88,17.13
10096.0858,16.96,9.50,-9.77,17.08
10096.1176,16.60,9.31,-9.63,17.01
10096.1496,16.15,9.06,-9.44,16.93
10096.1826,15.57,8.77,-9.20,16.85
10096.2143,15.00,8.48,-8.98,16.75
10096.2467,14.35,8.18,-8.74,16.62
10096.2786,13.61,7.85,-8.47,16.46
10096.3097,12.88,7.53,-8.21,16.28
10096.3433,12.08,7.18,-7.92,16.09
10096.3749,11.19,6.79,-7.54,15.88
10096.4086,10.35,6.43,-7.17,15.65
10096.4400,9.53,6.07,-6.80,15.32
10096.4727,8.50,5.63,-6.32,15.23
10096.5039,7.53,5.22,-5.87,15.00
10096.5353,6.52,4.80,-5.39,14.87
10096.5520,5.68,4.44,-4.99,14.61
10096.5839,4.75,4.04,-4.51,14.42
10096.6160,3.87,3.67,-4.02,14.24
10096.6473,2.94,3.27,-3.45,14.10
10096.6834,1.97,2.85,-2.82,13.96
10096.7180,0.98,2.43,-2.15,13.91
10096.7497,0.08,2.03,-1.52,13.73
10096.7830,-0.82,1.62,-0.84,13.54
10096.8143,-1.73,1.20,-0.12,13.42
10096.8462,-2.57,0.81,0.57,13.28
10096.8784,-3.40,0.41,1.28,13.09
10096.9099,-4.15,0.05,1.88,12.88
10096.9430,-4.88,-0.31,2.45,12.72
10096.9749,-5.56,-0.63,2.96,12.52
10097.0087,-6.16,-0.92,3.42,12.25
10097.0474,-6.70,-1.18,3.85,11.99
10097.0793,-7.18,-1.41,4.23,11.74
10097.1120,-7.61,-1.60,4.56,11.50
10097.1437,-8.01,-1.76,4.86,11.27
10097.1757,-8.34,-1.89,5.10,11.06
10097.2088,-8.61,-1.99,5.29,10.86
10097.2400,-8.84,-2.05,5.43,10.68
10097.2722,-9.02,-2.10,5.53,10.52
10097.3120,-9.15,-2.11,5.55,10.39
10097.3442,-9.25,-2.11,5.54,10.30
10097.3761,-9.31,-2.12,5.51,10.24
10097.4101,-9.33,-2.11,5.42,10.18
10097.4426,-9.33,-2.11,5.33,10.17
10097.4744,-9.30,-2.11,5.20,10.14
10097.5067,-9.29,-2.12,5.09,10.14
10097.5442,-9.24,-2.13,4.93,10.13
10097.5768,-9.18,-2.14,4.76,10.10
10097.6093,-9.13,-2.15,4.59,10.08
10097.6407,-9.08,-2.17,4.44,10.06
10097.6726,-9.03,-2.20,4.28,10.04
10097.7183,-8.98,-2.24,4.13,10.01
10097.7498,-8.93,-2.27,3.98,9.99
10097.7831,-8.89,-2.30,3.83,9.96
10097.8165,-8.86,-2.33,3.70,9.93
10097.8484,-8.83,-2.36,3.59,9.90
10097.8643,-8.80,-2.39,3.49,9.88
10097.8965,-8.78,-2.41,3.41,9.86
10097.9283,-8.76,-2.42,3.34,9.85
10097.9600,-8.74,-2.43,3.28,9.83
10097.9924,-8.71,-2.43,3.22,9.82
10098.0242,-8.69,-2.44,3.17,9.82
10098.0623,-8.66,-2.43,3.12,9.81
10098.0933,-8.62,-2.43,3.07,9.81
10098.1253,-8.58,-2.42,3.02,9.80
10098.1594,-8.54,-2.42,2.97,9.80
10098.1902,-8.49,-2.42,2.91,9.80
10098.2219,-8.43,-2.42,2.85,9.80
10098.2536,-8.38,-2.43,2.79,9.79
10098.2897,-8.32,-2.44,2.74,9.79
10098.3217,-8.26,-2.44,2.70,9.79
10098.3538,-8.20,-2.46,2.66,9.79
10098.3856,-8.15,-2.47,2.63,9.80
10098.4176,-8.10,-2.48,2.61,9.80
10098.4503,-8.05,-2.49,2.58,9.80
10098.4817,-8.01,-2.50,2.56,9.80
10098.5146,-7.96,-2.51,2.55,9.81
10098.5491,-7.91,-2.53,2.54,9.83
10098.5798,-7.87,-2.54,2.52,9.84
10098.6131,-7.82,-2.54,2.49,9.85
10098.6440,-7.78,-2.55,2.46,9.86
10098.6763,-7.73,-2.56,2.44,9.87
10098.7091,-7.67,-2.58,2.42,9.88
10098.7420,-7.62,-2.60,2.40,9.88
10098.7749,-7.57,-2.63,2.37,9.89
10098.8058,-7.53,-2.65,2.33,9.89
10098.8378,-7.48,-2.68,2.30,9.89
10098.8699,-7.45,-2.70,2.27,9.90
10098.9111,-7.42,-2.72,2.25,9.90
10098.9424,-7.39,-2.73,2.22,9.91
10098.9740,-7.37,-2.74,2.20,9.91
10099.0079,-7.36,-2.73,2.18,9.91
10099.0397,-7.34,-2.72,2.17,9.91
10099.0721,-7.32,-2.71,2.17,9.91
10099.1038,-7.30,-2.70,2.17,9.90
10099.1358,-7.28,-2.68,2.16,9.90
10099.1688,-7.27,-2.67,2.16,9.90
10099.2008,-7.25,-2.65,2.14,9.88
10099.2329,-7.24,-2.64,2.13,9.86
10099.2655,-7.23,-2.64,2.13,9.84
10099.2964,-7.22,-2.63,2.13,9.83
10099.3285,-7.22,-2.63,2.12,9.81
10099.3650,-7.22,-2.61,2.10,9.79
10099.4126,-7.21,-2.60,2.09,9.77
10099.4436,-7.19,-2.59,2.08,9.75
10099.4756,-7.18,-2.57,2.06,9.73
10099.5081,-7.16,-2.56,2.04,9.70
10099.5398,-7.13,-2.55,2.02,9.68
10099.5729,-7.10,-2.54,1.99,9.66
10099.6040,-7.07,-2.53,1.95,9.64
10099.6378,-7.04,-2.53,1.92,9.61
10099.6679,-7.00,-2.52,1.90,9.60
10099.7002,-6.97,-2.52,1.87,9.58
10099.7320,-6.94,-2.51,1.85,9.56
10099.7646,-6.92,-2.51,1.83,9.55
10099.7974,-6.89,-2.50,1.82,9.54
10099.8296,-6.88,-2.50,1.80,9.53
10099.8614,-6.87,-2.50,1.78,9.53
10099.8939,-6.86,-2.49,1.77,9.52
10099.9257,-6.86,-2.49,1.77,9.51
10099.9591,-6.85,-2.50,1.76,9.50
10099.9956,-6.85,-2.49,1.75,9.49
10100.0275,-6.84,-2.49,1.74,9.48
10100.0596,-6.83,-2.49,1.73,9.47
10100.0937,-6.82,-2.49,1.73,9.46
10100.1258,-6.80,-2.48,1.72,9.45
10100.1487,-6.79,-2.48,1.72,9.44
10100.1810,-6.79,-2.48,1.72,9.44
10100.2139,-6.78,-2.47,1.71,9.43
10100.2459,-6.77,-2.47,1.70,9.42
10100.2781,-6.77,-2.47,1.70,9.42
10100.3100,-6.76,-2.47,1.69,9.41
10100.3437,-6.75,-2.47,1.68,9.40
10100.3784,-6.73,-2.46,1.67,9.39
10100.4105,-6.71,-2.46,1.66,9.39
10100.4420,-6.69,-2.46,1.65,9.38
10100.4745,-6.66,-2.45,1.64,9.38
10100.5055,-6.64,-2.45,1.63,9.37
10100.5379,-6.63,-2.44,1.61,9.37
10100.5699,-6.61,-2.43,1.61,9.36
10100.6017,-6.60,-2.43,1.60,9.36
10100.6338,-6.59,-2.42,1.59,9.36
10100.6656,-6.59,-2.42,1.58,9.36
10100.6977,-6.59,-2.42,1.57,9.36
10100.7298,-6.58,-2.41,1.56,9.36
10100.7696,-6.58,-2.40,1.55,9.35
10100.8012,-6.58,-2.40,1.54,9.33
10100.8409,-6.58,-2.40,1.52,9.32
10100.8796,-6.58,-2.41,1.50,9.30
10100.9006,-6.58,-2.41,1.46,9.29
10100.9323,-6.58,-2.44,1.42,9.26
10100.9637,-6.58,-2.47,1.37,9.23
10100.9966,-6.57,-2.52,1.31,9.16
10101.0291,-6.58,-2.61,1.23,9.07
10101.0602,-6.56,-2.69,1.10,8.94
10101.0939,-6.53,-2.79,0.92,8.78
10101.1286,-6.52,-2.92,0.76,8.61
10101.1599,-6.49,-3.03,0.60,8.43
10101.1922,-6.48,-3.16,0.47,8.25
10101.2238,-6.50,-3.31,0.38,8.09
10101.2571,-6.51,-3.45,0.32,7.93
10101.2885,-6.54,-3.59,0.31,7.78
10101.3202,-6.57,-3.72,0.31,7.63
10101.3522,-6.61,-3.83,0.35,7.47
10101.3850,-6.66,-3.93,0.42,7.36
10101.4171,-6.68,-4.00,0.52,7.22
10101.4550,-6.75,-4.06,0.68,7.10
10101.4882,-6.85,-4.12,0.88,6.99
10101.5198,-6.89,-4.15,1.06,6.91
10101.5515,-6.85,-4.16,1.16,6.86
10101.5838,-6.88,-4.22,1.27,6.82
10101.6173,-6.82,-4.28,1.27,6.76
10101.6493,-6.73,-4.41,1.27,6.68
10101.6815,-6.63,-4.56,1.28,6.61
10101.7142,-6.54,-4.76,1.30,6.54
10101.7459,-6.45,-5.01,1.27,6.46
10101.7789,-6.36,-5.28,1.21,6.42
10101.8111,-6.25,-5.61,1.07,6.40
10101.8443,-6.11,-6.00,0.75,6.38
10101.8644,-5.96,-6.36,0.35,6.38
10101.8982,-5.80,-6.69,-0.10,6.36
10101.9295,-5.59,-7.10,-0.61,6.29
10101.9631,-5.37,-7.46,-1.10,6.16
10101.9945,-5.17,-7.91,-1.50,6.03
10102.0271,-5.01,-8.24,-1.98,5.85
10102.0700,-4.91,-8.57,-2.41,5.63
10102.1017,-4.89,-9.00,-2.74,5.39
10102.1342,-4.89,-9.36,-3.07,5.10
10102.1657,-4.98,-9.90,-3.37,4.79
10102.1988,-5.07,-10.41,-3.64,4.49
10102.2308,-5.16,-10.91,-3.88,4.15
10102.2645,-5.16,-11.39,-4.19,3.76
10102.2966,-5.10,-11.82,-4.53,3.39
10102.3286,-5.00,-12.28,-4.89,3.09
10102.3607,-4.81,-12.68,-5.36,2.78
10102.3941,-4.58,-13.08,-5.85,2.53
10102.4264,-4.35,-13.50,-6.34,2.35
10102.4583,-4.14,-13.85,-6.78,2.25
10102.4928,-3.94,-14.15,-7.10,2.21
10102.5242,-3.76,-14.40,-7.26,2.17
10102.5632,-3.59,-14.53,-7.42,2.13
10102.5958,-3.43,-14.69,-7.62,2.09
10102.6275,-3.27,-14.78,-7.91,2.07
10102.6604,-3.15,-14.87,-8.20,2.05
10102.6919,-3.02,-14.96,-8.39,2.05
10102.7249,-2.91,-15.02,-8.56,2.04
10102.7624,-2.81,-15.06,-8.74,2.07
10102.8031,-2.70,-15.10,-8.89,2.10
10102.8337,-2.60,-15.10,-9.06,2.14
10102.8674,-2.52,-15.09,-9.20,2.17
10102.8987,-2.43,-15.06,-9.27,2.19
10102.9333,-2.37,-15.00,-9.33,2.22
10102.9651,-2.34,-14.94,-9.32,2.25
10102.9990,-2.33,-14.88,-9.29,2.28
10103.0308,-2.35,-14.81,-9.22,2.30
10103.0639,-2.37,-14.75,-9.15,2.33
10103.0955,-2.40,-14.68,-9.06,2.35
10103.1268,-2.43,-14.59,-8.97,2.37
10103.1585,-2.45,-14.52,-8.89,2.38
10103.1937,-2.45,-14.48,-8.83,2.40
10103.2255,-2.45,-14.45,-8.80,2.43
10103.2578,-2.44,-14.43,-8.79,2.46
10103.2897,-2.41,-14.43,-8.81,2.50
10103.3281,-2.38,-14.43,-8.83,2.55
10103.3598,-2.33,-14.44,-8.85,2.60
10103.3913,-2.28,-14.45,-8.89,2.64
10103.4155,-2.23,-14.45,-8.92,2.68
10103.4706,-2.18,-14.47,-8.95,2.71
10103.4975,-2.13,-14.50,-8.98,2.71
10103.5265,-2.07,-14.53,-9.00,2.71
10103.5550,-2.03,-14.56,-9.02,2.71
10103.5984,-2.00,-14.60,-9.05,2.69
10103.6297,-1.97,-14.63,-9.08,2.69
10103.6456,-1.95,-14.65,-9.12,2.68
10103.6780,-1.94,-14.67,-9.16,2.68
10103.7106,-1.93,-14.69,-9.20,2.67
10103.7438,-1.93,-14.69,-9.24,2.67
10103.7777,-1.93,-14.69,-9.27,2.67
10103.8132,-1.94,-14.69,-9.29,2.68
10103.8456,-1.95,-14.68,-9.31,2.68
10103.8789,-1.95,-14.67,-9.32,2.68
10103.9105,-1.97,-14.66,-9.33,2.68
10103.9276,-1.98,-14.66,-9.35,2.68
10103.9594,-1.99,-14.65,-9.37,2.68
10104.0011,-2.00,-14.66,-9.38,2.68
10104.0323,-2.01,-14.68,-9.40,2.67
10104.0558,-2.01,-14.70,-9.43,2.67
10104.0843,-2.01,-14.72,-9.46,2.66
10104.1172,-2.01,-14.74,-9.50,2.66
10104.1535,-2.01,-14.77,-9.53,2.65
10104.1828,-2.01,-14.79,-9.56,2.65
10104.2164,-2.00,-14.81,-9.60,2.64
10104.2543,-2.00,-14.83,-9.64,2.64
10104.2734,-2.00,-14.84,-9.67,2.63
10104.3019,-2.01,-14.85,-9.70,2.63
10104.3361,-2.01,-14.87,-9.72,2.62
10104.3677,-2.01,-14.88,-9.75,2.61
10104.3994,-2.01,-14.88,-9.77,2.61
10104.4301,-2.01,-14.89,-9.80,2.61
10104.4601,-2.01,-14.90,-9.83,2.60
10104.4951,-2.00,-14.90,-9.85,2.61
10104.5252,-2.00,-14.90,-9.87,2.61
10104.5589,-1.99,-14.91,-9.90,2.61
10104.5867,-1.99,-14.91,-9.92,2.62
10104.6157,-1.99,-14.91,-9.93,2.62
10104.6488,-1.99,-14.91,-9.94,2.62
10104.6789,-2.00,-14.92,-9.95,2.62
10104.7106,-2.00,-14.91,-9.96,2.63
10104.7434,-2.01,-14.92,-9.96,2.63
10104.7741,-2.01,-14.92,-9.97,2.63
10104.8085,-2.01,-14.92,-9.97,2.63
10104.8350,-2.01,-14.92,-9.98,2.63
10104.8738,-2.01,-14.92,-9.98,2.63
10104.9065,-2.01,-14.92,-9.99,2.63
10104.9391,-2.01,-14.92,-9.99,2.63
10104.9707,-2.01,-14.92,-9.99,2.63
10104.9967,-2.01,-14.92,-9.99,2.63
10105.0296,-2.01,-14.92,-9.99,2.63
10105.0672,-2.00,-14.92,-9.99,2.63
10105.0989,-1.99,-14.92,-9.99,2.63
10105.1360,-1.97,-14.91,-9.99,2.63
10105.1676,-1.94,-14.91,-9.99,2.63
10105.1995,-1.91,-14.90,-9.99,2.64
10105.2393,-1.87,-14.89,-10.00,2.64
10105.2790,-1.84,-14.88,-10.02,2.65
10105.3109,-1.82,-14.87,-10.03,2.65
10105.3424,-1.82,-14.86,-10.03,2.65
10105.3738,-1.81,-14.86,-10.03,2.65
10105.4054,-1.81,-14.85,-10.03,2.65
10105.4395,-1.81,-14.85,-10.03,2.65
10105.4715,-1.81,-14.84,-10.04,2.65
10105.5035,-1.81,-14.84,-10.06,2.65
10105.5355,-1.82,-14.85,-10.08,2.66
10105.5690,-1.82,-14.85,-10.10,2.66
10105.6009,-1.83,-14.85,-10.12,2.66
10105.6320,-1.84,-14.85,-10.13,2.66
10105.6637,-1.86,-14.85,-10.15,2.67
10105.6967,-1.87,-14.85,-10.15,2.67
10105.7329,-1.88,-14.85,-10.16,2.67
10105.7690,-1.90,-14.85,-10.17,2.67
10105.7999,-1.91,-14.85,-10.17,2.68
10105.8380,-1.91,-14.86,-10.18,2.68
10105.8701,-1.92,-14.86,-10.18,2.69
10105.9017,-1.92,-14.87,-10.19,2.69
10105.9353,-1.92,-14.88,-10.20,2.70
10105.9671,-1.92,-14.88,-10.22,2.70
10105.9995,-1.92,-14.89,-10.23,2.70
10106.0316,-1.93,-14.91,-10.23,2.71
10106.0635,-1.94,-14.92,-10.24,2.71
10106.0966,-1.95,-14.92,-10.24,2.71
10106.1195,-1.95,-14.93,-10.24,2.71
10106.1593,-1.95,-14.92,-10.24,2.71
10106.1921,-1.94,-14.92,-10.25,2.71
10106.2083,-1.93,-14.92,-10.26,2.72
10106.2395,-1.91,-14.90,-10.27,2.72
10106.2718,-1.89,-14.89,-10.28,2.72
10106.3039,-1.88,-14.87,-10.29,2.72
10106.3404,-1.87,-14.84,-10.29,2.71
10106.3720,-1.85,-14.80,-10.28,2.71
10106.4037,-1.86,-14.79,-10.26,2.68
10106.4359,-1.86,-14.76,-10.22,2.66
10106.4679,-1.87,-14.72,-10.18,2.62
10106.4919,-1.88,-14.69,-10.13,2.57
10106.5401,-1.91,-14.69,-10.05,2.49
10106.5693,-1.92,-14.66,-9.97,2.42
10106.6201,-1.97,-14.67,-9.86,2.32
10106.6524,-2.00,-14.63,-9.76,2.23
10106.6841,-2.06,-14.63,-9.62,2.12
10106.7169,-2.13,-14.68,-9.48,2.03
10106.7489,-2.19,-14.65,-9.30,1.93
10106.7815,-2.24,-14.60,-9.07,1.83
10106.8133,-2.33,-14.61,-8.82,1.75
10106.8453,-2.39,-14.50,-8.53,1.68
10106.8775,-2.45,-14.35,-8.18,1.62
10106.9069,-2.50,-14.19,-7.84,1.57
10106.9394,-2.57,-13.97,-7.44,1.55
10106.9715,-2.60,-13.64,-7.07,1.53
10107.0033,-2.67,-13.37,-6.62,1.54
10107.0350,-2.74,-13.05,-6.14,1.59
10107.0604,-2.80,-12.74,-5.69,1.63
10107.0905,-2.87,-12.43,-5.26,1.67
10107.1219,-2.85,-11.97,-4.93,1.68
10107.1542,-2.89,-11.58,-4.53,1.73
10107.1890,-2.93,-11.17,-4.12,1.75
10107.2209,-3.01,-10.81,-3.67,1.81
10107.2526,-3.05,-10.40,-3.31,1.82
10107.2842,-3.11,-10.03,-2.89,1.86
10107.3086,-3.14,-9.63,-2.54,1.89
10107.3397,-3.22,-9.33,-2.11,1.92
10107.3717,-3.26,-8.96,-1.77,1.93
10107.4037,-3.31,-8.60,-1.44,1.96
10107.4368,-3.37,-8.30,-1.11,1.99
10107.4689,-3.41,-8.00,-0.84,1.98
10107.5008,-3.45,-7.73,-0.60,1.95
10107.5338,-3.48,-7.50,-0.38,1.91
10107.5602,-3.50,-7.31,-0.17,1.87
10107.5906,-3.51,-7.14,0.00,1.81
10107.6229,-3.51,-6.99,0.15,1.74
10107.6548,-3.50,-6.87,0.29,1.66
10107.6875,-3.51,-6.76,0.41,1.58
10107.7198,-3.52,-6.65,0.53,1.47
10107.7539,-3.53,-6.56,0.65,1.34
10107.7860,-3.56,-6.45,0.83,1.20
10107.8190,-3.55,-6.36,1.11,1.04
10107.8508,-3.62,-6.17,1.39,0.89
10107.8885,-3.71,-5.90,1.78,0.75
10107.9138,-3.72,-5.70,2.23,0.66
10107.9463,-3.83,-5.26,2.78,0.63
10107.9781,-3.91,-4.72,3.48,0.71
10108.0097,-3.96,-4.18,4.18,0.88
10108.0430,-3.97,-3.58,4.97,1.08
10108.0752,-3.96,-3.01,5.74,1.26
10108.1080,-3.98,-2.46,6.40,1.40
10108.1396,-4.00,-1.97,6.92,1.52
10108.1726,-4.03,-1.51,7.20,1.61
10108.2114,-3.98,-1.28,7.41,1.70
10108.2437,-3.92,-1.05,7.34,1.75
10108.2748,-3.80,-0.96,7.26,1.77
10108.3062,-3.63,-0.92,7.09,1.74
10108.3382,-3.40,-0.84,6.81,1.67
10108.3693,-3.14,-0.83,6.56,1.60
10108.4027,-2.80,-0.80,6.24,1.54
10108.4340,-2.46,-0.74,5.91,1.52
10108.4661,-2.04,-0.60,5.58,1.59
10108.4979,-1.56,-0.38,5.25,1.73
10108.5297,-1.10,-0.17,4.93,1.89
10108.5616,-0.56,0.00,4.50,2.07
10108.5936,-0.04,0.13,4.03,2.27
10108.6261,0.58,0.22,3.42,2.49
10108.6589,1.33,0.30,2.78,2.79
10108.6898,2.16,0.34,2.20,3.08
10108.7215,2.95,0.36,1.64,3.40
10108.7542,3.77,0.38,0.98,3.75
10108.7861,4.58,0.32,0.32,4.10
10108.8178,5.37,0.31,-0.45,4.49
10108.8497,6.16,0.22,-1.17,4.87
10108.8818,6.93,0.16,-1.88,5.28
10108.9140,7.71,0.07,-2.58,5.68
10108.9454,8.47,0.01,-3.25,6.08
10108.9766,9.18,-0.03,-3.83,6.48
10109.0079,9.77,-0.06,-4.30,6.86
10109.0398,10.21,-0.04,-4.60,7.22
10109.0744,10.41,-0.04,-4.69,7.54
10109.1081,10.50,0.02,-4.68,7.83
10109.1439,10.32,0.10,-4.48,8.09
10109.1761,10.04,0.18,-4.22,8.32
10109.2092,9.46,0.23,-3.76,8.58
10109.2480,8.57,0.23,-3.12,8.87
10109.2802,7.34,0.17,-2.23,9.20
10109.3117,6.09,0.14,-1.30,9.51
10109.3456,4.54,0.10,-0.15,9.86
10109.3772,2.72,0.05,1.09,10.45
10109.4090,0.68,0.06,2.35,11.12
10109.4415,-1.31,0.09,3.55,11.59
10109.4733,-3.56,0.23,4.82,12.35
10109.5040,-5.72,0.41,6.03,12.90
10109.5373,-8.17,0.69,7.15,13.55
10109.5689,-10.52,0.99,8.09,14.16
10109.6062,-13.11,1.41,8.73,14.88
10109.6388,-15.62,1.86,9.21,15.40
10109.6708,-18.33,2.43,9.54,16.16
10109.7042,-21.21,3.13,9.80,16.97
10109.7363,-23.94,3.85,9.99,17.66
10109.7690,-26.83,4.71,10.10,18.34
10109.8010,-29.83,5.64,10.22,18.99
10109.8242,-32.60,6.57,10.30,19.51
10109.8555,-35.45,7.56,10.39,20.13
10109.8874,-38.07,8.56,10.42,20.46
10109.9195,-40.74,9.63,10.44,20.71
10109.9536,-43.17,10.72,10.40,20.85
10109.9842,-45.55,11.91,10.37,20.91
10110.0156,-47.88,13.17,10.36,21.01
10110.0467,-49.95,14.45,10.32,20.94
10110.0808,-51.92,15.73,10.28,20.84
10110.1125,-53.62,16.98,10.22,20.68
10110.1442,-55.12,18.13,10.21,20.50
10110.1760,-56.37,19.09,10.28,20.31
10110.2086,-57.38,19.92,10.37,20.09
10110.2453,-58.11,20.54,10.47,19.85
10110.2780,-58.52,20.93,10.50,19.52
10110.3099,-58.62,21.07,10.47,19.17
10110.3488,-58.39,20.96,10.46,18.79
10110.3649,-58.22,20.87,10.48,18.52
10110.3960,-57.89,20.67,10.50,18.25
10110.4283,-57.23,20.22,10.52,17.94
10110.4597,-56.24,19.56,10.52,17.60
10110.4919,-54.94,18.71,10.49,17.17
10110.5237,-53.63,17.86,10.48,16.85
10110.5555,-52.01,16.94,10.37,16.41
10110.5892,-50.39,16.07,10.27,16.06
10110.6213,-48.47,15.14,10.14,15.67
10110.6537,-46.29,14.16,10.02,15.21
10110.6869,-44.22,13.31,9.91,14.81
10110.7190,-41.91,12.42,9.76,14.37
10110.7507,-39.74,11.64,9.65,14.01
10110.7832,-37.34,10.87,9.41,13.65
10110.8142,-34.75,10.10,9.05,13.24
10110.8462,-32.31,9.41,8.67,12.87
10110.8786,-29.64,8.75,8.22,12.43
10110.9099,-27.05,8.14,7.79,11.96
10110.9269,-24.54,7.59,7.35,11.43
10110.9586,-21.78,7.04,6.86,10.76
10110.9905,-19.14,6.54,6.43,10.09
10111.0238,-16.34,6.06,5.96,9.36
10111.0555,-13.43,5.72,5.23,8.53
10111.0918,-10.75,5.44,4.45,7.70
10111.1230,-7.98,5.21,3.52,6.79
10111.1492,-5.11,5.00,2.62,5.88
10111.1895,-2.22,4.73,1.78,4.99
10111.2217,0.43,4.46,1.04,4.07
10111.2539,3.13,4.26,0.29,3.19
10111.2752,5.59,4.06,-0.33,2.41
10111.3082,7.95,3.89,-0.92,1.67
10111.3440,10.03,3.70,-1.45,0.96
10111.3664,11.89,3.55,-1.94,0.72
10111.4008,13.68,3.52,-2.44,1.28
10111.4341,15.32,3.54,-2.83,2.08
10111.4652,16.75,3.56,-3.14,2.87
10111.4985,18.06,3.66,-3.44,3.69
10111.5296,19.18,3.75,-3.70,4.49
10111.5611,20.14,3.89,-3.88,5.29
10111.5941,20.91,4.03,-4.01,6.02
10111.6271,21.50,4.15,-4.11,6.66
10111.6591,21.85,4.21,-4.13,7.27
10111.6911,21.94,4.17,-4.01,7.80
10111.7214,21.91,4.10,-3.84,8.23
10111.7576,21.62,3.97,-3.56,8.58
10111.7895,21.10,3.74,-3.12,8.94
10111.8205,20.53,3.49,-2.65,9.16
10111.8531,19.89,3.23,-2.15,9.33
10111.8852,18.86,2.82,-1.52,9.58
10111.9182,17.85,2.47,-0.95,9.81
10111.9577,16.60,2.09,-0.29,10.05
10111.9910,15.16,1.74,0.43,10.31
10112.0238,13.75,1.47,1.11,10.36
10112.0557,12.11,1.23,1.85,10.61
10112.0882,10.45,1.03,2.53,10.61
10112.1222,8.52,0.83,3.31,10.71
10112.1537,6.34,0.65,4.18,11.11
10112.1857,4.28,0.51,5.00,11.28
10112.2177,2.00,0.44,5.93,11.71
10112.2499,-0.11,0.41,6.79,11.85
10112.2743,-2.42,0.46,7.74,12.19
10112.3056,-4.86,0.62,8.61,12.45
10112.3378,-7.08,0.82,9.21,12.57
10112.3696,-9.12,1.07,9.59,12.36
10112.4013,-11.28,1.43,9.72,12.18
10112.4400,-13.58,1.87,9.79,12.28
10112.4725,-15.78,2.32,9.88,12.22
10112.5064,-18.48,2.95,10.03,12.58
10112.5384,-21.00,3.58,10.10,12.76
10112.5695,-23.73,4.30,10.13,13.21
10112.6017,-26.29,5.03,10.09,13.63
10112.6341,-29.04,5.82,10.11,14.18
10112.6660,-31.88,6.66,10.20,14.86
10112.6978,-34.53,7.50,10.30,15.49
10112.7341,-37.22,8.42,10.39,16.23
10112.7650,-39.69,9.37,10.39,16.87
10112.7961,-42.16,10.41,10.40,17.59
10112.8297,-44.59,11.53,10.45,18.33
10112.8629,-46.75,12.69,10.41,18.96
10112.8998,-48.85,13.94,10.40,19.57
10112.9315,-50.84,15.30,10.34,20.10
10112.9636,-52.62,16.65,10.24,20.51
10112.9971,-54.32,18.05,10.16,20.85
10113.0302,-55.81,19.41,10.09,21.08
10113.0617,-57.22,20.76,10.07,21.27
10113.0937,-58.52,22.08,10.09,21.43
10113.1261,-59.65,23.30,10.09,21.54
10113.1595,-60.67,24.43,10.10,21.61
10113.1913,-61.56,25.45,10.14,21.66
10113.2233,-62.32,26.33,10.19,21.68
10113.2553,-62.94,27.08,10.20,21.65
10113.2885,-63.45,27.68,10.21,21.61
10113.3198,-63.81,28.09,10.21,21.52
10113.3522,-64.07,28.38,10.23,21.41
10113.3885,-64.17,28.45,10.25,21.26
10113.4237,-64.09,28.31,10.24,21.08
10113.4577,-63.93,28.08,10.23,20.89
10113.4895,-63.40,27.41,10.07,20.62
10113.5258,-62.82,26.65,9.96,20.40
10113.5593,-61.98,25.58,9.83,20.15
10113.5909,-60.90,24.26,9.66,19.89
10113.6229,-59.58,22.74,9.46,19.59
10113.6550,-58.27,21.29,9.28,19.33
10113.6871,-56.70,19.63,9.14,19.07
10113.7182,-55.20,18.08,9.09,18.82
10113.7495,-53.44,16.37,9.09,18.57
10113.7831,-51.75,14.83,9.18,18.30
10113.8148,-49.84,13.27,9.24,18.02
10113.8466,-48.02,11.90,9.33,17.74
10113.8787,-45.97,10.58,9.26,17.43
10113.9133,-43.77,9.39,8.99,17.05
10113.9459,-41.70,8.40,8.70,16.63
10113.9812,-39.46,7.51,8.27,16.17
10114.0123,-37.14,6.77,7.79,15.69
10114.0441,-34.96,6.16,7.34,15.24
10114.0761,-32.67,5.66,6.85,14.75
10114.1078,-30.32,5.28,6.31,14.20
10114.1399,-28.11,4.99,5.76,13.65
10114.1762,-25.81,4.83,5.04,13.02
10114.1995,-23.68,4.70,4.33,12.39
10114.2379,-21.46,4.62,3.48,11.72
10114.2697,-19.13,4.62,2.52,11.01
10114.3016,-16.79,4.62,1.53,10.30
10114.3336,-14.61,4.60,0.65,9.58
10114.3654,-12.39,4.55,-0.18,8.90
10114.3975,-10.33,4.48,-0.91,8.21
10114.4298,-8.27,4.38,-1.58,7.50
10114.4608,-6.38,4.27,-2.16,6.81
10114.5037,-4.41,4.14,-2.73,6.07
10114.5355,-2.61,4.01,-3.24,5.35
10114.5715,-0.87,3.90,-3.68,4.62
10114.6032,0.70,3.76,-4.03,3.93
10114.6408,2.24,3.68,-4.35,3.24
10114.6636,3.71,3.62,-4.63,2.57
10114.7048,5.12,3.59,-4.84,1.89
10114.7376,6.38,3.59,-5.01,1.36
10114.7701,7.60,3.65,-5.16,1.05
10114.8023,8.74,3.76,-5.29,1.30
10114.8340,9.76,3.88,-5.38,1.88
10114.8671,10.68,4.04,-5.47,2.56
10114.8993,11.48,4.18,-5.54,3.24
10114.9314,12.17,4.34,-5.61,3.90
10114.9632,12.70,4.47,-5.66,4.55
10114.9950,13.13,4.57,-5.67,5.13
10115.0238,13.40,4.61,-5.62,5.70
10115.0566,13.59,4.62,-5.56,6.16
10115.0893,13.65,4.57,-5.46,6.56
10115.1224,13.71,4.55,-5.41,6.86
10115.1542,13.56,4.43,-5.24,7.17
10115.1895,13.28,4.27,-5.03,7.43
10115.2218,12.86,4.09,-4.79,7.63
10115.2539,12.45,3.92,-4.58,7.78
10115.2855,11.92,3.74,-4.33,7.88
10115.3179,11.40,3.58,-4.10,8.03
10115.3495,10.74,3.38,-3.80,8.05
10115.3900,9.97,3.17,-3.44,8.05
10115.4215,9.23,3.00,-3.09,8.03
10115.4541,8.35,2.80,-2.66,8.04
10115.4874,7.37,2.59,-2.15,8.09
10115.5199,6.42,2.38,-1.66,8.16
10115.5520,5.34,2.14,-1.11,8.30
10115.5912,4.15,1.88,-0.50,8.49
10115.6232,3.04,1.62,0.06,8.66
10115.6571,1.84,1.34,0.62,8.84
10115.6824,0.60,1.04,1.20,9.09
10115.7222,-0.51,0.76,1.75,9.20
10115.7539,-1.64,0.48,2.38,9.29
10115.7858,-2.71,0.21,3.04,9.33
10115.8034,-3.66,-0.04,3.65,9.38
10115.8411,-4.49,-0.25,4.18,9.32
10115.8798,-5.26,-0.43,4.64,9.23
10115.9127,-5.95,-0.57,5.04,9.12
10115.9440,-6.56,-0.70,5.40,9.02
10115.9758,-7.05,-0.78,5.68,8.93
10116.0078,-7.47,-0.85,5.93,8.85
10116.0399,-7.81,-0.90,6.13,8.82
10116.0738,-8.09,-0.93,6.30,8.85
10116.1056,-8.31,-0.94,6.42,8.92
10116.1367,-8.46,-0.92,6.49,8.98
10116.1686,-8.54,-0.87,6.49,9.04
10116.2011,-8.58,-0.82,6.46,9.08
10116.2330,-8.55,-0.76,6.36,9.10
10116.2647,-8.46,-0.68,6.19,9.09
10116.2987,-8.35,-0.62,6.00,9.07
10116.3314,-8.19,-0.58,5.76,9.03
10116.3628,-8.00,-0.56,5.48,8.95
10116.3947,-7.80,-0.57,5.21,8.87
10116.4266,-7.58,-0.59,4.92,8.76
10116.4593,-7.34,-0.63,4.61,8.64
10116.4923,-7.10,-0.68,4.33,8.51
10116.5239,-6.87,-0.74,4.05,8.36
10116.5557,-6.65,-0.80,3.77,8.20
10116.5884,-6.45,-0.88,3.52,8.06
10116.6222,-6.26,-0.94,3.29,7.92
10116.6538,-6.10,-1.01,3.10,7.80
10116.6860,-5.95,-1.05,2.87,7.67
10116.7185,-5.81,-1.08,2.64,7.54
10116.7496,-5.67,-1.11,2.46,7.40
10116.7815,-5.53,-1.16,2.36,7.30
10116.8137,-5.41,-1.20,2.27,7.23
10116.8469,-5.30,-1.22,2.16,7.18
10116.8791,-5.21,-1.24,2.05,7.14
10116.9110,-5.13,-1.25,1.96,7.09
10116.9430,-5.05,-1.26,1.89,7.06
10116.9745,-4.97,-1.28,1.83,7.03
10117.0082,-4.90,-1.30,1.75,6.99
10117.0403,-4.83,-1.33,1.67,6.96
10117.0720,-4.77,-1.35,1.60,6.92
10117.1036,-4.70,-1.39,1.54,6.88
10117.1357,-4.65,-1.43,1.50,6.84
10117.1676,-4.59,-1.46,1.44,6.80
10117.1995,-4.55,-1.48,1.37,6.75
10117.2318,-4.50,-1.51,1.31,6.70
10117.2641,-4.45,-1.53,1.27,6.64
10117.2956,-4.41,-1.54,1.23,6.58
10117.3289,-4.36,-1.55,1.20,6.53
10117.3601,-4.31,-1.55,1.17,6.47
10117.3930,-4.27,-1.55,1.14,6.43
10117.4245,-4.22,-1.54,1.12,6.39
10117.4561,-4.17,-1.54,1.11,6.35
10117.4918,-4.12,-1.53,1.09,6.32
10117.5303,-4.07,-1.53,1.07,6.29
10117.5516,-4.01,-1.53,1.05,6.27
10117.5835,-3.96,-1.53,1.04,6.25
10117.6165,-3.92,-1.53,1.02,6.23
10117.6510,-3.87,-1.53,1.01,6.22
10117.6829,-3.83,-1.54,1.00,6.21
10117.7148,-3.80,-1.55,0.99,6.20
10117.7461,-3.76,-1.56,0.97,6.19
10117.7772,-3.74,-1.57,0.96,6.18
10117.8092,-3.71,-1.60,0.95,6.17
10117.8422,-3.69,-1.62,0.94,6.15
10117.8744,-3.67,-1.64,0.93,6.14
10117.9078,-3.67,-1.65,0.92,6.12
10117.9397,-3.66,-1.67,0.93,6.09
10117.9715,-3.67,-1.69,0.93,6.07
10118.0038,-3.67,-1.69,0.94,6.04
10118.0351,-3.67,-1.70,0.94,6.01
10118.0546,-3.68,-1.70,0.95,5.98
10118.0880,-3.68,-1.70,0.95,5.96
10118.1194,-3.68,-1.69,0.95,5.93
10118.1521,-3.68,-1.69,0.96,5.90
10118.1832,-3.68,-1.69,0.98,5.88
10118.2150,-3.68,-1.68,0.98,5.85
10118.2483,-3.67,-1.68,0.99,5.83
10118.2799,-3.67,-1.67,1.00,5.80
10118.3126,-3.67,-1.66,1.01,5.78
10118.3439,-3.67,-1.66,1.02,5.76
10118.3758,-3.67,-1.66,1.03,5.75
10118.4076,-3.67,-1.66,1.04,5.73
10118.4395,-3.68,-1.66,1.06,5.71
10118.4731,-3.68,-1.67,1.07,5.70
10118.5048,-3.69,-1.67,1.08,5.68
10118.5365,-3.70,-1.68,1.08,5.67
10118.5683,-3.71,-1.69,1.09,5.65
10118.5997,-3.71,-1.70,1.10,5.64
10118.6316,-3.72,-1.71,1.10,5.62
10118.6636,-3.72,-1.72,1.10,5.61
10118.6955,-3.71,-1.72,1.11,5.59
10118.7284,-3.70,-1.72,1.11,5.58
10118.7596,-3.69,-1.72,1.10,5.57
10118.7927,-3.68,-1.72,1.11,5.56
10118.8249,-3.68,-1.72,1.12,5.55
10118.8565,-3.68,-1.72,1.13,5.55
10118.8886,-3.69,-1.72,1.14,5.55
10118.9205,-3.69,-1.72,1.15,5.55
10118.9529,-3.70,-1.72,1.15,5.54
10118.9852,-3.70,-1.71,1.14,5.54
10119.0165,-3.70,-1.71,1.13,5.54
10119.0526,-3.70,-1.71,1.12,5.53
10119.0888,-3.69,-1.71,1.11,5.53
10119.1254,-3.69,-1.71,1.09,5.53
10119.1578,-3.69,-1.72,1.07,5.54
10119.1939,-3.69,-1.73,1.04,5.54
10119.2273,-3.69,-1.74,1.02,5.54
10119.2592,-3.69,-1.75,0.99,5.55
10119.2906,-3.69,-1.76,0.97,5.55
10119.3243,-3.69,-1.77,0.95,5.56
10119.3565,-3.68,-1.78,0.92,5.57
10119.3946,-3.66,-1.80,0.89,5.58
10119.4113,-3.64,-1.81,0.87,5.60
10119.4510,-3.62,-1.82,0.84,5.61
10119.4825,-3.59,-1.84,0.82,5.62
10119.5139,-3.56,-1.85,0.79,5.64
10119.5460,-3.54,-1.86,0.77,5.65
10119.5775,-3.53,-1.87,0.73,5.65
10119.6093,-3.52,-1.87,0.69,5.66
10119.6416,-3.51,-1.88,0.69,5.66
10119.6729,-3.50,-1.90,0.70,5.67
10119.6925,-3.49,-1.91,0.71,5.67
10119.7239,-3.48,-1.92,0.72,5.68
10119.7643,-3.48,-1.92,0.72,5.68
10119.7983,-3.49,-1.92,0.72,5.68
10119.8341,-3.50,-1.93,0.73,5.68
10119.8675,-3.51,-1.93,0.73,5.68
10119.8991,-3.53,-1.95,0.75,5.67
10119.9306,-3.53,-1.97,0.77,5.67
10119.9630,-3.53,-1.98,0.76,5.67
10119.9949,-3.53,-1.99,0.74,5.66
10120.0276,-3.53,-1.99,0.72,5.65
10120.0593,-3.52,-2.00,0.70,5.64
10120.0932,-3.50,-2.00,0.69,5.63
10120.1256,-3.48,-2.00,0.67,5.62
10120.1575,-3.46,-1.99,0.65,5.61
10120.1903,-3.43,-1.98,0.64,5.60
10120.2225,-3.42,-1.97,0.63,5.60
10120.2534,-3.40,-1.96,0.62,5.59
10120.2853,-3.39,-1.95,0.60,5.59
10120.3164,-3.39,-1.94,0.59,5.59
10120.3490,-3.39,-1.93,0.57,5.59
10120.3803,-3.39,-1.93,0.56,5.59
10120.4136,-3.38,-1.94,0.55,5.60
10120.4460,-3.38,-1.94,0.54,5.60
10120.4781,-3.38,-1.95,0.53,5.60
10120.5100,-3.37,-1.95,0.51,5.60
10120.5404,-3.38,-1.94,0.49,5.59
10120.5781,-3.39,-1.92,0.47,5.55
10120.6097,-3.40,-1.90,0.46,5.51
10120.6418,-3.39,-1.90,0.51,5.46
10120.6735,-3.37,-1.91,0.56,5.44
10120.7058,-3.36,-1.92,0.59,5.44
10120.7396,-3.36,-1.93,0.58,5.46
10120.7715,-3.35,-1.93,0.59,5.48
10120.8036,-3.35,-1.94,0.62,5.50
10120.8347,-3.36,-1.95,0.64,5.53
10120.8655,-3.38,-1.96,0.65,5.55
10120.8975,-3.40,-1.96,0.63,5.55
10120.9293,-3.43,-1.96,0.61,5.51
10120.9623,-3.43,-1.98,0.62,5.45
10120.9938,-3.42,-2.04,0.68,5.40
10121.0272,-3.42,-2.09,0.74,5.39
10121.0627,-3.41,-2.14,0.75,5.38
10121.0946,-3.40,-2.18,0.74,5.38
10121.1262,-3.39,-2.21,0.74,5.36
10121.1576,-3.36,-2.23,0.73,5.34
10121.1899,-3.36,-2.22,0.69,5.29
10121.2237,-3.32,-2.19,0.60,5.17
10121.2567,-3.21,-2.15,0.56,5.01
10121.2887,-3.05,-2.14,0.59,4.85
10121.3279,-2.91,-2.13,0.63,4.76
10121.3646,-2.76,-2.10,0.63,4.72
10121.3951,-2.58,-2.03,0.55,4.66
10121.4268,-2.42,-1.95,0.48,4.62
10121.4584,-2.19,-1.84,0.38,4.54
10121.4897,-1.96,-1.73,0.28,4.44
10121.5216,-1.64,-1.60,0.16,4.31
10121.5538,-1.29,-1.48,0.04,4.19
10121.5869,-0.83,-1.35,-0.11,4.07
10121.6230,-0.25,-1.20,-0.35,3.93
10121.6599,0.47,-1.03,-0.68,3.81
10121.6912,1.19,-0.88,-0.98,3.72
10121.7236,2.07,-0.72,-1.25,3.65
10121.7545,3.08,-0.55,-1.59,3.59
10121.7884,4.08,-0.38,-1.95,3.59
10121.8202,5.16,-0.19,-2.38,3.62
10121.8534,6.31,0.01,-2.84,3.59
10121.8854,7.36,0.18,-3.22,3.78
10121.9177,8.39,0.35,-3.58,3.95
10121.9510,9.32,0.50,-3.91,4.26
10121.9824,10.17,0.66,-4.24,4.62
10122.0136,10.89,0.81,-4.51,5.02
10122.0455,11.47,0.94,-4.72,5.42
10122.0776,11.83,1.03,-4.83,5.90
10122.1089,12.06,1.11,-4.89,6.30
10122.1407,12.01,1.15,-4.86,6.68
10122.1731,11.82,1.15,-4.78,7.06
10122.2035,11.31,1.06,-4.50,7.48
10122.2345,10.45,0.87,-4.00,7.95
10122.2677,9.51,0.67,-3.45,8.39
10122.2993,8.22,0.39,-2.72,9.09
10122.3321,6.59,0.07,-1.78,9.83
10122.3639,4.97,-0.20,-0.82,10.28
10122.3962,3.03,-0.44,0.44,10.99
10122.4280,1.13,-0.60,1.69,11.35
10122.4593,-1.03,-0.65,3.07,11.68
10122.4935,-3.42,-0.55,4.47,12.20
10122.5241,-5.71,-0.43,5.74,12.35
10122.5615,-8.24,-0.20,6.93,12.56
10122.5939,-10.68,0.01,8.01,12.76
10122.6408,-13.64,0.25,9.07,13.30
10122.6727,-16.74,0.46,9.98,14.06
10122.7037,-19.62,0.65,10.70,14.61
10122.7364,-22.58,0.86,11.18,15.30
10122.7680,-25.35,1.06,11.57,15.79
10122.7995,-28.10,1.28,11.94,16.26
10122.8318,-30.61,1.49,12.24,16.62
10122.8662,-33.04,1.74,12.49,16.92
10122.8968,-35.34,2.01,12.68,17.21
10122.9339,-37.46,2.29,12.84,17.42
10122.9678,-39.30,2.56,12.97,17.52
10122.9994,-40.90,2.84,13.09,17.56
10123.0327,-42.22,3.11,13.17,17.50
10123.0645,-43.31,3.37,13.21,17.41
10123.0970,-44.11,3.60,13.17,17.21
10123.1281,-44.70,3.80,13.09,17.04
10123.1600,-45.03,3.94,12.95,16.77
10123.1914,-45.05,4.03,12.76,16.48
10123.2228,-44.94,4.08,12.56,16.24
10123.2544,-44.52,4.12,12.26,15.92
10123.2859,-44.01,4.12,11.96,15.60
10123.3176,-43.21,4.07,11.64,15.22
10123.3490,-42.32,4.00,11.36,14.86
10123.3806,-41.14,3.91,11.02,14.42
10123.4139,-39.66,3.80,10.57,13.89
10123.4455,-38.17,3.66,10.10,13.47
10123.4794,-36.41,3.51,9.51,12.99
10123.5120,-34.40,3.38,8.78,12.39
10123.5431,-32.47,3.25,8.06,11.83
10123.5752,-30.35,3.15,7.22,11.20
10123.6079,-28.04,3.06,6.33,10.56
10123.6402,-25.88,2.97,5.48,10.05
10123.6738,-23.58,2.94,4.47,9.44
10123.7048,-21.17,2.96,3.31,8.79
10123.7389,-18.89,2.96,2.20,8.17
10123.7549,-16.75,2.94,1.16,7.60
10123.7967,-14.51,2.89,0.12,7.01
10123.8288,-12.40,2.81,-0.80,6.46
10123.8606,-10.22,2.72,-1.68,5.90
10123.8938,-8.19,2.61,-2.47,5.38
10123.9290,-6.17,2.49,-3.23,4.86
10123.9702,-4.20,2.38,-3.91,4.35
10124.0018,-2.41,2.24,-4.46,3.89
10124.0336,-0.69,2.17,-4.95,3.46
10124.0574,0.88,2.11,-5.32,3.11
10124.0898,2.37,2.12,-5.67,2.83
10124.1146,3.72,2.15,-5.95,2.68
10124.1485,5.03,2.26,-6.26,2.61
10124.1806,6.20,2.36,-6.49,2.76
10124.2128,7.22,2.46,-6.71,3.05
10124.2442,8.10,2.54,-6.88,3.44
10124.2772,8.83,2.60,-7.01,3.91
10124.3021,9.43,2.65,-7.08,4.41
10124.3339,9.85,2.65,-7.11,4.91
10124.3652,10.10,2.61,-7.09,5.40
10124.3986,10.25,2.56,-7.02,5.85
10124.4297,10.24,2.46,-6.89,6.28
10124.4612,10.15,2.36,-6.73,6.57
10124.4903,9.97,2.24,-6.54,6.83
10124.5238,9.60,2.05,-6.27,7.11
10124.5559,9.15,1.85,-5.95,7.37
10124.5882,8.49,1.60,-5.48,7.79
10124.6191,7.57,1.30,-4.87,8.11
10124.6515,6.40,0.97,-4.12,8.63
10124.6837,5.23,0.68,-3.36,8.95
10124.7238,3.82,0.42,-2.41,9.31
10124.7560,2.42,0.18,-1.44,9.61
10124.7899,1.02,-0.03,-0.43,9.66
10124.8214,-0.63,-0.18,0.85,9.68
10124.8535,-2.52,-0.29,2.30,9.90
10124.8869,-4.33,-0.36,3.63,9.85
10124.9185,-6.38,-0.34,4.94,9.90
10124.9504,-8.73,-0.26,6.28,10.24
10124.9839,-10.99,-0.17,7.50,10.41
10125.0080,-13.58,-0.05,8.66,10.93
10125.0390,-16.45,0.11,9.64,11.62
10125.0729,-19.58,0.30,10.39,12.56
10125.1052,-22.55,0.50,10.92,13.29
10125.1371,-25.72,0.79,11.23,14.09
10125.1728,-28.68,1.11,11.43,14.76
10125.2042,-31.78,1.50,11.62,15.43
10125.2369,-34.91,1.98,11.83,16.15
10125.2690,-38.01,2.53,12.11,16.80
10125.2936,-40.85,3.09,12.34,17.30
10125.3263,-43.59,3.74,12.50,17.75
10125.3596,-46.05,4.44,12.58,18.09
10125.3917,-48.40,5.18,12.69,18.38
10125.4236,-50.48,5.98,12.74,18.55
10125.4559,-52.43,6.85,12.78,18.71
10125.4873,-54.19,7.78,12.78,18.79
10125.5194,-55.71,8.70,12.75,18.78
10125.5520,-57.04,9.62,12.73,18.72
10125.5833,-58.16,10.47,12.69,18.61
10125.6155,-59.06,11.24,12.63,18.43
10125.6477,-59.72,11.91,12.52,18.17
10125.6787,-60.21,12.44,12.43,17.88
10125.7111,-60.43,12.79,12.34,17.59
10125.7477,-60.38,12.95,12.23,17.30
10125.7911,-60.08,12.93,12.10,16.98
10125.8236,-59.67,12.83,11.96,16.75
10125.8694,-58.76,12.49,11.74,16.39
10125.9007,-57.54,11.99,11.54,15.97
10125.9338,-56.28,11.50,11.34,15.65
10125.9661,-54.70,10.91,11.11,15.33
10125.9972,-53.13,10.34,10.91,15.05
10126.0291,-51.22,9.74,10.61,14.73
10126.0627,-49.34,9.17,10.37,14.45
10126.0948,-47.15,8.58,10.11,14.09
10126.1272,-44.66,7.98,9.78,13.71
10126.1625,-42.26,7.46,9.45,13.37
10126.1938,-39.59,6.97,8.89,13.00
10126.2277,-36.65,6.54,8.09,12.59
10126.2599,-33.87,6.15,7.31,12.19
10126.2969,-30.89,5.84,6.35,11.74
10126.3289,-27.76,5.63,5.22,11.22
10126.3677,-24.57,5.51,3.88,10.61
10126.3995,-21.59,5.37,2.60,10.01
10126.4314,-18.46,5.34,1.25,9.38
10126.4634,-15.54,5.24,0.04,8.79
10126.4956,-12.54,5.16,-1.18,8.16
10126.5278,-9.48,5.16,-2.42,7.51
10126.5596,-6.70,5.07,-3.50,6.90
10126.5855,-3.86,5.03,-4.51,6.19
10126.6182,-1.28,4.92,-5.32,5.38
10126.6569,1.33,4.89,-6.08,4.46
10126.6886,3.85,4.93,-6.77,3.42
10126.7208,6.28,5.05,-7.38,2.31
10126.7456,8.47,5.20,-7.89,1.26
10126.7707,10.29,5.27,-8.26,0.73
10126.8036,12.23,5.62,-8.70,1.35
10126.8362,13.97,5.99,-9.09,2.43
10126.8682,15.61,6.43,-9.42,3.53
10126.8996,17.12,6.92,-9.71,4.67
10126.9406,18.43,7.33,-9.94,5.78
10126.9718,19.59,7.78,-10.19,6.84
10127.0036,20.56,8.14,-10.40,7.85
10127.0356,21.33,8.46,-10.58,8.79
10127.0672,21.94,8.71,-10.70,9.62
10127.1076,22.32,8.86,-10.73,10.36
10127.1392,22.46,8.89,-10.70,11.08
10127.1708,22.45,8.86,-10.62,11.64
10127.2029,22.13,8.67,-10.41,12.21
10127.2352,21.54,8.36,-10.06,12.68
10127.2684,20.66,7.91,-9.61,13.22
10127.3005,19.91,7.52,-9.22,13.41
10127.3346,18.64,6.95,-8.66,13.92
10127.3673,17.34,6.36,-8.07,14.19
10127.4072,15.80,5.71,-7.26,14.44
10127.4394,14.04,5.03,-6.25,14.66
10127.4721,12.03,4.26,-4.99,14.91
10127.5039,9.80,3.48,-3.55,15.46
10127.5266,7.67,2.77,-2.13,15.96
10127.5575,5.66,2.20,-0.72,16.34
10127.5894,3.36,1.65,1.07,16.77
10127.6205,1.21,1.22,2.81,16.89
10127.6532,-1.12,0.91,4.69,17.25
10127.6872,-3.37,0.65,6.44,17.30
10127.7234,-5.82,0.53,8.11,17.41
10127.7572,-8.51,0.51,9.66,17.64
10127.7901,-11.42,0.52,11.11,18.14
10127.8228,-14.50,0.57,12.38,18.73
10127.8545,-17.39,0.63,13.38,19.12
10127.8867,-20.50,0.71,14.16,19.80
10127.9247,-23.42,0.83,14.70,20.40
10127.9548,-26.51,1.01,15.17,21.08
10127.9884,-29.40,1.25,15.53,21.53
10128.0198,-32.35,1.60,15.87,21.99
10128.0514,-35.12,1.99,16.19,22.36
10128.0849,-38.14,2.56,16.51,22.91
10128.1166,-40.90,3.18,16.71,23.29
10128.1488,-43.63,3.90,16.96,23.73
10128.1796,-45.92,4.62,17.04,23.87
10128.2113,-48.41,5.51,17.25,24.21
10128.2433,-50.80,6.53,17.37,24.50
10128.2749,-52.95,7.58,17.46,24.69
10128.3072,-55.00,8.75,17.51,24.84
10128.3396,-56.81,9.96,17.50,24.89
10128.3718,-58.54,11.27,17.52,24.94
10128.4122,-60.08,12.71,17.49,24.94
10128.4433,-61.53,14.26,17.46,24.91
10128.4750,-62.76,15.82,17.39,24.81
10128.5074,-63.91,17.44,17.34,24.73
10128.5395,-64.89,19.03,17.24,24.61
10128.5715,-65.83,20.65,17.15,24.51
10128.6039,-66.69,22.28,17.06,24.41
10128.6353,-67.45,23.81,16.96,24.31
10128.6686,-68.09,25.22,16.86,24.19
10128.7010,-68.69,26.59,16.78,24.07
10128.7335,-69.27,27.92,16.75,23.94
10128.7654,-69.77,29.13,16.73,23.80
10128.7972,-70.25,30.30,16.73,23.65
10128.8349,-70.66,31.37,16.73,23.50
10128.8754,-71.01,32.27,16.73,23.37
10128.9087,-71.27,33.02,16.73,23.22
10128.9403,-71.46,33.63,16.74,23.07
10128.9774,-71.57,34.10,16.71,22.90
10129.0103,-71.64,34.44,16.69,22.74
10129.0417,-71.68,34.68,16.70,22.60
10129.0735,-71.62,34.74,16.68,22.45
10129.1069,-71.46,34.61,16.63,22.29
10129.1387,-71.29,34.45,16.54,22.17
10129.1710,-70.94,34.03,16.37,22.01
10129.2030,-70.41,33.33,16.12,21.84
10129.2347,-69.89,32.56,15.95,21.69
10129.2656,-69.13,31.48,15.68,21.53
10129.2982,-68.37,30.36,15.47,21.40
10129.3292,-67.34,29.01,15.10,21.20
10129.3614,-66.10,27.46,14.71,20.98
10129.3953,-64.90,26.01,14.38,20.77
10129.4269,-63.44,24.42,13.97,20.57
10129.4585,-61.77,22.87,13.44,20.33
10129.4899,-60.18,21.47,13.01,20.12
10129.5237,-58.61,20.20,12.63,19.93
10129.5558,-56.55,18.85,12.13,19.60
10129.5970,-54.61,17.68,11.73,19.29
10129.6291,-52.45,16.60,11.29,18.92
10129.6563,-50.35,15.69,10.84,18.55
10129.6877,-48.35,14.93,10.40,18.21
10129.7193,-46.12,14.25,9.83,17.72
10129.7524,-43.61,13.66,9.11,17.14
10129.7841,-40.89,13.19,8.15,16.44
10129.8149,-38.27,12.79,7.19,15.73
10129.8459,-35.41,12.40,6.13,14.93
10129.8771,-32.31,11.97,5.08,14.16
10129.9088,-29.45,11.49,4.15,13.44
10129.9414,-26.38,11.07,3.00,12.65
10129.9587,-23.45,10.69,1.82,11.87
10129.9913,-20.67,10.36,0.62,11.07
10130.0233,-18.04,10.01,-0.56,10.25
10130.0573,-15.00,9.68,-2.02,9.30
10130.0894,-11.83,9.26,-3.34,8.43
10130.1213,-8.94,8.73,-4.37,7.58
10130.1535,-6.04,8.18,-5.27,6.69
10130.1823,-3.35,7.70,-6.00,5.78
10130.2237,-0.67,7.31,-6.56,4.65
10130.2561,1.78,7.04,-7.04,3.55
10130.2879,3.94,6.82,-7.39,2.57
10130.3243,6.06,6.85,-7.77,1.69
10130.3519,7.94,6.93,-8.07,1.76
10130.3823,9.82,7.30,-8.42,2.62
10130.4235,11.70,7.98,-8.79,3.70
10130.4551,13.41,8.78,-9.19,5.00
10130.4876,14.89,9.55,-9.56,6.36
10130.5119,16.10,10.15,-9.86,7.64
10130.5521,17.21,10.82,-10.11,8.89
10130.5857,18.08,11.36,-10.32,10.07
10130.6173,18.86,11.87,-10.54,11.17
10130.6494,19.64,12.44,-10.78,12.22
10130.6812,20.29,12.90,-11.05,13.21
10130.7241,20.91,13.36,-11.36,14.15
10130.7563,21.44,13.72,-11.65,15.06
10130.7877,21.99,14.10,-11.96,15.89
10130.8201,22.51,14.43,-12.28,16.63
10130.8514,22.97,14.71,-12.58,17.33
10130.8907,23.36,14.93,-12.86,17.97
10130.9224,23.69,15.07,-13.10,18.54
10130.9574,23.93,15.17,-13.28,19.06
10130.9885,24.04,15.16,-13.41,19.52
10131.0210,24.08,15.12,-13.50,19.91
10131.0527,24.07,15.05,-13.55,20.31
10131.0850,23.83,14.79,-13.50,20.68
10131.1172,23.57,14.51,-13.41,20.98
10131.1494,23.26,14.21,-13.29,21.17
10131.1898,22.80,13.80,-13.12,21.40
10131.2217,22.16,13.26,-12.90,21.58
10131.2531,21.35,12.60,-12.64,21.71
10131.2852,20.51,11.93,-12.35,21.81
10131.3093,19.44,11.11,-11.97,21.88
10131.3399,18.64,10.52,-11.70,21.62
10131.3739,17.65,9.86,-11.32,21.50
10131.4072,16.18,8.97,-10.76,21.55
10131.4402,14.83,8.22,-10.22,21.55
10131.4719,13.52,7.54,-9.70,21.35
10131.4965,12.30,6.98,-9.23,21.13
10131.5243,10.84,6.36,-8.67,20.96
10131.5572,9.24,5.77,-8.18,20.98
10131.5944,7.49,5.18,-7.68,21.01
10131.6262,5.58,4.61,-7.01,21.06
10131.6586,3.76,4.08,-6.29,21.09
10131.6896,1.76,3.55,-5.32,21.16
10131.7213,-0.14,3.06,-4.27,21.40
10131.7538,-2.19,2.61,-2.94,21.48
10131.7856,-4.37,2.18,-1.42,21.55
10131.8203,-6.38,1.83,0.02,21.35
10131.8519,-8.56,1.53,1.64,21.39
10131.8849,-10.56,1.35,3.16,21.20
10131.9181,-12.66,1.32,4.68,21.21
10131.9499,-14.89,1.39,6.07,21.25
10131.9822,-16.96,1.53,7.28,21.23
10132.0136,-18.86,1.70,8.29,21.04
10132.0447,-21.23,1.94,9.12,21.23
10132.0782,-23.43,2.19,9.78,21.39
10132.1096,-25.76,2.48,10.27,21.65
10132.1413,-27.94,2.75,10.72,21.85
10132.1735,-30.26,3.01,11.21,22.12
10132.2069,-32.62,3.27,11.71,22.53
10132.2383,-34.78,3.53,12.12,22.72
10132.2707,-36.97,3.79,12.44,22.90
10132.3045,-39.13,4.07,12.73,23.05
10132.3372,-41.08,4.37,12.99,23.11
10132.3696,-43.00,4.67,13.34,23.15
10132.4015,-44.71,4.97,13.64,23.13
10132.4337,-46.38,5.26,13.95,23.12
10132.4667,-47.97,5.61,14.18,23.13
10132.4994,-49.42,5.94,14.38,23.10
10132.5331,-50.81,6.31,14.58,23.07
10132.5528,-52.07,6.68,14.77,23.01
10132.5856,-53.29,7.07,14.95,22.92
10132.6190,-54.39,7.45,15.12,22.81
10132.6508,-55.42,7.82,15.31,22.70
10132.6833,-56.30,8.16,15.52,22.54
10132.7148,-57.10,8.48,15.72,22.38
10132.7529,-57.77,8.75,15.93,22.20
10132.7852,-58.31,8.97,16.13,22.01
10132.8187,-58.74,9.15,16.29,21.80
10132.8502,-59.00,9.27,16.41,21.58
10132.8845,-59.08,9.35,16.47,21.34
10132.9180,-59.07,9.38,16.53,21.11
10132.9499,-58.86,9.37,16.55,20.86
10132.9815,-58.57,9.34,16.53,20.62
10133.0135,-58.07,9.28,16.41,20.35
10133.0457,-57.35,9.22,16.17,20.05
10133.0776,-56.58,9.14,15.92,19.79
10133.1098,-55.58,9.10,15.50,19.50
10133.1415,-54.35,9.03,14.98,19.18
10133.1731,-53.10,8.95,14.48,18.87
10133.2050,-51.61,8.93,13.87,18.41
10133.2367,-50.10,8.88,13.23,18.05
10133.2728,-48.35,8.84,12.47,17.61
10133.3084,-46.34,8.84,11.56,17.08
10133.3400,-44.41,8.79,10.70,16.58
10133.3741,-42.25,8.72,9.78,16.04
10133.4064,-39.90,8.63,8.80,15.45
10133.4381,-37.68,8.50,7.88,14.88
10133.4696,-35.24,8.39,6.88,14.23
10133.5015,-32.94,8.24,5.95,13.67
10133.5328,-30.47,8.09,4.96,13.03
10133.5647,-28.15,7.93,4.03,12.48
10133.5976,-25.70,7.79,2.96,11.79
10133.6302,-23.11,7.68,1.79,11.06
10133.6622,-20.70,7.53,0.73,10.37
10133.6942,-18.19,7.40,-0.28,9.60
10133.7256,-15.61,7.25,-1.21,8.81
10133.7617,-12.99,7.15,-2.08,8.01
10133.7935,-10.58,7.05,-2.87,7.28
10133.8260,-8.18,6.97,-3.59,6.54
10133.8581,-6.01,6.87,-4.20,5.89
10133.8925,-3.83,6.82,-4.75,5.25
10133.9236,-1.62,6.85,-5.25,4.56
10133.9567,0.58,6.94,-5.72,3.94
10133.9882,2.55,7.02,-6.11,3.68
10134.0143,4.40,7.15,-6.48,3.73
10134.0435,6.23,7.35,-6.87,3.91
10134.0817,8.04,7.61,-7.26,4.36
10134.1156,9.71,7.88,-7.61,5.07
10134.1475,11.32,8.19,-7.93,5.85
10134.1798,12.78,8.47,-8.20,6.65
10134.2207,14.17,8.80,-8.52,7.49
10134.2530,15.48,9.15,-8.84,8.36
10134.2844,16.68,9.51,-9.18,9.18
10134.3177,17.71,9.81,-9.49,10.01
10134.3495,18.60,10.09,-9.78,10.80
10134.3815,19.33,10.34,-10.04,11.55
10134.4233,19.91,10.53,-10.25,12.24
10134.4553,20.32,10.67,-10.39,12.87
10134.4906,20.58,10.73,-10.49,13.44
10134.5239,20.67,10.72,-10.53,14.00
10134.5549,20.67,10.68,-10.55,14.48
10134.5882,20.57,10.58,-10.51,14.91
10134.6186,20.16,10.32,-10.38,15.35
10134.6505,19.70,10.05,-10.23,15.62
10134.6896,19.06,9.71,-10.03,15.84
10134.7216,18.38,9.35,-9.81,16.00
10134.7536,17.48,8.93,-9.54,16.12
10134.7855,16.38,8.44,-9.17,16.17
10134.8173,15.29,8.00,-8.80,16.18
10134.8498,13.96,7.48,-8.37,16.18
10134.8895,12.49,6.96,-7.84,16.18
10134.9218,10.82,6.41,-7.15,16.36
10134.9533,9.24,5.90,-6.45,16.50
10134.9869,7.47,5.35,-5.66,16.47
10135.0197,5.80,4.85,-4.87,16.44
10135.0511,3.92,4.35,-3.92,16.46
10135.0750,2.15,3.90,-2.94,16.46
10135.1070,0.16,3.49,-1.81,16.47
10135.1391,-1.68,3.13,-0.69,16.44
10135.1707,-3.76,2.85,0.55,16.44
10135.1988,-5.68,2.61,1.76,16.40
10135.2332,-7.80,2.42,3.07,16.47
10135.2668,-10.16,2.32,4.44,16.68
10135.2982,-12.37,2.25,5.70,16.90
10135.3295,-14.86,2.23,7.01,17.32
10135.3638,-17.24,2.22,8.19,17.78
10135.3979,-19.88,2.26,9.19,18.44
10135.4371,-23.10,2.37,9.87,19.56
10135.4604,-26.15,2.48,10.43,20.54
10135.4926,-28.99,2.65,10.88,21.24
10135.5245,-31.97,2.88,11.36,21.97
10135.5562,-35.00,3.17,11.91,22.79
10135.5881,-37.73,3.59,12.29,23.46
10135.6198,-40.47,4.06,12.70,24.11
10135.6518,-42.96,4.61,13.00,24.58
10135.6855,-45.39,5.23,13.31,25.07
10135.7206,-47.69,5.97,13.58,25.48
10135.7529,-49.71,6.78,13.77,25.72
10135.7884,-51.61,7.60,13.98,25.95
10135.8253,-53.33,8.44,14.18,26.08
10135.8578,-54.83,9.28,14.33,26.18
10135.8897,-56.12,10.05,14.47,26.20
10135.9220,-57.20,10.75,14.59,26.17
10135.9541,-58.09,11.35,14.69,26.08
10135.9856,-58.80,11.82,14.77,25.95
10136.0174,-59.32,12.15,14.86,25.80
10136.0488,-59.70,12.40,14.94,25.62
10136.0809,-59.91,12.55,14.99,25.41
10136.1124,-60.01,12.66,15.03,25.23
10136.1437,-59.91,12.70,15.01,24.99
10136.1761,-59.60,12.70,14.90,24.70
10136.2076,-59.19,12.68,14.75,24.41
10136.2398,-58.54,12.62,14.50,24.06
10136.2712,-57.81,12.52,14.23,23.78
10136.3050,-56.78,12.35,13.81,23.38
10136.3383,-55.47,12.05,13.29,22.95
10136.3697,-54.12,11.74,12.79,22.64
10136.4015,-52.52,11.35,12.22,22.21
10136.4335,-50.92,10.93,11.69,21.88
10136.4701,-49.05,10.45,11.12,21.45
10136.5040,-46.92,9.93,10.50,20.98
10136.5356,-44.84,9.44,9.94,20.60
10136.5680,-42.49,8.94,9.23,20.21
10136.5992,-39.92,8.49,8.34,19.71
10136.6317,-37.49,8.13,7.44,19.27
10136.6633,-34.88,7.87,6.38,18.75
10136.6964,-32.13,7.69,5.23,18.17
10136.7289,-29.53,7.55,4.16,17.68
10136.7617,-26.81,7.50,3.01,17.03
10136.7936,-23.98,7.53,1.71,16.33
10136.8247,-21.32,7.56,0.47,15.67
10136.8563,-18.82,7.58,-0.70,15.16
10136.8884,-16.17,7.65,-1.90,14.51
10136.9202,-13.43,7.77,-3.16,13.81
10136.9540,-10.86,7.88,-4.34,13.24
10136.9852,-8.19,8.01,-5.56,12.51
10137.0176,-5.46,8.10,-6.66,11.74
10137.0374,-3.17,8.12,-7.55,11.24
10137.0741,-0.82,8.12,-8.25,10.72
10137.1055,1.55,8.15,-8.82,10.14
10137.1392,3.86,8.22,-9.32,9.64
10137.1648,5.95,8.32,-9.77,9.32
10137.2002,7.91,8.47,-10.18,9.13
10137.2396,9.62,8.61,-10.51,9.20
10137.2762,11.12,8.77,-10.80,9.48
10137.3087,12.54,9.05,-11.09,9.78
10137.3476,13.87,9.44,-11.37,10.24
10137.3686,15.03,9.84,-11.61,10.72
10137.4055,16.12,10.33,-11.84,11.26
10137.4378,17.07,10.90,-12.02,11.86
10137.4691,17.88,11.39,-12.18,12.46
10137.5008,18.51,11.83,-12.28,13.07
10137.5334,18.93,12.18,-12.31,13.66
10137.5579,19.21,12.46,-12.31,14.20
10137.5897,19.22,12.61,-12.24,14.72
10137.6215,18.91,12.59,-12.15,15.36
10137.6575,18.25,12.38,-12.01,16.01
10137.6909,17.47,12.12,-11.84,16.62
10137.7228,16.29,11.70,-11.55,17.23
10137.7545,14.74,11.10,-11.02,17.84
10137.7869,13.14,10.47,-10.39,18.40
10137.8187,11.19,9.69,-9.48,18.96
10137.8506,9.26,8.92,-8.50,19.20
10137.8832,6.97,8.06,-7.16,19.77
10137.9239,4.39,7.21,-5.38,20.32
10137.9555,1.58,6.46,-3.21,20.83
10137.9877,-1.06,5.83,-1.10,21.22
10138.0200,-3.90,5.40,1.10,21.57
10138.0513,-6.94,5.17,3.17,22.15
10138.0835,-9.83,5.00,5.01,22.49
10138.1238,-13.01,4.97,6.68,23.04
10138.1550,-16.03,4.96,8.12,23.44
10138.1882,-19.32,5.05,9.21,23.98
10138.2205,-22.43,5.14,10.03,24.43
10138.2533,-25.72,5.30,10.62,24.94
10138.2908,-29.10,5.44,11.29,25.59
10138.3230,-32.49,5.58,12.10,26.26
10138.3553,-35.88,5.79,12.89,26.95
10138.3905,-38.99,6.00,13.57,27.44
10138.4190,-42.06,6.30,14.14,27.98
10138.4510,-45.03,6.71,14.64,28.46
10138.4835,-47.73,7.16,15.08,28.82
10138.5154,-50.16,7.65,15.40,29.08
10138.5483,-52.52,8.25,15.68,29.30
10138.5800,-54.75,8.94,15.92,29.46
10138.6109,-56.72,9.63,16.10,29.51
10138.6435,-58.47,10.35,16.25,29.50
10138.6753,-60.10,11.13,16.37,29.46
10138.7071,-61.56,11.93,16.46,29.40
10138.7394,-62.82,12.70,16.54,29.28
10138.7724,-63.87,13.42,16.64,29.12
10138.8039,-64.75,14.06,16.74,28.95
10138.8358,-65.43,14.61,16.78,28.77
10138.8684,-65.99,15.06,16.80,28.58
10138.9032,-66.37,15.43,16.77,28.36
10138.9346,-66.59,15.63,16.76,28.14
10138.9664,-66.71,15.75,16.75,27.93
10138.9984,-66.66,15.78,16.70,27.69
10139.0286,-66.51,15.75,16.63,27.47
10139.0603,-66.15,15.64,16.49,27.21
10139.0933,-65.56,15.41,16.27,26.89
10139.1275,-64.88,15.15,16.03,26.63
10139.1589,-64.12,14.85,15.81,26.44
10139.1908,-62.84,14.36,15.34,26.11
10139.2315,-61.54,13.89,14.87,25.78
10139.2715,-59.92,13.34,14.26,25.40
10139.3023,-58.02,12.68,13.65,24.98
10139.3337,-56.16,12.07,13.07,24.58
10139.3669,-54.03,11.39,12.46,24.17
10139.3981,-51.68,10.77,11.69,23.71
10139.4301,-49.14,10.20,10.74,23.14
10139.4622,-46.72,9.70,9.79,22.63
10139.4939,-44.15,9.24,8.66,22.07
10139.5250,-41.70,8.81,7.56,21.63
10139.5588,-39.08,8.50,6.29,21.13
10139.5903,-36.64,8.24,5.04,20.72
10139.6239,-34.05,8.07,3.66,20.12
10139.6556,-31.38,7.92,2.30,19.49
10139.6875,-28.88,7.76,1.07,18.91
10139.7187,-26.30,7.63,-0.22,18.27
10139.7498,-23.63,7.54,-1.51,17.50
10139.7879,-21.12,7.42,-2.63,16.84
10139.8198,-18.54,7.29,-3.69,16.14
10139.8589,-15.90,7.19,-4.78,15.40
10139.8799,-13.44,7.06,-5.76,14.70
10139.9199,-10.90,6.93,-6.69,13.96
10139.9519,-8.34,6.74,-7.50,13.15
10139.9831,-5.98,6.52,-8.16,12.49
10140.0079,-3.79,6.26,-8.68,11.90
10140.0391,-1.56,6.04,-9.09,11.28
10140.0718,0.67,5.87,-9.37,10.62
10140.1041,2.75,5.77,-9.60,10.08
10140.1323,4.76,5.77,-9.73,9.61
10140.1735,6.71,5.93,-9.89,9.28
10140.2052,8.42,6.10,-9.98,9.16
10140.2373,10.00,6.37,-10.05,9.20
10140.2733,11.37,6.64,-10.07,9.38
10140.3145,12.69,7.04,-10.07,9.59
10140.3476,13.83,7.44,-10.07,10.00
10140.3793,14.85,7.89,-10.12,10.44
10140.4198,15.75,8.35,-10.15,10.96
10140.4511,16.55,8.79,-10.19,11.52
10140.4829,17.21,9.18,-10.21,12.10
10140.5256,17.70,9.46,-10.21,12.69
10140.5566,18.07,9.67,-10.19,13.23
10140.5879,18.24,9.74,-10.13,13.80
10140.6193,18.30,9.73,-10.06,14.26
10140.6510,18.14,9.56,-9.93,14.79
10140.6830,17.89,9.35,-9.78,15.18
10140.7229,17.39,9.00,-9.50,15.53
10140.7555,16.63,8.55,-9.10,15.84
10140.7893,15.57,8.00,-8.58,16.33
10140.8213,14.70,7.56,-8.12,16.54
10140.8557,13.50,7.00,-7.64,16.77
10140.8880,11.66,6.18,-6.87,17.30
10140.9195,9.85,5.42,-6.02,17.53
10140.9511,8.06,4.71,-5.10,17.73
10140.9832,6.02,4.01,-3.83,17.88
10141.0076,4.04,3.38,-2.49,17.94
10141.0395,2.12,2.88,-1.09,17.91
10141.0738,-0.29,2.51,0.80,17.80
10141.1057,-2.59,2.23,2.56,17.61
10141.1377,-4.78,2.06,4.14,17.18
10141.1734,-7.58,2.09,5.78,17.24
10141.2048,-10.25,2.14,7.25,17.33
10141.2371,-13.22,2.22,8.73,17.66
10141.2690,-16.38,2.34,10.10,18.32
10141.3013,-19.35,2.45,11.20,18.82
10141.3254,-22.14,2.55,12.03,19.31
10141.3490,-24.80,2.66,12.62,19.76
10141.3862,-27.63,2.81,12.96,20.28
10141.4208,-30.59,2.98,13.25,20.87
10141.4530,-33.61,3.16,13.63,21.61
10141.4850,-36.39,3.34,13.98,22.17
10141.5182,-39.17,3.56,14.34,22.77
10141.5497,-41.94,3.82,14.72,23.44
10141.5820,-44.47,4.13,15.00,23.96
10141.6132,-46.94,4.53,15.32,24.44
10141.6457,-49.18,4.95,15.65,24.81
10141.6778,-51.36,5.44,15.98,25.11
10141.7096,-53.33,5.94,16.24,25.32
10141.7431,-55.21,6.48,16.50,25.50
10141.7758,-56.99,7.05,16.74,25.67
10141.8071,-58.57,7.58,16.93,25.75
10141.8507,-60.10,8.15,17.15,25.82
10141.8903,-61.47,8.68,17.33,25.83
10141.9221,-62.65,9.14,17.50,25.77
10141.9534,-63.69,9.55,17.66,25.68
10141.9860,-64.56,9.91,17.79,25.55
10142.0178,-65.28,10.23,17.91,25.39
10142.0493,-65.84,10.49,18.01,25.19
10142.0813,-66.28,10.72,18.09,24.99
10142.1133,-66.56,10.91,18.14,24.78
10142.1503,-66.69,11.07,18.12,24.56
10142.1815,-66.74,11.25,18.07,24.37
10142.2129,-66.62,11.42,17.97,24.14
10142.2454,-66.29,11.56,17.78,23.84
10142.2769,-65.89,11.67,17.58,23.59
10142.3090,-65.26,11.75,17.32,23.26
10142.3420,-64.55,11.80,17.02,22.98
10142.3738,-63.60,11.76,16.60,22.61
10142.4057,-62.59,11.66,16.20,22.30
10142.4271,-61.27,11.46,15.68,21.91
10142.4604,-59.93,11.20,15.22,21.58
10142.4922,-58.31,10.81,14.73,21.17
10142.5239,-56.68,10.41,14.28,20.83
10142.5553,-54.82,9.97,13.77,20.41
10142.5873,-52.97,9.56,13.26,20.06
10142.6191,-50.88,9.17,12.67,19.65
10142.6519,-48.60,8.84,11.93,19.14
10142.6835,-46.41,8.55,11.22,18.69
10142.7153,-44.03,8.29,10.44,18.15
10142.7508,-41.49,8.07,9.58,17.56
10142.7845,-38.83,7.92,8.68,16.91
10142.8166,-36.35,7.81,7.83,16.27
10142.8484,-33.78,7.72,6.96,15.61
10142.8808,-31.36,7.61,6.19,15.04
10142.9128,-28.83,7.49,5.45,14.42
10142.9449,-26.44,7.36,4.76,13.85
10142.9837,-23.93,7.31,3.98,13.13
10143.0169,-21.28,7.31,3.10,12.28
10143.0488,-18.51,7.24,2.31,11.43
10143.0818,-15.91,7.14,1.63,10.67
10143.1130,-13.24,7.03,0.88,9.88
10143.1451,-10.52,6.92,0.02,9.14
10143.1770,-8.04,6.79,-0.76,8.47
10143.2080,-5.55,6.69,-1.58,7.81
10143.2505,-3.11,6.62,-2.33,7.17
10143.2835,-0.91,6.55,-2.98,6.65
10143.3077,1.23,6.56,-3.59,6.10
10143.3391,3.18,6.59,-4.10,5.75
10143.3717,5.08,6.71,-4.54,5.42
10143.3973,6.78,6.82,-4.88,5.28
10143.4388,8.41,7.01,-5.18,5.37
10143.4717,9.96,7.27,-5.50,5.54
10143.5032,11.42,7.62,-5.80,5.88
10143.5219,12.64,7.89,-6.05,6.44
10143.5573,13.80,8.24,-6.28,7.05
10143.5883,14.86,8.61,-6.49,7.67
10143.6207,15.80,8.98,-6.66,8.36
10143.6523,16.67,9.37,-6.82,9.03
10143.6834,17.45,9.79,-6.95,9.71
10143.7164,18.13,10.18,-7.06,10.38
10143.7481,18.72,10.57,-7.16,11.05
10143.7737,19.22,10.93,-7.26,11.70
10143.8055,19.61,11.26,-7.34,12.31
10143.8372,19.92,11.53,-7.41,12.88
10143.8692,20.12,11.75,-7.44,13.42
10143.9016,20.20,11.88,-7.44,13.96
10143.9331,20.21,11.96,-7.43,14.40
10143.9736,20.07,11.95,-7.40,14.81
10144.0054,19.72,11.81,-7.31,15.20
10144.0381,19.30,11.62,-7.21,15.40
10144.0730,18.67,11.32,-7.08,15.68
10144.1070,17.98,10.97,-6.93,15.78
10144.1394,17.08,10.52,-6.70,15.99
10144.1738,15.98,9.98,-6.43,16.16
10144.2052,14.70,9.35,-6.04,16.28
10144.2237,13.61,8.81,-5.71,16.16
10144.2558,12.35,8.23,-5.27,16.19
10144.2902,11.10,7.68,-4.80,16.20
10144.3238,9.44,6.97,-4.03,16.29
10144.3554,7.85,6.31,-3.26,16.36
10144.3875,6.11,5.65,-2.36,16.49
10144.4231,4.23,5.06,-1.32,16.65
10144.4522,2.45,4.55,-0.27,16.76
10144.4895,0.75,4.08,0.77,16.68
10144.5216,-1.10,3.69,1.99,16.82
10144.5533,-3.13,3.39,3.32,17.05
10144.5903,-5.33,3.22,4.66,17.46
10144.6184,-7.43,3.12,5.81,17.64
10144.6509,-9.70,3.16,6.79,17.82
10144.6824,-12.18,3.29,7.59,18.04
10144.7150,-14.54,3.41,8.30,18.22
10144.7470,-17.08,3.55,9.00,18.50
10144.7786,-19.50,3.68,9.63,18.72
10144.8098,-21.80,3.81,10.15,18.77
10144.8435,-24.50,4.00,10.52,19.07
10144.8650,-27.00,4.18,10.80,19.30
10144.8978,-29.34,4.34,11.07,19.47
10144.9298,-31.72,4.49,11.40,19.71
10144.9615,-33.94,4.62,11.70,19.82
10144.9998,-36.20,4.77,11.96,20.01
10145.0462,-38.65,4.96,12.23,20.40
10145.0782,-40.90,5.16,12.46,20.72
10145.1103,-43.11,5.38,12.69,21.02
10145.1424,-45.29,5.65,12.92,21.28
10145.1740,-47.23,5.93,13.11,21.46
10145.2044,-48.95,6.20,13.28,21.54
10145.2368,-50.61,6.47,13.48,21.67
10145.2695,-52.17,6.77,13.68,21.81
10145.3017,-53.56,7.05,13.89,21.93
10145.3386,-54.87,7.36,14.08,22.06
10145.3710,-56.11,7.68,14.24,22.18
10145.4032,-57.27,8.02,14.38,22.25
10145.4388,-58.28,8.34,14.50,22.28
10145.4705,-59.19,8.61,14.65,22.26
10145.5022,-59.96,8.82,14.79,22.22
10145.5335,-60.61,9.00,14.90,22.16
10145.5664,-61.12,9.12,14.96,22.05
10145.5987,-61.51,9.21,15.01,21.92
10145.6311,-61.73,9.24,15.05,21.74
10145.6739,-61.75,9.25,15.05,21.54
10145.7070,-61.58,9.26,14.99,21.32
10145.7389,-61.17,9.31,14.82,21.01
10145.7551,-60.83,9.34,14.68,20.79
10145.7889,-60.23,9.42,14.45,20.50
10145.8216,-59.35,9.51,14.13,20.15
10145.8535,-58.39,9.60,13.84,19.79
10145.8857,-57.15,9.65,13.49,19.39
10145.9200,-55.58,9.62,13.13,18.97
10145.9533,-54.01,9.62,12.77,18.58
10145.9849,-52.15,9.59,12.30,18.17
10146.0169,-50.30,9.54,11.83,17.81
10146.0487,-48.17,9.47,11.31,17.43
10146.0852,-45.83,9.33,10.79,17.05
10146.1184,-43.63,9.17,10.32,16.70
10146.1561,-41.23,8.96,9.73,16.32
10146.1882,-38.63,8.79,8.94,15.86
10146.2191,-36.18,8.60,8.14,15.45
10146.2517,-33.59,8.41,7.22,14.97
10146.2834,-31.16,8.20,6.33,14.50
10146.3173,-28.34,8.02,5.14,13.85
10146.3648,-25.49,7.83,3.94,13.19
10146.3964,-22.87,7.61,2.85,12.57
10146.4291,-20.18,7.40,1.76,11.91
10146.4598,-17.46,7.20,0.70,11.22
10146.4914,-14.98,7.00,-0.25,10.57
10146.5231,-12.50,6.82,-1.16,9.90
10146.5550,-10.21,6.64,-1.93,9.28
10146.5904,-8.14,6.46,-2.57,8.74
10146.6229,-5.91,6.40,-3.15,8.08
10146.6533,-3.90,6.37,-3.65,7.51
10146.6846,-2.05,6.39,-4.11,7.00
10146.7162,-0.38,6.44,-4.51,6.61
10146.7463,1.30,6.58,-4.87,6.26
10146.7773,2.94,6.76,-5.14,5.94
10146.8085,4.41,6.92,-5.35,5.84
10146.8397,5.82,7.11,-5.55,5.82
10146.8693,7.05,7.28,-5.74,5.95
10146.9003,8.17,7.44,-5.93,6.20
10146.9320,9.11,7.54,-6.09,6.54
10146.9642,9.85,7.61,-6.20,6.92
10146.9952,10.44,7.63,-6.28,7.32
10147.0269,10.82,7.57,-6.30,7.78
10147.0572,11.08,7.48,-6.29,8.16
10147.0889,11.17,7.34,-6.22,8.51
10147.1205,11.18,7.19,-6.13,8.82
10147.1519,11.05,6.99,-6.04,9.07
10147.1831,10.89,6.81,-5.98,9.26
10147.2143,10.61,6.57,-5.91,9.39
10147.2459,10.22,6.29,-5.79,9.59
10147.2761,9.70,5.95,-5.65,9.72
10147.3070,9.17,5.60,-5.49,9.69
10147.3382,8.52,5.18,-5.27,9.76
10147.3691,7.88,4.77,-5.01,9.69
10147.4006,7.24,4.38,-4.74,9.61
10147.4323,6.52,3.94,-4.41,9.49
10147.4640,5.72,3.47,-4.05,9.37
10147.4943,4.97,3.01,-3.70,9.26
10147.5257,4.15,2.53,-3.25,9.19
10147.5564,3.29,2.03,-2.69,9.21
10147.5887,2.51,1.57,-2.16,9.17
10147.6200,1.72,1.13,-1.62,9.18
10147.6679,0.94,0.75,-1.12,9.13
10147.6904,0.24,0.41,-0.66,9.06
10147.7216,-0.42,0.09,-0.18,9.02
10147.7531,-0.99,-0.20,0.26,8.93
10147.7851,-1.52,-0.44,0.71,8.87
10147.8170,-1.99,-0.66,1.14,8.82
10147.8329,-2.39,-0.85,1.50,8.74
10147.8647,-2.74,-1.00,1.81,8.66
10147.8984,-3.03,-1.12,2.07,8.59
10147.9402,-3.28,-1.22,2.28,8.53
10147.9734,-3.47,-1.32,2.46,8.48
10147.9982,-3.62,-1.40,2.61,8.45
10148.0269,-3.74,-1.46,2.73,8.41
10148.0583,-3.82,-1.50,2.80,8.39
10148.0894,-3.89,-1.56,2.86,8.40
10148.1208,-3.91,-1.60,2.88,8.40
10148.1531,-3.91,-1.63,2.89,8.42
10148.1856,-3.90,-1.66,2.87,8.44
10148.2222,-3.87,-1.68,2.84,8.44
10148.2543,-3.83,-1.71,2.81,8.43
10148.2879,-3.79,-1.72,2.75,8.41
10148.3194,-3.74,-1.73,2.70,8.40
10148.3517,-3.69,-1.73,2.64,8.37
10148.3840,-3.64,-1.74,2.57,8.34
10148.4154,-3.59,-1.74,2.51,8.30
10148.4477,-3.53,-1.75,2.45,8.24
10148.4792,-3.48,-1.75,2.40,8.18
10148.5128,-3.44,-1.75,2.34,8.10
10148.5449,-3.40,-1.75,2.30,8.02
10148.5769,-3.36,-1.75,2.26,7.94
10148.6146,-3.33,-1.75,2.22,7.85
10148.6539,-3.31,-1.75,2.19,7.76
10148.6856,-3.29,-1.75,2.16,7.67
10148.7174,-3.26,-1.74,2.13,7.60
10148.7495,-3.24,-1.74,2.10,7.54
10148.7814,-3.21,-1.73,2.06,7.48
10148.8203,-3.18,-1.72,2.03,7.43
10148.8506,-3.16,-1.72,1.98,7.39
10148.8910,-3.13,-1.72,1.94,7.36
10148.9247,-3.09,-1.71,1.90,7.32
10148.9586,-3.06,-1.71,1.83,7.29
10148.9905,-3.02,-1.70,1.77,7.27
10149.0227,-2.98,-1.70,1.71,7.25
10149.0541,-2.92,-1.70,1.65,7.23
10149.0869,-2.87,-1.71,1.59,7.21
10149.1192,-2.80,-1.72,1.52,7.19
10149.1513,-2.74,-1.73,1.46,7.18
10149.1840,-2.68,-1.75,1.39,7.16
10149.2163,-2.62,-1.77,1.33,7.16
10149.2480,-2.57,-1.80,1.28,7.15
10149.2790,-2.52,-1.83,1.22,7.14
10149.3103,-2.48,-1.85,1.16,7.13
10149.3435,-2.45,-1.88,1.11,7.11
10149.3773,-2.42,-1.90,1.07,7.10
10149.4091,-2.39,-1.93,1.04,7.09
10149.4415,-2.36,-1.96,1.01,7.08
10149.4729,-2.34,-1.98,0.98,7.06
10149.5043,-2.31,-1.99,0.95,7.04
10149.5365,-2.28,-2.01,0.93,7.02
10149.5682,-2.26,-2.02,0.91,7.00
10149.6005,-2.24,-2.03,0.89,6.98
10149.6345,-2.21,-2.03,0.87,6.96
10149.6656,-2.19,-2.02,0.85,6.93
10149.6982,-2.16,-2.01,0.83,6.91
10149.7306,-2.12,-2.01,0.82,6.89
10149.7634,-2.08,-2.00,0.82,6.87
10149.7946,-2.04,-1.99,0.81,6.85
10149.8273,-1.99,-1.98,0.78,6.82
10149.8619,-1.94,-1.98,0.76,6.78
10149.8828,-1.88,-1.98,0.74,6.75
10149.9135,-1.81,-1.98,0.73,6.72
10149.9486,-1.73,-1.98,0.72,6.69
10149.9799,-1.65,-1.99,0.72,6.65
10150.0134,-1.57,-1.99,0.71,6.62
10150.0456,-1.50,-2.00,0.69,6.58
10150.0771,-1.46,-2.00,0.66,6.52
10150.1098,-1.41,-1.99,0.62,6.43
10150.1324,-1.35,-1.99,0.59,6.34
10150.1635,-1.28,-2.02,0.62,6.27
10150.1949,-1.23,-2.04,0.68,6.22
10150.2277,-1.19,-2.06,0.71,6.17
10150.2595,-1.17,-2.06,0.71,6.14
10150.2932,-1.16,-2.06,0.73,6.11
10150.3253,-1.18,-2.05,0.75,6.09
10150.3578,-1.20,-2.01,0.74,6.03
10150.3893,-1.22,-1.97,0.71,5.94
10150.4213,-1.21,-1.94,0.72,5.85
10150.4528,-1.22,-1.95,0.79,5.80
10150.4881,-1.23,-1.95,0.86,5.77
10150.5201,-1.25,-1.94,0.90,5.77
10150.5538,-1.29,-1.94,0.94,5.77
10150.5900,-1.32,-1.93,0.99,5.76
10150.6232,-1.36,-1.90,1.03,5.72
10150.6552,-1.40,-1.85,1.04,5.63
10150.6875,-1.43,-1.83,1.04,5.55
10150.7190,-1.44,-1.83,1.08,5.49
10150.7519,-1.46,-1.85,1.18,5.47
10150.7844,-1.50,-1.87,1.26,5.49
10150.8175,-1.53,-1.88,1.28,5.51
10150.8491,-1.57,-1.88,1.29,5.53
10150.8814,-1.61,-1.88,1.28,5.52
10150.9129,-1.63,-1.88,1.27,5.50
10150.9459,-1.65,-1.88,1.29,5.47
10150.9781,-1.66,-1.90,1.30,5.45
10151.0103,-1.67,-1.92,1.32,5.44
10151.0421,-1.68,-1.94,1.32,5.45
10151.0780,-1.69,-1.97,1.32,5.46
10151.1097,-1.70,-1.99,1.32,5.46
10151.1433,-1.72,-2.01,1.31,5.46
10151.1766,-1.73,-2.03,1.30,5.46
10151.2083,-1.75,-2.05,1.29,5.46
10151.2401,-1.76,-2.07,1.27,5.46
10151.2732,-1.76,-2.09,1.25,5.46
10151.3056,-1.76,-2.10,1.22,5.45
10151.3397,-1.76,-2.11,1.19,5.45
10151.3727,-1.75,-2.12,1.16,5.43
10151.4051,-1.73,-2.12,1.14,5.41
10151.4375,-1.71,-2.12,1.13,5.40
10151.4717,-1.69,-2.11,1.11,5.38
10151.5031,-1.67,-2.09,1.10,5.36
10151.5357,-1.66,-2.08,1.09,5.34
10151.5517,-1.66,-2.06,1.09,5.33
10151.5830,-1.65,-2.05,1.10,5.31
10151.6151,-1.66,-2.05,1.11,5.30
10151.6478,-1.67,-2.04,1.11,5.29
10151.6795,-1.67,-2.03,1.11,5.27
10151.7135,-1.68,-2.03,1.11,5.26
10151.7453,-1.68,-2.03,1.12,5.24
10151.7778,-1.67,-2.04,1.12,5.23
10151.8128,-1.66,-2.05,1.12,5.20
10151.8330,-1.66,-2.06,1.13,5.19
10151.8666,-1.64,-2.07,1.14,5.16
10151.8985,-1.63,-2.09,1.14,5.14
10151.9302,-1.61,-2.11,1.14,5.12
10151.9635,-1.58,-2.14,1.12,5.09
10151.9956,-1.55,-2.17,1.11,5.07
10152.0279,-1.53,-2.20,1.11,5.04
10152.0598,-1.51,-2.23,1.12,5.03
10152.1073,-1.48,-2.26,1.11,5.00
10152.1398,-1.45,-2.29,1.10,4.98
10152.1732,-1.43,-2.32,1.08,4.95
10152.2056,-1.41,-2.35,1.06,4.93
10152.2378,-1.38,-2.37,1.05,4.91
10152.2693,-1.35,-2.39,1.03,4.89
10152.3016,-1.32,-2.40,1.03,4.88
10152.3364,-1.30,-2.40,1.03,4.87
10152.3689,-1.29,-2.40,1.05,4.86
10152.4010,-1.29,-2.39,1.07,4.86
10152.4331,-1.29,-2.37,1.10,4.86
10152.4652,-1.30,-2.35,1.12,4.87
10152.4977,-1.31,-2.34,1.15,4.88
10152.5294,-1.33,-2.32,1.19,4.89
10152.5632,-1.35,-2.31,1.22,4.90
10152.5950,-1.37,-2.30,1.25,4.91
10152.6296,-1.37,-2.29,1.27,4.92
10152.6525,-1.38,-2.28,1.28,4.93
10152.6841,-1.38,-2.28,1.28,4.92
10152.7162,-1.38,-2.27,1.28,4.90
10152.7482,-1.38,-2.27,1.28,4.87
10152.7801,-1.36,-2.24,1.28,4.84
10152.8131,-1.36,-2.22,1.28,4.80
10152.8459,-1.36,-2.18,1.28,4.77
10152.8780,-1.36,-2.14,1.31,4.75
10152.9092,-1.38,-2.10,1.37,4.72
10152.9415,-1.42,-2.07,1.44,4.71
10152.9753,-1.48,-2.05,1.52,4.70
10153.0106,-1.56,-2.03,1.60,4.71
10153.0429,-1.65,-2.06,1.72,4.72
10153.0782,-1.76,-2.11,1.85,4.76
10153.1100,-1.88,-2.18,1.98,4.77
10153.1431,-2.01,-2.26,2.07,4.78
10153.1759,-2.13,-2.37,2.16,4.77
10153.2081,-2.23,-2.49,2.25,4.76
10153.2561,-2.31,-2.63,2.29,4.71
10153.3059,-2.35,-2.77,2.29,4.64
10153.3380,-2.37,-2.90,2.29,4.57
10153.3689,-2.39,-3.01,2.30,4.51
10153.4015,-2.39,-3.09,2.31,4.45
10153.4333,-2.39,-3.15,2.32,4.40
10153.4659,-2.38,-3.18,2.33,4.36
10153.5005,-2.36,-3.19,2.35,4.33
10153.5317,-2.35,-3.18,2.37,4.30
10153.5632,-2.34,-3.15,2.39,4.28
10153.5952,-2.33,-3.10,2.41,4.26
10153.6267,-2.32,-3.05,2.44,4.24
10153.6609,-2.30,-2.99,2.46,4.22
10153.6929,-2.29,-2.94,2.48,4.21
10153.7248,-2.28,-2.88,2.49,4.19
10153.7571,-2.27,-2.84,2.50,4.18
10153.7891,-2.26,-2.81,2.52,4.17
10153.8213,-2.25,-2.79,2.54,4.16
10153.8531,-2.25,-2.79,2.55,4.15
10153.8857,-2.24,-2.79,2.57,4.13
10153.9175,-2.23,-2.80,2.58,4.11
10153.9513,-2.22,-2.82,2.60,4.10
10153.9834,-2.21,-2.83,2.62,4.10
10154.0161,-2.19,-2.85,2.63,4.10
10154.0477,-2.16,-2.87,2.65,4.11
10154.0794,-2.13,-2.89,2.65,4.13
10154.1133,-2.11,-2.90,2.62,4.15
10154.1460,-2.08,-2.89,2.54,4.15
10154.1780,-2.05,-2.86,2.44,4.13
10154.2103,-1.98,-2.84,2.36,4.07
10154.2426,-1.92,-2.81,2.31,4.01
10154.2815,-1.82,-2.81,2.34,3.99
10154.3127,-1.71,-2.83,2.38,4.01
10154.3518,-1.60,-2.83,2.36,4.02
10154.3834,-1.50,-2.81,2.33,4.03
10154.4164,-1.42,-2.79,2.33,4.05
10154.4484,-1.33,-2.77,2.35,4.08
10154.4799,-1.27,-2.75,2.36,4.13
10154.5133,-1.26,-2.73,2.37,4.21
10154.5450,-1.27,-2.70,2.37,4.29
10154.5778,-1.29,-2.68,2.35,4.34
10154.5992,-1.30,-2.65,2.33,4.37
10154.6311,-1.32,-2.62,2.29,4.39
10154.6677,-1.32,-2.63,2.30,4.40
10154.6996,-1.32,-2.65,2.32,4.42
10154.7327,-1.32,-2.68,2.32,4.44
10154.7658,-1.30,-2.72,2.29,4.46
10154.7979,-1.27,-2.76,2.25,4.46
10154.8291,-1.23,-2.79,2.22,4.47
10154.8612,-1.20,-2.82,2.18,4.47
10154.8948,-1.16,-2.85,2.13,4.48
10154.9271,-1.12,-2.87,2.07,4.50
10154.9631,-1.07,-2.90,2.03,4.52
10154.9971,-1.04,-2.91,1.98,4.57
10155.0286,-1.00,-2.90,1.91,4.62
10155.0611,-0.96,-2.89,1.83,4.67
10155.0934,-0.91,-2.88,1.76,4.71
10155.1261,-0.86,-2.86,1.69,4.74
10155.1593,-0.80,-2.85,1.63,4.77
10155.1905,-0.72,-2.84,1.57,4.78
10155.2230,-0.66,-2.83,1.52,4.80
10155.2590,-0.59,-2.82,1.46,4.80
10155.2916,-0.52,-2.81,1.40,4.80
10155.3239,-0.45,-2.81,1.35,4.79
10155.3573,-0.39,-2.82,1.31,4.78
10155.3894,-0.34,-2.82,1.27,4.76
10155.4218,-0.31,-2.81,1.23,4.73
10155.4532,-0.28,-2.80,1.20,4.69
10155.4850,-0.25,-2.79,1.18,4.65
10155.5189,-0.22,-2.78,1.19,4.61
10155.5508,-0.18,-2.76,1.20,4.57
10155.5832,-0.15,-2.74,1.21,4.54
10155.6154,-0.13,-2.71,1.21,4.51
10155.6467,-0.14,-2.66,1.22,4.48
10155.6836,-0.15,-2.62,1.23,4.45
10155.7152,-0.17,-2.58,1.27,4.44
10155.7532,-0.19,-2.54,1.31,4.42
10155.7855,-0.22,-2.50,1.33,4.41
10155.8170,-0.25,-2.46,1.34,4.40
10155.8494,-0.28,-2.44,1.35,4.39
10155.8810,-0.33,-2.43,1.37,4.39
10155.9126,-0.37,-2.42,1.39,4.39
10155.9526,-0.42,-2.43,1.40,4.38
10155.9837,-0.46,-2.44,1.40,4.37
10156.0156,-0.49,-2.45,1.40,4.35
10156.0479,-0.52,-2.47,1.39,4.33
10156.0801,-0.55,-2.48,1.39,4.31
10156.1132,-0.57,-2.49,1.39,4.29
10156.1450,-0.59,-2.51,1.39,4.28
10156.1797,-0.60,-2.51,1.39,4.27
10156.2131,-0.62,-2.52,1.39,4.25
10156.2449,-0.64,-2.51,1.39,4.25
10156.2784,-0.65,-2.51,1.39,4.24
10156.3107,-0.67,-2.51,1.39,4.24
10156.3433,-0.68,-2.50,1.40,4.24
10156.3749,-0.70,-2.50,1.41,4.25
10156.4071,-0.71,-2.49,1.41,4.25
10156.4388,-0.71,-2.49,1.41,4.26
10156.4713,-0.71,-2.49,1.41,4.27
10156.5118,-0.71,-2.50,1.42,4.28
10156.5493,-0.70,-2.51,1.43,4.29
10156.5818,-0.70,-2.54,1.43,4.29
10156.6130,-0.70,-2.57,1.44,4.30
10156.6453,-0.72,-2.60,1.43,4.31
10156.6614,-0.74,-2.64,1.44,4.32
10156.6933,-0.75,-2.68,1.44,4.32
10156.7254,-0.75,-2.68,1.46,4.32
10156.7574,-0.73,-2.69,1.49,4.31
10156.7896,-0.69,-2.69,1.53,4.30
10156.8216,-0.63,-2.69,1.53,4.30
10156.8533,-0.57,-2.71,1.55,4.31
10156.8854,-0.54,-2.71,1.55,4.36
10156.9172,-0.53,-2.69,1.54,4.42
10156.9509,-0.57,-2.66,1.50,4.49
10156.9834,-0.66,-2.62,1.47,4.58
10157.0156,-0.75,-2.59,1.47,4.65
10157.0475,-0.87,-2.56,1.52,4.72
10157.0788,-0.99,-2.54,1.57,4.76
10157.1105,-1.09,-2.50,1.60,4.77
10157.1445,-1.16,-2.46,1.64,4.77
10157.1813,-1.20,-2.42,1.65,4.77
10157.2208,-1.20,-2.41,1.64,4.76
10157.2530,-1.15,-2.41,1.62,4.74
10157.2851,-1.07,-2.43,1.62,4.72
10157.3194,-0.99,-2.44,1.60,4.69
10157.3522,-0.90,-2.44,1.57,4.65
10157.3846,-0.84,-2.45,1.55,4.60
10157.4172,-0.78,-2.45,1.57,4.56
10157.4495,-0.76,-2.46,1.62,4.53
10157.4815,-0.76,-2.47,1.67,4.52
10157.5150,-0.79,-2.48,1.70,4.52
10157.5468,-0.84,-2.49,1.73,4.54
10157.5830,-0.92,-2.51,1.77,4.58
10157.6156,-0.99,-2.53,1.80,4.61
10157.6471,-1.07,-2.54,1.81,4.63
10157.6792,-1.14,-2.57,1.83,4.65
10157.7102,-1.20,-2.61,1.85,4.68
10157.7433,-1.23,-2.65,1.85,4.70
10157.7810,-1.24,-2.67,1.84,4.69
10157.8055,-1.23,-2.70,1.81,4.67
10157.8358,-1.22,-2.74,1.79,4.65
10157.8716,-1.20,-2.78,1.80,4.63
10157.8992,-1.18,-2.82,1.80,4.60
10157.9315,-1.14,-2.85,1.77,4.56
10157.9631,-1.10,-2.87,1.76,4.50
10157.9964,-1.05,-2.89,1.75,4.45
10158.0280,-0.99,-2.91,1.74,4.38
10158.0597,-0.93,-2.91,1.74,4.32
10158.0868,-0.86,-2.90,1.73,4.25
10158.1207,-0.79,-2.89,1.74,4.18
10158.1536,-0.72,-2.86,1.75,4.13
10158.1778,-0.66,-2.83,1.76,4.08
10158.2157,-0.61,-2.79,1.78,4.04
10158.2439,-0.57,-2.74,1.80,4.01
10158.2867,-0.55,-2.68,1.83,3.98
10158.3181,-0.55,-2.63,1.85,3.95
10158.3550,-0.60,-2.58,1.88,3.95
10158.3877,-0.69,-2.55,1.93,3.96
10158.4361,-0.80,-2.52,1.99,3.97
10158.4677,-0.90,-2.50,2.04,3.97
10158.4891,-0.99,-2.49,2.07,3.96
10158.5211,-1.07,-2.47,2.11,3.94
