timestamp_s,flexion,abduction,ext_rot,elbow
1927656.4413,69.26,6.75,-9.77,5.56
1927656.6151,69.26,6.75,-9.77,5.56
1927656.6348,69.26,6.75,-9.77,5.56
1927656.6578,69.26,6.75,-9.78,5.56
1927656.6913,69.26,6.76,-9.78,5.57
1927656.7143,69.26,6.76,-9.78,5.57
1927656.7466,69.26,6.75,-9.78,5.57
1927656.7785,69.26,6.75,-9.78,5.56
1927656.8104,69.26,6.75,-9.78,5.56
1927656.8420,69.26,6.75,-9.79,5.56
1927656.8739,69.26,6.76,-9.79,5.56
1927656.9139,69.26,6.76,-9.79,5.56
1927656.9457,69.26,6.76,-9.79,5.56
1927656.9706,69.26,6.76,-9.78,5.56
1927656.9975,69.26,6.76,-9.78,5.56
1927657.0421,69.26,6.76,-9.78,5.56
1927657.0637,69.26,6.77,-9.77,5.56
1927657.0936,69.26,6.77,-9.77,5.56
1927657.1256,69.26,6.77,-9.76,5.56
1927657.1577,69.26,6.77,-9.76,5.56
1927657.1844,69.26,6.77,-9.76,5.55
1927657.2146,69.26,6.77,-9.76,5.55
1927657.2463,69.26,6.77,-9.76,5.55
1927657.2779,69.26,6.78,-9.76,5.56
1927657.3099,69.26,6.78,-9.76,5.56
1927657.3421,69.26,6.78,-9.76,5.56
1927657.3823,69.26,6.78,-9.76,5.56
1927657.4139,69.26,6.78,-9.76,5.56
1927657.4457,69.26,6.78,-9.76,5.56
1927657.4773,69.26,6.78,-9.75,5.56
1927657.5099,69.26,6.78,-9.75,5.56
1927657.5411,69.26,6.78,-9.75,5.56
1927657.5592,69.26,6.78,-9.75,5.56
1927657.5894,69.26,6.78,-9.75,5.56
1927657.6292,69.26,6.78,-9.75,5.56
1927657.6611,69.26,6.78,-9.75,5.56
1927657.6941,69.26,6.78,-9.75,5.57
1927657.7259,69.26,6.78,-9.75,5.57
1927657.7476,69.26,6.77,-9.75,5.57
1927657.7793,69.26,6.77,-9.75,5.57
1927657.8185,69.26,6.77,-9.74,5.57
1927657.8459,69.26,6.77,-9.74,5.57
1927657.8805,69.26,6.77,-9.74,5.57
1927657.9052,69.26,6.77,-9.74,5.57
1927657.9466,69.26,6.77,-9.74,5.57
1927657.9789,69.26,6.77,-9.74,5.57
1927658.0120,69.26,6.76,-9.74,5.57
1927658.0427,69.26,6.76,-9.74,5.57
1927658.0746,69.26,6.76,-9.73,5.57
1927658.1137,69.26,6.76,-9.73,5.57
1927658.1454,69.26,6.75,-9.73,5.57
1927658.1775,69.26,6.75,-9.73,5.57
1927658.2096,69.26,6.74,-9.72,5.57
1927658.2410,69.26,6.74,-9.72,5.57
1927658.2649,69.26,6.74,-9.72,5.57
1927658.2968,69.26,6.73,-9.72,5.57
1927658.3284,69.26,6.73,-9.71,5.57
1927658.3612,69.26,6.73,-9.71,5.57
1927658.3927,69.26,6.72,-9.71,5.57
1927658.4245,69.26,6.72,-9.71,5.57
1927658.4564,69.26,6.72,-9.71,5.57
1927658.4804,69.26,6.71,-9.71,5.57
1927658.5120,69.26,6.71,-9.71,5.57
1927658.5442,69.26,6.71,-9.70,5.57
1927658.5764,69.26,6.71,-9.70,5.57
1927658.6080,69.26,6.71,-9.70,5.58
1927658.6399,69.26,6.70,-9.70,5.58
1927658.6814,69.26,6.70,-9.70,5.58
1927658.7123,69.26,6.70,-9.70,5.58
1927658.7443,69.26,6.70,-9.70,5.58
1927658.7764,69.26,6.70,-9.70,5.58
1927658.8083,69.26,6.70,-9.70,5.58
1927658.8409,69.26,6.70,-9.70,5.57
1927658.8807,69.26,6.70,-9.70,5.58
1927658.9124,69.26,6.70,-9.69,5.58
1927658.9439,69.26,6.70,-9.69,5.58
1927658.9757,69.26,6.70,-9.69,5.58
1927659.0080,69.26,6.70,-9.69,5.58
1927659.0400,69.26,6.69,-9.69,5.58
1927659.0646,69.26,6.69,-9.69,5.58
1927659.0968,69.26,6.69,-9.69,5.58
1927659.1286,69.26,6.69,-9.69,5.58
1927659.1607,69.26,6.69,-9.69,5.59
1927659.1925,69.26,6.69,-9.69,5.59
1927659.2247,69.26,6.69,-9.69,5.59
1927659.2566,69.26,6.69,-9.69,5.59
1927659.2805,69.26,6.69,-9.69,5.59
1927659.3124,69.26,6.69,-9.69,5.59
1927659.3445,69.26,6.69,-9.69,5.59
1927659.3765,69.26,6.69,-9.69,5.59
1927659.4083,69.26,6.69,-9.69,5.59
1927659.4473,69.26,6.69,-9.69,5.59
1927659.4793,69.26,6.69,-9.69,5.59
1927659.5121,69.26,6.69,-9.69,5.60
1927659.5428,69.26,6.69,-9.69,5.60
1927659.5752,69.26,6.70,-9.69,5.60
1927659.6077,69.26,6.70,-9.69,5.60
1927659.6473,69.26,6.70,-9.69,5.60
1927659.6792,69.26,6.70,-9.69,5.60
1927659.7118,69.26,6.70,-9.69,5.60
1927659.7439,69.26,6.70,-9.69,5.60
1927659.7761,69.26,6.71,-9.69,5.60
1927659.8084,69.26,6.71,-9.69,5.60
1927659.8403,69.26,6.71,-9.69,5.60
1927659.8808,69.26,6.71,-9.69,5.61
1927659.9136,69.26,6.71,-9.69,5.61
1927659.9448,69.26,6.71,-9.69,5.61
1927659.9766,69.26,6.71,-9.69,5.61
1927660.0084,69.26,6.71,-9.69,5.61
1927660.0409,69.26,6.71,-9.69,5.61
1927660.0647,69.26,6.71,-9.69,5.61
1927660.0964,69.26,6.71,-9.69,5.61
1927660.1285,69.26,6.71,-9.69,5.62
1927660.1606,69.26,6.72,-9.69,5.62
1927660.1922,69.26,6.72,-9.69,5.62
1927660.2243,69.26,6.72,-9.69,5.62
1927660.2560,69.26,6.72,-9.69,5.62
1927660.2802,69.26,6.72,-9.69,5.62
1927660.3117,69.26,6.72,-9.69,5.62
1927660.3438,69.26,6.72,-9.69,5.62
1927660.3757,69.26,6.72,-9.69,5.62
1927660.4074,69.26,6.73,-9.69,5.62
1927660.4469,69.26,6.73,-9.69,5.62
1927660.4790,69.26,6.73,-9.69,5.62
1927660.5111,69.26,6.73,-9.69,5.62
1927660.5269,69.26,6.73,-9.69,5.62
1927660.5592,69.26,6.73,-9.69,5.62
1927660.5912,69.26,6.73,-9.69,5.62
1927660.6305,69.26,6.73,-9.69,5.62
1927660.6629,69.26,6.73,-9.69,5.62
1927660.6948,69.26,6.74,-9.69,5.62
1927660.7263,69.26,6.74,-9.69,5.62
1927660.7591,69.26,6.74,-9.69,5.62
1927660.7906,69.26,6.74,-9.69,5.62
1927660.8144,69.26,6.74,-9.69,5.62
1927660.8459,69.26,6.74,-9.69,5.62
1927660.8776,69.26,6.74,-9.69,5.62
1927660.9095,69.26,6.74,-9.69,5.62
1927660.9414,69.26,6.74,-9.69,5.62
1927660.9733,69.26,6.75,-9.69,5.62
1927660.9969,69.26,6.75,-9.69,5.62
1927661.0293,69.26,6.75,-9.69,5.62
1927661.0612,69.26,6.75,-9.69,5.62
1927661.0933,69.26,6.75,-9.69,5.62
1927661.1251,69.26,6.75,-9.69,5.62
1927661.1572,69.26,6.75,-9.69,5.61
1927661.1976,69.26,6.75,-9.69,5.61
1927661.2294,69.26,6.75,-9.69,5.61
1927661.2608,69.26,6.75,-9.69,5.61
1927661.2921,69.26,6.75,-9.69,5.61
1927661.3083,69.26,6.75,-9.69,5.61
1927661.3398,69.26,6.75,-9.69,5.61
1927661.3801,69.26,6.75,-9.69,5.61
1927661.4116,69.26,6.75,-9.69,5.61
1927661.4438,69.26,6.75,-9.70,5.62
1927661.4755,69.26,6.75,-9.69,5.62
1927661.5076,69.26,6.76,-9.68,5.68
1927661.5320,69.26,6.63,-9.66,5.77
1927661.5623,69.26,6.52,-9.65,5.85
1927661.5945,69.26,6.38,-9.64,5.92
1927661.6262,69.26,6.26,-9.63,6.01
1927661.6585,69.26,6.10,-9.43,6.03
1927661.6906,69.26,5.97,-9.24,6.05
1927661.7144,69.26,5.87,-9.08,6.08
1927661.7466,69.26,5.78,-8.95,6.37
1927661.7785,69.26,5.55,-7.78,5.99
1927661.8104,69.26,5.37,-6.77,5.69
1927661.8425,69.26,5.27,-5.90,5.44
1927661.8747,69.26,5.24,-5.16,5.51
1927661.9065,69.26,5.01,-3.83,5.36
1927661.9469,69.26,5.06,-2.68,5.25
1927661.9646,69.26,5.25,-1.70,5.18
1927662.0112,69.26,5.06,-0.59,5.55
1927662.0434,69.26,5.02,0.35,5.87
1927662.0753,69.26,5.07,1.16,6.15
1927662.1072,69.26,5.24,1.84,6.30
1927662.1469,69.26,0.00,2.68,6.71
1927662.1792,69.26,0.00,3.39,7.06
1927662.2114,69.26,0.00,4.00,7.56
1927662.2429,69.26,0.00,4.56,8.00
1927662.2751,69.26,0.00,5.06,8.58
1927662.3069,69.26,0.00,5.48,9.09
1927662.3311,69.26,0.00,5.83,9.55
1927662.3632,69.26,0.00,6.16,9.95
1927662.3947,69.26,0.00,6.34,10.31
1927662.4266,69.26,0.00,6.50,10.62
1927662.4587,69.26,0.00,6.64,10.83
1927662.4910,69.26,0.00,6.73,10.92
1927662.5152,69.26,0.00,6.80,11.00
1927662.5467,69.26,0.00,6.87,11.07
1927662.5782,69.26,0.00,6.92,11.10
1927662.6099,69.26,0.00,7.02,11.13
1927662.6421,69.26,0.00,7.10,11.15
1927662.6741,69.26,0.00,7.17,11.17
1927662.7137,69.26,0.00,7.44,11.02
1927662.7311,69.26,0.00,7.61,11.18
1927662.7612,69.26,0.00,7.77,11.31
1927662.7933,69.26,0.00,7.89,11.42
1927662.8251,69.26,0.00,8.00,11.42
1927662.8574,69.26,0.00,8.23,11.47
1927662.8971,69.26,0.00,8.43,11.51
1927662.9288,69.26,0.00,8.59,11.39
1927662.9610,69.26,0.00,8.78,11.28
1927662.9928,69.26,0.00,8.78,11.35
1927663.0249,69.26,0.00,8.77,11.40
1927663.0576,69.26,0.00,8.77,11.35
1927663.0812,69.26,0.00,8.77,11.29
1927663.1126,69.26,0.00,8.78,11.24
1927663.1442,69.26,0.00,8.87,11.24
1927663.1758,69.26,0.00,8.95,11.26
1927663.2072,69.26,0.00,9.02,11.27
1927663.2312,69.26,0.00,9.07,11.27
1927663.2631,69.26,0.00,9.13,11.26
1927663.2951,69.26,0.00,9.21,11.22
1927663.3273,69.26,0.00,9.28,11.18
1927663.3593,69.26,0.00,9.35,11.13
1927663.3912,69.26,0.00,9.39,11.08
1927663.4225,69.26,0.00,9.43,10.99
1927663.4618,69.26,0.00,9.45,11.05
1927663.4941,69.26,0.00,9.47,11.08
1927663.5262,69.26,0.00,9.48,11.17
1927663.5579,69.26,0.00,9.49,11.23
1927663.5897,69.26,0.00,9.50,11.29
1927663.6296,69.26,0.00,9.50,11.16
1927663.6618,69.26,0.00,9.49,11.14
1927663.6936,69.26,0.00,9.49,11.13
1927663.7253,69.26,0.00,9.48,11.12
1927663.7571,69.26,0.00,9.45,11.03
1927663.7809,69.26,0.00,9.42,11.02
1927663.8132,69.26,0.00,9.40,11.01
1927663.8459,69.26,0.00,9.38,11.01
1927663.8774,69.26,4.98,9.24,10.81
1927663.9113,69.26,4.38,9.13,10.77
1927663.9408,69.26,3.87,9.03,10.73
1927663.9645,69.26,3.44,8.95,10.71
1927663.9965,69.26,3.07,8.88,10.70
1927664.0281,69.26,2.77,8.82,10.62
1927664.0606,69.26,2.06,8.64,10.42
1927664.0920,69.26,1.49,8.48,10.25
1927664.1237,69.26,1.08,8.35,10.11
1927664.1634,69.26,0.86,8.24,9.89
1927664.1953,69.26,0.00,8.02,9.60
1927664.2269,69.26,0.00,7.83,9.36
1927664.2590,69.26,0.00,7.66,9.15
1927664.2915,69.26,0.00,7.45,8.79
1927664.3150,69.26,0.00,7.26,8.43
1927664.3467,69.26,0.00,7.10,8.13
1927664.3783,69.26,0.00,6.97,7.87
1927664.4103,69.26,0.00,6.72,7.66
1927664.4421,69.26,0.00,6.51,7.01
1927664.4743,69.26,0.00,6.33,6.50
1927664.4981,69.26,0.00,6.18,6.12
1927664.5294,69.26,0.00,6.02,5.67
1927664.5618,69.26,0.00,5.88,5.44
1927664.5942,69.26,0.00,5.77,5.26
1927664.6256,69.26,0.00,5.67,5.14
1927664.6581,69.26,0.00,5.58,4.82
1927664.6973,69.26,0.00,5.50,4.76
1927664.7291,69.26,0.00,5.44,4.74
1927664.7616,69.26,0.00,5.38,4.73
1927664.7933,69.26,0.00,5.33,4.74
1927664.8257,69.26,4.85,5.38,4.75
1927664.8580,69.26,4.71,5.43,4.78
1927664.8897,69.26,4.56,5.46,4.82
1927664.9297,69.26,4.44,5.49,4.83
1927664.9620,69.26,4.31,5.51,4.90
1927664.9932,69.26,4.20,5.53,4.97
1927665.0250,69.26,4.10,5.55,5.03
1927665.0569,69.26,4.02,5.56,5.09
1927665.0811,69.26,3.93,5.57,5.15
1927665.1132,69.26,3.86,5.58,5.20
1927665.1454,69.26,3.80,5.59,5.16
1927665.1774,69.26,3.76,5.60,5.13
1927665.2090,69.26,3.72,5.59,5.12
1927665.2408,69.26,3.68,5.57,5.12
1927665.2643,69.26,0.00,5.56,5.11
1927665.2959,69.26,0.00,5.56,5.04
1927665.3279,69.26,3.62,5.55,4.97
1927665.3603,69.26,3.61,5.55,4.90
1927665.3922,69.26,3.59,5.54,4.85
1927665.4244,69.26,3.58,5.54,4.77
1927665.4641,69.26,3.57,5.55,4.71
1927665.4821,69.26,3.57,5.55,4.65
1927665.5118,69.26,3.57,5.55,4.60
1927665.5483,69.26,3.57,5.55,4.56
1927665.5743,69.26,3.57,5.56,4.53
1927665.6066,69.26,3.56,5.56,4.49
1927665.6382,69.26,3.56,5.56,4.46
1927665.6793,69.26,3.56,5.56,4.43
1927665.7115,69.26,3.55,5.56,4.41
1927665.7434,69.26,3.54,5.56,4.39
1927665.7749,69.26,3.53,5.56,4.35
1927665.8067,69.26,3.53,5.55,4.34
1927665.8300,69.26,3.51,5.54,4.33
1927665.8623,69.26,3.49,5.54,4.32
1927665.8941,69.26,3.48,5.53,4.31
1927665.9259,69.26,3.46,5.52,4.29
1927665.9581,69.26,3.47,5.52,4.27
1927665.9901,69.26,3.47,5.52,4.25
1927666.0147,69.26,3.47,5.51,4.23
1927666.0475,69.26,3.47,5.51,4.23
1927666.0787,69.26,3.48,5.51,4.22
1927666.1106,69.26,3.48,5.51,4.22
1927666.1426,69.26,3.49,5.51,4.21
1927666.1746,69.26,3.38,5.51,4.19
1927666.2069,69.26,3.32,5.51,4.18
1927666.2312,69.26,3.26,5.51,4.16
1927666.2625,69.26,3.22,5.51,4.14
1927666.2943,69.26,3.18,5.51,4.17
1927666.3261,69.26,3.18,5.50,4.19
1927666.3582,69.26,3.18,5.49,4.20
1927666.3901,69.26,3.22,5.47,4.24
1927666.4305,69.26,3.22,5.46,4.25
1927666.4621,69.26,3.22,5.45,4.25
1927666.4945,69.26,3.21,5.44,4.25
1927666.5261,69.26,3.20,5.44,4.25
1927666.5587,69.26,3.19,5.43,4.24
1927666.5908,69.26,3.18,5.43,4.24
1927666.6306,69.26,3.17,5.42,4.23
1927666.6625,69.26,3.16,5.42,4.29
1927666.6946,69.26,3.21,5.41,4.24
1927666.7266,69.26,3.25,5.40,4.20
1927666.7585,69.26,3.29,5.39,4.17
1927666.7906,69.26,3.32,5.36,4.14
1927666.8146,69.26,3.37,5.37,4.16
1927666.8463,69.26,3.41,5.38,4.17
1927666.8796,69.26,3.45,5.39,4.18
1927666.9102,69.26,3.49,5.38,4.19
1927666.9420,69.26,3.49,5.38,4.23
1927666.9743,69.26,3.49,5.38,4.23
1927666.9977,69.26,3.49,5.39,4.24
1927667.0296,69.26,3.50,5.39,4.25
1927667.0620,69.26,3.50,5.38,4.28
1927667.0945,69.26,3.49,5.38,4.27
1927667.1259,69.26,3.49,5.37,4.26
1927667.1573,69.26,3.49,5.37,4.25
1927667.1972,69.26,3.49,5.36,4.24
1927667.2155,69.26,3.49,5.36,4.23
1927667.2611,69.26,3.49,5.36,4.21
1927667.2786,69.26,3.49,5.36,4.20
1927667.3090,69.26,3.50,5.35,4.19
1927667.3406,69.26,3.50,5.35,4.17
1927667.3798,69.26,3.50,5.35,4.16
1927667.4118,69.26,3.51,5.34,4.15
1927667.4434,69.26,3.51,5.34,4.14
1927667.4754,69.26,3.52,5.34,4.14
1927667.5073,69.26,3.52,5.34,4.13
1927667.5311,69.26,3.53,5.33,4.13
1927667.5629,69.26,3.53,5.33,4.12
1927667.5946,69.26,3.54,5.33,4.12
1927667.6266,69.26,3.54,5.33,4.12
1927667.6588,69.26,3.55,5.32,4.12
1927667.6910,69.26,3.55,5.32,4.12
1927667.7148,69.26,3.56,5.31,4.12
1927667.7463,69.26,3.56,5.31,4.12
1927667.7785,69.26,3.57,5.31,4.12
1927667.8107,69.26,3.57,5.31,4.12
1927667.8424,69.26,3.57,5.31,4.12
1927667.8741,69.26,3.57,5.30,4.12
1927667.9062,69.26,3.57,5.30,4.11
1927667.9332,69.26,3.57,5.30,4.11
1927667.9786,69.26,3.58,5.30,4.12
1927667.9974,69.26,3.58,5.30,4.12
1927668.0305,69.26,3.58,5.29,4.12
1927668.0626,69.26,3.59,5.29,4.13
1927668.0974,69.26,3.59,5.28,4.13
1927668.1290,69.26,3.60,5.27,4.13
1927668.1607,69.26,3.60,5.27,4.13
1927668.1926,69.26,3.60,5.27,4.14
1927668.2245,69.26,3.61,5.27,4.14
1927668.2481,69.26,3.61,5.27,4.14
1927668.2804,69.26,3.61,5.27,4.15
1927668.3118,69.26,3.61,5.27,4.15
1927668.3436,69.26,3.60,5.27,4.16
1927668.3756,69.26,3.60,5.28,4.16
1927668.4068,69.26,3.60,5.28,4.16
1927668.4471,69.26,3.60,5.28,4.17
1927668.4793,69.26,3.60,5.28,4.17
1927668.5114,69.26,3.60,5.29,4.17
1927668.5428,69.26,3.60,5.29,4.17
1927668.5752,69.26,3.60,5.29,4.18
1927668.6070,69.26,3.59,5.29,4.18
1927668.6464,69.26,3.59,5.29,4.18
1927668.6786,69.26,3.59,5.29,4.18
1927668.7105,69.26,3.59,5.29,4.18
1927668.7430,69.26,3.59,5.28,4.19
1927668.7746,69.26,3.59,5.28,4.19
1927668.8065,69.26,3.59,5.28,4.19
1927668.8302,69.26,3.59,5.28,4.19
1927668.8622,69.26,3.58,5.28,4.19
1927668.8943,69.26,3.58,5.28,4.19
1927668.9259,69.26,3.58,5.28,4.20
1927668.9577,69.26,3.58,5.29,4.20
1927668.9899,69.26,3.58,5.29,4.20
1927669.0144,69.26,3.58,5.29,4.20
1927669.0459,69.26,3.58,5.29,4.20
1927669.0781,69.26,3.58,5.29,4.20
1927669.1153,69.26,3.58,5.29,4.20
1927669.1381,69.26,3.58,5.29,4.20
1927669.1756,69.26,3.58,5.29,4.20
1927669.2126,69.26,3.58,5.29,4.21
1927669.2434,69.26,3.58,5.29,4.21
1927669.2758,69.26,3.58,5.30,4.21
1927669.3083,69.26,3.58,5.30,4.21
1927669.3405,69.26,3.58,5.30,4.21
1927669.3806,69.26,3.59,5.30,4.21
1927669.4129,69.26,3.59,5.30,4.21
1927669.4438,69.26,3.59,5.30,4.21
1927669.4753,69.26,3.59,5.30,4.21
1927669.5112,69.26,3.59,5.30,4.21
1927669.5310,69.26,3.59,5.30,4.21
1927669.5626,69.26,3.59,5.30,4.21
1927669.5953,69.26,3.59,5.30,4.21
1927669.6273,69.26,3.59,5.30,4.21
1927669.6593,69.26,3.59,5.30,4.21
1927669.6910,69.26,3.59,5.30,4.21
1927669.7231,69.26,3.59,5.30,4.21
1927669.7470,69.26,3.59,5.30,4.21
1927669.7788,69.26,3.59,5.29,4.21
1927669.8121,69.26,3.58,5.29,4.21
1927669.8432,69.26,3.58,5.29,4.21
1927669.8753,69.26,3.58,5.29,4.21
1927669.9070,69.26,3.58,5.29,4.21
1927669.9477,69.26,3.58,5.29,4.21
1927669.9791,69.26,3.58,5.29,4.21
1927670.0112,69.26,3.58,5.29,4.21
1927670.0432,69.26,3.58,5.29,4.22
1927670.0750,69.26,3.58,5.30,4.22
1927670.1075,69.26,3.58,5.30,4.22
1927670.1403,69.26,3.58,5.30,4.22
1927670.1803,69.26,3.57,5.30,4.22
1927670.2133,69.26,3.57,5.30,4.22
1927670.2443,69.26,3.57,5.30,4.22
1927670.2761,69.26,3.57,5.30,4.22
1927670.3078,69.26,3.57,5.30,4.22
1927670.3400,69.26,3.57,5.30,4.22
1927670.3816,69.26,3.57,5.30,4.22
1927670.4125,69.26,3.57,5.29,4.22
1927670.4450,69.26,3.57,5.29,4.22
1927670.4765,69.26,3.57,5.29,4.22
1927670.5086,69.26,3.57,5.29,4.23
1927670.5406,69.26,3.57,5.29,4.23
1927670.5646,69.26,3.57,5.29,4.22
1927670.5962,69.26,3.57,5.29,4.22
1927670.6282,69.26,3.57,5.29,4.22
1927670.6603,69.26,3.57,5.29,4.22
1927670.6918,69.26,3.56,5.29,4.22
1927670.7229,69.26,3.56,5.29,4.22
1927670.7470,69.26,3.57,5.29,4.22
1927670.7786,69.26,3.57,5.29,4.22
1927670.8110,69.26,3.57,5.29,4.22
1927670.8426,69.26,3.57,5.29,4.22
1927670.8748,69.26,3.57,5.29,4.22
1927670.9063,69.26,3.57,5.29,4.22
1927670.9462,69.26,3.57,5.29,4.22
1927670.9780,69.26,3.57,5.29,4.22
1927671.0102,69.26,3.57,5.29,4.22
1927671.0423,69.26,3.57,5.29,4.22
1927671.0591,69.26,3.57,5.29,4.22
1927671.0902,69.26,3.57,5.29,4.22
1927671.1302,69.26,3.58,5.29,4.22
1927671.1622,69.26,3.58,5.29,4.22
1927671.1941,69.26,3.58,5.29,4.22
1927671.2257,69.26,3.58,5.29,4.22
1927671.2578,69.26,3.58,5.29,4.22
1927671.2814,69.26,3.58,5.29,4.22
1927671.3129,69.26,3.58,5.29,4.22
1927671.3445,69.26,3.58,5.29,4.22
1927671.3764,69.26,3.59,5.29,4.21
1927671.4086,69.26,3.59,5.29,4.21
1927671.4406,69.26,3.59,5.29,4.21
1927671.4649,69.26,3.59,5.29,4.21
1927671.4966,69.26,3.59,5.29,4.21
1927671.5281,69.26,3.59,5.29,4.21
1927671.5597,69.26,3.59,5.29,4.21
1927671.5915,69.26,3.59,5.29,4.21
1927671.6231,69.26,3.59,5.29,4.21
1927671.6631,69.26,3.59,5.29,4.21
1927671.6953,69.26,3.60,5.29,4.21
1927671.7148,69.26,3.60,5.29,4.21
1927671.7598,69.26,3.60,5.29,4.21
1927671.7916,69.26,3.60,5.29,4.21
1927671.8236,69.26,3.60,5.29,4.21
1927671.8642,69.26,3.60,5.29,4.21
1927671.8952,69.26,3.60,5.29,4.21
1927671.9270,69.26,3.60,5.29,4.21
1927671.9581,69.26,3.60,5.29,4.20
1927671.9898,69.26,3.60,5.29,4.20
1927672.0145,69.26,3.60,5.29,4.20
1927672.0465,69.26,3.60,5.29,4.20
1927672.0781,69.26,3.60,5.29,4.20
1927672.1100,69.26,3.61,5.29,4.20
1927672.1420,69.26,3.61,5.29,4.20
1927672.1733,69.26,3.61,5.29,4.20
1927672.2138,69.26,3.61,5.29,4.20
1927672.2458,69.26,3.61,5.29,4.20
1927672.2780,69.26,3.61,5.29,4.20
1927672.3101,69.26,3.61,5.29,4.20
1927672.3421,69.26,3.61,5.29,4.20
1927672.3741,69.26,3.61,5.29,4.20
1927672.4064,69.26,3.61,5.29,4.20
1927672.4472,69.26,3.61,5.28,4.20
1927672.4782,69.26,3.61,5.28,4.20
1927672.5102,69.26,3.61,5.28,4.20
1927672.5421,69.26,3.61,5.28,4.20
1927672.5742,69.26,3.61,5.29,4.20
1927672.6135,69.26,3.61,5.29,4.20
1927672.6451,69.26,3.61,5.29,4.20
1927672.6770,69.26,3.61,5.29,4.20
1927672.7090,69.26,3.61,5.29,4.20
1927672.7411,69.26,3.61,5.29,4.20
1927672.7731,69.26,3.61,5.29,4.20
1927672.7969,69.26,3.61,5.29,4.20
1927672.8283,69.26,3.61,5.29,4.19
1927672.8609,69.26,3.61,5.29,4.19
1927672.8929,69.26,3.61,5.29,4.19
1927672.9249,69.26,3.61,5.29,4.19
1927672.9568,69.26,3.61,5.28,4.19
1927672.9810,69.26,3.61,5.28,4.19
1927673.0131,69.26,3.61,5.28,4.19
1927673.0445,69.26,3.61,5.28,4.20
1927673.0766,69.26,3.61,5.28,4.20
1927673.1090,69.26,3.61,5.28,4.20
1927673.1406,69.26,3.61,5.28,4.20
1927673.1735,69.26,3.61,5.28,4.20
1927673.2128,69.26,3.61,5.28,4.20
1927673.2451,69.26,3.61,5.28,4.20
1927673.2767,69.26,3.61,5.27,4.20
1927673.3089,69.26,3.61,5.27,4.17
1927673.3414,69.26,3.63,5.27,4.15
1927673.3730,69.26,3.64,5.27,4.13
1927673.4132,69.26,3.70,5.25,4.16
1927673.4452,69.26,3.74,5.23,4.19
1927673.4772,69.26,3.78,5.22,4.22
1927673.5089,69.26,3.77,5.22,4.25
1927673.5407,69.26,3.68,5.20,4.06
1927673.5646,69.26,3.61,5.18,4.18
1927673.5966,69.26,3.55,5.17,4.30
1927673.6279,69.26,3.56,5.16,4.43
1927673.6599,69.26,3.25,4.69,3.37
1927673.6916,69.26,3.39,4.30,3.42
1927673.7235,69.26,3.78,3.96,3.52
1927673.7472,69.26,4.25,3.68,3.66
1927673.7791,69.26,0.00,3.64,1.56
1927673.8115,9.41,0.00,3.61,1.34
1927673.8434,11.58,0.00,3.58,1.30
1927673.8751,13.45,0.00,3.57,1.40
1927673.9070,17.58,0.00,3.90,0.62
1927673.9472,21.12,0.00,4.18,0.86
1927673.9784,24.13,0.00,4.43,1.38
1927674.0106,28.70,0.00,5.69,3.36
1927674.0424,32.58,0.00,6.78,4.00
1927674.0598,35.88,0.00,7.73,4.49
1927674.0976,38.68,0.00,8.55,4.86
1927674.1292,43.09,0.00,10.40,6.65
1927674.1615,46.83,0.00,12.02,7.24
1927674.1932,50.01,0.00,13.43,7.73
1927674.2250,52.70,0.00,14.66,8.16
1927674.2575,56.35,0.00,16.30,9.25
1927674.2812,59.43,0.00,17.74,9.78
1927674.3132,62.05,0.00,18.99,10.21
1927674.3452,64.27,0.00,20.09,10.58
1927674.3775,67.08,0.00,21.25,11.42
1927674.4094,69.45,0.00,22.27,12.10
1927674.4412,71.47,0.00,23.16,12.65
1927674.4731,73.19,0.00,23.95,12.94
1927674.4980,75.19,0.00,24.44,13.39
1927674.5293,76.88,0.00,24.87,13.74
1927674.5609,78.32,0.00,25.24,14.01
1927674.5928,79.56,0.00,25.58,14.25
1927674.6239,80.98,0.00,25.92,14.52
1927674.6638,82.19,0.00,26.22,14.75
1927674.6960,83.22,0.00,26.47,14.91
1927674.7275,84.27,0.00,26.47,15.13
1927674.7591,85.16,0.00,26.46,15.33
1927674.7909,85.92,0.00,26.46,15.49
1927674.8145,86.57,0.00,26.46,15.64
1927674.8467,87.29,0.00,25.85,15.67
1927674.8783,87.89,0.00,25.33,15.72
1927674.9109,88.41,0.00,24.88,15.78
1927674.9424,88.85,0.00,24.50,15.83
1927674.9743,89.21,0.00,24.14,15.87
1927674.9978,89.52,0.00,23.83,15.93
1927675.0300,89.78,0.00,23.56,16.00
1927675.0615,90.00,0.00,23.34,16.06
1927675.0933,90.19,0.00,23.16,16.13
1927675.1254,90.35,0.00,23.00,16.20
1927675.1574,90.49,0.00,22.87,16.26
1927675.1972,90.61,0.00,22.76,16.33
1927675.2292,90.69,0.00,22.69,16.41
1927675.2611,90.75,0.00,22.62,16.49
1927675.2930,90.80,0.00,22.57,16.54
1927675.3247,90.80,0.00,22.53,16.58
1927675.3567,90.80,0.00,22.49,16.62
1927675.3963,90.79,0.00,22.45,16.66
1927675.4281,90.80,0.00,22.43,16.68
1927675.4605,90.75,0.00,22.42,16.72
1927675.4928,90.70,0.00,22.41,16.75
1927675.5243,90.66,0.00,22.40,16.78
1927675.5568,90.66,0.00,22.40,16.74
1927675.5756,90.21,0.00,22.34,16.79
1927675.6126,89.82,0.00,22.28,16.84
1927675.6443,89.50,0.00,22.24,16.88
1927675.6765,89.20,0.00,22.18,16.64
1927675.7085,88.95,0.00,22.14,16.42
1927675.7400,88.73,0.00,22.10,16.23
1927675.7638,86.94,0.00,21.58,16.41
1927675.7958,85.43,0.00,21.16,16.04
1927675.8273,84.15,0.00,20.81,15.69
1927675.8596,83.06,0.00,20.52,15.35
1927675.8917,80.42,0.00,19.25,14.94
1927675.9233,78.11,0.00,18.19,14.56
1927675.9638,76.15,0.00,17.31,14.19
1927675.9953,71.90,0.00,15.26,14.57
1927676.0122,68.28,0.00,13.60,14.46
1927676.0433,65.23,0.00,12.24,14.32
1927676.0752,62.63,0.00,11.13,14.15
1927676.1067,60.42,0.00,10.21,13.93
1927676.1472,58.52,0.00,9.44,12.85
1927676.1792,54.84,0.00,8.14,12.65
1927676.2109,51.71,0.00,7.08,12.46
1927676.2426,49.05,0.00,6.19,12.24
1927676.2749,46.75,0.00,5.46,10.79
1927676.3068,42.68,0.00,4.55,10.94
1927676.3311,39.23,0.00,3.80,11.02
1927676.3630,36.28,0.00,3.17,11.01
1927676.3947,33.77,0.00,2.65,9.66
1927676.4267,28.89,0.00,1.19,10.78
1927676.4585,24.74,0.00,-0.03,11.70
1927676.4903,21.21,0.00,-1.05,11.27
1927676.5142,18.21,0.00,-1.89,10.74
1927676.5462,15.66,0.00,-2.60,10.14
1927676.5790,13.50,0.00,-3.20,9.48
1927676.6105,10.22,0.00,-4.60,9.20
1927676.6425,7.50,0.00,-5.78,8.80
1927676.6727,5.30,0.00,-6.79,8.32
1927676.7119,0.00,3.06,-8.33,9.08
1927676.7323,0.00,3.53,-9.65,9.03
1927676.7698,5.36,0.00,-10.76,8.84
1927676.7946,7.24,0.00,-11.71,8.55
1927676.8304,9.45,0.00,-12.54,8.77
1927676.8556,11.39,0.00,-13.24,8.66
1927676.8953,13.06,0.00,-13.83,8.46
1927676.9271,14.48,0.00,-14.35,8.19
1927676.9593,15.69,0.00,-14.79,7.89
1927676.9914,16.72,0.00,-15.16,7.26
1927677.0236,17.91,0.00,-15.38,7.08
1927677.0473,18.95,0.00,-15.58,6.86
1927677.0795,19.84,0.00,-15.75,6.61
1927677.1120,20.60,0.00,-15.90,6.27
1927677.1436,21.37,0.00,-16.01,6.09
1927677.1756,22.10,0.00,-16.09,5.89
1927677.2077,22.73,0.00,-16.15,5.86
1927677.2395,23.26,0.00,-16.21,5.80
1927677.2631,23.71,0.00,-16.26,5.72
1927677.2950,24.07,0.00,-16.29,5.62
1927677.3270,24.06,0.00,-16.38,5.20
1927677.3593,24.05,0.00,-16.45,4.82
1927677.3910,24.05,0.00,-16.51,4.48
1927677.4230,23.99,0.00,-16.56,4.17
1927677.4633,24.35,0.00,-16.59,3.96
1927677.4809,24.66,0.00,-16.61,3.75
1927677.5267,24.91,0.00,-16.63,3.55
1927677.5588,25.79,0.00,-16.81,3.98
1927677.5909,26.55,0.00,-16.96,3.88
1927677.6235,27.19,0.00,-17.09,3.77
1927677.6638,28.39,0.00,-17.43,4.26
1927677.6957,29.42,0.00,-17.73,4.23
1927677.7279,30.29,0.00,-17.97,4.15
1927677.7602,31.03,0.00,-18.19,4.04
1927677.7925,31.95,0.00,-18.45,4.17
1927677.8238,32.73,0.00,-18.68,4.08
1927677.8561,33.40,0.00,-18.87,3.96
1927677.8954,33.97,0.00,-19.04,3.83
1927677.9275,34.66,0.00,-19.16,3.74
1927677.9597,35.25,0.00,-19.25,3.64
1927677.9838,35.75,0.00,-19.33,3.51
1927678.0223,36.17,0.00,-19.41,3.38
1927678.0458,36.84,0.00,-19.43,3.33
1927678.0776,37.41,0.00,-19.44,3.26
1927678.1096,37.89,0.00,-19.46,3.17
1927678.1411,38.29,0.00,-19.47,3.06
1927678.1727,39.13,0.00,-19.53,3.10
1927678.2127,39.85,0.00,-19.59,3.10
1927678.2453,40.46,0.00,-19.64,3.06
1927678.2614,40.99,0.00,-19.68,3.00
1927678.2929,42.01,0.00,-19.81,3.09
1927678.3245,42.88,0.00,-19.93,3.13
1927678.3576,43.62,0.00,-20.02,3.13
1927678.3969,44.83,0.00,-20.28,3.65
1927678.4291,45.85,0.00,-20.51,3.68
1927678.4609,46.71,0.00,-20.70,3.67
1927678.4930,47.48,0.00,-20.86,3.62
1927678.5254,48.13,0.00,-21.01,3.55
1927678.5568,48.69,0.00,-21.13,3.32
1927678.5812,49.50,0.00,-21.25,3.37
1927678.6133,50.27,0.00,-21.35,3.39
1927678.6453,50.91,0.00,-21.43,3.49
1927678.6773,51.47,0.00,-21.50,3.57
1927678.7092,51.47,0.00,-21.59,3.26
1927678.7408,51.85,0.00,-21.50,3.01
1927678.7647,52.17,0.00,-21.42,2.82
1927678.7963,52.44,0.00,-21.36,3.08
1927678.8283,51.30,0.00,-21.32,2.31
1927678.8611,49.69,0.00,-21.57,1.85
1927678.8919,48.31,0.00,-21.77,1.92
1927678.9236,47.15,0.00,-21.95,2.11
1927678.9638,44.32,0.00,-21.95,1.55
1927678.9803,42.04,0.00,-21.93,1.90
1927679.0272,40.11,0.00,-21.92,1.43
1927679.0595,36.23,0.00,-21.54,2.64
1927679.0915,32.91,0.00,-21.22,3.86
1927679.1236,30.09,0.00,-20.95,4.86
1927679.1635,27.69,0.00,-20.73,3.93
1927679.1955,23.06,0.00,-19.74,5.59
1927679.2274,19.09,0.00,-18.89,6.87
1927679.2597,15.74,0.00,-18.17,7.83
1927679.2917,10.37,0.00,-16.65,11.23
1927679.3237,6.20,0.00,-15.36,12.07
1927679.3606,0.00,4.00,-14.24,12.60
1927679.3923,0.00,4.84,-13.28,12.87
1927679.4238,8.94,0.00,-12.06,15.26
1927679.4631,13.09,0.00,-10.98,14.73
1927679.4809,16.75,0.00,-10.05,14.05
1927679.5199,19.90,0.00,-9.25,13.27
1927679.5443,24.62,0.00,-7.98,14.46
1927679.5760,28.62,0.00,-6.70,13.94
1927679.6081,32.03,0.00,-5.59,13.32
1927679.6398,34.93,0.00,-4.64,12.64
1927679.6807,38.87,0.00,-2.81,13.34
1927679.7128,42.22,0.00,-1.05,13.81
1927679.7327,45.07,0.00,0.48,13.24
1927679.7764,48.33,0.00,2.44,13.44
1927679.8085,51.14,0.00,4.16,13.52
1927679.8403,53.52,0.00,5.65,13.51
1927679.8808,55.54,0.00,6.94,12.96
1927679.9123,57.57,0.00,8.40,12.80
1927679.9442,59.28,0.00,9.66,12.64
1927679.9759,60.73,0.00,10.75,12.32
1927680.0075,62.30,0.00,11.97,12.33
1927680.0317,63.63,0.00,13.02,12.34
1927680.0632,64.78,0.00,13.96,12.34
1927680.0956,65.74,0.00,14.77,12.35
1927680.1276,66.60,0.00,15.50,12.36
1927680.1593,67.33,0.00,16.13,12.39
1927680.1923,67.97,0.00,16.68,12.43
1927680.2227,68.52,0.00,17.15,12.51
1927680.2464,68.76,0.00,17.47,12.51
1927680.2784,68.97,0.00,17.74,12.54
1927680.3108,69.20,0.00,17.98,12.59
1927680.3428,69.39,0.00,18.18,12.68
1927680.3750,69.03,0.00,17.73,12.57
1927680.4066,68.74,0.00,17.35,12.52
1927680.4460,68.49,0.00,17.02,12.41
1927680.4780,68.28,0.00,16.75,12.31
1927680.5101,67.08,0.00,15.72,12.14
1927680.5420,66.08,0.00,14.85,12.06
1927680.5743,65.23,0.00,14.11,11.69
1927680.6140,63.03,0.00,12.62,11.65
1927680.6455,61.15,0.00,11.39,11.72
1927680.6727,59.53,0.00,10.35,11.83
1927680.7129,58.16,0.00,9.48,11.05
1927680.7304,55.01,0.00,7.63,11.32
1927680.7627,52.33,0.00,6.10,11.63
1927680.7929,50.03,0.00,4.82,11.91
1927680.8251,48.07,0.00,3.74,10.93
1927680.8581,44.04,0.00,2.01,11.35
1927680.8979,40.64,0.00,0.57,11.74
1927680.9291,37.75,0.00,-0.62,10.55
1927680.9609,35.30,0.00,-1.62,9.37
1927680.9931,33.21,0.00,-2.46,8.21
1927681.0250,28.84,0.00,-3.42,9.39
1927681.0568,25.16,0.00,-4.22,8.69
1927681.0809,22.04,0.00,-4.89,7.91
1927681.1127,19.42,0.00,-5.45,7.06
1927681.1443,15.07,0.00,-6.40,8.36
1927681.1762,11.57,0.00,-7.21,8.05
1927681.2082,0.00,8.93,-7.88,7.60
1927681.2352,0.00,7.18,-8.46,7.04
1927681.2761,0.00,6.40,-9.82,8.95
1927681.3080,8.55,0.00,-10.98,9.31
1927681.3473,11.41,0.00,-11.97,9.43
1927681.3794,14.16,0.00,-12.81,9.36
1927681.4121,17.57,0.00,-13.96,9.34
1927681.4447,20.57,0.00,-14.95,9.15
1927681.4769,23.17,0.00,-15.79,8.81
1927681.5094,26.51,0.00,-16.86,9.51
1927681.5423,29.37,0.00,-17.77,9.29
1927681.5737,31.82,0.00,-18.56,8.94
1927681.5892,33.90,0.00,-19.23,8.52
1927681.6291,36.27,0.00,-19.89,8.62
1927681.6610,38.29,0.00,-20.45,8.21
1927681.6931,40.01,0.00,-20.94,7.75
1927681.7249,41.47,0.00,-21.35,7.26
1927681.7568,43.16,0.00,-21.74,7.20
1927681.7814,44.60,0.00,-22.07,6.77
1927681.8123,45.82,0.00,-22.36,6.31
1927681.8445,46.87,0.00,-22.61,5.85
1927681.8767,48.14,0.00,-22.89,5.78
1927681.9083,49.22,0.00,-23.14,5.40
1927681.9400,50.14,0.00,-23.35,5.00
1927681.9647,50.92,0.00,-23.53,4.61
1927681.9958,51.79,0.00,-23.72,4.43
1927682.0275,52.53,0.00,-23.89,4.11
1927682.0597,53.16,0.00,-24.03,3.80
1927682.0920,53.72,0.00,-24.15,3.50
1927682.1309,54.14,0.00,-24.22,3.13
1927682.1628,54.50,0.00,-24.27,2.80
1927682.1954,54.80,0.00,-24.32,2.62
1927682.2273,54.91,0.00,-24.32,2.29
1927682.2589,55.01,0.00,-24.31,2.03
1927682.2908,55.09,0.00,-24.31,1.82
1927682.3231,55.16,0.00,-24.31,1.77
1927682.3474,54.79,0.00,-24.19,1.48
1927682.3795,54.48,0.00,-24.10,1.41
1927682.4114,54.22,0.00,-24.01,1.50
1927682.4429,54.00,0.00,-23.95,1.39
1927682.4749,52.54,0.00,-23.75,1.61
1927682.5069,51.30,0.00,-23.58,2.05
1927682.5320,50.25,0.00,-23.44,2.50
1927682.5628,49.36,0.00,-23.32,1.66
1927682.5907,46.66,0.00,-23.34,2.77
1927682.6233,44.37,0.00,-23.35,3.66
1927682.6638,42.41,0.00,-23.36,4.35
1927682.6960,40.72,0.00,-23.37,4.88
1927682.7276,36.98,0.00,-23.25,6.09
1927682.7598,33.80,0.00,-23.15,7.00
1927682.7917,31.11,0.00,-23.07,7.66
1927682.8234,28.78,0.00,-23.00,8.11
1927682.8476,24.80,0.00,-22.74,8.96
1927682.8801,21.43,0.00,-22.53,9.53
1927682.9117,18.58,0.00,-22.35,9.88
1927682.9433,16.12,0.00,-22.19,10.05
1927682.9753,13.05,0.00,-21.75,10.02
1927683.0072,10.48,0.00,-21.38,9.84
1927683.0310,8.33,0.00,-21.07,9.56
1927683.0625,6.53,0.00,-20.80,9.19
1927683.0938,5.04,0.00,-20.20,8.93
1927683.1256,3.90,0.00,-19.68,8.64
1927683.1577,0.00,3.15,-19.25,8.32
1927683.1978,0.00,2.86,-17.71,7.50
1927683.2242,0.00,2.69,-16.40,7.13
1927683.2469,0.00,2.62,-15.29,6.85
1927683.2974,0.00,2.59,-14.34,6.64
1927683.3295,0.00,2.60,-13.31,6.34
1927683.3622,0.00,2.62,-12.44,6.16
1927683.3937,0.00,2.64,-11.70,6.39
1927683.4254,0.00,2.80,-11.09,6.84
1927683.4579,0.00,2.94,-10.57,7.28
1927683.4904,0.00,3.06,-10.14,7.70
1927683.5142,0.00,3.16,-9.76,8.02
1927683.5461,0.00,3.24,-9.44,8.27
1927683.5785,0.00,3.31,-9.17,8.51
1927683.6105,0.00,3.37,-8.94,8.72
1927683.6426,0.00,3.42,-8.74,8.96
1927683.6747,0.00,3.45,-8.57,9.13
1927683.7068,0.00,3.48,-8.42,9.29
1927683.7308,0.00,3.50,-8.30,9.44
1927683.7629,0.00,3.52,-8.19,9.58
1927683.7949,0.00,3.55,-8.10,9.72
1927683.8268,0.00,3.57,-8.02,9.85
1927683.8596,0.00,3.59,-7.96,9.97
1927683.8910,0.00,3.59,-7.90,10.08
1927683.9228,0.00,3.61,-7.86,10.18
1927683.9630,0.00,3.62,-7.82,10.27
1927683.9950,0.00,3.63,-7.78,10.35
1927684.0268,0.00,3.63,-7.75,10.43
1927684.0588,0.00,3.64,-7.73,10.50
1927684.0911,0.00,3.64,-7.71,10.56
1927684.1224,0.00,3.64,-7.69,10.61
1927684.1625,0.00,3.64,-7.67,10.66
1927684.1945,0.00,3.64,-7.66,10.70
1927684.2263,0.00,3.64,-7.64,10.74
1927684.2579,0.00,3.64,-7.63,10.77
1927684.2900,0.00,3.64,-7.62,10.80
1927684.3143,0.00,3.64,-7.61,10.83
1927684.3462,0.00,3.64,-7.60,10.85
1927684.3782,0.00,3.63,-7.60,10.87
1927684.4103,0.00,3.63,-7.59,10.89
1927684.4389,0.00,3.62,-7.58,10.91
1927684.4792,0.00,3.62,-7.57,10.92
1927684.5115,0.00,3.62,-7.56,10.94
1927684.5433,0.00,3.61,-7.56,10.95
1927684.5750,0.00,3.61,-7.55,10.96
1927684.6072,0.00,3.60,-7.55,10.97
1927684.6467,0.00,3.60,-7.54,10.99
1927684.6789,0.00,3.60,-7.54,11.00
1927684.7113,0.00,3.59,-7.53,11.00
1927684.7435,0.00,3.59,-7.52,11.01
1927684.7753,0.00,3.59,-7.52,11.01
1927684.7983,0.00,3.59,-7.51,11.02
1927684.8298,0.00,3.58,-7.51,11.02
1927684.8621,0.00,3.58,-7.50,11.02
1927684.8940,0.00,3.58,-7.50,11.02
1927684.9187,0.00,3.58,-7.49,11.03
1927684.9626,0.00,3.57,-7.49,11.03
1927684.9807,0.00,3.57,-7.49,11.03
1927685.0142,0.00,3.56,-7.48,11.03
1927685.0469,0.00,3.56,-7.48,11.03
1927685.0779,0.00,3.56,-7.47,11.03
1927685.1102,0.00,3.56,-7.47,11.03
1927685.1419,0.00,3.55,-7.47,11.03
1927685.1741,0.00,3.55,-7.47,11.03
1927685.2138,0.00,3.55,-7.46,11.03
1927685.2452,0.00,3.55,-7.46,11.03
1927685.2774,0.00,3.55,-7.46,11.03
1927685.3090,0.00,3.55,-7.46,11.03
1927685.3466,0.00,3.55,-7.45,11.03
1927685.3783,0.00,3.54,-7.45,11.03
1927685.4102,0.00,3.54,-7.44,11.03
1927685.4424,0.00,3.54,-7.44,11.03
1927685.4747,0.00,3.54,-7.44,11.03
1927685.4984,0.00,3.54,-7.44,11.03
1927685.5309,0.00,3.54,-7.43,11.03
1927685.5623,0.00,3.54,-7.43,11.03
1927685.5902,0.00,3.54,-7.43,11.03
1927685.6265,0.00,3.54,-7.43,11.03
1927685.6590,0.00,3.54,-7.43,11.03
1927685.6901,0.00,3.54,-7.43,11.03
1927685.7223,0.00,3.54,-7.43,11.04
1927685.7465,0.00,3.54,-7.43,11.04
1927685.7784,0.00,3.54,-7.42,11.04
1927685.8103,0.00,3.54,-7.42,11.04
1927685.8423,0.00,3.54,-7.42,11.04
1927685.8742,0.00,3.54,-7.42,11.04
1927685.9136,0.00,3.54,-7.42,11.05
1927685.9459,0.00,3.54,-7.42,11.05
1927685.9776,0.00,3.54,-7.42,11.05
1927686.0093,0.00,3.54,-7.42,11.05
1927686.0418,0.00,3.55,-7.42,11.06
1927686.0617,0.00,3.54,-7.41,11.06
1927686.0894,0.00,3.54,-7.41,11.06
1927686.1293,0.00,3.54,-7.41,11.06
1927686.1534,0.00,3.54,-7.41,11.06
1927686.1935,0.00,3.54,-7.41,11.06
1927686.2244,0.00,3.54,-7.41,11.06
1927686.2560,0.00,3.54,-7.41,11.06
1927686.2798,0.00,3.54,-7.41,11.06
1927686.3120,0.00,3.54,-7.41,11.06
1927686.3439,0.00,3.54,-7.41,11.07
1927686.3757,0.00,3.54,-7.40,11.07
1927686.4090,0.00,3.54,-7.40,11.07
1927686.4402,0.00,3.54,-7.40,11.07
1927686.4641,0.00,3.54,-7.40,11.07
1927686.4965,0.00,3.53,-7.40,11.07
1927686.5282,0.00,3.54,-7.40,11.07
1927686.5596,0.00,3.54,-7.40,11.07
1927686.5914,0.00,3.54,-7.40,11.07
1927686.6235,0.00,3.54,-7.40,11.07
1927686.6630,0.00,3.54,-7.40,11.07
1927686.6948,0.00,3.54,-7.40,11.07
1927686.7263,0.00,3.53,-7.40,11.07
1927686.7582,0.00,3.53,-7.40,11.06
1927686.7906,0.00,3.53,-7.40,11.06
1927686.8141,0.00,3.53,-7.40,11.06
1927686.8466,0.00,3.53,-7.40,11.06
1927686.8782,0.00,3.53,-7.40,11.06
1927686.9105,0.00,3.53,-7.39,11.06
1927686.9426,0.00,3.53,-7.39,11.06
1927686.9754,0.00,3.53,-7.39,11.06
1927687.0070,0.00,3.53,-7.39,11.06
1927687.0311,0.00,3.54,-7.39,11.06
1927687.0632,0.00,3.54,-7.39,11.06
1927687.0951,0.00,3.54,-7.39,11.06
1927687.1275,0.00,3.55,-7.39,11.06
1927687.1596,0.00,3.55,-7.39,11.06
1927687.1916,0.00,3.55,-7.39,11.06
1927687.2235,0.00,3.55,-7.39,11.06
1927687.2474,0.00,3.55,-7.39,11.06
1927687.2793,0.00,3.55,-7.39,11.06
1927687.3105,0.00,3.55,-7.40,11.06
1927687.3425,0.00,3.55,-7.40,11.06
1927687.3744,0.00,3.55,-7.40,11.06
1927687.4064,0.00,3.55,-7.40,11.06
1927687.4469,0.00,3.56,-7.40,11.07
1927687.4790,0.00,3.56,-7.40,11.07
1927687.5114,0.00,3.56,-7.40,11.07
1927687.5431,0.00,3.56,-7.40,11.07
1927687.5753,0.00,3.56,-7.40,11.07
1927687.6065,0.00,3.56,-7.40,11.08
1927687.6462,0.00,3.56,-7.40,11.08
1927687.6785,0.00,3.57,-7.40,11.08
1927687.7102,0.00,3.57,-7.40,11.08
1927687.7422,0.00,3.57,-7.40,11.08
1927687.7742,0.00,3.57,-7.40,11.08
1927687.8063,0.00,3.57,-7.40,11.08
1927687.8264,0.00,3.57,-7.40,11.08
1927687.8614,0.00,3.57,-7.40,11.08
1927687.8938,0.00,3.57,-7.40,11.08
1927687.9257,0.00,3.57,-7.40,11.08
1927687.9579,0.00,3.57,-7.40,11.08
1927687.9905,0.00,3.57,-7.40,11.09
1927688.0147,0.00,3.57,-7.40,11.09
1927688.0465,0.00,3.57,-7.40,11.09
1927688.0783,0.00,3.57,-7.41,11.09
1927688.1099,0.00,3.57,-7.41,11.09
1927688.1422,0.00,3.57,-7.41,11.09
1927688.1739,0.00,3.57,-7.41,11.09
1927688.2135,0.00,3.57,-7.41,11.08
1927688.2300,0.00,3.57,-7.41,11.08
1927688.2622,0.00,3.57,-7.41,11.08
1927688.2944,0.00,3.57,-7.41,11.08
1927688.3265,0.00,3.57,-7.41,11.08
1927688.3577,0.00,3.57,-7.41,11.08
1927688.3970,0.00,3.57,-7.41,11.08
1927688.4292,0.00,3.56,-7.41,11.08
1927688.4608,0.00,3.56,-7.41,11.07
1927688.4928,0.00,3.56,-7.41,11.07
1927688.5240,0.00,3.56,-7.41,11.07
1927688.5573,0.00,3.55,-7.41,11.07
1927688.5809,0.00,3.55,-7.41,11.07
1927688.6142,0.00,3.55,-7.41,11.06
1927688.6453,0.00,3.55,-7.41,11.06
1927688.6771,0.00,3.55,-7.41,11.06
1927688.7095,0.00,3.55,-7.41,11.06
1927688.7413,0.00,3.54,-7.41,11.06
1927688.7648,0.00,3.54,-7.40,11.06
1927688.7968,0.00,3.54,-7.40,11.06
1927688.8292,0.00,3.54,-7.41,11.06
1927688.8632,0.00,3.55,-7.41,11.06
1927688.8930,0.00,3.55,-7.41,11.06
1927688.9251,0.00,3.55,-7.41,11.06
1927688.9571,0.00,3.55,-7.41,11.06
1927688.9809,0.00,3.55,-7.41,11.06
1927689.0129,0.00,3.54,-7.41,11.06
1927689.0451,0.00,3.54,-7.41,11.06
1927689.0770,0.00,3.54,-7.41,11.06
1927689.1089,0.00,3.54,-7.41,11.06
1927689.1405,0.00,3.54,-7.41,11.06
1927689.1802,0.00,3.54,-7.41,11.06
1927689.2113,0.00,3.55,-7.41,10.93
1927689.2431,0.00,3.55,-7.42,10.81
1927689.2745,0.00,3.55,-7.42,10.70
1927689.3063,0.00,3.56,-7.41,10.61
1927689.3302,0.00,3.56,-7.41,10.51
1927689.3621,0.00,3.56,-7.41,10.41
1927689.3940,0.00,3.56,-7.40,10.33
1927689.4258,0.00,3.65,-7.43,10.33
1927689.4582,0.00,3.73,-7.45,10.21
1927689.4904,0.00,3.79,-7.47,10.10
1927689.5141,0.00,3.84,-7.49,10.00
1927689.5476,0.00,3.89,-7.50,9.91
1927689.5786,0.00,3.92,-7.51,8.96
1927689.6110,0.00,4.17,-7.53,8.27
1927689.6430,0.00,4.37,-7.55,7.63
1927689.6760,0.00,4.54,-7.56,7.05
1927689.7072,0.00,4.68,-7.58,6.35
1927689.7308,0.00,4.70,-7.45,5.62
1927689.7633,0.00,4.72,-7.34,4.96
1927689.7959,0.00,4.74,-7.25,4.36
1927689.8272,0.00,4.76,-7.17,3.89
1927689.8594,0.00,4.72,-7.13,3.40
1927689.8917,0.00,4.69,-7.09,2.97
1927689.9239,0.00,4.66,-7.05,2.60
1927689.9636,0.00,4.65,-7.03,2.33
1927689.9959,0.00,4.65,-7.04,2.13
1927690.0275,0.00,4.64,-7.05,1.96
1927690.0598,0.00,4.64,-7.06,1.84
1927690.0924,0.00,4.67,-7.08,1.75
1927690.1245,0.00,4.68,-7.10,1.67
1927690.1567,0.00,4.70,-7.11,1.60
1927690.1965,0.00,4.71,-7.12,1.54
1927690.2283,0.00,4.71,-7.13,1.48
1927690.2600,0.00,4.72,-7.13,1.43
1927690.2923,0.00,4.72,-7.14,1.38
1927690.3083,0.00,4.72,-7.14,1.34
1927690.3477,0.00,4.72,-7.15,1.30
1927690.3791,0.00,4.73,-7.15,1.26
1927690.4105,0.00,4.73,-7.15,1.23
1927690.4426,0.00,4.73,-7.15,1.20
1927690.4741,0.00,4.73,-7.15,1.17
1927690.5063,0.00,4.73,-7.16,1.15
1927690.5305,0.00,4.73,-7.16,1.12
1927690.5628,0.00,4.73,-7.16,1.10
1927690.5946,0.00,4.73,-7.16,1.08
1927690.6270,0.00,4.73,-7.16,1.06
1927690.6590,0.00,4.73,-7.16,1.04
1927690.6913,0.00,4.73,-7.15,1.02
1927690.7233,0.00,4.73,-7.15,1.01
1927690.7475,0.00,4.73,-7.15,0.99
1927690.7798,0.00,4.73,-7.15,0.98
1927690.8116,0.00,4.73,-7.15,0.96
1927690.8438,0.00,4.73,-7.15,0.95
1927690.8756,0.00,4.74,-7.15,0.94
1927690.9077,0.00,4.74,-7.15,0.93
1927690.9470,0.00,4.74,-7.15,0.92
1927690.9790,0.00,4.74,-7.15,0.91
1927691.0110,0.00,4.74,-7.14,0.90
1927691.0422,0.00,4.74,-7.14,0.89
1927691.0744,0.00,4.75,-7.14,0.89
1927691.1068,0.00,4.75,-7.14,0.88
1927691.1470,0.00,4.75,-7.14,0.87
1927691.1792,0.00,4.76,-7.13,0.87
1927691.2105,0.00,4.76,-7.13,0.86
1927691.2427,0.00,4.76,-7.13,0.86
1927691.2751,0.00,4.77,-7.13,0.85
1927691.3071,0.00,4.77,-7.13,0.85
1927691.3309,0.00,4.77,-7.13,0.84
1927691.3628,0.00,4.77,-7.13,0.84
1927691.3948,0.00,4.77,-7.13,0.84
1927691.4267,0.00,4.77,-7.13,0.83
1927691.4588,0.00,4.77,-7.12,0.83
1927691.4907,0.00,4.77,-7.12,0.82
1927691.5226,0.00,4.78,-7.12,0.82
1927691.5459,0.00,4.78,-7.12,0.82
1927691.5781,0.00,4.77,-7.12,0.81
1927691.6096,0.00,4.77,-7.12,0.81
1927691.6412,0.00,4.77,-7.12,0.81
1927691.6731,0.00,4.77,-7.12,0.81
1927691.7127,0.00,4.77,-7.12,0.80
1927691.7441,0.00,4.77,-7.12,0.80
1927691.7753,0.00,4.77,-7.12,0.80
1927691.8072,0.00,4.77,-7.12,0.80
1927691.8312,0.00,4.77,-7.12,0.80
1927691.8639,0.00,4.77,-7.12,0.80
1927691.8950,0.00,4.77,-7.12,0.80
1927691.9276,0.00,4.78,-7.12,0.79
1927691.9596,0.00,4.78,-7.12,0.79
1927691.9915,0.00,4.78,-7.12,0.79
1927692.0236,0.00,4.78,-7.12,0.79
1927692.0484,0.00,4.78,-7.12,0.79
1927692.0797,0.00,4.79,-7.12,0.78
1927692.1115,0.00,4.79,-7.12,0.78
1927692.1436,0.00,4.79,-7.12,0.78
1927692.1772,0.00,4.79,-7.12,0.78
1927692.2083,0.00,4.80,-7.12,0.78
1927692.2405,0.00,4.80,-7.12,0.78
1927692.2642,0.00,4.80,-7.12,0.77
1927692.2964,0.00,4.80,-7.12,0.77
1927692.3287,0.00,4.80,-7.12,0.77
1927692.3608,0.00,4.80,-7.12,0.76
1927692.3927,0.00,4.80,-7.12,0.76
1927692.4253,0.00,4.80,-7.12,0.76
1927692.4576,0.00,4.81,-7.11,0.76
1927692.4895,0.00,4.81,-7.11,0.76
1927692.5138,0.00,4.81,-7.11,0.75
1927692.5452,0.00,4.81,-7.11,0.75
1927692.5767,0.00,4.81,-7.11,0.75
1927692.6090,0.00,4.81,-7.11,0.75
1927692.6405,0.00,4.81,-7.11,0.75
1927692.6728,0.00,4.81,-7.11,0.75
1927692.7127,0.00,4.81,-7.11,0.75
1927692.7447,0.00,4.81,-7.11,0.75
1927692.7766,0.00,4.81,-7.11,0.75
1927692.8088,0.00,4.81,-7.11,0.74
1927692.8403,0.00,4.81,-7.11,0.74
1927692.8804,0.00,4.81,-7.11,0.74
1927692.9123,0.00,4.81,-7.11,0.74
1927692.9444,0.00,4.81,-7.11,0.74
1927692.9764,0.00,4.81,-7.11,0.74
1927693.0083,0.00,4.81,-7.11,0.74
1927693.0403,0.00,4.81,-7.11,0.74
1927693.0641,0.00,4.81,-7.11,0.74
1927693.0967,0.00,4.81,-7.11,0.73
1927693.1278,0.00,4.81,-7.11,0.73
1927693.1598,0.00,4.81,-7.11,0.73
1927693.1922,0.00,4.81,-7.11,0.73
1927693.2240,0.00,4.81,-7.11,0.73
1927693.2557,0.00,4.81,-7.11,0.73
1927693.2797,0.00,4.81,-7.11,0.73
1927693.3114,0.00,4.81,-7.11,0.73
1927693.3433,0.00,4.81,-7.11,0.73
1927693.3749,0.00,4.81,-7.11,0.73
1927693.4068,0.00,4.82,-7.11,0.73
1927693.4480,0.00,4.82,-7.11,0.73
1927693.4796,0.00,4.82,-7.11,0.73
1927693.5116,0.00,4.82,-7.11,0.73
1927693.5434,0.00,4.82,-7.11,0.73
1927693.5756,0.00,4.82,-7.11,0.73
1927693.6074,0.00,4.83,-7.11,0.73
1927693.6471,0.00,4.83,-7.10,0.73
1927693.6789,0.00,4.83,-7.10,0.73
1927693.7112,0.00,4.83,-7.10,0.73
1927693.7427,0.00,4.84,-7.10,0.73
1927693.7749,0.00,4.84,-7.10,0.73
1927693.8079,0.00,4.84,-7.10,0.73
1927693.8310,0.00,4.84,-7.10,0.73
1927693.8635,0.00,4.84,-7.10,0.73
1927693.8951,0.00,4.84,-7.09,0.73
1927693.9274,0.00,4.84,-7.09,0.73
1927693.9600,0.00,4.84,-7.09,0.73
1927693.9919,0.00,4.84,-7.10,0.73
1927694.0239,0.00,4.84,-7.10,0.73
1927694.0475,0.00,4.84,-7.10,0.73
1927694.0797,0.00,4.84,-7.10,0.73
1927694.1114,0.00,4.84,-7.10,0.72
1927694.1434,0.00,4.84,-7.10,0.72
1927694.1758,0.00,4.84,-7.10,0.72
1927694.2068,0.00,4.84,-7.10,0.72
1927694.2309,0.00,4.84,-7.09,0.72
1927694.2631,0.00,4.84,-7.09,0.72
1927694.2957,0.00,4.84,-7.09,0.72
1927694.3273,0.00,4.84,-7.09,0.72
1927694.3605,0.00,4.83,-7.09,0.72
1927694.3916,0.00,4.83,-7.09,0.72
1927694.4237,0.00,4.82,-7.09,0.72
1927694.4630,0.00,4.82,-7.09,0.72
1927694.4953,0.00,4.82,-7.08,0.73
1927694.5274,0.00,4.81,-7.08,0.73
1927694.5599,0.00,4.81,-7.08,0.73
1927694.5922,0.00,4.81,-7.08,0.73
1927694.6237,0.00,4.81,-7.08,0.73
1927694.6630,0.00,4.81,-7.08,0.73
1927694.6953,0.00,4.81,-7.08,0.73
1927694.7272,0.00,4.81,-7.09,0.73
1927694.7596,0.00,4.81,-7.09,0.73
1927694.7924,0.00,4.81,-7.09,0.72
1927694.8241,0.00,4.81,-7.09,0.73
1927694.8568,0.00,4.81,-7.09,0.73
1927694.8960,0.00,4.81,-7.09,0.73
1927694.9282,0.00,4.81,-7.09,0.74
1927694.9599,0.00,4.81,-7.09,0.74
1927694.9860,0.00,4.81,-7.09,0.74
1927695.0180,0.00,4.81,-7.09,0.74
1927695.0541,0.00,4.80,-7.09,0.75
1927695.0802,0.00,4.80,-7.09,0.75
1927695.1122,0.00,4.79,-7.09,0.75
1927695.1429,0.00,4.79,-7.09,0.76
1927695.1748,0.00,4.79,-7.09,0.76
1927695.2069,0.00,4.78,-7.08,0.76
1927695.2309,0.00,4.78,-7.08,0.76
1927695.2625,0.00,4.78,-7.08,0.76
1927695.2948,0.00,4.78,-7.09,0.76
1927695.3267,0.00,4.78,-7.09,0.75
1927695.3580,0.00,4.78,-7.09,0.75
1927695.3899,0.00,4.77,-7.09,0.75
1927695.4304,0.00,4.77,-7.09,0.75
1927695.4623,0.00,4.77,-7.09,0.75
1927695.4944,0.00,4.77,-7.09,0.75
1927695.5261,0.00,4.77,-7.09,0.75
1927695.5583,0.00,4.76,-7.09,0.74
1927695.5898,0.00,4.76,-7.09,0.74
1927695.6305,0.00,4.76,-7.08,0.74
1927695.6618,0.00,4.76,-7.08,0.74
1927695.6937,0.00,4.76,-7.08,0.74
1927695.7256,0.00,4.76,-7.08,0.74
1927695.7577,0.00,4.76,-7.08,0.73
1927695.7899,0.00,4.76,-7.08,0.73
1927695.8141,0.00,4.76,-7.08,0.73
1927695.8459,0.00,4.76,-7.08,0.73
1927695.8788,0.00,4.76,-7.08,0.73
1927695.9105,0.00,4.76,-7.08,0.73
1927695.9429,0.00,4.76,-7.08,0.73
1927695.9751,0.00,4.76,-7.08,0.72
1927696.0077,0.00,4.76,-7.07,0.72
1927696.0312,0.00,4.76,-7.07,0.72
1927696.0710,0.00,4.76,-7.07,0.72
1927696.0942,0.00,4.76,-7.07,0.72
1927696.1273,0.00,4.76,-7.06,0.72
1927696.1631,0.00,4.76,-7.06,0.72
1927696.1948,0.00,4.76,-7.06,0.72
1927696.2271,0.00,4.76,-7.06,0.72
1927696.2591,0.00,4.76,-7.06,0.72
1927696.2915,0.00,4.76,-7.05,0.72
1927696.3235,0.00,4.76,-7.05,0.72
1927696.3638,0.00,4.77,-7.05,0.71
1927696.3966,0.00,4.77,-7.05,0.71
1927696.4277,0.00,4.77,-7.05,0.71
1927696.4597,0.00,4.77,-7.05,0.71
1927696.4919,0.00,4.77,-7.05,0.71
1927696.5243,0.00,4.77,-7.05,0.71
1927696.5563,0.00,4.77,-7.05,0.72
1927696.5807,0.00,4.78,-7.05,0.72
1927696.6131,0.00,4.78,-7.05,0.72
1927696.6444,0.00,4.78,-7.05,0.72
1927696.6763,0.00,4.78,-7.05,0.72
1927696.7080,0.00,4.78,-7.05,0.72
1927696.7396,0.00,4.78,-7.04,0.72
1927696.7634,0.00,4.78,-7.04,0.73
1927696.7959,0.00,4.78,-7.04,0.73
1927696.8277,0.00,4.78,-7.04,0.73
1927696.8598,0.00,4.78,-7.04,0.73
1927696.8919,0.00,4.78,-7.03,0.73
1927696.9233,0.00,4.78,-7.03,0.73
1927696.9636,0.00,4.78,-7.03,0.73
1927696.9953,0.00,4.78,-7.03,0.73
1927697.0272,0.00,4.78,-7.03,0.73
1927697.0590,0.00,4.78,-7.03,0.73
1927697.0909,0.00,4.78,-7.02,0.73
1927697.1305,0.00,4.77,-7.02,0.73
1927697.1621,0.00,4.77,-7.02,0.74
1927697.1939,0.00,4.77,-7.01,0.74
1927697.2258,0.00,4.76,-7.01,0.74
1927697.2582,0.00,4.76,-7.01,0.74
1927697.2898,0.00,4.76,-7.01,0.75
1927697.3137,0.00,4.76,-7.02,0.75
1927697.3468,0.00,4.76,-7.02,0.75
1927697.3783,0.00,4.76,-7.02,0.75
1927697.4103,0.00,4.76,-7.02,0.75
1927697.4420,0.00,4.76,-7.02,0.75
1927697.4737,0.00,4.75,-7.02,0.76
1927697.5056,0.00,4.75,-7.02,0.75
1927697.5295,0.00,4.75,-7.01,0.75
1927697.5610,0.00,4.75,-7.01,0.75
1927697.5928,0.00,4.75,-7.01,0.75
1927697.6241,0.00,4.75,-7.01,0.75
1927697.6557,0.00,4.75,-7.01,0.74
1927697.6951,0.00,4.75,-7.01,0.74
1927697.7269,0.00,4.75,-7.01,0.74
1927697.7586,0.00,4.75,-7.01,0.74
1927697.7904,0.00,4.75,-7.01,0.74
1927697.8222,0.00,4.75,-7.01,0.74
1927697.8460,0.00,4.75,-7.00,0.74
1927697.8778,0.00,4.75,-7.00,0.74
1927697.9105,0.00,4.75,-7.00,0.74
1927697.9427,0.00,4.75,-7.00,0.74
1927697.9748,0.00,4.76,-7.00,0.74
1927698.0078,0.00,4.76,-7.00,0.74
1927698.0399,0.00,4.76,-7.00,0.74
1927698.0639,0.00,4.77,-7.00,0.74
1927698.0962,0.00,4.77,-7.00,0.73
1927698.1283,0.00,4.78,-7.01,0.73
1927698.1603,0.00,4.78,-7.01,0.73
1927698.1923,0.00,4.79,-7.01,0.72
1927698.2241,0.00,4.80,-7.01,0.72
1927698.2561,0.00,4.81,-7.02,0.73
1927698.2796,0.00,4.81,-7.02,0.73
1927698.3115,0.00,4.81,-7.01,0.73
1927698.3437,0.00,4.80,-7.01,0.73
1927698.3757,0.00,4.80,-7.01,0.73
1927698.4079,0.00,4.79,-7.00,0.73
1927698.4399,0.00,4.79,-7.00,0.73
1927698.4803,0.00,4.79,-7.00,0.73
1927698.5119,0.00,4.79,-7.00,0.73
1927698.5439,0.00,4.79,-7.00,0.72
1927698.5764,0.00,4.79,-7.00,0.72
1927698.6085,0.00,4.79,-7.00,0.72
1927698.6407,0.00,4.79,-7.00,0.72
1927698.6728,0.00,4.78,-7.00,0.72
1927698.7127,0.00,4.78,-7.00,0.73
1927698.7444,0.00,4.77,-7.00,0.73
1927698.7768,0.00,4.77,-7.01,0.73
1927698.7925,0.00,4.77,-7.01,0.73
1927698.8239,0.00,4.76,-7.01,0.73
1927698.8564,0.00,4.76,-7.02,0.74
1927698.8968,0.00,4.76,-7.02,0.74
1927698.9288,0.00,4.75,-7.03,0.74
1927698.9609,0.00,4.75,-7.03,0.74
1927698.9928,0.00,4.75,-7.03,0.74
1927699.0248,0.00,4.75,-7.03,0.74
1927699.0572,0.00,4.75,-7.04,0.74
1927699.0809,0.00,4.75,-7.03,0.74
1927699.1127,0.00,4.76,-7.03,0.74
1927699.1443,0.00,4.76,-7.03,0.75
1927699.1754,0.00,4.76,-7.03,0.75
1927699.2082,0.00,4.76,-7.03,0.75
1927699.2398,0.00,4.77,-7.02,0.76
1927699.2642,0.00,4.77,-7.02,0.76
1927699.2961,0.00,4.77,-7.02,0.76
1927699.3286,0.00,4.78,-7.02,0.76
1927699.3622,0.00,4.78,-7.02,0.76
1927699.3935,0.00,4.77,-7.06,0.76
1927699.4251,0.00,4.77,-7.10,0.76
1927699.4572,0.00,4.76,-7.13,0.76
1927699.4811,0.00,4.76,-7.16,0.77
1927699.5124,0.00,4.76,-7.18,0.77
1927699.5453,0.00,4.76,-7.19,0.77
1927699.5763,0.00,4.76,-7.20,0.77
1927699.6083,0.00,4.76,-7.21,0.77
1927699.6402,0.00,4.76,-7.22,0.77
1927699.6801,0.00,4.76,-7.22,0.77
1927699.7114,0.00,4.76,-7.23,0.77
1927699.7333,0.00,4.76,-7.25,0.77
1927699.7660,0.00,4.75,-7.27,0.77
1927699.8070,0.00,4.75,-7.29,0.77
1927699.8311,0.00,4.75,-7.30,0.77
1927699.8631,0.00,4.76,-7.31,0.77
1927699.8944,0.00,4.76,-7.32,0.77
1927699.9261,0.00,4.76,-7.32,0.77
1927699.9581,0.00,4.76,-7.33,0.77
1927699.9802,0.00,4.76,-7.33,0.77
1927700.0135,0.00,4.76,-7.33,0.77
1927700.0451,0.00,4.77,-7.33,0.77
1927700.0763,0.00,4.77,-7.32,0.77
1927700.1086,0.00,4.77,-7.31,0.77
1927700.1402,0.00,4.78,-7.31,0.77
1927700.1722,0.00,4.78,-7.30,0.78
1927700.2136,0.00,4.79,-7.28,0.78
1927700.2457,0.00,4.80,-7.27,0.78
1927700.2775,0.00,4.80,-7.26,0.78
1927700.3093,0.00,4.81,-7.25,0.78
1927700.3415,0.00,4.81,-7.23,0.78
1927700.3734,0.00,4.81,-7.21,0.78
1927700.4135,0.00,4.82,-7.20,0.78
1927700.4450,0.00,4.82,-7.19,0.78
1927700.4769,0.00,4.82,-7.18,0.78
1927700.5091,0.00,4.82,-7.17,0.78
1927700.5410,0.00,4.81,-7.16,0.78
1927700.5643,0.00,4.81,-7.15,0.78
1927700.5964,0.00,4.81,-7.14,0.78
1927700.6286,0.00,4.81,-7.13,0.78
1927700.6607,0.00,4.80,-7.11,0.78
1927700.6928,0.00,4.80,-7.10,0.78
1927700.7247,0.00,4.80,-7.10,0.78
1927700.7567,0.00,4.80,-7.09,0.78
1927700.7808,0.00,4.80,-7.08,0.78
1927700.8125,0.00,4.80,-7.07,0.79
1927700.8442,0.00,4.80,-7.07,0.79
1927700.8852,0.00,4.80,-7.06,0.79
1927700.9084,0.00,4.79,-7.06,0.79
1927700.9359,0.00,4.79,-7.06,0.79
1927700.9742,0.00,4.79,-7.05,0.79
1927701.0007,0.00,4.79,-7.05,0.78
1927701.0299,0.00,4.80,-7.05,0.78
1927701.0617,0.00,4.80,-7.04,0.78
1927701.0947,0.00,4.80,-7.04,0.78
1927701.1246,0.00,4.80,-7.04,0.78
1927701.1568,0.00,4.80,-7.04,0.78
1927701.1970,0.00,4.80,-7.04,0.78
1927701.2287,0.00,4.80,-7.04,0.78
1927701.2610,0.00,4.80,-7.04,0.78
1927701.2930,0.00,4.80,-7.04,0.77
1927701.3248,0.00,4.80,-7.04,0.77
1927701.3571,0.00,4.80,-7.04,0.77
1927701.3968,0.00,4.80,-7.04,0.77
1927701.4289,0.00,4.80,-7.04,0.77
1927701.4615,0.00,4.80,-7.04,0.76
1927701.4935,0.00,4.80,-7.04,0.76
1927701.5250,0.00,4.80,-7.04,0.76
1927701.5561,0.00,4.80,-7.04,0.75
1927701.5808,0.00,4.80,-7.03,0.75
1927701.6128,0.00,4.80,-7.03,0.75
1927701.6446,0.00,4.80,-7.03,0.75
1927701.6764,0.00,4.80,-7.03,0.75
1927701.7087,0.00,4.80,-7.03,0.75
1927701.7407,0.00,4.80,-7.03,0.74
1927701.7727,0.00,4.80,-7.03,0.73
1927701.7957,0.00,4.80,-7.03,0.71
1927701.8273,0.00,4.80,-7.03,0.70
1927701.8603,0.00,4.79,-7.05,0.63
1927701.8911,0.00,4.78,-7.07,0.59
1927701.9235,0.00,4.77,-7.09,0.55
1927701.9636,0.00,4.85,-7.14,0.39
1927701.9957,0.00,4.91,-7.18,0.38
1927702.0278,0.00,4.94,-7.21,0.38
1927702.0597,0.00,4.96,-7.24,0.38
1927702.0915,0.00,5.61,-6.69,0.78
1927702.1234,6.17,0.00,-6.23,0.83
1927702.1636,6.47,0.00,-5.85,0.86
1927702.1957,6.73,0.00,-5.53,0.88
1927702.2277,8.44,0.00,-4.06,1.34
1927702.2594,9.97,0.00,-2.77,1.71
1927702.2912,11.29,0.00,-1.67,2.01
1927702.3232,12.41,0.00,-0.74,2.27
1927702.3477,15.41,0.00,1.10,2.93
1927702.3794,17.98,0.00,2.69,3.49
1927702.4118,20.17,0.00,4.06,3.95
1927702.4438,23.71,0.00,5.84,5.27
1927702.4757,26.72,0.00,7.37,5.88
1927702.5079,29.28,0.00,8.70,6.36
1927702.5400,31.45,0.00,9.85,6.73
1927702.5638,34.48,0.00,11.19,7.71
1927702.5958,37.06,0.00,12.35,8.17
1927702.6280,39.24,0.00,13.38,8.53
1927702.6602,41.09,0.00,14.26,8.81
1927702.6921,43.58,0.00,15.40,9.52
1927702.7250,45.69,0.00,16.38,9.88
1927702.7481,47.49,0.00,17.25,10.18
1927702.7794,49.02,0.00,17.99,10.41
1927702.8111,50.92,0.00,18.83,10.84
1927702.8433,52.53,0.00,19.55,11.12
1927702.8757,53.90,0.00,20.19,11.36
1927702.9077,55.06,0.00,20.73,11.56
1927702.9468,56.39,0.00,21.22,11.81
1927702.9790,57.51,0.00,21.64,12.03
1927703.0111,58.47,0.00,22.00,12.22
1927703.0427,59.28,0.00,22.31,12.39
1927703.0750,60.03,0.00,22.55,12.52
1927703.1070,60.69,0.00,22.77,12.64
1927703.1393,61.25,0.00,22.96,12.75
1927703.1788,61.72,0.00,23.12,12.85
1927703.2110,62.11,0.00,23.26,12.95
1927703.2430,62.45,0.00,23.37,13.05
1927703.2750,62.73,0.00,23.47,13.15
1927703.3072,62.95,0.00,23.54,13.18
1927703.3310,63.15,0.00,23.61,13.22
1927703.3633,63.31,0.00,23.66,13.26
1927703.3951,63.45,0.00,23.71,13.30
1927703.4272,63.58,0.00,23.75,13.33
1927703.4590,63.68,0.00,23.79,13.37
1927703.4907,63.77,0.00,23.82,13.40
1927703.5142,63.84,0.00,23.85,13.44
1927703.5454,63.88,0.00,23.88,13.48
1927703.5777,63.92,0.00,23.91,13.52
1927703.6096,63.95,0.00,23.94,13.56
1927703.6419,63.98,0.00,23.96,13.60
1927703.6738,63.97,0.00,23.98,13.63
1927703.7133,63.98,0.00,24.01,13.66
1927703.7453,63.98,0.00,24.03,13.68
1927703.7775,63.83,0.00,24.05,13.74
1927703.8097,63.73,0.00,24.08,13.75
1927703.8414,63.65,0.00,24.11,13.76
1927703.8733,63.58,0.00,24.13,13.76
1927703.9135,63.09,0.00,24.09,13.72
1927703.9462,62.69,0.00,24.08,13.69
1927703.9777,62.35,0.00,24.06,13.65
1927704.0098,60.84,0.00,23.63,14.06
1927704.0420,59.56,0.00,23.27,13.92
1927704.0740,58.48,0.00,22.97,13.77
1927704.1133,57.57,0.00,22.72,13.61
1927704.1448,54.68,0.00,21.69,14.48
1927704.1768,52.23,0.00,20.83,14.30
1927704.2089,50.15,0.00,20.11,14.08
1927704.2408,48.38,0.00,19.51,13.82
1927704.2730,45.28,0.00,18.50,13.77
1927704.2967,42.63,0.00,17.64,13.65
1927704.3287,40.37,0.00,16.93,13.45
1927704.3608,38.46,0.00,16.33,13.21
1927704.3928,35.13,0.00,15.24,13.12
1927704.4249,32.36,0.00,14.31,12.94
1927704.4571,30.02,0.00,13.53,12.68
1927704.4808,28.05,0.00,12.88,12.35
1927704.5125,24.83,0.00,11.12,12.27
1927704.5448,22.15,0.00,9.64,12.09
1927704.5765,19.93,0.00,8.39,11.82
1927704.6086,0.00,17.07,6.59,12.45
1927704.6400,0.00,14.78,5.06,12.13
1927704.6796,0.00,13.00,3.78,11.73
1927704.7119,0.00,11.63,2.67,11.27
1927704.7437,0.00,10.23,0.91,11.77
1927704.7639,0.00,9.55,-0.59,11.28
1927704.8055,0.00,9.42,-1.86,10.73
1927704.8308,0.00,9.66,-2.95,10.14
1927704.8626,0.00,10.80,-4.44,10.64
1927704.8945,0.00,12.14,-5.71,10.15
1927704.9264,13.47,0.00,-6.79,9.60
1927704.9580,14.69,0.00,-7.70,9.01
1927704.9897,16.75,0.00,-8.82,8.71
1927705.0142,18.57,0.00,-9.78,8.32
1927705.0466,20.16,0.00,-10.60,7.87
1927705.0785,21.51,0.00,-11.29,7.38
1927705.1098,23.75,0.00,-12.30,7.19
1927705.1417,25.67,0.00,-13.17,6.91
1927705.1742,27.31,0.00,-13.91,6.57
1927705.2065,29.60,0.00,-14.60,7.09
1927705.2319,31.56,0.00,-15.20,6.90
1927705.2632,33.22,0.00,-15.71,6.64
1927705.2946,34.64,0.00,-16.15,6.33
1927705.3263,36.66,0.00,-16.79,6.80
1927705.3586,38.38,0.00,-17.35,6.56
1927705.3899,39.85,0.00,-17.83,6.28
1927705.4293,41.10,0.00,-18.24,5.97
1927705.4496,42.72,0.00,-18.58,6.16
1927705.4932,44.10,0.00,-18.86,5.97
1927705.5262,45.28,0.00,-19.11,5.75
1927705.5571,46.29,0.00,-19.32,5.51
1927705.5884,47.57,0.00,-19.62,5.39
1927705.6126,48.65,0.00,-19.88,5.23
1927705.6442,49.57,0.00,-20.10,5.06
1927705.6755,50.36,0.00,-20.29,4.89
1927705.7077,51.33,0.00,-20.71,4.84
1927705.7392,52.16,0.00,-21.07,4.77
1927705.7634,52.86,0.00,-21.38,4.69
1927705.7953,53.46,0.00,-21.65,4.62
1927705.8269,54.01,0.00,-21.83,4.56
1927705.8590,54.47,0.00,-21.99,4.50
1927705.8906,54.86,0.00,-22.12,4.46
1927705.9305,55.17,0.00,-22.17,4.33
1927705.9626,55.44,0.00,-22.21,4.29
1927705.9816,55.67,0.00,-22.25,4.26
1927706.0269,55.87,0.00,-22.28,4.25
1927706.0585,56.03,0.00,-22.19,4.11
1927706.0974,56.17,0.00,-22.11,4.09
1927706.1295,56.28,0.00,-22.05,4.08
1927706.1612,56.38,0.00,-21.99,4.08
1927706.1934,56.58,0.00,-21.72,4.03
1927706.2257,56.76,0.00,-21.49,3.99
1927706.2581,56.91,0.00,-21.30,3.96
1927706.2889,57.13,0.00,-20.89,3.78
1927706.3129,57.32,0.00,-20.55,3.64
1927706.3448,57.48,0.00,-20.26,3.52
1927706.3764,57.61,0.00,-20.01,3.54
1927706.4081,57.73,0.00,-19.79,3.57
1927706.4342,57.83,0.00,-19.61,3.60
1927706.4785,57.93,0.00,-19.38,3.55
1927706.5110,58.02,0.00,-19.19,3.59
1927706.5428,58.10,0.00,-19.02,3.62
1927706.5743,58.16,0.00,-18.88,3.66
1927706.6056,58.25,0.00,-18.67,3.65
1927706.6453,58.34,0.00,-18.50,3.65
1927706.6773,58.42,0.00,-18.35,3.65
1927706.7092,58.49,0.00,-18.13,3.64
1927706.7407,58.55,0.00,-17.95,3.64
1927706.7725,58.61,0.00,-17.79,3.65
1927706.7946,58.66,0.00,-17.65,3.66
1927706.8280,58.54,0.00,-17.55,3.66
1927706.8603,58.44,0.00,-17.46,3.70
1927706.8921,58.39,0.00,-17.37,3.74
1927706.9236,58.35,0.00,-17.30,3.77
1927706.9635,57.63,0.00,-17.16,3.54
1927706.9954,57.03,0.00,-17.04,3.60
1927707.0276,56.51,0.00,-16.94,3.66
1927707.0596,56.07,0.00,-16.86,3.73
1927707.0914,54.17,0.00,-16.08,3.53
1927707.1240,52.56,0.00,-15.43,3.39
1927707.1559,51.18,0.00,-14.89,3.29
1927707.1958,48.22,0.00,-13.60,3.43
1927707.2273,45.72,0.00,-12.53,4.17
1927707.2590,43.59,0.00,-11.64,5.02
1927707.2912,41.78,0.00,-10.89,4.61
1927707.3227,40.24,0.00,-10.26,4.19
1927707.3463,38.93,0.00,-9.73,3.76
1927707.3784,36.01,0.00,-8.44,4.70
1927707.4101,33.53,0.00,-7.36,4.49
1927707.4416,31.42,0.00,-6.45,4.20
1927707.4739,29.63,0.00,-5.69,3.86
1927707.4975,26.80,0.00,-4.54,4.71
1927707.5294,24.42,0.00,-3.57,4.01
1927707.5616,22.41,0.00,-2.76,3.30
1927707.5940,20.71,0.00,-2.07,2.62
1927707.6257,17.38,0.00,-0.45,2.74
1927707.6578,14.69,0.00,0.91,2.72
1927707.6900,12.59,0.00,2.06,2.62
1927707.7299,10.99,0.00,3.04,2.48
1927707.7617,0.00,9.86,3.87,2.12
1927707.7978,0.00,8.59,5.31,2.38
1927707.8295,0.00,8.43,6.56,2.62
1927707.8615,0.00,9.00,7.62,2.82
1927707.8972,0.00,9.91,8.53,2.94
1927707.9241,0.00,11.51,9.44,3.19
1927707.9547,0.00,13.10,10.23,3.44
1927707.9807,0.00,14.57,10.91,3.68
1927708.0117,0.00,15.87,11.48,4.03
1927708.0436,17.02,0.00,11.98,4.59
1927708.0757,18.00,0.00,12.40,5.27
1927708.1077,20.53,0.00,13.19,5.51
1927708.1398,22.70,0.00,13.87,5.81
1927708.1804,24.55,0.00,14.45,6.14
1927708.2128,27.39,0.00,15.13,6.17
1927708.2438,29.80,0.00,15.72,6.51
1927708.2757,31.85,0.00,16.23,6.85
1927708.3081,33.60,0.00,16.67,7.18
1927708.3397,35.74,0.00,17.08,7.31
1927708.3801,37.56,0.00,17.44,7.60
1927708.4116,39.11,0.00,17.75,7.87
1927708.4436,40.82,0.00,18.16,8.07
1927708.4758,42.27,0.00,18.51,8.35
1927708.5082,43.50,0.00,18.82,8.60
1927708.5404,44.55,0.00,19.07,8.85
1927708.5724,45.80,0.00,19.43,9.06
1927708.5957,46.86,0.00,19.73,9.29
1927708.6279,47.76,0.00,19.99,9.51
1927708.6597,48.52,0.00,20.22,9.72
1927708.6920,49.20,0.00,20.41,9.88
1927708.7247,49.77,0.00,20.58,10.05
1927708.7563,50.26,0.00,20.72,10.22
1927708.7805,50.68,0.00,20.84,10.37
1927708.8124,51.02,0.00,20.94,10.48
1927708.8440,51.31,0.00,21.03,10.59
1927708.8761,51.55,0.00,21.10,10.71
1927708.9078,51.77,0.00,21.16,10.83
1927708.9395,51.94,0.00,21.23,10.93
1927708.9801,52.08,0.00,21.28,11.03
1927709.0136,52.20,0.00,21.33,11.13
1927709.0455,52.31,0.00,21.38,11.23
1927709.0776,52.39,0.00,21.42,11.31
1927709.1096,52.47,0.00,21.45,11.40
1927709.1508,52.53,0.00,21.48,11.47
1927709.1805,52.54,0.00,21.56,11.53
1927709.2129,52.56,0.00,21.62,11.57
1927709.2443,52.57,0.00,21.67,11.61
1927709.2765,52.59,0.00,21.72,11.65
1927709.3076,52.54,0.00,21.81,11.65
1927709.3392,52.50,0.00,21.90,11.66
1927709.3799,52.46,0.00,21.97,11.67
1927709.4118,52.19,0.00,22.04,11.75
1927709.4440,51.95,0.00,22.09,11.68
1927709.4752,51.75,0.00,22.14,11.62
1927709.5068,51.62,0.00,22.20,11.56
1927709.5305,50.14,0.00,21.77,12.03
1927709.5628,48.89,0.00,21.41,11.80
1927709.5947,47.83,0.00,21.11,11.55
1927709.6265,46.94,0.00,20.86,11.31
1927709.6585,44.25,0.00,19.82,12.10
1927709.6907,41.97,0.00,18.96,11.91
1927709.7145,40.03,0.00,18.23,11.67
1927709.7462,38.38,0.00,17.62,11.40
1927709.7784,35.53,0.00,16.79,12.22
1927709.8106,33.10,0.00,16.09,12.04
1927709.8420,31.04,0.00,15.51,11.80
1927709.8742,29.29,0.00,15.02,11.50
1927709.9134,26.21,0.00,14.07,11.48
1927709.9452,23.61,0.00,13.27,11.35
1927709.9775,21.42,0.00,12.60,11.13
1927710.0092,18.23,0.00,11.94,12.19
1927710.0410,15.57,0.00,11.39,12.18
1927710.0730,0.00,13.39,10.92,12.04
1927710.0966,0.00,11.61,10.53,11.81
1927710.1297,0.00,9.40,9.99,12.60
1927710.1617,0.00,7.86,9.53,12.28
1927710.1938,0.00,6.97,9.14,11.88
1927710.2279,0.00,6.64,8.81,11.43
1927710.2578,0.00,7.48,7.80,12.54
1927710.2886,9.03,0.00,6.93,12.18
1927710.3140,10.71,0.00,6.20,11.74
1927710.3468,12.28,0.00,5.57,11.22
1927710.3776,15.37,0.00,4.41,12.42
1927710.4108,18.10,0.00,3.42,13.33
1927710.4414,20.47,0.00,2.57,14.00
1927710.4736,22.50,0.00,1.82,13.46
1927710.4973,25.33,0.00,0.83,13.98
1927710.5296,27.75,0.00,-0.02,14.31
1927710.5613,29.82,0.00,-0.75,14.47
1927710.5933,31.57,0.00,-1.38,13.36
1927710.6255,33.98,0.00,-2.37,13.16
1927710.6574,36.02,0.00,-3.22,12.87
1927710.6892,37.76,0.00,-3.96,11.78
1927710.7288,40.21,0.00,-5.07,11.66
1927710.7607,42.29,0.00,-6.04,11.44
1927710.7927,44.05,0.00,-6.87,11.15
1927710.8248,45.56,0.00,-7.58,10.25
1927710.8571,47.65,0.00,-8.72,10.20
1927710.8961,49.43,0.00,-9.71,10.07
1927710.9279,50.94,0.00,-10.56,9.47
1927710.9603,52.22,0.00,-11.29,8.87
1927710.9918,53.62,0.00,-12.32,8.61
1927711.0239,54.80,0.00,-13.20,8.33
1927711.0551,55.81,0.00,-13.96,7.89
1927711.0794,56.67,0.00,-14.61,7.46
1927711.1113,57.52,0.00,-15.34,7.20
1927711.1431,58.25,0.00,-15.97,6.96
1927711.1761,58.86,0.00,-16.51,6.69
1927711.2076,59.41,0.00,-16.97,6.45
1927711.2312,59.88,0.00,-17.36,6.22
1927711.2632,60.27,0.00,-17.70,6.02
1927711.2944,60.61,0.00,-17.98,5.84
1927711.3267,60.91,0.00,-18.21,5.67
1927711.3591,61.17,0.00,-18.40,5.51
1927711.3910,61.39,0.00,-18.57,5.38
1927711.4187,61.58,0.00,-18.71,5.29
1927711.4630,61.66,0.00,-18.77,5.18
1927711.4955,61.74,0.00,-18.83,5.09
1927711.5277,61.80,0.00,-18.88,5.11
1927711.5594,61.89,0.00,-18.91,5.12
1927711.5913,61.67,0.00,-18.89,4.98
1927711.6235,61.49,0.00,-18.87,4.87
1927711.6635,61.33,0.00,-18.86,4.97
1927711.6956,60.26,0.00,-18.44,4.63
1927711.7277,59.35,0.00,-18.08,4.41
1927711.7597,58.57,0.00,-17.78,4.27
1927711.7912,57.91,0.00,-17.53,4.34
1927711.8114,55.41,0.00,-16.46,3.84
1927711.8476,53.29,0.00,-15.57,3.70
1927711.8793,51.48,0.00,-14.83,3.77
1927711.9115,49.93,0.00,-14.21,3.22
1927711.9433,46.67,0.00,-13.17,3.65
1927711.9750,43.90,0.00,-12.31,4.23
1927712.0069,41.54,0.00,-11.59,3.51
1927712.0390,39.56,0.00,-10.98,2.79
1927712.0632,35.95,0.00,-10.01,3.66
1927712.0953,32.89,0.00,-9.20,4.41
1927712.1277,30.29,0.00,-8.52,3.80
1927712.1595,28.07,0.00,-7.95,3.14
1927712.1913,24.60,0.00,-7.12,4.01
1927712.2231,21.68,0.00,-6.42,4.64
1927712.2472,19.21,0.00,-5.83,4.31
1927712.2792,17.13,0.00,-5.33,3.90
1927712.3111,14.46,0.00,-4.41,4.48
1927712.3434,12.28,0.00,-3.64,4.86
1927712.3756,10.54,0.00,-2.99,4.40
1927712.4073,8.65,0.00,-1.97,4.71
1927712.4397,0.00,7.42,-1.11,4.88
1927712.4699,0.00,6.83,-0.38,4.93
1927712.4989,0.00,6.73,0.25,4.68
1927712.5294,0.00,6.86,0.81,4.28
1927712.5613,0.00,7.16,1.28,3.87
1927712.6035,0.00,7.54,1.69,3.46
1927712.6289,0.00,7.95,2.03,3.11
1927712.6540,0.00,8.26,2.33,2.73
1927712.6948,0.00,8.63,2.58,2.40
1927712.7269,0.00,8.97,2.80,2.14
1927712.7589,0.00,9.28,2.98,1.94
1927712.7914,0.00,9.49,3.13,1.74
1927712.8231,0.00,9.75,3.27,1.63
1927712.8470,0.00,9.97,3.39,1.61
1927712.8792,0.00,10.16,3.49,1.65
1927712.9113,0.00,10.31,3.57,1.76
1927712.9434,0.00,10.44,3.64,1.90
1927712.9756,0.00,10.55,3.70,2.05
1927713.0077,0.00,10.65,3.75,2.22
1927713.0397,0.00,10.73,3.79,2.38
1927713.0646,0.00,10.81,3.83,2.53
1927713.0959,0.00,10.87,3.85,2.75
1927713.1278,0.00,10.92,3.88,2.97
1927713.1598,0.00,10.97,3.90,3.16
1927713.1918,0.00,11.00,3.91,3.34
1927713.2241,0.00,11.04,3.92,3.50
1927713.2559,0.00,11.04,3.95,3.61
1927713.2792,0.00,11.05,3.97,3.71
1927713.3114,0.00,11.05,3.98,3.80
1927713.3433,11.06,0.00,4.00,3.88
1927713.3758,11.05,0.00,4.02,3.93
1927713.4080,11.04,0.00,4.04,3.97
1927713.4398,11.03,0.00,4.06,4.01
1927713.4790,11.03,0.00,4.07,4.04
1927713.5110,11.02,0.00,4.09,4.06
1927713.5437,11.02,0.00,4.10,4.08
1927713.5751,11.02,0.00,4.11,4.10
1927713.6067,11.01,0.00,4.12,4.10
1927713.6467,11.00,0.00,4.13,4.11
1927713.6785,11.00,0.00,4.14,4.12
1927713.7105,11.00,0.00,4.15,4.13
1927713.7427,10.99,0.00,4.16,4.13
1927713.7750,10.99,0.00,4.17,4.13
1927713.7971,10.99,0.00,4.18,4.14
1927713.8466,10.99,0.00,4.18,4.13
1927713.8782,10.98,0.00,4.19,4.13
1927713.9106,10.98,0.00,4.20,4.13
1927713.9431,10.98,0.00,4.20,4.13
1927713.9751,10.98,0.00,4.21,4.13
1927714.0066,10.98,0.00,4.22,4.13
1927714.0306,10.97,0.00,4.22,4.13
1927714.0635,10.97,0.00,4.22,4.13
1927714.0943,10.97,0.00,4.23,4.12
1927714.1342,10.97,0.00,4.24,4.12
1927714.1628,10.97,0.00,4.24,4.12
1927714.1951,10.97,0.00,4.24,4.12
1927714.2277,10.97,0.00,4.25,4.12
1927714.2547,10.97,0.00,4.25,4.12
1927714.2962,10.97,0.00,4.25,4.11
1927714.3387,10.96,0.00,4.25,4.11
1927714.3634,10.96,0.00,4.26,4.11
1927714.3951,10.96,0.00,4.26,4.10
1927714.4269,10.96,0.00,4.26,4.10
1927714.4594,10.96,0.00,4.26,4.10
1927714.4915,10.96,0.00,4.27,4.09
1927714.5233,10.95,0.00,4.27,4.09
1927714.5469,10.95,0.00,4.27,4.08
1927714.5786,10.95,0.00,4.27,4.08
1927714.6105,10.94,0.00,4.27,4.07
1927714.6423,10.94,0.00,4.28,4.07
1927714.6740,10.94,0.00,4.28,4.06
1927714.7061,10.93,0.00,4.28,4.06
1927714.7298,10.93,0.00,4.28,4.06
1927714.7625,10.93,0.00,4.29,4.05
1927714.7938,10.93,0.00,4.29,4.04
1927714.8262,10.93,0.00,4.29,4.04
1927714.8580,10.92,0.00,4.29,4.04
1927714.8971,10.92,0.00,4.29,4.03
1927714.9286,10.92,0.00,4.29,4.03
1927714.9606,10.92,0.00,4.30,4.02
1927714.9813,10.92,0.00,4.30,4.02
1927715.0148,10.92,0.00,4.30,4.02
1927715.0539,10.91,0.00,4.30,4.01
1927715.0794,10.91,0.00,4.30,4.01
1927715.1115,10.91,0.00,4.30,4.01
1927715.1381,10.91,0.00,4.30,4.00
1927715.1754,10.91,0.00,4.31,4.00
1927715.2068,10.91,0.00,4.31,4.00
1927715.2388,10.91,0.00,4.31,4.00
1927715.2628,10.91,0.00,4.31,3.99
1927715.2949,10.91,0.00,4.31,3.99
1927715.3269,10.91,0.00,4.31,3.99
1927715.3584,10.91,0.00,4.31,3.98
1927715.3900,10.91,0.00,4.31,3.98
1927715.4297,10.91,0.00,4.32,3.98
1927715.4549,10.91,0.00,4.32,3.98
1927715.4803,10.91,0.00,4.32,3.98
1927715.5119,10.91,0.00,4.32,3.98
1927715.5438,10.91,0.00,4.32,3.98
1927715.5758,10.91,0.00,4.32,3.98
1927715.6070,10.91,0.00,4.32,3.98
1927715.6391,10.91,0.00,4.32,3.98
1927715.6786,10.91,0.00,4.32,3.97
1927715.7107,10.91,0.00,4.32,3.97
1927715.7428,10.91,0.00,4.32,3.97
1927715.7750,10.91,0.00,4.32,3.97
1927715.8066,10.91,0.00,4.32,3.97
1927715.8307,10.91,0.00,4.32,3.97
1927715.8632,10.91,0.00,4.32,3.96
1927715.8956,10.91,0.00,4.32,3.96
1927715.9267,10.91,0.00,4.32,3.96
1927715.9587,10.91,0.00,4.32,3.96
1927715.9908,10.91,0.00,4.32,3.96
1927716.0143,10.91,0.00,4.32,3.96
1927716.0463,10.91,0.00,4.32,3.96
1927716.0786,10.91,0.00,4.32,3.96
1927716.1100,10.91,0.00,4.32,3.96
1927716.1419,10.91,0.00,4.32,3.96
1927716.1739,10.91,0.00,4.32,3.96
1927716.2057,10.91,0.00,4.32,3.96
1927716.2306,10.91,0.00,4.32,3.96
1927716.2623,10.91,0.00,4.33,3.96
1927716.2943,10.90,0.00,4.32,3.96
1927716.3262,10.90,0.00,4.32,3.96
1927716.3585,10.90,0.00,4.32,3.96
1927716.3902,10.90,0.00,4.33,3.96
1927716.4302,10.90,0.00,4.33,3.96
1927716.4619,10.90,0.00,4.33,3.96
1927716.4942,10.90,0.00,4.33,3.96
1927716.5264,10.90,0.00,4.33,3.96
1927716.5580,10.90,0.00,4.33,3.96
1927716.5903,10.90,0.00,4.33,3.96
1927716.6226,10.90,0.00,4.33,3.96
1927716.6620,10.90,0.00,4.33,3.96
1927716.6940,10.90,0.00,4.33,3.96
1927716.7257,10.90,0.00,4.33,3.96
1927716.7579,10.90,0.00,4.33,3.96
1927716.7896,10.90,0.00,4.33,3.96
1927716.8137,10.90,0.00,4.33,3.96
1927716.8454,10.90,0.00,4.33,3.96
1927716.8775,10.90,0.00,4.33,3.96
1927716.9092,10.90,0.00,4.33,3.96
1927716.9415,10.90,0.00,4.33,3.96
1927716.9735,10.90,0.00,4.33,3.96
1927716.9972,10.90,0.00,4.33,3.97
1927717.0289,10.90,0.00,4.33,3.97
1927717.0608,10.90,0.00,4.33,3.97
1927717.0927,10.89,0.00,4.33,3.97
1927717.1247,10.89,0.00,4.33,3.97
1927717.1530,10.89,0.00,4.33,3.97
1927717.1965,10.89,0.00,4.33,3.97
1927717.2287,10.89,0.00,4.33,3.97
1927717.2606,10.89,0.00,4.33,3.97
1927717.2920,10.89,0.00,4.33,3.97
1927717.3241,10.89,0.00,4.33,3.97
1927717.3569,10.89,0.00,4.33,3.97
1927717.3968,10.89,0.00,4.33,3.97
1927717.4287,10.89,0.00,4.33,3.97
1927717.4618,10.89,0.00,4.33,3.97
1927717.4921,10.89,0.00,4.33,3.97
1927717.5240,10.89,0.00,4.33,3.97
1927717.5476,10.90,0.00,4.33,3.97
1927717.5804,10.90,0.00,4.33,3.97
1927717.6119,10.90,0.00,4.33,3.97
1927717.6438,10.90,0.00,4.33,3.97
1927717.6754,10.90,0.00,4.33,3.97
1927717.7127,10.90,0.00,4.33,3.97
1927717.7445,10.90,0.00,4.33,3.97
1927717.7771,10.90,0.00,4.33,3.97
1927717.8091,10.90,0.00,4.33,3.97
1927717.8413,10.90,0.00,4.33,3.97
1927717.8730,10.90,0.00,4.33,3.97
1927717.9135,10.90,0.00,4.33,3.98
1927717.9453,10.90,0.00,4.33,3.97
1927717.9775,10.90,0.00,4.34,3.97
1927718.0099,10.90,0.00,4.34,3.97
1927718.0417,10.90,0.00,4.34,3.98
1927718.0739,10.90,0.00,4.34,3.98
1927718.1059,10.90,0.00,4.34,3.98
1927718.1468,10.90,0.00,4.34,3.98
1927718.1786,10.90,0.00,4.34,3.98
1927718.2111,10.90,0.00,4.34,3.98
1927718.2434,10.90,0.00,4.34,3.98
1927718.2757,10.90,0.00,4.34,3.98
1927718.3086,10.90,0.00,4.34,3.98
1927718.3409,10.90,0.00,4.34,3.98
1927718.3729,10.90,0.00,4.34,3.98
1927718.4133,10.90,0.00,4.35,3.98
1927718.4451,10.91,0.00,4.35,3.98
1927718.4774,10.91,0.00,4.35,3.98
1927718.5103,10.91,0.00,4.35,3.98
1927718.5409,10.91,0.00,4.35,3.98
1927718.5599,10.91,0.00,4.35,3.98
1927718.5960,10.91,0.00,4.35,3.98
1927718.6277,10.91,0.00,4.36,3.98
1927718.6604,10.91,0.00,4.36,3.98
1927718.6918,10.91,0.00,4.36,3.98
1927718.7240,10.91,0.00,4.36,3.98
1927718.7560,10.91,0.00,4.36,3.98
1927718.7805,10.91,0.00,4.36,3.98
1927718.8129,10.91,0.00,4.36,3.98
1927718.8446,10.91,0.00,4.36,3.99
1927718.8768,10.91,0.00,4.36,3.99
1927718.9088,10.91,0.00,4.36,3.99
1927718.9411,10.91,0.00,4.36,3.99
1927718.9732,10.91,0.00,4.36,3.99
1927718.9972,10.91,0.00,4.36,3.99
1927719.0295,10.91,0.00,4.36,3.99
1927719.0612,10.91,0.00,4.36,3.99
1927719.0936,10.91,0.00,4.36,3.99
1927719.1255,10.91,0.00,4.36,3.99
1927719.1578,10.91,0.00,4.36,3.99
1927719.1899,10.91,0.00,4.36,4.00
1927719.2302,10.91,0.00,4.36,4.00
1927719.2616,10.91,0.00,4.36,4.00
1927719.2945,10.91,0.00,4.36,4.00
1927719.3270,10.91,0.00,4.36,4.00
1927719.3598,10.91,0.00,4.36,4.00
1927719.3905,10.91,0.00,4.36,4.00
1927719.4298,10.91,0.00,4.36,4.00
1927719.4625,10.91,0.00,4.36,4.00
1927719.4940,10.91,0.00,4.36,4.00
1927719.5255,10.91,0.00,4.36,4.00
1927719.5479,10.91,0.00,4.36,4.00
1927719.5808,10.91,0.00,4.36,4.00
1927719.6130,10.91,0.00,4.36,4.00
1927719.6451,10.91,0.00,4.36,4.00
1927719.6767,10.91,0.00,4.36,4.00
1927719.7092,10.91,0.00,4.36,4.00
1927719.7414,10.91,0.00,4.36,4.00
1927719.7730,10.91,0.00,4.36,4.00
1927719.7968,10.91,0.00,4.36,4.00
1927719.8284,10.91,0.00,4.36,4.00
1927719.8606,10.91,0.00,4.36,4.00
1927719.8920,10.91,0.00,4.36,4.00
1927719.9245,10.91,0.00,4.36,4.00
1927719.9567,10.91,0.00,4.36,4.00
1927719.9806,10.91,0.00,4.36,4.00
1927720.0138,10.91,0.00,4.36,4.01
1927720.0448,10.91,0.00,4.36,4.01
1927720.0770,10.91,0.00,4.36,4.01
1927720.1094,10.91,0.00,4.36,4.01
1927720.1416,10.91,0.00,4.36,4.01
1927720.1733,10.91,0.00,4.36,4.01
1927720.2132,10.91,0.00,4.36,4.01
1927720.2452,10.91,0.00,4.36,4.01
1927720.2772,10.91,0.00,4.36,4.01
1927720.3095,10.91,0.00,4.36,4.01
1927720.3417,10.91,0.00,4.36,4.01
1927720.3738,10.91,0.00,4.36,4.01
1927720.4134,10.91,0.00,4.36,4.01
1927720.4447,10.91,0.00,4.36,4.01
1927720.4765,10.91,0.00,4.36,4.01
1927720.5085,10.90,0.00,4.36,4.00
1927720.5404,10.90,0.00,4.36,4.00
1927720.5728,10.90,0.00,4.36,4.00
1927720.5974,10.90,0.00,4.36,4.00
1927720.6300,10.90,0.00,4.36,4.00
1927720.6617,10.90,0.00,4.36,4.00
1927720.6938,10.90,0.00,4.36,4.00
1927720.7259,10.90,0.00,4.36,4.01
1927720.7578,10.90,0.00,4.36,4.01
1927720.7895,10.90,0.00,4.36,4.01
1927720.8140,10.90,0.00,4.36,4.01
1927720.8464,10.90,0.00,4.36,4.01
1927720.8783,10.90,0.00,4.36,4.01
1927720.9106,10.90,0.00,4.36,4.01
1927720.9427,10.90,0.00,4.36,4.01
1927720.9746,10.90,0.00,4.36,4.01
1927721.0072,10.90,0.00,4.36,4.01
1927721.0399,10.90,0.00,4.36,4.01
1927721.0638,10.90,0.00,4.36,4.01
1927721.0959,10.90,0.00,4.36,4.01
1927721.1284,10.90,0.00,4.36,4.00
1927721.1596,10.90,0.00,4.36,4.00
1927721.1916,10.90,0.00,4.36,4.00
1927721.2234,10.90,0.00,4.36,4.00
1927721.2557,10.90,0.00,4.36,4.00
1927721.2793,10.90,0.00,4.36,4.00
1927721.3118,10.90,0.00,4.36,4.00
1927721.3441,10.89,0.00,4.36,4.00
1927721.3763,10.89,0.00,4.36,4.00
1927721.4082,10.89,0.00,4.36,4.00
1927721.4416,10.89,0.00,4.36,4.00
1927721.4801,10.89,0.00,4.36,4.00
1927721.5119,10.89,0.00,4.36,4.00
1927721.5447,10.89,0.00,4.36,4.00
1927721.5758,10.89,0.00,4.36,4.00
1927721.6096,10.89,0.00,4.36,4.00
1927721.6412,10.88,0.00,4.36,3.99
1927721.6728,10.88,0.00,4.36,3.99
1927721.7123,10.88,0.00,4.36,3.99
1927721.7445,10.88,0.00,4.36,3.99
1927721.7764,10.88,0.00,4.36,3.99
1927721.8078,10.88,0.00,4.36,3.99
1927721.8405,10.88,0.00,4.36,3.99
1927721.8788,10.88,0.00,4.36,4.00
1927721.9103,10.88,0.00,4.36,4.00
1927721.9421,10.88,0.00,4.36,3.99
1927721.9744,10.88,0.00,4.36,3.99
1927722.0068,10.88,0.00,4.36,3.99
1927722.0393,10.88,0.00,4.36,3.99
1927722.0636,10.88,0.00,4.36,3.99
1927722.0955,10.88,0.00,4.36,3.99
1927722.1272,10.88,0.00,4.36,3.99
1927722.1597,10.88,0.00,4.36,3.99
1927722.1925,10.88,0.00,4.36,3.99
1927722.2235,10.88,0.00,4.36,3.99
1927722.2474,10.88,0.00,4.36,3.99
1927722.2793,10.88,0.00,4.36,3.99
1927722.3110,10.88,0.00,4.36,3.99
1927722.3430,10.88,0.00,4.36,3.99
1927722.3753,10.88,0.00,4.36,3.99
1927722.4069,10.89,0.00,4.36,3.99
1927722.4398,10.89,0.00,4.36,3.99
1927722.4797,10.89,0.00,4.36,3.99
1927722.5117,10.89,0.00,4.37,3.99
1927722.5443,10.89,0.00,4.37,3.99
1927722.5767,10.89,0.00,4.37,3.99
1927722.6089,10.89,0.00,4.37,3.99
1927722.6417,10.89,0.00,4.37,3.99
1927722.6729,10.89,0.00,4.37,3.99
1927722.7133,10.89,0.00,4.37,3.99
1927722.7447,10.89,0.00,4.37,3.99
1927722.7765,10.90,0.00,4.37,3.99
1927722.8080,10.90,0.00,4.38,3.99
1927722.8399,10.90,0.00,4.38,3.99
1927722.8800,10.90,0.00,4.38,3.99
1927722.9120,10.90,0.00,4.38,3.99
1927722.9442,10.90,0.00,4.38,3.99
1927722.9761,10.90,0.00,4.38,3.99
1927723.0084,10.90,0.00,4.38,3.99
1927723.0403,10.90,0.00,4.38,3.99
1927723.0644,10.90,0.00,4.38,4.00
1927723.0954,10.90,0.00,4.38,4.00
1927723.1277,10.90,0.00,4.38,4.00
1927723.1590,10.90,0.00,4.38,4.00
1927723.1907,10.90,0.00,4.38,4.00
1927723.2232,10.90,0.00,4.38,4.00
1927723.2474,10.90,0.00,4.38,4.00
1927723.2789,10.90,0.00,4.38,4.00
1927723.3108,10.90,0.00,4.38,4.00
1927723.3427,10.90,0.00,4.38,4.00
1927723.3754,10.90,0.00,4.38,4.00
1927723.4077,10.90,0.00,4.38,4.00
1927723.4398,10.90,0.00,4.38,4.00
1927723.4797,10.90,0.00,4.38,4.00
1927723.5120,10.90,0.00,4.38,4.00
1927723.5433,10.90,0.00,4.38,4.00
1927723.5751,10.90,0.00,4.38,4.00
1927723.6074,10.90,0.00,4.38,4.00
1927723.6405,10.90,0.00,4.38,4.00
1927723.6801,10.91,0.00,4.38,4.00
1927723.7117,10.91,0.00,4.38,4.00
1927723.7435,10.91,0.00,4.38,4.00
1927723.7756,10.91,0.00,4.38,4.00
1927723.8078,10.91,0.00,4.38,4.00
1927723.8404,10.91,0.00,4.38,4.00
1927723.8725,10.91,0.00,4.38,4.00
1927723.9122,10.91,0.00,4.38,4.00
1927723.9448,10.91,0.00,4.38,4.00
1927723.9762,10.90,0.00,4.37,4.00
1927724.0079,10.90,0.00,4.37,4.00
1927724.0399,10.90,0.00,4.37,4.00
1927724.0638,10.90,0.00,4.37,4.00
1927724.0956,10.90,0.00,4.38,4.00
1927724.1275,10.90,0.00,4.38,4.00
1927724.1597,10.90,0.00,4.38,4.00
1927724.1919,10.90,0.00,4.38,4.00
1927724.2239,10.90,0.00,4.38,4.00
1927724.2558,10.90,0.00,4.38,4.00
1927724.2798,10.90,0.00,4.38,4.00
1927724.3119,10.90,0.00,4.38,4.00
1927724.3439,10.90,0.00,4.38,4.00
1927724.3759,10.90,0.00,4.38,4.00
1927724.4082,10.90,0.00,4.38,4.00
1927724.4404,10.90,0.00,4.38,4.00
1927724.4723,10.91,0.00,4.38,4.00
1927724.4964,10.91,0.00,4.38,3.99
1927724.5288,10.91,0.00,4.38,3.99
1927724.5610,10.91,0.00,4.38,3.99
1927724.5931,10.91,0.00,4.38,3.99
1927724.6254,10.91,0.00,4.38,3.99
1927724.6576,10.91,0.00,4.38,3.99
1927724.6896,10.91,0.00,4.38,3.99
1927724.7304,10.91,0.00,4.38,3.99
1927724.7621,10.91,0.00,4.38,3.99
1927724.7938,10.91,0.00,4.38,3.99
1927724.8274,10.91,0.00,4.38,3.99
1927724.8580,10.91,0.00,4.38,3.99
1927724.8896,10.90,0.00,4.38,3.99
1927724.9294,10.90,0.00,4.38,3.99
1927724.9611,10.90,0.00,4.38,3.99
1927724.9929,10.90,0.00,4.38,3.99
1927725.0253,10.90,0.00,4.38,3.99
1927725.0573,10.90,0.00,4.38,3.99
1927725.0808,10.90,0.00,4.38,3.99
1927725.1132,10.90,0.00,4.38,3.99
1927725.1460,10.90,0.00,4.38,3.99
1927725.1777,10.90,0.00,4.38,3.99
1927725.2089,10.90,0.00,4.38,3.99
1927725.2414,10.90,0.00,4.38,3.99
1927725.2733,10.90,0.00,4.38,3.99
1927725.2971,10.90,0.00,4.38,3.99
1927725.3290,10.90,0.00,4.38,3.99
1927725.3619,10.90,0.00,4.38,3.99
1927725.3931,10.90,0.00,4.38,3.99
1927725.4266,10.90,0.00,4.38,3.99
1927725.4573,10.90,0.00,4.38,3.99
1927725.4894,10.90,0.00,4.38,3.99
1927725.5140,10.90,0.00,4.38,3.99
1927725.5459,10.90,0.00,4.38,3.98
1927725.5783,10.90,0.00,4.38,3.99
1927725.6105,10.90,0.00,4.38,3.99
1927725.6424,10.89,0.00,4.38,3.99
1927725.6746,10.89,0.00,4.38,3.98
1927725.7063,10.89,0.00,4.38,3.98
1927725.7307,10.89,0.00,4.38,3.98
1927725.7619,10.89,0.00,4.38,3.98
1927725.7942,10.89,0.00,4.38,3.98
1927725.8262,10.89,0.00,4.38,3.98
1927725.8581,10.89,0.00,4.38,3.98
1927725.8896,10.89,0.00,4.38,3.98
1927725.9299,10.89,0.00,4.38,3.98
1927725.9618,10.89,0.00,4.38,3.98
1927725.9937,10.89,0.00,4.38,3.98
1927726.0253,10.89,0.00,4.38,3.98
1927726.0570,10.88,0.00,4.38,3.98
1927726.0886,10.88,0.00,4.38,3.98
1927726.1123,10.88,0.00,4.38,3.98
1927726.1445,10.88,0.00,4.38,3.98
1927726.1763,10.88,0.00,4.38,3.98
1927726.2085,10.88,0.00,4.38,3.98
1927726.2406,10.88,0.00,4.38,3.98
1927726.2642,10.88,0.00,4.38,3.98
1927726.2960,10.88,0.00,4.38,3.98
1927726.3279,10.88,0.00,4.38,3.98
1927726.3600,10.88,0.00,4.38,3.98
1927726.3919,10.89,0.00,4.38,3.98
1927726.4240,10.89,0.00,4.38,3.98
1927726.4633,10.89,0.00,4.38,3.98
1927726.4950,10.88,0.00,4.38,3.98
1927726.5267,10.88,0.00,4.38,3.98
1927726.5581,10.88,0.00,4.38,3.98
1927726.5905,10.88,0.00,4.38,3.98
1927726.6224,10.89,0.00,4.38,3.98
1927726.6625,10.89,0.00,4.38,3.98
1927726.6950,10.89,0.00,4.38,3.98
1927726.7264,10.89,0.00,4.38,3.98
1927726.7585,10.89,0.00,4.38,3.98
1927726.7903,10.89,0.00,4.38,3.99
1927726.8140,10.89,0.00,4.38,3.99
1927726.8462,10.89,0.00,4.38,3.99
1927726.8779,10.89,0.00,4.38,3.99
1927726.9098,10.89,0.00,4.38,3.99
1927726.9419,10.89,0.00,4.38,3.99
1927726.9739,10.89,0.00,4.38,3.99
1927726.9976,10.89,0.00,4.38,3.99
1927727.0294,10.89,0.00,4.38,3.99
1927727.0614,10.89,0.00,4.38,3.99
1927727.0935,10.89,0.00,4.38,3.99
1927727.1246,10.90,0.00,4.38,3.99
1927727.1562,10.90,0.00,4.38,3.99
1927727.1966,10.90,0.00,4.38,3.99
1927727.2284,10.90,0.00,4.38,3.99
1927727.2604,10.90,0.00,4.38,3.99
1927727.2928,10.90,0.00,4.38,3.99
1927727.3243,10.90,0.00,4.38,3.99
1927727.3572,10.90,0.00,4.38,3.99
1927727.3965,10.90,0.00,4.38,3.99
1927727.4285,10.90,0.00,4.38,3.99
1927727.4609,10.90,0.00,4.38,3.99
1927727.4928,10.90,0.00,4.38,3.99
1927727.5249,10.90,0.00,4.38,3.99
1927727.5569,10.90,0.00,4.38,3.99
1927727.5805,10.90,0.00,4.38,3.99
1927727.6126,10.89,0.00,4.38,3.99
1927727.6444,10.89,0.00,4.38,3.99
1927727.6765,10.89,0.00,4.38,3.99
1927727.7084,10.89,0.00,4.38,4.00
1927727.7409,10.89,0.00,4.38,4.00
1927727.7725,10.89,0.00,4.38,4.00
1927727.7963,10.89,0.00,4.38,4.00
1927727.8283,10.89,0.00,4.38,4.00
1927727.8601,10.89,0.00,4.38,4.00
1927727.8923,10.89,0.00,4.38,4.00
1927727.9241,10.89,0.00,4.38,4.00
1927727.9563,10.89,0.00,4.38,4.00
1927727.9800,10.89,0.00,4.38,4.00
1927728.0116,10.89,0.00,4.38,4.00
1927728.0440,10.89,0.00,4.38,4.00
1927728.0761,10.89,0.00,4.38,4.00
1927728.1089,10.89,0.00,4.38,4.00
1927728.1401,10.89,0.00,4.38,4.00
1927728.1719,10.89,0.00,4.38,4.00
1927728.2117,10.89,0.00,4.38,4.00
1927728.2439,10.89,0.00,4.38,4.00
1927728.2758,10.89,0.00,4.38,3.99
1927728.3079,10.89,0.00,4.38,3.99
1927728.3401,10.88,0.00,4.38,3.99
1927728.3800,10.88,0.00,4.38,3.99
1927728.4118,10.88,0.00,4.38,3.99
1927728.4436,10.88,0.00,4.38,3.99
1927728.4756,10.88,0.00,4.38,3.99
1927728.5072,10.88,0.00,4.38,3.99
1927728.5393,10.88,0.00,4.38,3.99
1927728.5639,10.88,0.00,4.38,3.99
1927728.5950,10.88,0.00,4.38,3.99
1927728.6273,10.88,0.00,4.38,3.99
1927728.6591,10.88,0.00,4.38,3.99
1927728.6910,10.88,0.00,4.38,3.99
1927728.7229,10.88,0.00,4.38,3.99
1927728.7470,10.88,0.00,4.38,3.99
1927728.7789,10.88,0.00,4.38,3.99
1927728.8108,10.88,0.00,4.38,3.99
1927728.8429,10.88,0.00,4.38,3.99
1927728.8748,10.88,0.00,4.38,3.99
1927728.9067,10.88,0.00,4.38,3.99
1927728.9390,10.88,0.00,4.38,3.99
1927728.9791,10.89,0.00,4.38,3.99
1927728.9976,10.89,0.00,4.38,3.99
1927729.0429,10.89,0.00,4.38,3.99
1927729.0754,10.89,0.00,4.38,3.99
1927729.1072,10.89,0.00,4.38,3.99
1927729.1389,10.89,0.00,4.38,3.99
1927729.1785,10.89,0.00,4.38,3.99
1927729.2115,10.89,0.00,4.39,3.99
1927729.2425,10.89,0.00,4.39,3.99
1927729.2748,10.89,0.00,4.39,3.99
1927729.3068,10.89,0.00,4.38,3.97
1927729.3392,10.89,0.00,4.38,3.95
1927729.3630,10.89,0.00,4.38,3.94
1927729.3949,10.88,0.00,4.39,3.93
1927729.4266,10.86,0.00,4.39,3.92
1927729.4586,10.83,0.00,4.38,3.93
1927729.4908,10.82,0.00,4.38,3.93
1927729.5219,10.81,0.00,4.38,3.94
1927729.5460,10.80,0.00,4.38,3.93
1927729.5780,10.80,0.00,4.38,3.91
1927729.6100,10.81,0.00,4.38,3.90
1927729.6423,10.81,0.00,4.38,3.89
1927729.6743,10.81,0.00,4.38,3.86
1927729.7066,10.82,0.00,4.37,3.83
1927729.7304,10.82,0.00,4.36,3.80
1927729.7626,10.83,0.00,4.36,3.77
1927729.7948,10.83,0.00,4.36,3.80
1927729.8267,10.89,0.00,4.37,3.73
1927729.8584,10.95,0.00,4.37,3.67
1927729.8904,11.00,0.00,4.38,3.68
1927729.9224,11.00,0.00,4.40,3.70
1927729.9623,11.40,0.00,4.65,3.46
1927729.9942,11.73,0.00,4.86,3.26
1927730.0257,12.02,0.00,5.04,3.88
1927730.0577,13.43,0.00,6.17,3.37
1927730.0736,14.64,0.00,7.13,3.07
1927730.1060,15.69,0.00,7.94,2.91
1927730.1453,16.58,0.00,8.64,3.50
1927730.1774,18.87,0.00,9.95,3.39
1927730.2091,20.83,0.00,11.08,3.50
1927730.2409,22.49,0.00,12.04,3.72
1927730.2722,23.91,0.00,12.86,4.14
1927730.2968,26.39,0.00,13.89,4.44
1927730.3283,28.46,0.00,14.78,4.80
1927730.3610,30.23,0.00,15.54,5.13
1927730.3929,31.72,0.00,16.20,5.52
1927730.4246,34.10,0.00,17.02,6.02
1927730.4568,36.13,0.00,17.74,6.48
1927730.4804,37.86,0.00,18.36,6.88
1927730.5128,39.32,0.00,18.90,7.23
1927730.5448,41.50,0.00,19.75,7.79
1927730.5765,43.33,0.00,20.49,8.28
1927730.6086,44.88,0.00,21.13,8.69
1927730.6407,46.20,0.00,21.67,9.06
1927730.6724,47.77,0.00,22.29,9.47
1927730.7119,49.10,0.00,22.82,9.82
1927730.7442,50.23,0.00,23.28,10.15
1927730.7762,51.18,0.00,23.68,10.42
1927730.8086,51.99,0.00,24.03,10.67
1927730.8397,52.69,0.00,24.32,10.89
1927730.8799,53.27,0.00,24.57,11.09
1927730.9115,53.77,0.00,24.79,11.27
1927730.9431,54.20,0.00,24.97,11.44
1927730.9757,54.49,0.00,25.12,11.59
1927731.0078,54.76,0.00,25.24,11.74
1927731.0395,54.99,0.00,25.35,11.87
1927731.0636,55.18,0.00,25.45,11.99
1927731.0952,54.79,0.00,25.37,12.04
1927731.1273,54.50,0.00,25.31,12.10
1927731.1595,54.25,0.00,25.26,12.16
1927731.1915,51.58,0.00,24.14,12.66
1927731.2230,49.31,0.00,23.20,12.62
1927731.2471,47.45,0.00,22.43,12.58
1927731.2797,45.86,0.00,21.78,12.52
1927731.3110,42.16,0.00,20.49,14.04
1927731.3430,39.01,0.00,19.41,13.89
1927731.3750,36.36,0.00,18.52,13.66
1927731.4072,34.11,0.00,17.76,13.36
1927731.4392,30.36,0.00,16.37,14.71
1927731.4642,27.19,0.00,15.20,14.46
1927731.4968,24.50,0.00,14.22,14.09
1927731.5290,22.23,0.00,13.39,13.65
1927731.5607,18.36,0.00,11.91,15.17
1927731.5925,15.19,0.00,10.66,14.92
1927731.6250,0.00,12.67,9.61,14.54
1927731.6530,0.00,10.77,8.72,14.06
1927731.6953,0.00,8.63,7.44,14.02
1927731.7272,0.00,7.98,6.35,13.82
1927731.7514,0.00,8.51,5.41,13.48
1927731.7785,0.00,9.64,4.62,13.04
1927731.8113,12.00,0.00,3.35,12.91
1927731.8469,14.35,0.00,2.27,12.64
1927731.8781,16.49,0.00,1.34,12.26
1927731.9102,19.53,0.00,-0.11,13.02
1927731.9429,22.19,0.00,-1.35,12.65
1927731.9753,24.49,0.00,-2.42,12.17
1927732.0065,26.46,0.00,-3.33,11.63
1927732.0304,29.11,0.00,-4.59,12.02
1927732.0627,31.38,0.00,-5.67,11.62
1927732.0949,33.30,0.00,-6.60,11.14
1927732.1269,34.94,0.00,-7.40,10.62
1927732.1592,36.63,0.00,-8.18,10.37
1927732.1914,38.11,0.00,-8.85,9.99
1927732.2234,39.38,0.00,-9.42,9.58
1927732.2471,40.45,0.00,-9.91,9.16
1927732.2794,41.22,0.00,-10.32,8.59
1927732.3118,41.94,0.00,-10.65,8.17
1927732.3440,42.55,0.00,-10.94,7.76
1927732.3757,43.07,0.00,-11.18,7.38
1927732.4075,43.21,0.00,-11.35,7.04
1927732.4460,43.36,0.00,-11.49,6.74
1927732.4779,43.48,0.00,-11.60,6.47
1927732.5097,42.31,0.00,-11.05,5.00
1927732.5415,41.31,0.00,-10.58,4.78
1927732.5736,40.46,0.00,-10.19,4.63
1927732.5969,39.74,0.00,-9.85,4.54
1927732.6287,36.60,0.00,-8.33,2.51
1927732.6610,33.92,0.00,-7.05,2.19
1927732.6930,31.64,0.00,-5.98,2.00
1927732.7253,29.70,0.00,-5.08,1.91
1927732.7571,26.07,0.00,-3.61,2.14
1927732.7808,23.01,0.00,-2.37,2.19
1927732.8121,20.41,0.00,-1.33,2.18
1927732.8438,18.22,0.00,-0.45,2.10
1927732.8759,15.12,0.00,0.98,3.09
1927732.9078,12.60,0.00,2.20,3.24
1927732.9336,10.60,0.00,3.23,3.27
1927732.9789,9.09,0.00,4.10,3.22
1927732.9979,0.00,7.97,4.88,3.07
1927733.0273,0.00,7.21,5.54,2.95
1927733.0594,0.00,6.78,6.11,2.82
1927733.0915,0.00,6.60,6.59,2.70
1927733.1235,0.00,6.56,6.98,2.55
1927733.1554,0.00,6.65,7.31,2.48
1927733.1959,0.00,6.79,7.58,2.47
1927733.2276,0.00,6.97,7.83,2.51
1927733.2601,0.00,7.15,8.03,2.57
1927733.2918,0.00,7.37,8.20,2.67
1927733.3239,0.00,7.57,8.35,2.80
1927733.3642,0.00,7.70,8.49,2.90
1927733.3952,0.00,7.88,8.60,3.08
1927733.4273,0.00,8.04,8.69,3.25
1927733.4592,0.00,8.17,8.77,3.44
1927733.4912,0.00,8.27,8.84,3.60
1927733.5231,0.00,8.36,8.91,3.76
1927733.5470,0.00,8.43,8.97,3.92
1927733.5792,0.00,8.50,9.02,4.07
1927733.6110,0.00,8.55,9.05,4.23
1927733.6432,0.00,8.60,9.09,4.39
1927733.6751,0.00,8.64,9.11,4.53
1927733.7072,0.00,8.67,9.13,4.67
1927733.7307,0.00,8.69,9.14,4.81
1927733.7628,0.00,8.71,9.16,4.93
1927733.7945,0.00,8.73,9.17,5.04
1927733.8264,0.00,8.74,9.17,5.14
1927733.8583,0.00,8.74,9.18,5.22
1927733.8900,0.00,8.75,9.18,5.30
1927733.9223,0.00,8.75,9.19,5.37
1927733.9618,0.00,8.75,9.20,5.43
1927733.9942,0.00,8.74,9.21,5.49
1927734.0270,0.00,8.73,9.21,5.54
1927734.0584,0.00,8.69,9.23,5.59
1927734.0900,0.00,8.90,9.24,5.60
1927734.1298,0.00,9.08,9.24,5.62
1927734.1621,0.00,9.24,9.24,5.65
1927734.1933,0.00,10.03,9.64,4.94
1927734.2251,0.00,10.74,9.97,5.07
1927734.2568,0.00,11.36,10.26,5.23
1927734.2889,0.00,11.86,10.50,5.40
1927734.3133,12.29,0.00,10.72,5.59
1927734.3448,12.66,0.00,10.90,6.99
1927734.3770,14.50,0.00,11.70,6.88
1927734.4088,16.10,0.00,12.40,6.89
1927734.4406,17.47,0.00,12.99,6.98
1927734.4720,18.65,0.00,13.50,8.32
1927734.4957,21.80,0.00,14.54,7.85
1927734.5284,24.48,0.00,15.45,7.63
1927734.5601,26.76,0.00,16.23,7.59
1927734.5920,28.70,0.00,16.90,8.33
1927734.6238,32.22,0.00,18.09,8.01
1927734.6560,35.23,0.00,19.13,8.00
1927734.6961,37.79,0.00,20.03,8.37
1927734.7283,40.78,0.00,21.13,8.65
1927734.7600,43.32,0.00,22.08,9.01
1927734.7922,45.47,0.00,22.91,9.40
1927734.8079,47.29,0.00,23.62,9.83
1927734.8401,48.84,0.00,24.24,10.22
1927734.8798,50.26,0.00,24.78,10.55
1927734.9115,51.48,0.00,25.26,10.85
1927734.9432,52.51,0.00,25.67,11.09
1927734.9750,53.27,0.00,26.03,11.35
1927735.0070,53.96,0.00,26.35,11.59
1927735.0397,54.55,0.00,26.62,11.81
1927735.0644,55.05,0.00,26.86,11.91
1927735.0961,54.55,0.00,26.87,12.12
1927735.1278,54.23,0.00,26.91,12.36
1927735.1600,53.96,0.00,26.95,12.60
1927735.1918,53.73,0.00,26.98,12.37
1927735.2239,51.56,0.00,26.15,12.68
1927735.2476,49.74,0.00,25.45,13.06
1927735.2792,48.20,0.00,24.87,13.46
1927735.3114,46.89,0.00,24.38,12.61
1927735.3431,42.93,0.00,22.84,13.42
1927735.3753,39.58,0.00,21.56,14.21
1927735.4071,36.73,0.00,20.49,14.90
1927735.4465,32.26,0.00,18.91,17.37
1927735.4782,28.49,0.00,17.60,17.84
1927735.5106,25.29,0.00,16.50,18.11
1927735.5425,22.59,0.00,15.57,18.22
1927735.5754,18.16,0.00,13.60,20.47
1927735.6070,14.54,0.00,11.95,20.69
1927735.6466,0.00,11.75,10.55,20.71
1927735.6775,0.00,9.75,9.36,20.57
1927735.7086,0.00,7.98,7.79,20.00
1927735.7404,0.00,8.01,6.35,19.29
1927735.7644,0.00,9.18,5.12,18.48
1927735.7959,10.76,0.00,4.07,17.61
1927735.8303,13.10,0.00,2.58,16.96
1927735.8634,15.20,0.00,1.19,16.23
1927735.8944,17.08,0.00,0.01,15.44
1927735.9262,18.89,0.00,-1.27,14.79
1927735.9587,20.46,0.00,-2.35,14.02
1927735.9906,21.87,0.00,-3.27,13.24
1927736.0224,23.07,0.00,-4.05,12.48
1927736.0460,24.07,0.00,-4.77,11.69
1927736.0780,24.92,0.00,-5.37,10.95
1927736.1101,25.67,0.00,-5.89,10.25
1927736.1431,26.30,0.00,-6.33,9.58
1927736.1751,26.76,0.00,-6.69,8.87
1927736.2069,27.22,0.00,-6.98,8.30
1927736.2392,27.61,0.00,-7.23,7.78
1927736.2640,27.94,0.00,-7.44,7.29
1927736.2961,27.81,0.00,-7.55,6.45
1927736.3277,27.70,0.00,-7.64,6.09
1927736.3601,27.61,0.00,-7.72,5.77
1927736.3921,27.71,0.00,-7.77,5.49
1927736.4243,26.30,0.00,-7.26,3.91
1927736.4563,25.11,0.00,-6.84,3.64
1927736.4801,24.10,0.00,-6.47,3.46
1927736.5120,23.29,0.00,-6.16,3.36
1927736.5444,20.55,0.00,-4.88,2.25
1927736.5765,18.26,0.00,-3.79,2.28
1927736.6083,16.36,0.00,-2.87,2.33
1927736.6412,14.78,0.00,-2.09,2.40
1927736.6732,12.10,0.00,-0.78,2.62
1927736.7067,10.07,0.00,0.32,2.88
1927736.7453,0.00,8.65,1.26,3.09
1927736.7773,0.00,7.69,2.09,3.17
1927736.8094,0.00,7.23,2.79,3.23
1927736.8415,0.00,7.14,3.39,3.26
1927736.8736,0.00,7.33,3.91,3.27
1927736.9132,0.00,7.65,4.34,3.31
1927736.9456,0.00,8.00,4.70,3.31
1927736.9776,0.00,8.35,5.00,3.32
1927737.0052,0.00,8.76,5.26,3.35
1927737.0383,0.00,9.14,5.47,3.39
1927737.0638,0.00,9.41,5.66,3.44
1927737.0950,0.00,9.66,5.82,3.51
1927737.1271,0.00,9.90,5.95,3.60
1927737.1593,0.00,10.10,6.06,3.71
1927737.1913,0.00,10.25,6.13,3.82
1927737.2236,0.00,10.37,6.19,3.93
1927737.2470,0.00,10.50,6.25,4.05
1927737.2786,0.00,10.61,6.30,4.15
1927737.3107,0.00,10.67,6.32,4.34
1927737.3429,0.00,10.71,6.34,4.52
1927737.3755,0.00,10.77,6.36,4.69
1927737.4072,0.00,10.82,6.38,4.84
1927737.4470,0.00,10.85,6.38,5.00
1927737.4803,0.00,10.85,6.43,5.14
1927737.5122,0.00,10.85,6.48,5.32
1927737.5435,0.00,10.85,6.51,5.47
1927737.5755,0.00,10.87,6.51,5.59
1927737.6075,0.00,10.89,6.51,5.70
1927737.6400,0.00,10.91,6.52,5.76
1927737.6722,0.00,10.89,6.49,5.87
1927737.7125,0.00,10.91,6.49,5.97
1927737.7450,0.00,10.93,6.49,6.04
1927737.7773,0.00,10.94,6.49,6.10
1927737.8097,0.00,10.97,6.45,6.12
1927737.8415,0.00,10.97,6.45,6.14
1927737.8735,0.00,10.97,6.46,6.24
1927737.9055,0.00,10.96,6.46,6.34
1927737.9459,0.00,11.02,6.49,6.32
1927737.9774,0.00,11.06,6.53,6.31
1927738.0098,0.00,11.09,6.55,6.31
1927738.0421,0.00,11.08,6.60,6.27
1927738.0749,0.00,11.12,6.61,6.25
1927738.1072,0.00,11.15,6.62,6.23
1927738.1396,0.00,11.17,6.63,6.22
1927738.1800,0.00,11.15,6.55,6.19
1927738.2116,0.00,11.22,6.66,6.17
1927738.2435,0.00,11.29,6.76,6.24
1927738.2755,0.00,11.43,6.56,6.04
1927738.3081,0.00,11.56,6.76,5.87
1927738.3400,0.00,11.67,6.93,5.73
1927738.3798,0.00,11.77,7.07,5.79
1927738.4119,0.00,11.81,6.95,5.65
1927738.4447,0.00,11.96,6.96,5.55
1927738.4763,0.00,12.09,6.98,5.32
1927738.5083,12.11,0.00,6.98,5.29
1927738.5409,12.12,0.00,6.98,5.26
1927738.5729,12.10,0.00,6.97,5.23
1927738.5893,12.08,0.00,6.95,5.26
1927738.6298,12.08,0.00,6.97,5.21
1927738.6611,12.08,0.00,6.99,5.18
1927738.6927,12.02,0.00,7.00,5.15
1927738.7252,11.98,0.00,7.02,5.19
1927738.7573,11.95,0.00,7.04,5.20
1927738.7891,11.95,0.00,7.05,5.21
1927738.8134,11.96,0.00,7.06,5.23
1927738.8451,11.96,0.00,7.07,5.24
1927738.8777,11.99,0.00,7.09,5.22
1927738.9097,12.00,0.00,7.09,5.20
1927738.9418,12.01,0.00,7.10,5.19
1927738.9744,12.02,0.00,7.11,5.20
1927739.0063,12.12,0.00,7.14,5.13
1927739.0301,12.19,0.00,7.16,5.07
1927739.0623,12.25,0.00,7.17,5.02
1927739.0952,12.30,0.00,7.19,4.95
1927739.1272,12.20,0.00,7.16,5.00
1927739.1593,12.12,0.00,7.14,5.05
1927739.1920,12.05,0.00,7.12,5.15
1927739.2236,11.99,0.00,7.10,5.24
1927739.2561,12.01,0.00,7.12,5.26
1927739.2802,12.01,0.00,7.14,5.27
1927739.3128,12.01,0.00,7.15,5.26
1927739.3443,12.04,0.00,7.16,5.23
1927739.3762,12.06,0.00,7.17,5.20
1927739.4086,12.05,0.00,7.19,5.17
1927739.4409,12.04,0.00,7.20,5.15
1927739.4730,12.05,0.00,7.16,5.26
1927739.4974,12.06,0.00,7.14,5.35
1927739.5289,12.01,0.00,7.14,5.43
1927739.5610,11.97,0.00,7.14,5.40
1927739.5931,11.93,0.00,7.13,5.39
1927739.6252,11.89,0.00,7.12,5.38
1927739.6567,11.74,0.00,7.20,5.36
1927739.6971,11.62,0.00,7.27,5.32
1927739.7291,11.57,0.00,7.33,5.36
1927739.7612,11.52,0.00,7.41,5.39
1927739.7934,11.48,0.00,7.48,5.43
1927739.8259,11.44,0.00,7.55,5.44
1927739.8583,11.41,0.00,7.61,5.45
1927739.8902,11.37,0.00,7.61,5.45
1927739.9222,11.34,0.00,7.61,5.45
1927739.9631,11.33,0.00,7.62,5.44
1927739.9940,11.34,0.00,7.62,5.44
1927740.0263,11.34,0.00,7.62,5.42
1927740.0580,11.34,0.00,7.62,5.41
1927740.0758,11.34,0.00,7.62,5.40
1927740.1134,11.33,0.00,7.62,5.39
1927740.1451,11.31,0.00,7.62,5.38
1927740.1781,11.30,0.00,7.63,5.37
1927740.2096,11.29,0.00,7.63,5.36
1927740.2422,11.24,0.00,7.69,5.35
1927740.2742,11.22,0.00,7.75,5.34
1927740.2979,11.19,0.00,7.80,5.33
1927740.3298,11.18,0.00,7.84,5.32
1927740.3618,11.13,0.00,7.89,5.31
1927740.3935,11.11,0.00,7.95,5.31
1927740.4262,11.09,0.00,7.99,5.31
1927740.4583,11.08,0.00,8.03,5.31
1927740.4904,11.09,0.00,8.05,5.29
1927740.5227,11.10,0.00,8.07,5.26
1927740.5472,11.11,0.00,8.09,5.24
1927740.5788,11.12,0.00,8.11,5.22
1927740.6109,11.13,0.00,8.12,5.20
1927740.6427,11.14,0.00,8.13,5.18
1927740.6750,11.15,0.00,8.13,5.17
1927740.7066,11.14,0.00,8.15,5.15
1927740.7303,11.15,0.00,8.16,5.13
1927740.7620,11.16,0.00,8.17,5.12
1927740.7939,11.16,0.00,8.18,5.11
1927740.8258,11.16,0.00,8.19,5.10
1927740.8590,11.17,0.00,8.20,5.09
1927740.8896,11.17,0.00,8.22,5.08
1927740.9297,11.18,0.00,8.23,5.06
1927740.9625,11.18,0.00,8.23,5.06
1927740.9942,11.18,0.00,8.24,5.04
1927741.0262,11.19,0.00,8.25,5.03
1927741.0589,11.19,0.00,8.26,5.02
1927741.0905,11.21,0.00,8.27,5.01
1927741.1229,11.22,0.00,8.27,5.00
1927741.1631,11.22,0.00,8.28,4.99
1927741.1949,11.22,0.00,8.29,4.99
1927741.2273,11.24,0.00,8.30,4.99
1927741.2590,11.23,0.00,8.32,4.98
1927741.2908,11.22,0.00,8.33,4.97
1927741.3229,11.22,0.00,8.34,4.96
1927741.3470,11.22,0.00,8.35,4.91
1927741.3786,11.22,0.00,8.36,4.87
1927741.4108,11.21,0.00,8.37,4.85
1927741.4430,11.21,0.00,8.37,4.84
1927741.4759,11.19,0.00,8.38,4.82
1927741.5073,11.18,0.00,8.37,4.80
1927741.5395,11.17,0.00,8.37,4.76
1927741.5631,11.16,0.00,8.36,4.73
1927741.5954,11.16,0.00,8.36,4.68
1927741.6275,11.19,0.00,8.34,4.64
1927741.6596,11.22,0.00,8.32,4.60
1927741.6919,11.28,0.00,8.31,4.53
1927741.7244,11.33,0.00,8.30,4.48
1927741.7567,11.44,0.00,8.22,4.43
1927741.7805,11.53,0.00,8.15,4.41
1927741.8124,11.42,0.00,8.12,4.27
1927741.8445,11.34,0.00,8.09,4.16
1927741.8768,11.42,0.00,8.03,4.07
1927741.9090,11.48,0.00,7.98,3.98
1927741.9416,11.52,0.00,7.95,3.93
1927741.9740,11.54,0.00,7.92,3.90
1927742.0061,11.56,0.00,7.89,3.87
1927742.0305,11.57,0.00,7.87,3.85
1927742.0620,11.57,0.00,7.84,3.83
1927742.0941,11.58,0.00,7.81,3.81
1927742.1261,11.59,0.00,7.79,3.85
1927742.1587,11.60,0.00,7.77,3.89
1927742.1911,11.60,0.00,7.75,3.92
1927742.2233,11.60,0.00,7.73,3.95
1927742.2471,11.60,0.00,7.71,3.99
1927742.2793,11.61,0.00,7.69,4.02
1927742.3117,11.61,0.00,7.68,4.05
1927742.3431,11.61,0.00,7.67,4.07
1927742.3758,11.61,0.00,7.67,4.09
1927742.4083,11.61,0.00,7.66,4.12
1927742.4407,11.61,0.00,7.66,4.13
1927742.4725,11.62,0.00,7.66,4.15
1927742.4969,11.62,0.00,7.66,4.16
1927742.5295,11.62,0.00,7.65,4.17
1927742.5615,11.62,0.00,7.65,4.18
1927742.5939,11.63,0.00,7.65,4.19
1927742.6255,11.63,0.00,7.65,4.20
1927742.6574,11.63,0.00,7.65,4.20
1927742.6881,11.64,0.00,7.66,4.21
1927742.7282,11.64,0.00,7.66,4.21
1927742.7465,11.64,0.00,7.66,4.21
1927742.7814,11.65,0.00,7.66,4.22
1927742.8084,11.65,0.00,7.66,4.22
1927742.8398,11.66,0.00,7.66,4.22
1927742.8721,11.66,0.00,7.66,4.23
1927742.9112,11.67,0.00,7.66,4.23
1927742.9427,11.67,0.00,7.66,4.23
1927742.9744,11.68,0.00,7.66,4.23
1927742.9980,11.68,0.00,7.66,4.24
1927743.0300,11.68,0.00,7.65,4.24
1927743.0620,11.69,0.00,7.65,4.24
1927743.0937,11.69,0.00,7.65,4.24
1927743.1259,11.69,0.00,7.66,4.24
1927743.1571,11.69,0.00,7.66,4.24
1927743.1968,11.69,0.00,7.66,4.24
1927743.2279,11.70,0.00,7.66,4.24
1927743.2597,11.70,0.00,7.66,4.24
1927743.2915,11.70,0.00,7.66,4.24
1927743.3544,11.70,0.00,7.66,4.24
1927743.3839,11.70,0.00,7.66,4.24
1927743.4109,11.70,0.00,7.66,4.24
1927743.4430,11.70,0.00,7.66,4.24
1927743.4777,11.71,0.00,7.65,4.25
1927743.5058,11.71,0.00,7.65,4.25
1927743.5306,11.71,0.00,7.65,4.25
1927743.5627,11.71,0.00,7.65,4.25
1927743.5945,11.72,0.00,7.65,4.25
1927743.6264,11.72,0.00,7.65,4.25
1927743.6584,11.72,0.00,7.66,4.26
1927743.6898,11.72,0.00,7.66,4.26
1927743.7304,11.72,0.00,7.66,4.26
1927743.7615,11.72,0.00,7.66,4.26
1927743.7938,11.72,0.00,7.66,4.26
1927743.8266,11.72,0.00,7.66,4.26
1927743.8583,11.73,0.00,7.66,4.26
1927743.8978,11.73,0.00,7.65,4.26
1927743.9299,11.73,0.00,7.65,4.26
1927743.9619,11.73,0.00,7.65,4.26
1927743.9939,11.73,0.00,7.65,4.27
1927744.0257,11.73,0.00,7.65,4.27
1927744.0577,11.73,0.00,7.65,4.28
1927744.0809,11.74,0.00,7.65,4.28
1927744.1127,11.74,0.00,7.65,4.27
1927744.1445,11.75,0.00,7.65,4.27
1927744.1768,11.75,0.00,7.66,4.28
1927744.2090,11.70,0.00,7.65,4.30
1927744.2408,11.65,0.00,7.64,4.32
1927744.2643,11.61,0.00,7.64,4.34
1927744.2957,11.58,0.00,7.64,4.36
1927744.3276,11.55,0.00,7.63,4.37
1927744.3596,11.53,0.00,7.63,4.39
1927744.3916,11.51,0.00,7.63,4.40
1927744.4313,11.49,0.00,7.63,4.41
1927744.4631,11.48,0.00,7.63,4.42
1927744.4947,11.47,0.00,7.62,4.43
1927744.5267,11.46,0.00,7.62,4.43
1927744.5587,11.45,0.00,7.62,4.43
1927744.5911,11.45,0.00,7.62,4.44
1927744.6298,11.44,0.00,7.62,4.45
1927744.6632,11.44,0.00,7.62,4.45
1927744.6972,11.43,0.00,7.62,4.45
1927744.7289,11.43,0.00,7.61,4.46
1927744.7606,11.43,0.00,7.61,4.46
1927744.7923,11.43,0.00,7.61,4.47
1927744.8243,11.43,0.00,7.61,4.47
1927744.8565,11.44,0.00,7.61,4.48
1927744.8962,11.44,0.00,7.60,4.48
1927744.9276,11.44,0.00,7.60,4.48
1927744.9592,11.45,0.00,7.60,4.48
1927744.9911,11.45,0.00,7.60,4.48
1927745.0228,11.45,0.00,7.60,4.48
1927745.0473,11.46,0.00,7.60,4.48
1927745.0792,11.46,0.00,7.60,4.48
1927745.1110,11.47,0.00,7.60,4.48
1927745.1434,11.47,0.00,7.60,4.48
1927745.1756,11.47,0.00,7.60,4.48
1927745.2075,11.48,0.00,7.59,4.48
1927745.2395,11.48,0.00,7.59,4.48
1927745.2636,11.49,0.00,7.59,4.48
1927745.2956,11.49,0.00,7.59,4.48
1927745.3274,11.50,0.00,7.59,4.49
1927745.3594,11.50,0.00,7.59,4.49
1927745.3911,11.50,0.00,7.59,4.49
1927745.4228,11.51,0.00,7.59,4.48
1927745.4632,11.52,0.00,7.59,4.48
1927745.4948,11.53,0.00,7.60,4.47
1927745.5270,11.42,0.00,7.71,4.45
1927745.5589,11.34,0.00,7.81,4.34
1927745.5906,11.26,0.00,7.90,4.24
1927745.6225,11.20,0.00,7.97,4.15
1927745.6619,10.37,0.00,7.96,4.82
1927745.6940,9.67,0.00,7.95,4.66
1927745.7260,9.09,0.00,7.94,4.48
1927745.7578,8.59,0.00,7.95,4.30
1927745.7900,0.00,6.38,7.09,4.44
1927745.8137,0.00,5.06,6.36,4.47
1927745.8456,0.00,4.71,5.73,4.40
1927745.8779,0.00,5.07,5.20,4.25
1927745.9091,7.82,0.00,3.66,4.78
1927745.9410,11.03,0.00,2.34,5.10
1927745.9734,13.95,0.00,1.21,5.24
1927745.9969,16.51,0.00,0.24,5.22
1927746.0291,21.05,0.00,-1.55,5.85
1927746.0609,24.94,0.00,-3.09,6.20
1927746.0929,28.24,0.00,-4.42,6.33
1927746.1249,32.71,0.00,-6.24,7.97
1927746.1571,36.50,0.00,-7.82,8.10
1927746.1890,39.72,0.00,-9.19,8.06
1927746.2297,42.44,0.00,-10.40,7.88
1927746.2460,45.95,0.00,-12.34,8.78
1927746.2770,48.93,0.00,-14.03,8.64
1927746.3093,51.46,0.00,-15.50,8.41
1927746.3412,53.61,0.00,-16.77,8.12
1927746.3732,55.67,0.00,-18.09,8.03
1927746.4132,57.42,0.00,-19.22,7.85
1927746.4448,58.90,0.00,-20.21,7.64
1927746.4770,60.23,0.00,-21.05,7.42
1927746.5092,61.23,0.00,-21.75,7.17
1927746.5413,62.09,0.00,-22.35,6.96
1927746.5737,62.81,0.00,-22.87,6.76
1927746.6054,63.27,0.00,-23.24,6.49
1927746.6459,63.66,0.00,-23.56,6.37
1927746.6776,63.99,0.00,-23.83,6.28
1927746.7092,64.29,0.00,-24.06,6.22
1927746.7305,64.55,0.00,-24.26,6.17
1927746.7627,64.77,0.00,-24.43,6.38
1927746.7944,64.13,0.00,-23.96,6.18
1927746.8263,63.62,0.00,-23.57,6.03
1927746.8582,63.18,0.00,-23.24,5.90
1927746.8900,62.81,0.00,-22.95,6.73
1927746.9288,59.37,0.00,-19.82,5.60
1927746.9606,56.45,0.00,-17.24,4.81
1927746.9930,53.95,0.00,-15.11,5.60
1927747.0247,46.66,0.00,-10.90,3.29
1927747.0564,40.47,0.00,-7.51,3.03
1927747.0887,35.21,0.00,-4.73,4.04
1927747.1124,30.77,0.00,-2.42,2.86
1927747.1443,27.05,0.00,-0.51,1.71
1927747.1761,23.93,0.00,1.10,1.03
1927747.2093,18.06,0.00,4.54,2.59
1927747.2403,13.77,0.00,7.42,2.23
1927747.2723,0.00,11.26,9.85,1.89
1927747.2952,0.00,10.56,11.91,1.88
1927747.3296,0.00,12.71,14.61,3.40
1927747.3616,0.00,16.47,16.92,3.97
1927747.3934,0.00,20.32,18.90,4.40
1927747.4247,0.00,23.84,20.60,4.77
1927747.4563,0.00,28.77,22.80,6.35
1927747.4893,33.03,0.00,24.71,7.68
1927747.5140,36.69,0.00,26.36,8.76
1927747.5460,39.82,0.00,27.80,9.19
1927747.5775,43.22,0.00,29.18,10.04
1927747.6094,46.12,0.00,30.38,10.70
1927747.6419,48.59,0.00,31.42,11.21
1927747.6735,50.68,0.00,32.33,11.47
1927747.7131,52.54,0.00,33.12,11.70
1927747.7455,54.12,0.00,33.80,11.89
1927747.7766,55.46,0.00,34.38,12.10
1927747.7942,56.62,0.00,34.89,12.29
1927747.8247,57.53,0.00,35.25,12.38
1927747.8558,58.31,0.00,35.55,12.48
1927747.8969,58.97,0.00,35.82,12.71
1927747.9288,59.26,0.00,35.81,12.62
1927747.9609,59.52,0.00,35.80,12.59
1927747.9925,59.73,0.00,35.80,12.61
1927748.0246,59.92,0.00,35.79,12.81
1927748.0576,58.77,0.00,34.36,12.45
1927748.0803,57.79,0.00,33.16,12.30
1927748.1119,56.95,0.00,32.15,12.29
1927748.1442,56.23,0.00,31.29,12.03
1927748.1763,53.00,0.00,28.15,11.87
1927748.2078,50.26,0.00,25.55,12.02
1927748.2322,47.91,0.00,23.39,12.31
1927748.2640,45.90,0.00,21.58,11.31
1927748.2959,41.47,0.00,18.15,11.68
1927748.3279,37.71,0.00,15.31,12.12
1927748.3594,34.50,0.00,12.95,12.51
1927748.3917,31.76,0.00,10.97,11.25
1927748.4236,26.96,0.00,8.19,12.06
1927748.4552,22.91,0.00,5.88,12.69
1927748.4953,19.48,0.00,3.93,11.45
1927748.5124,16.60,0.00,2.30,10.18
1927748.5585,12.03,0.00,0.20,11.22
1927748.5903,0.00,8.55,-1.57,11.96
1927748.6286,0.00,6.38,-3.06,12.45
1927748.6617,0.00,6.60,-5.18,14.90
1927748.6938,9.50,0.00,-6.99,15.17
1927748.7260,12.73,0.00,-8.53,15.20
1927748.7583,15.69,0.00,-9.85,15.04
1927748.7901,19.69,0.00,-11.51,14.97
1927748.8225,23.14,0.00,-12.94,14.71
1927748.8469,26.10,0.00,-14.17,14.31
1927748.8793,28.62,0.00,-15.22,13.81
1927748.9106,32.07,0.00,-16.85,13.16
1927748.9425,35.00,0.00,-18.25,12.42
1927748.9744,37.48,0.00,-19.47,11.62
1927749.0062,40.09,0.00,-20.75,11.31
1927749.0303,42.31,0.00,-21.86,10.69
1927749.0629,44.20,0.00,-22.82,10.04
1927749.0947,45.80,0.00,-23.65,9.39
1927749.1262,46.97,0.00,-24.30,8.57
1927749.1581,47.97,0.00,-24.86,7.91
1927749.1901,48.85,0.00,-25.33,7.31
1927749.2220,49.60,0.00,-25.73,6.76
1927749.2466,50.24,0.00,-26.08,6.28
1927749.2788,50.78,0.00,-26.38,6.23
1927749.3112,50.75,0.00,-26.43,5.72
1927749.3430,50.73,0.00,-26.47,5.30
1927749.3751,50.71,0.00,-26.51,4.96
1927749.4071,50.70,0.00,-26.55,5.58
1927749.4389,48.75,0.00,-25.58,4.79
1927749.4788,47.09,0.00,-24.76,4.21
1927749.4964,45.69,0.00,-24.08,3.80
1927749.5424,44.48,0.00,-23.50,5.15
1927749.5580,37.95,0.00,-19.45,2.64
1927749.5903,32.40,0.00,-16.13,2.98
1927749.6221,27.68,0.00,-13.39,4.63
1927749.6613,23.70,0.00,-11.09,6.19
1927749.6931,17.25,0.00,-8.26,8.17
1927749.7252,12.10,0.00,-5.90,9.67
1927749.7571,0.00,8.41,-3.90,10.75
1927749.7801,0.00,6.68,-2.21,11.50
1927749.8116,0.00,8.64,0.07,12.00
1927749.8431,0.00,12.54,2.02,12.20
1927749.8749,16.39,0.00,3.69,12.17
1927749.9115,21.73,0.00,5.76,13.94
1927749.9428,26.36,0.00,7.56,15.30
1927749.9757,30.34,0.00,9.11,16.32
1927750.0079,33.75,0.00,10.46,15.70
1927750.0395,37.63,0.00,11.73,15.98
1927750.0638,40.92,0.00,12.83,16.10
1927750.0955,43.72,0.00,13.79,16.08
1927750.1272,46.11,0.00,14.62,15.52
1927750.1591,48.32,0.00,15.39,15.11
1927750.1909,50.19,0.00,16.05,14.71
1927750.2229,51.78,0.00,16.62,14.33
1927750.2469,53.13,0.00,17.11,13.98
1927750.2791,54.26,0.00,17.54,13.65
1927750.3287,55.22,0.00,17.90,13.37
1927750.3610,56.03,0.00,18.22,13.13
1927750.3929,56.58,0.00,18.50,12.85
1927750.4247,57.04,0.00,18.74,12.64
1927750.4565,57.48,0.00,18.95,12.48
1927750.4815,57.85,0.00,19.14,12.36
1927750.5122,57.20,0.00,18.98,11.98
1927750.5441,56.64,0.00,18.85,11.79
1927750.5762,56.18,0.00,18.74,11.64
1927750.6078,55.78,0.00,18.65,11.52
1927750.6401,52.95,0.00,17.91,11.30
1927750.6793,50.55,0.00,17.29,11.06
1927750.7115,48.51,0.00,16.78,10.89
1927750.7431,46.82,0.00,16.33,10.75
1927750.7750,41.83,0.00,14.17,10.37
1927750.8068,37.61,0.00,12.39,10.07
1927750.8310,34.07,0.00,10.91,9.77
1927750.8620,31.10,0.00,9.67,9.43
1927750.8931,26.21,0.00,7.68,9.60
1927750.9246,22.26,0.00,6.03,9.68
1927750.9565,0.00,19.15,4.64,9.63
1927750.9807,0.00,16.78,3.46,9.45
1927751.0125,0.00,13.95,1.39,9.53
1927751.0440,0.00,12.65,-0.35,9.42
1927751.0765,0.00,12.61,-1.83,9.16
1927751.1086,0.00,14.15,-3.71,10.38
1927751.1467,16.47,0.00,-5.31,10.22
1927751.1715,18.91,0.00,-6.68,9.89
1927751.2124,21.18,0.00,-7.85,9.43
1927751.2436,23.23,0.00,-8.85,8.88
1927751.2761,25.04,0.00,-9.72,7.50
1927751.3074,27.68,0.00,-10.82,7.34
1927751.3394,30.00,0.00,-11.77,7.06
1927751.3797,31.99,0.00,-12.59,6.35
1927751.4119,34.34,0.00,-13.47,6.27
1927751.4438,36.35,0.00,-14.23,6.08
1927751.4773,38.07,0.00,-14.88,5.82
1927751.5083,39.54,0.00,-15.44,5.49
1927751.5403,40.87,0.00,-15.95,5.20
1927751.5720,42.02,0.00,-16.38,4.88
1927751.5964,43.00,0.00,-16.75,4.57
1927751.6282,43.83,0.00,-17.07,4.34
1927751.6546,44.36,0.00,-17.30,3.92
1927751.6913,44.87,0.00,-17.49,3.56
1927751.7233,45.29,0.00,-17.65,3.24
1927751.7554,45.65,0.00,-17.79,3.35
1927751.7786,44.89,0.00,-17.55,2.61
1927751.8102,44.25,0.00,-17.34,2.21
1927751.8416,43.71,0.00,-17.17,2.14
1927751.8734,43.25,0.00,-17.02,2.40
1927751.9062,39.47,0.00,-15.12,2.03
1927751.9464,36.23,0.00,-13.54,3.08
1927751.9785,33.48,0.00,-12.22,1.84
1927752.0105,27.63,0.00,-9.35,3.70
1927752.0422,22.72,0.00,-6.96,5.33
1927752.0583,18.61,0.00,-4.97,6.59
1927752.0906,15.23,0.00,-3.29,5.70
1927752.1223,12.52,0.00,-1.87,4.74
1927752.1630,0.00,8.96,-0.06,6.47
1927752.1867,0.00,7.84,1.48,7.79
1927752.2296,0.00,8.90,2.80,7.08
1927752.2613,0.00,12.90,4.44,8.62
1927752.2932,17.06,0.00,5.87,9.78
1927752.3374,20.82,0.00,7.10,9.40
1927752.3590,24.11,0.00,8.16,8.94
1927752.3944,28.52,0.00,9.57,10.00
1927752.4262,32.29,0.00,10.80,10.80
1927752.4583,35.50,0.00,11.86,10.60
1927752.4903,39.18,0.00,13.33,11.30
1927752.5226,42.32,0.00,14.60,11.82
1927752.5460,44.98,0.00,15.72,12.20
1927752.5779,47.25,0.00,16.69,12.19
1927752.6098,49.48,0.00,17.59,12.36
1927752.6417,51.37,0.00,18.37,12.46
1927752.6736,52.98,0.00,19.06,12.51
1927752.7053,54.35,0.00,19.65,12.62
1927752.7454,55.46,0.00,20.11,12.61
1927752.7771,56.42,0.00,20.51,12.60
1927752.8090,57.23,0.00,20.86,12.67
1927752.8412,57.92,0.00,21.15,12.73
1927752.8726,58.51,0.00,21.40,12.79
1927752.9130,58.61,0.00,21.45,12.59
1927752.9456,58.69,0.00,21.49,12.72
1927752.9773,58.76,0.00,21.52,12.84
1927753.0095,58.83,0.00,21.54,12.95
1927753.0415,55.30,0.00,19.73,11.60
1927753.0736,52.29,0.00,18.23,10.98
1927753.1132,49.73,0.00,16.98,10.52
1927753.1448,44.43,0.00,14.76,11.05
1927753.1766,39.92,0.00,12.94,10.84
1927753.2085,36.08,0.00,11.44,10.66
1927753.2399,32.82,0.00,10.19,10.45
1927753.2636,27.41,0.00,8.39,12.41
1927753.2951,22.85,0.00,6.90,12.43
1927753.3276,19.02,0.00,5.66,12.30
1927753.3591,15.84,0.00,4.61,12.03
1927753.3916,13.19,0.00,3.71,11.66
1927753.4233,0.00,11.06,2.95,9.61
1927753.4637,0.00,8.03,1.39,9.79
1927753.4805,0.00,6.79,0.07,9.77
1927753.5234,0.00,7.25,-1.05,9.60
1927753.5580,8.62,0.00,-2.02,7.95
1927753.5954,12.57,0.00,-3.65,9.10
1927753.6277,16.47,0.00,-5.05,9.92
1927753.6596,19.96,0.00,-6.25,9.43
1927753.6918,24.14,0.00,-7.48,9.99
1927753.7236,27.74,0.00,-8.55,10.30
1927753.7472,30.81,0.00,-9.46,10.40
1927753.7793,33.42,0.00,-10.26,9.98
1927753.8112,35.89,0.00,-10.95,9.71
1927753.8429,37.98,0.00,-11.56,9.36
1927753.8751,39.76,0.00,-12.07,8.95
1927753.9065,41.31,0.00,-12.51,8.58
1927753.9463,42.46,0.00,-12.89,8.01
1927753.9782,43.44,0.00,-13.21,7.46
1927754.0105,44.27,0.00,-13.48,7.17
1927754.0422,45.00,0.00,-13.71,6.88
1927754.0579,45.04,0.00,-13.66,5.98
1927754.0900,45.07,0.00,-13.63,5.20
1927754.1295,45.09,0.00,-13.59,5.59
1927754.1623,45.13,0.00,-13.57,5.94
1927754.1939,42.74,0.00,-12.46,4.02
1927754.2258,40.72,0.00,-11.54,2.73
1927754.2580,38.99,0.00,-10.77,2.93
1927754.2902,34.16,0.00,-9.13,2.10
1927754.3222,30.05,0.00,-7.77,3.32
1927754.3456,26.55,0.00,-6.63,4.77
1927754.3778,23.57,0.00,-5.68,4.23
1927754.4094,18.95,0.00,-4.66,5.85
1927754.4414,15.06,0.00,-3.80,7.08
1927754.4732,11.80,0.00,-3.08,8.01
1927754.4968,9.10,0.00,-2.47,7.13
1927754.5291,5.24,0.00,-1.00,8.55
1927754.5665,0.00,4.14,0.24,9.60
1927754.5962,0.00,5.90,1.30,10.37
1927754.6277,8.31,0.00,2.21,9.12
1927754.6600,12.85,0.00,4.14,10.25
1927754.6880,16.90,0.00,5.79,11.06
1927754.7235,20.38,0.00,7.21,11.61
1927754.7552,23.35,0.00,8.43,10.77
1927754.7798,27.49,0.00,10.12,11.49
1927754.8116,31.01,0.00,11.58,11.99
1927754.8435,34.00,0.00,12.85,12.32
1927754.8756,36.51,0.00,13.94,11.87
1927754.9076,39.52,0.00,15.36,12.24
1927754.9394,42.08,0.00,16.59,12.49
1927754.9796,44.26,0.00,17.65,12.48
1927755.0114,46.10,0.00,18.57,12.44
1927755.0438,47.66,0.00,19.36,12.38
1927755.0752,49.05,0.00,20.09,12.38
1927755.1076,50.24,0.00,20.71,12.36
1927755.1398,51.25,0.00,21.24,12.34
1927755.1719,52.10,0.00,21.70,12.32
1927755.2122,52.78,0.00,22.10,12.32
1927755.2441,53.37,0.00,22.44,12.32
1927755.2755,53.88,0.00,22.74,12.34
1927755.3078,54.07,0.00,23.02,12.29
1927755.3398,54.23,0.00,23.26,12.29
1927755.3797,54.40,0.00,23.46,12.30
1927755.4117,54.55,0.00,23.63,12.32
1927755.4427,53.18,0.00,23.30,12.04
1927755.4748,52.06,0.00,23.02,11.82
1927755.5071,51.10,0.00,22.79,11.63
1927755.5392,50.29,0.00,22.59,11.47
1927755.5634,46.69,0.00,20.88,11.74
1927755.5957,43.66,0.00,19.44,11.35
1927755.6273,41.08,0.00,18.25,10.98
1927755.6595,38.89,0.00,17.25,10.63
1927755.6912,34.64,0.00,15.54,10.46
1927755.7239,31.03,0.00,14.12,10.28
1927755.7467,27.98,0.00,12.92,10.05
1927755.7785,25.41,0.00,11.93,9.78
1927755.8104,20.72,0.00,10.08,9.78
1927755.8420,16.87,0.00,8.53,9.68
1927755.8802,0.00,13.79,7.22,9.47
1927755.9072,0.00,9.48,4.93,12.16
1927755.9464,0.00,8.32,2.98,12.10
1927755.9789,0.00,9.94,1.32,11.82
1927756.0104,12.56,0.00,-0.09,11.36
1927756.0420,17.55,0.00,-1.94,13.33
1927756.0742,22.17,0.00,-3.54,13.25
1927756.1064,26.22,0.00,-4.93,12.94
1927756.1469,30.87,0.00,-6.42,13.62
1927756.1777,34.85,0.00,-7.71,13.37
1927756.2096,38.23,0.00,-8.92,12.96
1927756.2413,41.11,0.00,-9.96,12.44
1927756.2733,43.55,0.00,-10.95,11.83
1927756.2972,45.62,0.00,-11.79,11.23
1927756.3290,47.39,0.00,-12.53,10.62
1927756.3610,48.89,0.00,-13.16,10.00
1927756.3926,50.05,0.00,-13.70,9.23
1927756.4242,51.03,0.00,-14.17,8.52
1927756.4565,51.86,0.00,-14.57,7.86
1927756.4802,52.58,0.00,-14.91,7.39
1927756.5123,52.62,0.00,-15.04,6.45
1927756.5439,52.65,0.00,-15.16,5.69
1927756.5753,52.69,0.00,-15.25,5.11
1927756.6076,52.71,0.00,-15.33,4.97
1927756.6395,50.56,0.00,-14.19,4.00
1927756.6796,48.76,0.00,-13.23,4.31
1927756.7120,47.23,0.00,-12.43,5.30
1927756.7431,45.93,0.00,-11.75,6.45
1927756.7755,41.59,0.00,-9.57,7.62
1927756.8075,37.91,0.00,-7.76,8.60
1927756.8392,34.79,0.00,-6.25,9.37
1927756.8792,28.86,0.00,-3.69,13.27
1927756.9126,23.90,0.00,-1.56,16.53
1927756.9432,19.79,0.00,0.22,19.23
1927756.9752,16.44,0.00,1.71,17.77
1927757.0069,11.56,0.00,4.07,19.47
1927757.0291,0.00,9.16,6.05,20.70
1927757.0641,0.00,9.48,7.74,21.55
1927757.0954,0.00,11.39,9.17,19.20
1927757.1272,0.00,15.79,10.74,19.12
1927757.1589,20.03,0.00,12.10,18.83
1927757.1834,23.80,0.00,13.26,18.41
1927757.2301,28.41,0.00,14.44,18.13
1927757.2618,32.36,0.00,15.45,17.73
1927757.2939,35.75,0.00,16.34,17.26
1927757.3256,38.63,0.00,17.11,16.29
1927757.3577,41.62,0.00,18.03,15.89
1927757.3892,44.15,0.00,18.83,15.48
1927757.4294,46.30,0.00,19.52,15.01
1927757.4616,48.13,0.00,20.12,14.59
1927757.4941,49.72,0.00,20.65,14.21
1927757.5253,51.07,0.00,21.11,13.88
1927757.5576,52.22,0.00,21.50,13.62
1927757.5891,53.14,0.00,21.84,13.34
1927757.6289,53.94,0.00,22.14,13.12
1927757.6605,54.61,0.00,22.39,12.95
1927757.6926,55.19,0.00,22.60,12.84
1927757.7246,55.25,0.00,22.75,12.38
1927757.7562,55.34,0.00,22.89,12.20
1927757.7807,55.42,0.00,23.00,12.08
1927757.8123,55.49,0.00,23.09,12.03
1927757.8433,53.80,0.00,22.83,11.38
1927757.8751,52.38,0.00,22.59,11.20
1927757.9072,51.18,0.00,22.40,11.16
1927757.9395,50.15,0.00,22.23,11.20
1927757.9792,46.35,0.00,20.49,10.64
1927758.0111,43.18,0.00,19.03,10.17
1927758.0432,40.48,0.00,17.82,9.74
1927758.0765,35.42,0.00,15.24,10.69
1927758.1078,31.17,0.00,13.10,10.37
1927758.1399,27.55,0.00,11.32,10.01
1927758.1795,24.48,0.00,9.83,9.59
1927758.2115,19.45,0.00,7.70,9.62
1927758.2438,15.22,0.00,5.92,9.53
1927758.2760,11.76,0.00,4.41,9.30
1927758.3080,0.00,7.51,2.41,10.86
1927758.3399,0.00,5.58,0.72,10.72
1927758.3798,0.00,6.45,-0.73,10.42
1927758.4047,8.61,0.00,-1.95,9.98
1927758.4445,12.47,0.00,-3.58,11.09
1927758.4767,16.01,0.00,-4.97,11.89
1927758.5087,19.10,0.00,-6.16,11.32
1927758.5407,21.75,0.00,-7.19,10.66
1927758.5729,25.30,0.00,-8.48,11.20
1927758.5967,28.29,0.00,-9.59,11.52
1927758.6284,30.84,0.00,-10.55,10.66
1927758.6606,33.01,0.00,-11.38,9.79
1927758.6924,35.51,0.00,-12.31,9.57
1927758.7242,37.63,0.00,-13.11,9.27
1927758.7561,39.44,0.00,-13.80,8.75
1927758.7801,41.00,0.00,-14.39,8.23
1927758.8127,42.41,0.00,-14.96,7.80
1927758.8449,43.61,0.00,-15.46,7.38
1927758.8769,44.63,0.00,-15.88,7.07
1927758.9089,45.23,0.00,-16.30,6.56
1927758.9409,45.73,0.00,-16.65,6.13
1927758.9734,46.16,0.00,-16.95,5.79
1927759.0053,46.52,0.00,-17.20,5.71
1927759.0293,46.86,0.00,-17.41,5.64
1927759.0612,47.15,0.00,-17.59,5.57
1927759.0933,46.52,0.00,-17.65,5.07
1927759.1248,45.99,0.00,-17.70,5.27
1927759.1565,45.54,0.00,-17.73,5.52
1927759.1964,45.17,0.00,-17.76,5.82
1927759.2281,42.19,0.00,-16.78,4.50
1927759.2604,39.65,0.00,-15.95,4.66
1927759.2922,37.50,0.00,-15.27,5.04
1927759.3093,35.67,0.00,-14.69,5.58
1927759.3409,29.00,0.00,-11.77,3.29
1927759.3795,23.39,0.00,-9.35,3.26
1927759.4114,18.67,0.00,-7.33,3.55
1927759.4428,14.74,0.00,-5.64,3.83
1927759.4746,9.25,0.00,-3.09,5.07
1927759.5065,0.00,6.39,-0.94,6.05
1927759.5344,0.00,7.20,0.89,6.74
1927759.5606,0.00,9.83,2.44,7.20
1927759.5927,14.60,0.00,4.85,8.16
1927759.6246,18.95,0.00,6.93,8.84
1927759.6623,22.75,0.00,8.71,9.30
1927759.6951,27.08,0.00,10.63,10.53
1927759.7244,30.79,0.00,12.30,10.97
1927759.7592,33.95,0.00,13.75,11.25
1927759.7911,36.65,0.00,15.00,11.43
1927759.8230,39.34,0.00,16.25,11.82
1927759.8557,41.61,0.00,17.33,11.98
1927759.8955,43.53,0.00,18.26,12.07
1927759.9274,45.16,0.00,19.07,12.13
1927759.9591,46.55,0.00,19.77,12.16
1927759.9912,47.72,0.00,20.37,12.18
1927760.0231,48.73,0.00,20.89,12.19
1927760.0475,49.54,0.00,21.33,12.19
1927760.0786,50.22,0.00,21.70,12.20
1927760.1105,50.82,0.00,22.03,12.22
1927760.1425,51.33,0.00,22.30,12.25
1927760.1740,51.48,0.00,22.57,12.19
1927760.2059,51.60,0.00,22.80,12.19
1927760.2299,51.73,0.00,23.00,12.20
1927760.2617,51.84,0.00,23.17,12.22
1927760.2936,50.18,0.00,22.70,11.88
1927760.3253,48.77,0.00,22.30,11.90
1927760.3575,47.59,0.00,21.97,12.14
1927760.3893,46.59,0.00,21.69,11.93
1927760.4295,42.33,0.00,19.57,12.97
1927760.4615,38.79,0.00,17.80,14.44
1927760.4932,35.77,0.00,16.33,13.06
1927760.5252,30.30,0.00,13.73,13.90
1927760.5573,25.67,0.00,11.57,14.62
1927760.5897,21.75,0.00,9.77,15.16
1927760.6294,18.46,0.00,8.26,13.53
1927760.6615,13.24,0.00,5.91,14.45
1927760.6936,0.00,9.28,3.92,15.10
1927760.7253,0.00,6.94,2.24,15.49
1927760.7579,0.00,6.58,0.82,15.66
1927760.7901,9.04,0.00,-1.06,15.93
1927760.8151,12.41,0.00,-2.68,15.95
1927760.8457,15.61,0.00,-4.05,15.77
1927760.8790,18.44,0.00,-5.24,15.44
1927760.9105,22.00,0.00,-6.49,14.84
1927760.9423,25.05,0.00,-7.57,14.12
1927760.9742,27.65,0.00,-8.50,13.34
1927761.0058,30.59,0.00,-9.58,13.23
1927761.0298,33.10,0.00,-10.50,13.00
1927761.0618,35.22,0.00,-11.30,12.68
1927761.0940,37.04,0.00,-11.98,11.85
1927761.1258,38.83,0.00,-12.64,11.28
1927761.1578,40.35,0.00,-13.20,10.69
1927761.1895,41.64,0.00,-13.68,10.10
1927761.2305,42.74,0.00,-14.09,9.41
1927761.2461,43.60,0.00,-14.43,8.68
1927761.2776,44.33,0.00,-14.72,8.00
1927761.3094,44.95,0.00,-14.97,7.39
1927761.3412,45.48,0.00,-15.18,6.96
1927761.3733,45.72,0.00,-15.27,6.35
1927761.4054,45.92,0.00,-15.36,5.82
1927761.4450,46.09,0.00,-15.43,5.81
1927761.4773,46.24,0.00,-15.48,5.79
1927761.5098,44.97,0.00,-15.01,4.75
1927761.5419,43.89,0.00,-14.61,4.10
1927761.5740,42.97,0.00,-14.28,4.37
1927761.6058,39.07,0.00,-12.62,3.39
1927761.6460,35.74,0.00,-11.24,3.76
1927761.6782,32.91,0.00,-10.09,4.71
1927761.7107,30.53,0.00,-9.11,3.68
1927761.7414,25.43,0.00,-7.71,5.26
1927761.7732,21.10,0.00,-6.54,6.63
1927761.8051,17.43,0.00,-5.56,5.98
1927761.8291,14.33,0.00,-4.72,5.24
1927761.8612,11.72,0.00,-4.02,4.43
1927761.8922,9.52,0.00,-3.42,3.59
1927761.9238,5.75,0.00,-2.02,5.28
1927761.9513,0.00,3.95,-0.83,4.69
1927761.9914,0.00,4.89,0.18,4.03
1927762.0229,0.00,6.90,1.05,3.40
1927762.0514,12.62,0.00,3.26,4.87
1927762.0791,17.76,0.00,5.18,6.00
1927762.1110,22.18,0.00,6.84,6.84
1927762.1378,25.96,0.00,8.27,7.46
1927762.1780,30.72,0.00,10.49,8.52
1927762.2101,34.77,0.00,12.46,9.33
1927762.2424,38.21,0.00,14.16,9.96
1927762.2744,41.60,0.00,15.93,10.84
1927762.3066,44.48,0.00,17.47,11.36
1927762.3316,46.93,0.00,18.80,11.75
1927762.3620,49.00,0.00,19.95,12.05
1927762.3942,50.66,0.00,20.98,12.27
1927762.4259,52.06,0.00,21.87,12.45
1927762.4581,53.25,0.00,22.63,12.59
1927762.4899,54.29,0.00,23.30,12.70
1927762.5223,55.02,0.00,23.91,12.80
1927762.5473,55.64,0.00,24.43,12.87
1927762.5790,56.17,0.00,24.88,12.93
1927762.6109,56.66,0.00,25.27,12.99
1927762.6430,56.02,0.00,25.42,12.98
1927762.6754,55.47,0.00,25.54,12.87
1927762.7073,55.01,0.00,25.65,12.77
1927762.7391,54.61,0.00,25.74,12.69
1927762.7628,51.64,0.00,24.63,12.85
1927762.7952,49.14,0.00,23.70,12.52
1927762.8273,47.02,0.00,22.93,12.21
1927762.8594,45.22,0.00,22.28,11.91
1927762.8908,40.43,0.00,19.89,11.45
1927762.9227,36.41,0.00,17.89,11.08
1927762.9631,33.01,0.00,16.23,10.72
1927762.9943,27.08,0.00,13.37,12.00
1927763.0261,22.09,0.00,11.00,11.77
1927763.0580,17.93,0.00,9.02,11.45
1927763.0900,14.54,0.00,7.35,11.05
1927763.1223,0.00,9.84,5.00,12.70
1927763.1626,0.00,7.20,3.00,12.44
1927763.1941,0.00,7.19,1.30,12.02
1927763.2262,10.43,0.00,-0.84,13.39
1927763.2584,14.35,0.00,-2.68,13.10
1927763.2799,17.98,0.00,-4.25,12.64
1927763.3140,21.17,0.00,-5.60,12.05
1927763.3450,25.08,0.00,-6.85,12.50
1927763.3772,28.42,0.00,-7.93,12.12
1927763.4087,31.28,0.00,-8.87,11.62
1927763.4405,33.71,0.00,-9.68,11.05
1927763.4797,35.97,0.00,-10.32,10.62
1927763.5111,37.90,0.00,-10.86,10.10
1927763.5433,39.53,0.00,-11.33,9.56
1927763.5755,40.94,0.00,-11.74,9.01
1927763.6071,42.01,0.00,-12.08,8.46
1927763.6390,42.92,0.00,-12.37,7.93
1927763.6795,43.70,0.00,-12.62,7.43
1927763.7114,44.09,0.00,-12.68,6.68
1927763.7437,44.43,0.00,-12.74,6.29
1927763.7757,44.71,0.00,-12.79,5.95
1927763.8082,44.95,0.00,-12.83,5.66
1927763.8395,44.07,0.00,-12.22,4.50
1927763.8714,43.33,0.00,-11.70,4.30
1927763.9112,42.70,0.00,-11.26,4.17
1927763.9432,42.16,0.00,-10.89,4.08
1927763.9747,39.43,0.00,-9.37,3.51
1927764.0074,37.10,0.00,-8.11,3.14
1927764.0391,35.12,0.00,-7.04,2.89
1927764.0628,33.43,0.00,-6.15,2.73
1927764.0945,28.90,0.00,-4.59,2.54
1927764.1266,25.06,0.00,-3.28,2.59
1927764.1587,21.80,0.00,-2.18,2.67
1927764.1905,19.04,0.00,-1.26,2.72
1927764.2224,16.70,0.00,-0.48,2.18
1927764.2467,11.56,0.00,1.66,2.20
1927764.2784,7.53,0.00,3.47,2.59
1927764.3255,0.00,4.97,4.99,2.46
1927764.3576,0.00,4.66,6.30,2.98
1927764.3892,0.00,8.33,8.65,3.26
1927764.4271,12.58,0.00,10.67,3.99
1927764.4591,16.38,0.00,12.39,4.63
1927764.4919,20.88,0.00,14.12,5.68
1927764.5240,24.73,0.00,15.60,6.63
1927764.5559,28.02,0.00,16.88,7.43
1927764.5801,30.82,0.00,17.98,8.07
1927764.6133,33.24,0.00,18.96,8.59
1927764.6444,35.29,0.00,19.80,9.01
1927764.6759,37.04,0.00,20.52,9.35
1927764.7076,38.50,0.00,21.14,9.60
1927764.7394,39.74,0.00,21.67,9.82
1927764.7634,40.80,0.00,22.12,10.01
1927764.7956,41.70,0.00,22.51,10.17
1927764.8378,42.48,0.00,22.84,10.34
1927764.8627,43.02,0.00,23.11,10.41
1927764.8939,43.48,0.00,23.35,10.48
1927764.9252,43.88,0.00,23.54,10.62
1927764.9573,44.26,0.00,23.71,10.74
1927764.9893,43.69,0.00,23.63,10.58
1927765.0140,43.20,0.00,23.55,10.51
1927765.0449,42.79,0.00,23.49,10.39
1927765.0769,42.48,0.00,23.43,10.37
1927765.1086,39.49,0.00,21.76,9.70
1927765.1408,36.95,0.00,20.37,9.43
1927765.1729,34.78,0.00,19.21,8.81
1927765.2140,30.04,0.00,17.16,8.93
1927765.2446,26.02,0.00,15.46,9.53
1927765.2763,22.62,0.00,14.03,10.27
1927765.2925,19.76,0.00,12.83,9.27
1927765.3243,17.31,0.00,11.81,8.29
1927765.3579,15.26,0.00,10.95,7.38
1927765.3961,0.00,11.09,9.10,8.17
1927765.4280,0.00,7.88,7.54,7.62
1927765.4598,0.00,5.80,6.21,7.02
1927765.4918,0.00,5.13,5.07,6.38
1927765.5235,7.02,0.00,3.52,7.47
1927765.5555,10.01,0.00,2.19,8.36
1927765.5799,12.89,0.00,1.06,9.02
1927765.6121,15.43,0.00,0.10,8.12
1927765.6442,20.12,0.00,-1.27,9.64
1927765.6717,24.13,0.00,-2.46,10.80
1927765.7119,27.56,0.00,-3.48,10.70
1927765.7434,30.48,0.00,-4.36,10.47
1927765.7754,33.67,0.00,-5.36,10.83
1927765.8073,36.37,0.00,-6.23,11.02
1927765.8392,38.67,0.00,-6.98,10.61
1927765.8792,40.64,0.00,-7.71,10.15
1927765.9113,42.31,0.00,-8.34,9.67
1927765.9430,43.73,0.00,-8.88,9.18
1927765.9749,44.98,0.00,-9.34,8.82
1927766.0076,45.83,0.00,-9.73,8.27
1927766.0384,46.55,0.00,-10.06,7.77
1927766.0630,47.16,0.00,-10.34,7.32
1927766.0946,47.69,0.00,-10.59,7.18
1927766.1266,47.09,0.00,-10.52,6.22
1927766.1587,46.58,0.00,-10.46,5.50
1927766.1906,46.15,0.00,-10.41,5.72
1927766.2224,45.80,0.00,-10.36,5.96
1927766.2466,45.50,0.00,-10.31,6.20
1927766.2789,45.24,0.00,-10.28,6.44
1927766.3108,42.44,0.00,-9.13,4.83
1927766.3427,40.06,0.00,-8.18,4.86
1927766.3743,38.04,0.00,-7.38,5.04
1927766.4063,31.59,0.00,-4.90,3.85
1927766.4461,26.12,0.00,-2.86,4.12
1927766.4779,21.50,0.00,-1.16,4.54
1927766.5099,17.62,0.00,0.27,4.90
1927766.5413,11.63,0.00,2.60,7.93
1927766.5731,7.30,0.00,4.56,8.53
1927766.5937,0.00,5.66,6.22,8.85
1927766.6298,0.00,6.99,7.63,8.96
1927766.6617,0.00,11.20,9.62,10.89
1927766.6939,15.46,0.00,11.32,11.16
1927766.7271,19.25,0.00,12.78,11.24
1927766.7596,22.53,0.00,14.04,11.19
1927766.7799,26.46,0.00,15.42,12.06
1927766.8091,29.82,0.00,16.61,12.13
1927766.8414,32.69,0.00,17.64,12.09
1927766.8734,35.12,0.00,18.53,12.00
1927766.9128,37.87,0.00,19.74,12.13
1927766.9450,40.21,0.00,20.78,12.19
1927766.9767,42.19,0.00,21.68,12.21
1927767.0087,44.05,0.00,22.64,12.42
1927767.0406,45.62,0.00,23.46,12.50
1927767.0728,46.96,0.00,24.17,12.56
1927767.0969,48.10,0.00,24.78,12.61
1927767.1288,49.08,0.00,25.30,12.65
1927767.1612,49.92,0.00,25.75,12.74
1927767.1933,50.50,0.00,26.13,12.74
1927767.2250,50.99,0.00,26.45,12.75
1927767.2576,51.43,0.00,26.73,12.77
1927767.2896,51.80,0.00,26.97,12.95
1927767.3132,51.38,0.00,27.02,12.75
1927767.3454,51.02,0.00,27.06,12.60
1927767.3774,50.75,0.00,27.10,12.50
1927767.4090,50.52,0.00,27.13,12.43
1927767.4409,47.21,0.00,25.75,12.20
1927767.4728,44.42,0.00,24.61,12.16
1927767.4972,42.04,0.00,23.65,12.28
1927767.5289,40.01,0.00,22.85,12.47
1927767.5611,35.83,0.00,21.24,14.29
1927767.5931,32.31,0.00,19.90,13.95
1927767.6250,29.32,0.00,18.77,13.54
1927767.6571,26.80,0.00,17.83,13.07
1927767.6893,21.85,0.00,15.44,12.66
1927767.7294,17.72,0.00,13.44,12.16
1927767.7466,14.32,0.00,11.75,11.57
1927767.7773,0.00,11.59,10.32,10.91
1927767.8096,0.00,7.86,8.18,11.05
1927767.8417,0.00,6.67,6.36,11.00
1927767.8736,0.00,7.86,4.81,10.78
1927767.9134,11.74,0.00,2.80,12.44
1927767.9395,15.75,0.00,1.09,12.39
1927767.9807,19.37,0.00,-0.39,12.15
1927767.9966,22.51,0.00,-1.67,11.75
1927768.0272,26.20,0.00,-2.89,12.22
1927768.0587,29.35,0.00,-3.94,11.93
1927768.0904,32.03,0.00,-4.85,11.52
1927768.1223,34.31,0.00,-5.64,11.04
1927768.1632,36.37,0.00,-6.35,10.60
1927768.1953,38.16,0.00,-6.97,10.13
1927768.2270,39.69,0.00,-7.49,9.64
1927768.2588,40.99,0.00,-7.94,9.15
1927768.2909,41.90,0.00,-8.28,8.61
1927768.3228,42.68,0.00,-8.56,8.11
1927768.3467,43.36,0.00,-8.80,7.65
1927768.3783,43.93,0.00,-9.00,7.22
1927768.4101,43.75,0.00,-8.99,6.71
1927768.4422,43.63,0.00,-9.00,6.27
1927768.4743,43.53,0.00,-9.00,5.91
1927768.5062,41.33,0.00,-7.77,4.13
1927768.5302,39.46,0.00,-6.75,3.78
1927768.5627,37.90,0.00,-5.88,3.55
1927768.5942,36.57,0.00,-5.15,3.39
1927768.6261,32.54,0.00,-3.49,3.72
1927768.6578,29.11,0.00,-2.10,5.47
1927768.6900,26.20,0.00,-0.93,7.29
1927768.7218,23.73,0.00,0.06,6.92
1927768.7456,19.13,0.00,1.81,9.01
1927768.7775,15.28,0.00,3.29,10.70
1927768.8095,12.09,0.00,4.54,12.04
1927768.8412,9.52,0.00,5.60,11.22
1927768.8731,0.00,5.81,7.96,13.33
1927768.9136,0.00,5.80,9.97,14.98
1927768.9461,0.00,8.28,11.68,13.43
1927768.9779,0.00,11.11,13.14,11.92
1927769.0096,15.73,0.00,14.93,12.53
1927769.0339,19.81,0.00,16.47,12.88
1927769.0586,23.34,0.00,17.80,13.03
1927769.0964,26.36,0.00,18.94,12.22
1927769.1273,30.18,0.00,20.22,12.53
1927769.1594,33.44,0.00,21.35,12.69
1927769.1915,36.23,0.00,22.32,12.41
1927769.2232,38.60,0.00,23.16,12.12
1927769.2468,41.14,0.00,24.03,12.23
1927769.2791,43.30,0.00,24.78,12.28
1927769.3110,45.13,0.00,25.42,12.27
1927769.3429,46.69,0.00,25.98,12.24
1927769.3747,47.98,0.00,26.47,12.17
1927769.4069,49.08,0.00,26.89,12.11
1927769.4388,50.01,0.00,27.26,12.09
1927769.4787,50.70,0.00,27.57,12.02
1927769.5111,51.31,0.00,27.84,11.98
1927769.5434,51.82,0.00,28.07,11.98
1927769.5749,52.26,0.00,28.26,12.05
1927769.6070,52.01,0.00,28.31,11.90
1927769.6385,51.79,0.00,28.35,11.83
1927769.6788,51.61,0.00,28.38,11.81
1927769.7106,49.77,0.00,27.81,11.53
1927769.7428,48.21,0.00,27.34,11.45
1927769.7745,46.89,0.00,26.94,11.51
1927769.8063,45.79,0.00,26.60,10.99
1927769.8301,42.64,0.00,25.40,11.08
1927769.8630,39.97,0.00,24.40,11.32
1927769.8954,37.70,0.00,23.56,11.61
1927769.9261,35.77,0.00,22.85,10.88
1927769.9595,34.14,0.00,22.25,10.19
1927769.9899,32.75,0.00,21.74,9.54
1927770.0135,29.78,0.00,20.81,9.98
1927770.0448,27.28,0.00,20.02,9.45
1927770.0770,25.17,0.00,19.36,8.90
1927770.1092,23.38,0.00,18.80,8.35
1927770.1404,21.88,0.00,18.32,7.81
1927770.1723,20.60,0.00,17.92,7.06
1927770.2123,17.42,0.00,16.38,7.10
1927770.2459,14.79,0.00,15.07,7.21
1927770.2790,0.00,12.63,13.97,7.37
1927770.3109,0.00,10.76,12.97,7.39
1927770.3424,0.00,9.27,12.12,7.37
1927770.3732,0.00,8.09,11.40,7.32
1927770.4137,0.00,7.20,10.79,7.24
1927770.4448,0.00,6.56,10.26,7.09
1927770.4767,0.00,6.11,9.81,6.91
1927770.5086,0.00,5.82,9.43,6.73
1927770.5405,0.00,5.64,9.10,6.53
1927770.5722,0.00,5.53,8.80,6.35
1927770.5961,0.00,5.48,8.53,6.17
1927770.6278,0.00,5.47,8.31,5.97
1927770.6598,0.00,5.47,8.10,5.78
1927770.6925,0.00,5.46,7.96,5.54
1927770.7250,0.00,5.45,7.83,5.32
1927770.7575,0.00,5.46,7.73,5.13
1927770.7896,0.00,5.47,7.63,4.96
1927770.8134,0.00,5.48,7.55,4.79
1927770.8460,0.00,5.49,7.48,4.64
1927770.8778,0.00,5.50,7.42,4.51
1927770.9093,0.00,5.51,7.36,4.39
1927770.9410,0.00,5.52,7.32,4.28
1927770.9727,0.00,5.53,7.28,4.18
1927770.9967,0.00,5.53,7.25,4.09
1927771.0284,0.00,5.54,7.22,4.01
1927771.0616,0.00,5.54,7.20,3.93
1927771.0946,0.00,5.54,7.18,3.86
1927771.1253,0.00,5.54,7.17,3.81
1927771.1572,0.00,5.55,7.15,3.76
1927771.1962,0.00,5.56,7.14,3.71
1927771.2285,0.00,5.56,7.13,3.67
1927771.2607,0.00,5.59,7.12,3.64
1927771.2928,0.00,5.61,7.12,3.60
1927771.3255,0.00,5.62,7.12,3.57
1927771.3578,0.00,5.63,7.12,3.59
1927771.3897,0.00,5.62,7.12,3.54
1927771.4299,0.00,5.61,7.12,3.50
1927771.4617,0.00,5.60,7.12,3.46
1927771.4927,0.00,5.68,7.11,3.50
1927771.5248,0.00,5.67,7.10,3.48
1927771.5566,0.00,5.67,7.10,3.46
1927771.5896,0.00,5.67,7.09,3.46
1927771.6294,0.00,5.67,7.09,3.46
1927771.6609,0.00,5.67,7.08,3.46
1927771.6930,0.00,5.67,7.08,3.46
1927771.7250,0.00,5.67,7.08,3.47
1927771.7573,0.00,5.68,7.08,3.48
1927771.7897,0.00,5.68,7.07,3.48
1927771.8207,0.00,5.68,7.07,3.49
1927771.8452,0.00,5.69,7.07,3.51
1927771.8766,0.00,5.69,7.07,3.52
1927771.9090,0.00,5.70,7.07,3.54
1927771.9418,0.00,5.71,7.07,3.55
1927771.9735,0.00,5.71,7.07,3.57
1927772.0049,0.00,5.72,7.07,3.58
1927772.0294,0.00,5.73,7.07,3.60
1927772.0614,0.00,5.73,7.08,3.62
1927772.0935,0.00,5.74,7.08,3.63
1927772.1264,0.00,5.74,7.08,3.65
1927772.1583,0.00,5.75,7.08,3.67
1927772.1906,0.00,5.75,7.08,3.68
1927772.2225,0.00,5.75,7.08,3.69
1927772.2462,0.00,5.75,7.08,3.70
1927772.2780,0.00,5.75,7.08,3.71
1927772.3103,0.00,5.75,7.08,3.72
1927772.3422,0.00,5.75,7.08,3.73
1927772.3741,0.00,5.75,7.09,3.74
1927772.4064,0.00,5.75,7.09,3.75
1927772.4459,0.00,5.75,7.09,3.75
1927772.4780,0.00,5.75,7.09,3.75
1927772.5106,0.00,5.75,7.09,3.76
1927772.5423,0.00,5.75,7.09,3.76
1927772.5748,0.00,5.75,7.09,3.76
1927772.6070,0.00,5.76,7.10,3.76
1927772.6393,0.00,5.76,7.10,3.76
1927772.6793,0.00,5.76,7.10,3.76
1927772.7113,0.00,5.76,7.10,3.76
1927772.7435,0.00,5.76,7.10,3.76
1927772.7752,0.00,5.76,7.10,3.76
1927772.8072,0.00,5.76,7.10,3.76
1927772.8400,0.00,5.76,7.10,3.76
1927772.8802,0.00,5.77,7.10,3.76
1927772.9114,0.00,5.77,7.10,3.76
1927772.9431,0.00,5.77,7.10,3.75
1927772.9751,0.00,5.77,7.10,3.75
1927773.0073,0.00,5.77,7.10,3.75
1927773.0394,0.00,5.77,7.10,3.75
1927773.0716,0.00,5.77,7.10,3.75
1927773.0954,0.00,5.77,7.10,3.75
1927773.1280,0.00,5.77,7.10,3.74
1927773.1603,0.00,5.77,7.10,3.74
1927773.1925,0.00,5.77,7.10,3.74
1927773.2246,0.00,5.77,7.09,3.74
1927773.2568,0.00,5.77,7.09,3.74
1927773.2891,0.00,5.77,7.09,3.74
1927773.3132,0.00,5.77,7.09,3.74
1927773.3452,0.00,5.77,7.09,3.74
1927773.3786,0.00,5.77,7.09,3.73
1927773.4091,0.00,5.77,7.09,3.73
1927773.4411,0.00,5.77,7.09,3.73
1927773.4730,0.00,5.77,7.09,3.73
1927773.5056,0.00,5.77,7.09,3.73
1927773.5291,0.00,5.77,7.09,3.73
1927773.5606,0.00,5.77,7.09,3.73
1927773.5927,0.00,5.77,7.09,3.73
1927773.6244,0.00,5.77,7.09,3.73
1927773.6571,0.00,5.78,7.09,3.73
1927773.6894,0.00,5.78,7.09,3.73
1927773.7295,0.00,5.78,7.09,3.73
1927773.7613,0.00,5.77,7.09,3.73
1927773.7937,0.00,5.78,7.09,3.73
1927773.8262,0.00,5.78,7.09,3.73
1927773.8583,0.00,5.78,7.09,3.73
1927773.8906,0.00,5.78,7.09,3.73
1927773.9225,0.00,5.78,7.09,3.72
1927773.9624,0.00,5.78,7.09,3.72
1927773.9938,0.00,5.78,7.09,3.72
1927774.0258,0.00,5.78,7.09,3.72
1927774.0580,0.00,5.78,7.09,3.72
1927774.0898,0.00,5.78,7.09,3.72
1927774.1218,0.00,5.78,7.09,3.72
1927774.1622,0.00,5.78,7.10,3.72
1927774.1938,0.00,5.79,7.10,3.71
1927774.2250,0.00,5.79,7.09,3.71
1927774.2574,0.00,5.79,7.09,3.71
1927774.2900,0.00,5.79,7.09,3.71
1927774.3141,0.00,5.79,7.09,3.71
1927774.3453,0.00,5.79,7.09,3.71
1927774.3774,0.00,5.79,7.09,3.71
1927774.4090,0.00,5.79,7.09,3.70
1927774.4410,0.00,5.79,7.09,3.70
1927774.4732,0.00,5.79,7.09,3.70
1927774.4993,0.00,5.79,7.09,3.70
1927774.5291,0.00,5.79,7.09,3.70
1927774.5607,0.00,5.80,7.09,3.70
1927774.5926,0.00,5.80,7.09,3.69
1927774.6249,0.00,5.80,7.09,3.69
1927774.6568,0.00,5.80,7.09,3.69
1927774.6888,0.00,5.80,7.09,3.69
1927774.7197,0.00,5.81,7.09,3.69
1927774.7613,0.00,5.81,7.09,3.69
1927774.7931,0.00,5.81,7.09,3.69
1927774.8244,0.00,5.82,7.09,3.69
1927774.8558,0.00,5.82,7.10,3.69
1927774.8877,0.00,5.82,7.10,3.69
1927774.9286,0.00,5.82,7.10,3.69
1927774.9602,0.00,5.82,7.10,3.69
1927774.9810,0.00,5.82,7.10,3.69
1927775.0173,0.00,5.82,7.10,3.68
1927775.0572,0.00,5.82,7.11,3.68
1927775.0891,0.00,5.82,7.11,3.68
1927775.1131,0.00,5.82,7.11,3.68
1927775.1451,0.00,5.82,7.11,3.68
1927775.1852,0.00,5.81,7.11,3.67
1927775.2061,0.00,5.81,7.11,3.67
1927775.2446,0.00,5.81,7.11,3.67
1927775.2762,0.00,5.81,7.11,3.67
1927775.3083,0.00,5.81,7.11,3.67
1927775.3422,0.00,5.81,7.11,3.67
1927775.3749,0.00,5.82,7.11,3.67
1927775.4080,0.00,5.82,7.11,3.67
1927775.4461,0.00,5.82,7.11,3.67
1927775.4779,0.00,5.82,7.11,3.67
1927775.5109,0.00,5.82,7.11,3.67
1927775.5424,0.00,5.82,7.11,3.67
1927775.5744,0.00,5.82,7.11,3.67
1927775.6064,0.00,5.82,7.11,3.67
1927775.6460,0.00,5.82,7.11,3.67
1927775.6775,0.00,5.82,7.11,3.67
1927775.7097,0.00,5.82,7.11,3.67
1927775.7417,0.00,5.82,7.11,3.67
1927775.7648,0.00,5.82,7.11,3.67
1927775.7956,0.00,5.82,7.11,3.67
1927775.8274,0.00,5.82,7.11,3.67
1927775.8595,0.00,5.82,7.11,3.67
1927775.8918,0.00,5.82,7.10,3.67
1927775.9239,0.00,5.81,7.09,3.66
1927775.9563,0.00,5.81,7.09,3.66
1927775.9954,0.00,5.82,7.10,3.64
1927776.0284,0.00,5.82,7.12,3.62
1927776.0597,0.00,5.81,7.15,3.60
1927776.0920,0.00,5.81,7.17,3.57
1927776.1240,0.00,5.81,7.18,3.55
1927776.1565,0.00,5.80,7.19,3.54
1927776.1883,0.00,5.80,7.20,3.52
1927776.2283,0.00,5.80,7.21,3.51
1927776.2603,0.00,5.80,7.22,3.49
1927776.2919,0.00,5.80,7.22,3.48
1927776.3236,0.00,5.80,7.23,3.47
1927776.3557,0.00,5.80,7.23,3.46
1927776.3962,0.00,5.80,7.24,3.45
1927776.4273,0.00,5.80,7.24,3.44
1927776.4592,0.00,5.80,7.24,3.44
1927776.4915,0.00,5.99,7.61,3.42
1927776.5131,0.00,6.17,7.93,3.40
1927776.5557,0.00,6.32,8.20,3.39
1927776.5781,0.00,6.46,8.43,3.40
1927776.6107,0.00,6.43,8.33,3.45
1927776.6430,0.00,6.40,8.24,3.50
1927776.6756,0.00,6.37,8.17,3.55
1927776.7084,0.00,6.22,8.09,3.08
1927776.7398,6.90,0.00,7.30,3.50
1927776.7634,7.61,0.00,6.63,3.91
1927776.7957,8.29,0.00,6.05,4.27
1927776.8281,8.91,0.00,5.56,3.10
1927776.8606,11.74,0.00,3.80,4.03
1927776.8924,14.28,0.00,2.28,4.82
1927776.9248,16.48,0.00,0.98,4.00
1927776.9568,18.37,0.00,-0.14,3.26
1927776.9889,22.01,0.00,-1.61,4.20
1927777.0125,25.11,0.00,-2.88,4.94
1927777.0473,27.75,0.00,-3.97,4.63
1927777.0764,29.99,0.00,-4.91,4.27
1927777.1088,33.55,0.00,-6.11,5.31
1927777.1404,36.58,0.00,-7.17,6.12
1927777.1722,39.15,0.00,-8.08,5.88
1927777.2127,41.34,0.00,-8.87,5.60
1927777.2444,43.19,0.00,-9.56,5.33
1927777.2612,44.80,0.00,-10.18,5.10
1927777.3076,47.29,0.00,-11.43,5.46
1927777.3399,49.39,0.00,-12.52,5.72
1927777.3797,51.22,0.00,-13.45,5.91
1927777.4114,52.74,0.00,-14.35,6.09
1927777.4434,54.03,0.00,-15.12,6.22
1927777.4750,55.13,0.00,-15.78,6.31
1927777.5073,55.70,0.00,-16.30,6.27
1927777.5393,56.19,0.00,-16.74,6.33
1927777.5636,56.60,0.00,-17.12,6.38
1927777.5955,56.95,0.00,-17.44,6.44
1927777.6273,57.29,0.00,-17.71,6.49
1927777.6592,57.58,0.00,-17.94,6.68
1927777.6914,56.46,0.00,-17.50,6.42
1927777.7233,55.51,0.00,-17.12,6.26
1927777.7471,54.70,0.00,-16.80,6.17
1927777.7790,54.01,0.00,-16.54,6.39
1927777.8114,48.32,0.00,-13.65,5.59
1927777.8437,43.47,0.00,-11.30,6.42
1927777.8761,39.33,0.00,-9.36,7.80
1927777.9077,35.86,0.00,-7.74,6.33
1927777.9398,29.25,0.00,-5.45,8.15
1927777.9796,23.66,0.00,-3.55,9.66
1927778.0130,18.94,0.00,-1.96,8.54
1927778.0431,14.97,0.00,-0.62,7.32
1927778.0749,9.33,0.00,2.00,9.01
1927778.1068,0.00,6.10,4.21,10.24
1927778.1366,0.00,6.58,6.09,9.40
1927778.1769,0.00,11.68,9.09,11.16
1927778.2091,16.93,0.00,11.66,12.49
1927778.2355,21.57,0.00,13.87,13.47
1927778.2716,25.57,0.00,15.80,12.64
1927778.2960,28.99,0.00,17.47,11.80
1927778.3291,31.91,0.00,18.91,11.01
1927778.3610,35.88,0.00,20.70,11.70
1927778.3927,39.22,0.00,22.27,11.86
1927778.4246,42.06,0.00,23.64,11.95
1927778.4564,44.47,0.00,24.82,12.00
1927778.4802,46.85,0.00,25.78,12.21
1927778.5117,48.86,0.00,26.62,12.40
1927778.5435,50.58,0.00,27.33,12.54
1927778.5756,52.02,0.00,27.96,12.64
1927778.6075,53.17,0.00,28.45,12.65
1927778.6393,54.15,0.00,28.88,12.66
1927778.6794,54.98,0.00,29.24,12.68
1927778.7113,55.28,0.00,29.45,12.48
1927778.7431,55.53,0.00,29.63,12.44
1927778.7750,55.74,0.00,29.78,12.42
1927778.8065,55.96,0.00,29.92,12.42
1927778.8390,54.65,0.00,29.42,12.17
1927778.8634,53.54,0.00,29.01,11.96
1927778.8953,52.60,0.00,28.65,11.80
1927778.9266,51.83,0.00,28.35,11.67
1927778.9586,48.12,0.00,26.03,11.90
1927778.9905,44.96,0.00,24.11,11.62
1927779.0225,42.27,0.00,22.51,11.34
1927779.0464,40.04,0.00,21.16,11.05
1927779.0796,34.80,0.00,17.77,12.46
1927779.1106,30.35,0.00,14.96,12.14
1927779.1429,26.60,0.00,12.63,11.74
1927779.1750,23.43,0.00,10.67,11.27
1927779.2073,18.04,0.00,8.06,11.42
1927779.2388,0.00,13.77,5.86,11.40
1927779.2671,0.00,10.65,4.02,11.20
1927779.2943,0.00,8.79,2.44,10.85
1927779.3265,0.00,8.78,0.34,11.06
1927779.3587,11.16,0.00,-1.45,11.03
1927779.3912,14.10,0.00,-2.97,10.79
1927779.4238,18.75,0.00,-4.74,12.28
1927779.4571,22.91,0.00,-6.27,12.15
1927779.4802,26.53,0.00,-7.58,11.84
1927779.5132,29.63,0.00,-8.71,11.38
1927779.5455,33.30,0.00,-9.94,11.85
1927779.5775,36.43,0.00,-11.00,12.11
1927779.6098,39.10,0.00,-11.92,12.20
1927779.6417,41.37,0.00,-12.71,11.57
1927779.6740,43.59,0.00,-13.51,11.21
1927779.7058,45.48,0.00,-14.21,10.81
1927779.7455,47.09,0.00,-14.80,10.24
1927779.7776,48.48,0.00,-15.31,9.68
1927779.8116,49.51,0.00,-15.74,9.01
1927779.8416,50.39,0.00,-16.11,8.40
1927779.8737,51.14,0.00,-16.42,8.07
1927779.9055,51.28,0.00,-16.64,7.31
1927779.9458,51.40,0.00,-16.83,6.71
1927779.9783,51.50,0.00,-16.98,6.24
1927780.0104,51.62,0.00,-17.11,5.90
1927780.0422,49.66,0.00,-16.61,5.13
1927780.0599,47.99,0.00,-16.20,5.28
1927780.0903,46.57,0.00,-15.84,5.72
1927780.1226,45.36,0.00,-15.55,6.29
1927780.1627,40.82,0.00,-13.98,9.65
1927780.1944,36.95,0.00,-12.69,10.87
1927780.2262,33.66,0.00,-11.61,11.87
1927780.2579,30.88,0.00,-10.71,12.64
1927780.2898,24.88,0.00,-7.94,12.86
1927780.3135,19.85,0.00,-5.64,12.80
1927780.3451,15.66,0.00,-3.71,12.52
1927780.3729,12.26,0.00,-2.08,12.06
1927780.4132,0.00,8.00,0.27,12.06
1927780.4362,0.00,6.57,2.26,11.81
1927780.4791,0.00,7.97,3.96,11.37
1927780.4968,0.00,10.37,5.41,10.81
1927780.5275,14.86,0.00,7.24,11.12
1927780.5687,18.92,0.00,8.81,11.21
1927780.5932,22.45,0.00,10.16,11.13
1927780.6291,26.96,0.00,11.83,12.43
1927780.6573,30.82,0.00,13.27,12.55
1927780.6898,34.10,0.00,14.52,12.54
1927780.7218,36.89,0.00,15.60,12.45
1927780.7458,39.60,0.00,16.57,12.63
1927780.7778,41.90,0.00,17.41,12.58
1927780.8095,43.85,0.00,18.13,12.48
1927780.8417,45.52,0.00,18.75,12.35
1927780.8746,46.89,0.00,19.26,12.14
1927780.9063,48.05,0.00,19.69,11.96
1927780.9462,49.04,0.00,20.06,11.78
1927780.9775,49.89,0.00,20.39,11.63
1927781.0094,50.50,0.00,20.64,11.38
1927781.0409,51.01,0.00,20.85,11.19
1927781.0733,51.45,0.00,21.03,11.09
1927781.0973,51.85,0.00,21.19,11.02
1927781.1285,51.47,0.00,21.02,10.51
1927781.1607,51.14,0.00,20.87,10.16
1927781.1925,50.86,0.00,20.75,10.08
1927781.2241,47.96,0.00,19.62,9.37
1927781.2563,45.50,0.00,18.68,9.48
1927781.2807,43.41,0.00,17.89,10.09
1927781.3123,41.62,0.00,17.23,8.87
1927781.3438,36.66,0.00,15.08,9.60
1927781.3767,32.43,0.00,13.31,10.45
1927781.4082,28.84,0.00,11.82,11.23
1927781.4401,25.79,0.00,10.58,9.79
1927781.4717,20.30,0.00,8.72,11.09
1927781.4959,15.74,0.00,7.15,12.12
1927781.5278,12.03,0.00,5.84,12.87
1927781.5598,0.00,9.16,4.73,11.49
1927781.5919,0.00,6.42,2.98,12.55
1927781.6238,0.00,7.24,1.50,13.26
1927781.6561,9.82,0.00,0.24,13.68
1927781.6962,12.60,0.00,-0.84,12.30
1927781.7278,17.28,0.00,-2.18,13.07
1927781.7595,21.38,0.00,-3.34,13.51
1927781.7873,24.91,0.00,-4.34,12.54
1927781.8236,29.27,0.00,-5.58,12.84
1927781.8556,32.98,0.00,-6.65,12.90
1927781.8958,36.15,0.00,-7.58,12.78
1927781.9277,38.85,0.00,-8.38,12.23
1927781.9601,41.28,0.00,-9.12,11.77
1927781.9919,43.38,0.00,-9.76,11.25
1927782.0236,45.16,0.00,-10.31,10.70
1927782.0556,46.68,0.00,-10.78,10.24
1927782.0801,47.81,0.00,-11.21,9.64
1927782.1120,48.80,0.00,-11.57,9.07
1927782.1437,49.64,0.00,-11.88,8.54
1927782.1755,50.35,0.00,-12.15,8.29
1927782.2079,50.34,0.00,-12.40,7.47
1927782.2398,50.34,0.00,-12.62,6.80
1927782.2637,50.35,0.00,-12.80,6.25
1927782.2954,50.35,0.00,-12.96,6.50
1927782.3273,48.25,0.00,-12.47,5.19
1927782.3590,46.47,0.00,-12.05,4.44
1927782.3911,44.95,0.00,-11.70,4.69
1927782.4239,43.67,0.00,-11.40,5.12
1927782.4554,39.12,0.00,-9.70,3.75
1927782.4955,35.25,0.00,-8.29,3.75
1927782.5113,31.96,0.00,-7.11,3.20
1927782.5429,29.17,0.00,-6.12,2.93
1927782.5749,23.40,0.00,-4.50,3.59
1927782.6067,18.53,0.00,-3.14,5.01
1927782.6461,14.46,0.00,-2.01,4.34
1927782.6780,8.92,0.00,-0.33,6.45
1927782.7095,0.00,6.07,1.09,8.11
1927782.7444,0.00,7.01,2.30,9.38
1927782.7636,0.00,9.74,3.32,8.47
1927782.7935,14.94,0.00,5.02,9.89
1927782.8252,19.63,0.00,6.48,10.92
1927782.8629,23.65,0.00,7.74,11.66
1927782.8951,27.10,0.00,8.83,11.03
1927782.9294,31.71,0.00,10.62,11.97
1927782.9611,35.63,0.00,12.18,12.64
1927782.9931,38.97,0.00,13.53,12.54
1927783.0246,42.50,0.00,15.11,13.04
1927783.0574,45.50,0.00,16.49,13.38
1927783.0888,48.06,0.00,17.68,13.61
1927783.1125,50.23,0.00,18.72,13.50
1927783.1438,52.33,0.00,19.72,13.59
1927783.1760,54.10,0.00,20.59,13.64
1927783.2076,55.61,0.00,21.34,13.65
1927783.2399,56.89,0.00,21.98,13.68
1927783.2726,57.90,0.00,22.51,13.61
1927783.2968,58.75,0.00,22.95,13.55
1927783.3287,59.52,0.00,23.35,13.50
1927783.3606,60.17,0.00,23.68,13.54
1927783.3928,60.08,0.00,23.85,13.20
1927783.4246,60.01,0.00,23.98,12.96
1927783.4567,59.97,0.00,24.10,12.81
1927783.4804,59.94,0.00,24.20,12.89
1927783.5129,57.28,0.00,23.30,12.14
1927783.5440,55.02,0.00,22.56,11.84
1927783.5764,53.14,0.00,21.93,11.84
1927783.6087,51.54,0.00,21.40,11.21
1927783.6404,47.05,0.00,19.85,11.33
1927783.6723,43.24,0.00,18.54,11.72
1927783.7128,40.01,0.00,17.46,10.51
1927783.7442,33.79,0.00,15.10,11.19
1927783.7762,28.52,0.00,13.15,11.99
1927783.8082,24.06,0.00,11.53,12.71
1927783.8399,20.29,0.00,10.18,11.37
1927783.8719,14.45,0.00,7.82,12.50
1927783.9121,0.00,9.82,5.83,13.39
1927783.9482,0.00,6.71,4.15,12.58
1927783.9757,0.00,5.78,2.73,11.66
1927784.0076,8.27,0.00,0.55,12.60
1927784.0398,11.88,0.00,-1.31,13.22
1927784.0637,15.30,0.00,-2.89,13.58
1927784.0920,18.32,0.00,-4.25,12.31
1927784.1300,22.69,0.00,-6.23,12.79
1927784.1622,26.43,0.00,-7.92,13.02
1927784.1939,29.62,0.00,-9.39,12.17
1927784.2260,33.27,0.00,-10.98,12.20
1927784.2579,36.36,0.00,-12.36,12.08
1927784.2898,39.00,0.00,-13.55,11.84
1927784.3134,41.23,0.00,-14.58,11.25
1927784.3457,43.30,0.00,-15.52,10.82
1927784.3785,45.06,0.00,-16.33,10.37
1927784.4099,46.56,0.00,-17.03,9.91
1927784.4418,47.84,0.00,-17.62,9.51
1927784.4737,48.80,0.00,-18.12,9.01
1927784.5054,49.62,0.00,-18.55,8.56
1927784.5297,50.34,0.00,-18.92,8.17
1927784.5617,50.96,0.00,-19.22,7.94
1927784.5937,51.15,0.00,-19.46,7.49
1927784.6252,51.31,0.00,-19.65,7.14
1927784.6569,51.46,0.00,-19.82,6.88
1927784.6894,51.60,0.00,-19.95,6.91
1927784.7293,50.39,0.00,-19.80,6.37
1927784.7617,49.37,0.00,-19.65,6.15
1927784.7939,48.51,0.00,-19.54,6.03
1927784.8252,44.87,0.00,-18.10,5.98
1927784.8571,41.78,0.00,-16.91,6.66
1927784.8887,39.16,0.00,-15.92,7.58
1927784.9286,36.92,0.00,-15.08,6.35
1927784.9606,35.03,0.00,-14.38,5.32
1927784.9926,33.40,0.00,-13.79,4.57
1927785.0244,27.98,0.00,-11.23,5.74
1927785.0571,23.40,0.00,-9.10,5.08
1927785.0895,19.54,0.00,-7.31,4.41
1927785.1296,13.14,0.00,-4.52,6.44
1927785.1615,8.37,0.00,-2.17,6.40
1927785.1940,0.00,6.10,-0.19,6.18
1927785.2187,0.00,6.97,1.50,5.84
1927785.2465,12.20,0.00,4.18,8.41
1927785.2790,17.57,0.00,6.48,9.36
1927785.3109,22.33,0.00,8.46,10.01
1927785.3542,26.45,0.00,10.18,10.42
1927785.3790,30.81,0.00,11.94,11.45
1927785.4062,34.52,0.00,13.46,11.79
1927785.4460,37.67,0.00,14.78,11.98
1927785.4778,40.35,0.00,15.93,12.07
1927785.5095,42.73,0.00,16.95,12.15
1927785.5427,44.75,0.00,17.83,12.17
1927785.5737,46.46,0.00,18.59,12.16
1927785.6058,47.81,0.00,19.24,12.00
1927785.6457,48.95,0.00,19.79,11.93
1927785.6774,49.93,0.00,20.27,11.87
1927785.7095,50.78,0.00,20.68,11.81
1927785.7414,51.51,0.00,21.03,11.77
1927785.7735,52.12,0.00,21.33,11.97
1927785.8054,52.04,0.00,21.48,11.75
1927785.8296,52.00,0.00,21.61,11.59
1927785.8618,51.97,0.00,21.72,11.46
1927785.8941,51.94,0.00,21.82,11.84
1927785.9260,49.43,0.00,20.88,10.95
1927785.9581,47.31,0.00,20.09,10.28
1927785.9906,45.50,0.00,19.43,9.96
1927786.0223,43.97,0.00,18.88,9.88
1927786.0458,38.36,0.00,16.14,8.14
1927786.0782,33.62,0.00,13.88,7.61
1927786.1100,29.60,0.00,12.01,6.97
1927786.1422,26.20,0.00,10.45,6.39
1927786.1742,20.46,0.00,7.62,6.60
1927786.2064,15.73,0.00,5.25,7.42
1927786.2421,0.00,11.99,3.26,6.84
1927786.2623,0.00,9.27,1.58,6.21
1927786.2944,0.00,7.12,-0.51,7.30
1927786.3266,0.00,8.23,-2.28,8.22
1927786.3584,10.77,0.00,-3.80,8.91
1927786.3904,14.95,0.00,-5.47,10.98
1927786.4224,18.84,0.00,-6.91,11.40
1927786.4629,22.25,0.00,-8.14,11.57
1927786.4801,25.19,0.00,-9.20,11.57
1927786.5257,28.79,0.00,-10.40,11.64
1927786.5459,31.86,0.00,-11.43,11.55
1927786.5810,34.48,0.00,-12.32,11.32
1927786.6124,36.71,0.00,-13.09,11.01
1927786.6443,39.11,0.00,-13.95,11.14
1927786.6763,41.16,0.00,-14.69,10.60
1927786.7089,42.90,0.00,-15.33,10.04
1927786.7411,44.38,0.00,-15.88,9.48
1927786.7733,45.69,0.00,-16.37,8.97
1927786.8051,46.81,0.00,-16.79,8.48
1927786.8290,47.76,0.00,-17.16,8.03
1927786.8611,48.57,0.00,-17.47,7.61
1927786.8936,49.26,0.00,-17.73,7.29
1927786.9248,49.80,0.00,-17.94,6.93
1927786.9564,50.25,0.00,-18.12,6.63
1927786.9800,50.64,0.00,-18.27,6.38
1927787.0120,50.98,0.00,-18.40,6.26
1927787.0438,51.08,0.00,-18.51,6.05
1927787.0766,51.17,0.00,-18.60,5.90
1927787.1077,51.25,0.00,-18.68,5.79
1927787.1396,51.31,0.00,-18.75,5.97
1927787.1802,51.37,0.00,-18.81,6.19
1927787.2110,51.43,0.00,-18.87,6.44
1927787.2430,49.12,0.00,-18.14,5.44
1927787.2747,47.17,0.00,-17.52,5.27
1927787.3065,45.52,0.00,-17.01,5.19
1927787.3386,44.11,0.00,-16.57,5.19
1927787.3624,38.54,0.00,-14.31,4.24
1927787.3942,33.81,0.00,-12.44,4.40
1927787.4264,29.81,0.00,-10.89,4.65
1927787.4586,26.42,0.00,-9.59,4.84
1927787.4904,20.55,0.00,-6.97,5.54
1927787.5226,15.72,0.00,-4.77,6.05
1927787.5463,11.89,0.00,-2.93,6.35
1927787.5781,9.07,0.00,-1.37,6.44
1927787.6100,0.00,7.11,1.29,7.24
1927787.6372,0.00,9.00,3.54,7.74
1927787.6776,0.00,12.16,5.47,8.01
1927787.7099,16.77,0.00,7.67,9.54
1927787.7336,20.90,0.00,9.57,9.93
1927787.7705,24.48,0.00,11.21,10.13
1927787.8059,27.56,0.00,12.62,10.20
1927787.8391,30.63,0.00,13.89,10.61
1927787.8560,33.24,0.00,14.99,10.68
1927787.8951,35.47,0.00,15.93,10.68
1927787.9268,37.36,0.00,16.74,10.63
1927787.9587,38.99,0.00,17.47,10.57
1927787.9904,40.36,0.00,18.09,10.48
1927788.0224,41.53,0.00,18.62,10.39
1927788.0465,42.52,0.00,19.08,10.31
1927788.0785,43.31,0.00,19.44,10.17
1927788.1107,44.01,0.00,19.75,10.05
1927788.1429,44.60,0.00,20.02,9.96
1927788.1748,45.11,0.00,20.25,9.94
1927788.2076,45.00,0.00,20.26,9.61
1927788.2388,44.91,0.00,20.27,9.40
1927788.2637,44.84,0.00,20.29,9.28
1927788.2947,44.78,0.00,20.30,9.35
1927788.3264,42.73,0.00,19.44,8.89
1927788.3595,41.01,0.00,18.73,8.72
1927788.3908,39.55,0.00,18.12,8.13
1927788.4239,38.30,0.00,17.61,7.73
1927788.4547,34.05,0.00,15.70,7.42
1927788.4947,30.45,0.00,14.10,7.69
1927788.5271,27.39,0.00,12.77,6.85
1927788.5595,21.93,0.00,10.44,7.52
1927788.5915,17.34,0.00,8.50,8.39
1927788.6236,13.52,0.00,6.86,9.18
1927788.6555,10.41,0.00,5.48,8.20
1927788.6966,0.00,6.39,3.55,9.19
1927788.7278,0.00,5.10,1.90,9.94
1927788.7593,6.66,0.00,0.49,9.10
1927788.7913,10.64,0.00,-1.42,9.90
1927788.8232,14.53,0.00,-3.05,10.40
1927788.8555,17.95,0.00,-4.45,10.66
1927788.8957,20.90,0.00,-5.65,9.81
1927788.9276,24.53,0.00,-7.08,10.00
1927788.9598,27.63,0.00,-8.31,9.99
1927788.9845,30.26,0.00,-9.37,9.85
1927789.0245,33.03,0.00,-10.59,9.65
1927789.0570,35.37,0.00,-11.65,9.36
1927789.0801,37.36,0.00,-12.55,8.99
1927789.1114,39.06,0.00,-13.33,8.47
1927789.1434,40.54,0.00,-14.04,7.97
1927789.1753,41.80,0.00,-14.65,7.48
1927789.2073,42.87,0.00,-15.17,7.00
1927789.2397,43.78,0.00,-15.62,6.63
1927789.2631,44.58,0.00,-16.00,6.28
1927789.2956,45.07,0.00,-16.30,5.79
1927789.3276,45.49,0.00,-16.56,5.36
1927789.3597,45.84,0.00,-16.78,5.24
1927789.3919,45.28,0.00,-16.94,4.55
1927789.4238,44.80,0.00,-17.07,4.10
1927789.4557,44.40,0.00,-17.18,3.87
1927789.4965,44.07,0.00,-17.27,4.03
1927789.5278,41.28,0.00,-16.79,3.70
1927789.5603,38.92,0.00,-16.39,4.15
1927789.5919,36.91,0.00,-16.06,3.72
1927789.6239,31.59,0.00,-14.10,5.30
1927789.6559,27.07,0.00,-12.48,7.23
1927789.6959,23.24,0.00,-11.12,8.94
1927789.7280,19.99,0.00,-9.97,7.92
1927789.7598,14.22,0.00,-8.01,9.84
1927789.7919,9.44,0.00,-6.37,11.33
1927789.8237,5.72,0.00,-4.98,12.43
1927789.8760,0.00,4.18,-2.41,13.53
1927789.9074,7.92,0.00,-0.23,14.25
1927789.9398,11.96,0.00,1.64,14.67
1927789.9792,15.52,0.00,3.24,13.31
1927789.9954,20.56,0.00,5.78,13.92
1927790.0277,24.87,0.00,7.96,14.26
1927790.0598,28.54,0.00,9.85,14.40
1927790.0921,31.67,0.00,11.50,13.69
1927790.1242,35.22,0.00,13.34,13.81
1927790.1558,38.23,0.00,14.93,13.82
1927790.1954,40.78,0.00,16.30,13.54
1927790.2277,43.10,0.00,17.57,13.43
1927790.2601,45.06,0.00,18.65,13.28
1927790.2924,46.73,0.00,19.59,13.12
1927790.3244,48.14,0.00,20.40,12.95
1927790.3562,49.31,0.00,21.08,12.71
1927790.3960,50.30,0.00,21.67,12.50
1927790.4281,51.14,0.00,22.17,12.35
1927790.4603,51.88,0.00,22.61,12.22
1927790.4921,52.29,0.00,22.92,11.95
1927790.5240,52.63,0.00,23.19,11.73
1927790.5576,52.92,0.00,23.43,11.77
1927790.5890,51.91,0.00,23.03,11.24
1927790.6061,51.05,0.00,22.70,10.90
1927790.6450,50.32,0.00,22.42,10.70
1927790.6772,49.70,0.00,22.19,10.66
1927790.7093,46.69,0.00,20.83,10.06
1927790.7409,44.12,0.00,19.71,9.80
1927790.7729,41.94,0.00,18.76,9.76
1927790.7978,40.08,0.00,17.97,9.14
1927790.8292,35.68,0.00,16.20,9.21
1927790.8612,31.93,0.00,14.73,9.52
1927790.8930,28.74,0.00,13.50,9.90
1927790.9248,26.03,0.00,12.47,9.04
1927790.9568,21.00,0.00,10.32,10.07
1927790.9893,16.74,0.00,8.51,11.05
1927791.0132,13.16,0.00,7.00,11.87
1927791.0450,10.19,0.00,5.72,10.57
1927791.0773,0.00,5.53,3.59,11.78
1927791.1089,0.00,3.89,1.78,12.70
1927791.1406,5.97,0.00,0.24,13.35
1927791.1791,8.82,0.00,-1.07,12.15
1927791.2035,13.24,0.00,-2.70,12.71
1927791.2448,17.11,0.00,-4.09,13.01
1927791.2770,20.43,0.00,-5.28,12.22
1927791.3096,24.18,0.00,-6.52,12.26
1927791.3417,27.37,0.00,-7.59,12.12
1927791.3740,30.09,0.00,-8.51,11.84
1927791.4054,32.40,0.00,-9.30,11.23
1927791.4459,34.50,0.00,-9.98,10.69
1927791.4780,36.29,0.00,-10.57,10.11
1927791.5101,37.80,0.00,-11.07,9.57
1927791.5419,39.11,0.00,-11.51,9.01
1927791.5578,40.14,0.00,-11.89,8.38
1927791.5896,41.01,0.00,-12.21,7.78
1927791.6219,41.75,0.00,-12.49,7.22
1927791.6625,42.37,0.00,-12.73,6.88
1927791.6951,42.39,0.00,-12.94,6.10
1927791.7274,42.44,0.00,-13.10,5.45
1927791.7594,42.48,0.00,-13.25,4.93
1927791.7913,40.78,0.00,-12.85,3.69
1927791.8234,39.33,0.00,-12.52,3.58
1927791.8470,38.11,0.00,-12.24,3.85
1927791.8790,37.08,0.00,-12.00,4.29
1927791.9105,33.12,0.00,-10.47,7.09
1927791.9431,29.76,0.00,-9.20,7.15
1927791.9751,26.89,0.00,-8.14,7.07
1927792.0071,24.45,0.00,-7.24,6.88
1927792.0390,18.84,0.00,-5.13,9.96
1927792.0633,14.10,0.00,-3.37,9.82
1927792.0951,10.14,0.00,-1.88,9.48
1927792.1275,6.90,0.00,-0.62,8.99
1927792.1596,0.00,3.43,2.04,11.08
1927792.1956,0.00,5.68,4.29,11.12
1927792.2277,9.32,0.00,6.22,10.96
1927792.2601,12.64,0.00,7.86,10.65
1927792.2834,17.79,0.00,10.43,12.49
1927792.3090,22.18,0.00,12.65,12.51
1927792.3461,25.91,0.00,14.56,12.39
1927792.3781,29.09,0.00,16.20,12.18
1927792.4100,32.47,0.00,17.84,12.27
1927792.4420,35.36,0.00,19.26,12.26
1927792.4739,37.81,0.00,20.48,12.18
1927792.5058,39.89,0.00,21.54,12.08
1927792.5298,41.65,0.00,22.46,11.95
1927792.5619,43.13,0.00,23.24,11.82
1927792.5940,44.38,0.00,23.92,11.70
1927792.6273,45.42,0.00,24.46,11.54
1927792.6581,46.30,0.00,24.92,11.40
1927792.6899,47.07,0.00,25.33,11.29
1927792.7220,47.72,0.00,25.68,11.24
1927792.7459,48.07,0.00,25.88,11.06
1927792.7776,48.38,0.00,26.05,10.94
1927792.8096,48.65,0.00,26.20,10.87
1927792.8414,48.88,0.00,26.33,10.89
1927792.8734,47.78,0.00,25.75,10.41
1927792.9127,46.87,0.00,25.26,10.22
1927792.9443,46.09,0.00,24.85,10.25
1927792.9768,45.43,0.00,24.50,9.84
1927793.0088,41.88,0.00,23.54,10.03
1927793.0410,38.92,0.00,22.72,10.49
1927793.0727,36.41,0.00,22.03,9.52
1927793.0971,34.27,0.00,21.46,8.59
1927793.1286,29.67,0.00,20.15,9.70
1927793.1610,25.75,0.00,19.05,10.79
1927793.1924,22.43,0.00,18.13,9.58
1927793.2240,16.25,0.00,15.21,11.16
1927793.2559,11.17,0.00,12.76,12.54
1927793.2790,0.00,7.24,10.70,13.64
1927793.3112,0.00,4.96,8.95,12.33
1927793.3434,0.00,5.02,7.47,10.98
1927793.3762,8.40,0.00,5.07,11.88
1927793.4073,12.36,0.00,3.01,12.48
1927793.4462,15.95,0.00,1.25,11.96
1927793.4783,19.90,0.00,-0.61,12.15
1927793.5007,23.29,0.00,-2.21,12.13
1927793.5274,26.19,0.00,-3.58,11.95
1927793.5593,28.66,0.00,-4.77,11.39
1927793.5906,31.00,0.00,-5.97,10.99
1927793.6230,32.99,0.00,-7.01,10.53
1927793.6623,34.68,0.00,-7.90,10.04
1927793.6941,36.12,0.00,-8.66,9.45
1927793.7261,37.40,0.00,-9.35,8.92
1927793.7513,38.50,0.00,-9.94,8.39
1927793.7789,39.44,0.00,-10.45,7.88
1927793.8105,40.23,0.00,-10.89,7.40
1927793.8426,40.85,0.00,-11.26,6.91
1927793.8747,41.41,0.00,-11.57,6.46
1927793.9068,41.88,0.00,-11.84,6.16
1927793.9389,42.28,0.00,-12.06,5.89
1927793.9804,42.29,0.00,-12.26,5.40
1927794.0113,42.32,0.00,-12.42,5.01
1927794.0430,42.35,0.00,-12.56,5.08
1927794.0752,40.75,0.00,-12.21,4.21
1927794.1074,39.41,0.00,-11.92,3.81
1927794.1396,38.27,0.00,-11.67,3.79
1927794.1792,37.30,0.00,-11.46,3.65
1927794.2115,33.18,0.00,-9.93,3.82
1927794.2434,29.66,0.00,-8.66,4.83
1927794.2752,26.68,0.00,-7.59,3.77
1927794.3072,20.23,0.00,-4.83,5.60
1927794.3388,14.81,0.00,-2.53,7.36
1927794.3546,10.34,0.00,-0.59,8.78
1927794.3945,6.84,0.00,1.05,7.51
1927794.4226,0.00,4.63,2.45,6.26
1927794.4625,0.00,5.96,5.25,7.91
1927794.4800,10.28,0.00,7.65,9.18
1927794.5267,14.41,0.00,9.70,8.86
1927794.5457,19.24,0.00,11.86,9.63
1927794.5849,23.39,0.00,13.72,10.14
1927794.6096,26.94,0.00,15.33,10.46
1927794.6417,29.96,0.00,16.71,10.47
1927794.6737,32.55,0.00,17.96,10.47
1927794.7054,34.75,0.00,19.03,10.40
1927794.7456,36.63,0.00,19.95,10.30
1927794.7777,38.22,0.00,20.74,10.19
1927794.8098,39.60,0.00,21.39,10.06
1927794.8418,40.76,0.00,21.95,9.95
1927794.8737,41.75,0.00,22.42,9.87
1927794.9058,42.55,0.00,22.83,9.77
1927794.9379,43.23,0.00,23.18,9.70
1927794.9782,43.81,0.00,23.47,9.66
1927795.0100,44.32,0.00,23.73,9.69
1927795.0423,44.35,0.00,23.82,9.51
1927795.0742,44.37,0.00,23.90,9.40
1927795.1060,44.38,0.00,23.97,9.52
1927795.1460,41.92,0.00,22.99,8.92
1927795.1777,39.82,0.00,22.18,8.80
1927795.2096,38.04,0.00,21.49,8.97
1927795.2414,36.52,0.00,20.91,8.35
1927795.2733,32.08,0.00,19.24,9.02
1927795.3050,28.30,0.00,17.85,10.00
1927795.3299,25.09,0.00,16.69,10.99
1927795.3615,22.37,0.00,15.71,9.83
1927795.3931,16.83,0.00,13.39,11.32
1927795.4248,12.17,0.00,11.44,12.62
1927795.4570,8.33,0.00,9.80,13.65
1927795.4890,0.00,5.32,8.41,12.54
1927795.5128,0.00,3.35,6.41,13.06
1927795.5451,5.65,0.00,4.70,13.34
1927795.5771,8.66,0.00,3.25,13.41
1927795.6091,11.41,0.00,2.00,12.29
1927795.6411,15.04,0.00,0.35,12.38
1927795.6733,18.15,0.00,-1.06,12.29
1927795.7053,20.80,0.00,-2.27,11.32
1927795.7456,24.12,0.00,-3.89,11.39
1927795.7777,26.94,0.00,-5.29,11.30
1927795.8271,29.34,0.00,-6.49,10.63
1927795.8590,31.37,0.00,-7.52,9.93
1927795.8914,33.56,0.00,-8.55,9.67
1927795.9231,35.42,0.00,-9.44,9.33
1927795.9546,37.00,0.00,-10.21,8.78
1927795.9949,38.46,0.00,-10.88,8.34
1927796.0269,39.70,0.00,-11.45,7.88
1927796.0591,40.75,0.00,-11.95,7.42
1927796.0912,41.67,0.00,-12.36,7.02
1927796.1237,42.31,0.00,-12.70,6.49
1927796.1557,42.85,0.00,-12.98,6.01
1927796.1959,43.32,0.00,-13.22,5.77
1927796.2278,43.75,0.00,-13.43,5.54
1927796.2602,44.12,0.00,-13.60,5.34
1927796.2927,43.78,0.00,-13.50,4.60
1927796.3248,43.48,0.00,-13.42,4.59
1927796.3566,43.23,0.00,-13.35,4.60
1927796.3887,43.02,0.00,-13.28,4.62
1927796.4288,41.34,0.00,-12.22,4.64
1927796.4610,39.91,0.00,-11.33,4.75
1927796.4927,38.69,0.00,-10.57,4.93
1927796.5248,33.62,0.00,-7.99,2.84
1927796.5565,29.30,0.00,-5.85,2.62
1927796.5892,25.64,0.00,-4.05,2.56
1927796.6131,22.54,0.00,-2.54,2.53
1927796.6453,16.27,0.00,0.26,5.42
1927796.6770,11.05,0.00,2.60,6.19
1927796.7095,6.89,0.00,4.58,6.68
1927796.7327,0.00,4.26,6.25,6.92
1927796.7617,0.00,4.22,7.67,6.98
1927796.7933,0.00,5.94,8.88,5.46
1927796.8250,10.16,0.00,10.77,6.24
1927796.8577,14.07,0.00,12.39,6.77
1927796.8891,17.46,0.00,13.77,7.11
1927796.9213,20.37,0.00,14.96,6.78
1927796.9622,24.31,0.00,16.31,7.63
1927796.9944,27.66,0.00,17.48,8.26
1927797.0263,30.51,0.00,18.49,8.56
1927797.0583,32.95,0.00,19.36,8.75
1927797.0899,35.16,0.00,20.17,9.02
1927797.1220,37.04,0.00,20.87,9.21
1927797.1624,38.63,0.00,21.47,9.34
1927797.1952,39.94,0.00,21.98,9.40
1927797.2265,41.05,0.00,22.41,9.45
1927797.2587,41.99,0.00,22.79,9.49
1927797.2905,42.82,0.00,23.11,9.59
1927797.3226,43.19,0.00,23.33,9.44
1927797.3463,43.51,0.00,23.51,9.35
1927797.3783,43.78,0.00,23.67,9.30
1927797.4100,44.03,0.00,23.80,9.47
1927797.4417,42.51,0.00,23.14,9.00
1927797.4738,41.21,0.00,22.58,8.81
1927797.5057,40.11,0.00,22.10,8.41
1927797.5301,39.22,0.00,21.70,8.09
1927797.5619,38.46,0.00,21.35,7.85
1927797.5939,37.81,0.00,21.06,7.67
1927797.6252,34.85,0.00,20.17,7.04
1927797.6578,32.33,0.00,19.42,6.51
1927797.6894,30.19,0.00,18.79,6.06
1927797.7213,28.36,0.00,18.26,5.68
1927797.7613,22.59,0.00,16.28,5.48
1927797.7934,17.70,0.00,14.63,5.75
1927797.8255,13.60,0.00,13.24,6.12
1927797.8576,10.22,0.00,12.07,6.43
1927797.8901,0.00,7.50,11.08,5.13
1927797.9221,0.00,4.14,9.15,5.86
1927797.9624,5.26,0.00,7.51,6.47
1927797.9800,8.26,0.00,6.12,6.88
1927798.0266,13.71,0.00,4.30,8.42
1927798.0586,18.51,0.00,2.73,9.57
1927798.0972,22.64,0.00,1.38,10.38
1927798.1281,26.17,0.00,0.22,10.04
1927798.1599,30.17,0.00,-1.10,10.56
1927798.1921,33.58,0.00,-2.24,10.84
1927798.2238,36.47,0.00,-3.22,10.94
1927798.2556,38.92,0.00,-4.07,10.56
1927798.2792,41.25,0.00,-4.93,10.36
1927798.3112,43.24,0.00,-5.66,10.07
1927798.3432,44.94,0.00,-6.30,9.73
1927798.3758,46.38,0.00,-6.84,9.38
1927798.4075,47.60,0.00,-7.31,9.01
1927798.4393,48.64,0.00,-7.71,8.63
1927798.4791,49.52,0.00,-8.05,8.40
1927798.5111,50.20,0.00,-8.33,8.05
1927798.5433,50.77,0.00,-8.57,7.73
1927798.5749,51.26,0.00,-8.77,7.43
1927798.6064,51.68,0.00,-8.94,7.72
1927798.6461,52.07,0.00,-9.09,7.97
1927798.6782,52.40,0.00,-9.21,8.17
1927798.7108,49.88,0.00,-8.58,7.32
1927798.7422,47.75,0.00,-8.05,6.68
1927798.7745,45.94,0.00,-7.60,6.21
1927798.8067,40.66,0.00,-6.28,3.71
1927798.8386,36.16,0.00,-5.19,3.33
1927798.8628,32.34,0.00,-4.27,3.33
1927798.8952,29.09,0.00,-3.51,3.46
1927798.9274,23.75,0.00,-1.99,5.85
1927798.9591,19.22,0.00,-0.72,6.28
1927798.9910,15.40,0.00,0.36,6.48
1927799.0229,12.18,0.00,1.27,6.50
1927799.0471,6.88,0.00,3.79,9.30
1927799.0776,0.00,3.86,5.92,9.45
1927799.1098,0.00,5.11,7.74,9.38
1927799.1413,0.00,7.99,9.28,9.16
1927799.1728,12.62,0.00,11.16,10.67
1927799.2044,16.71,0.00,12.76,10.78
1927799.2354,20.23,0.00,14.14,10.74
1927799.2668,23.24,0.00,15.33,10.58
1927799.2988,26.53,0.00,16.45,11.03
1927799.3303,29.33,0.00,17.41,10.96
1927799.3618,31.71,0.00,18.24,10.83
1927799.3935,33.74,0.00,18.96,10.65
1927799.4243,35.69,0.00,19.67,10.65
1927799.4557,37.34,0.00,20.29,10.55
1927799.4876,38.75,0.00,20.82,10.44
1927799.5186,39.94,0.00,21.27,10.34
1927799.5502,40.95,0.00,21.65,10.24
1927799.5805,41.81,0.00,21.99,10.15
1927799.6121,42.54,0.00,22.27,10.09
1927799.6431,43.16,0.00,22.51,10.04
1927799.6731,43.50,0.00,22.74,9.97
1927799.7049,43.81,0.00,22.93,9.93
1927799.7368,44.08,0.00,23.10,9.92
1927799.7682,44.31,0.00,23.24,9.92
1927799.7993,44.50,0.00,23.36,9.94
1927799.8309,43.95,0.00,23.24,9.70
1927799.8626,43.48,0.00,23.15,9.59
1927799.8938,43.08,0.00,23.07,9.50
1927799.9256,42.74,0.00,23.00,9.44
1927799.9565,39.70,0.00,21.92,9.74
1927799.9869,37.12,0.00,21.01,9.49
1927800.0188,34.92,0.00,20.25,9.27
1927800.0481,33.06,0.00,19.61,9.05
1927800.1604,29.67,0.00,18.70,9.11
1927800.1894,25.18,0.00,17.31,10.33
1927800.2061,21.38,0.00,16.15,10.53
1927800.2381,18.17,0.00,15.17,10.61
1927800.2618,15.49,0.00,14.35,10.56
1927800.2941,13.24,0.00,13.65,10.41
1927800.3256,10.85,0.00,12.99,10.41
1927800.3586,0.00,8.89,12.43,10.31
1927800.3963,0.00,7.32,11.96,10.13
1927800.4295,0.00,6.11,11.54,9.84
1927800.4630,0.00,5.23,11.19,9.55
1927800.4943,0.00,4.63,10.90,9.23
1927800.5263,0.00,4.31,10.65,8.89
1927800.5583,0.00,4.18,10.42,8.55
1927800.5903,0.00,4.19,10.23,8.21
1927800.6223,0.00,4.29,10.07,7.88
1927800.6623,0.00,4.45,9.93,7.55
1927800.6943,0.00,4.53,9.86,7.16
1927800.7265,4.62,0.00,9.79,6.80
1927800.7589,4.71,0.00,9.73,6.46
1927800.7914,4.75,0.00,9.68,6.12
1927800.8234,4.79,0.00,9.63,5.84
1927800.8556,4.82,0.00,9.59,5.59
1927800.8954,4.91,0.00,9.60,5.35
1927800.9273,4.96,0.00,9.59,5.15
1927800.9590,5.00,0.00,9.58,4.96
1927800.9911,5.03,0.00,9.57,4.80
1927801.0229,5.09,0.00,9.56,4.65
1927801.0553,5.10,0.00,9.55,4.51
1927801.0793,5.12,0.00,9.55,4.38
1927801.1106,5.13,0.00,9.54,4.27
1927801.1431,5.14,0.00,9.54,4.17
1927801.1751,5.15,0.00,9.53,4.09
1927801.2078,5.15,0.00,9.53,4.01
1927801.2395,5.16,0.00,9.53,3.95
1927801.2715,5.16,0.00,9.53,3.89
1927801.2955,5.17,0.00,9.53,3.85
1927801.3278,5.17,0.00,9.53,3.81
1927801.3602,5.18,0.00,9.53,3.78
1927801.3926,5.17,0.00,9.53,3.75
1927801.4256,5.17,0.00,9.54,3.72
1927801.4567,5.17,0.00,9.54,3.70
1927801.4891,5.16,0.00,9.54,3.68
1927801.5131,5.16,0.00,9.54,3.67
1927801.5449,5.16,0.00,9.54,3.66
1927801.5759,5.16,0.00,9.54,3.65
1927801.6070,5.15,0.00,9.54,3.65
1927801.6396,5.15,0.00,9.54,3.64
1927801.6718,5.15,0.00,9.54,3.64
1927801.7115,5.15,0.00,9.54,3.64
1927801.7432,5.15,0.00,9.54,3.64
1927801.7791,5.16,0.00,9.54,3.64
1927801.8112,5.16,0.00,9.54,3.65
1927801.8428,5.16,0.00,9.54,3.65
1927801.8754,5.17,0.00,9.53,3.66
1927801.9075,5.17,0.00,9.53,3.66
1927801.9397,5.17,0.00,9.53,3.66
1927801.9718,5.18,0.00,9.53,3.67
1927801.9962,5.18,0.00,9.53,3.67
1927802.0292,5.18,0.00,9.53,3.68
1927802.0599,5.19,0.00,9.53,3.68
1927802.0919,5.19,0.00,9.53,3.69
1927802.1234,5.19,0.00,9.53,3.69
1927802.1559,5.19,0.00,9.53,3.70
1927802.1950,5.19,0.00,9.53,3.70
1927802.2267,5.19,0.00,9.53,3.71
1927802.2467,5.20,0.00,9.53,3.71
1927802.2792,5.20,0.00,9.53,3.72
1927802.3149,5.20,0.00,9.53,3.72
1927802.3457,5.20,0.00,9.53,3.73
1927802.3774,5.20,0.00,9.53,3.73
1927802.4091,5.20,0.00,9.53,3.73
1927802.4410,5.20,0.00,9.53,3.74
1927802.4736,5.20,0.00,9.52,3.74
1927802.4990,5.21,0.00,9.52,3.75
1927802.5287,5.21,0.00,9.52,3.75
1927802.5599,5.21,0.00,9.52,3.75
1927802.5924,5.21,0.00,9.52,3.75
1927802.6239,5.21,0.00,9.52,3.76
1927802.6555,5.20,0.00,9.52,3.76
1927802.6957,5.20,0.00,9.52,3.76
1927802.7277,5.20,0.00,9.52,3.77
1927802.7601,5.20,0.00,9.52,3.77
1927802.7808,5.20,0.00,9.52,3.77
1927802.8129,5.20,0.00,9.52,3.77
1927802.8399,5.20,0.00,9.52,3.78
1927802.8723,5.20,0.00,9.52,3.78
1927802.9125,5.20,0.00,9.52,3.78
1927802.9437,5.20,0.00,9.52,3.78
1927802.9757,5.20,0.00,9.52,3.79
1927803.0068,5.20,0.00,9.52,3.79
1927803.0386,5.20,0.00,9.52,3.79
1927803.0630,5.20,0.00,9.52,3.79
1927803.0948,5.20,0.00,9.52,3.79
1927803.1267,5.20,0.00,9.52,3.79
1927803.1585,5.20,0.00,9.52,3.79
1927803.1904,5.20,0.00,9.52,3.79
1927803.2224,5.20,0.00,9.52,3.80
1927803.2464,5.19,0.00,9.52,3.80
1927803.2790,5.19,0.00,9.52,3.80
1927803.3100,5.19,0.00,9.52,3.80
1927803.3415,5.19,0.00,9.52,3.80
1927803.3737,5.19,0.00,9.51,3.80
1927803.4058,5.19,0.00,9.51,3.80
1927803.4456,5.19,0.00,9.51,3.81
1927803.4669,5.19,0.00,9.51,3.81
1927803.4989,5.19,0.00,9.51,3.81
1927803.5300,5.19,0.00,9.51,3.81
1927803.5676,5.19,0.00,9.51,3.81
1927803.5893,5.19,0.00,9.51,3.81
1927803.6301,5.19,0.00,9.51,3.81
1927803.6603,5.19,0.00,9.51,3.81
1927803.6923,5.19,0.00,9.51,3.82
1927803.7247,5.19,0.00,9.51,3.82
1927803.7515,5.19,0.00,9.51,3.82
1927803.7790,5.19,0.00,9.51,3.82
1927803.8114,5.19,0.00,9.51,3.82
1927803.8441,5.18,0.00,9.51,3.82
1927803.8752,5.18,0.00,9.51,3.82
1927803.9070,5.18,0.00,9.51,3.81
1927803.9392,5.18,0.00,9.51,3.81
1927803.9792,5.18,0.00,9.51,3.81
1927803.9962,5.17,0.00,9.51,3.81
1927804.0290,5.17,0.00,9.51,3.81
1927804.0601,5.17,0.00,9.51,3.81
1927804.0916,5.17,0.00,9.51,3.81
1927804.1241,5.17,0.00,9.51,3.81
1927804.1561,5.17,0.00,9.51,3.81
1927804.1962,5.17,0.00,9.52,3.81
1927804.2280,5.17,0.00,9.52,3.81
1927804.2485,5.16,0.00,9.52,3.81
1927804.2890,5.16,0.00,9.52,3.81
1927804.3083,5.16,0.00,9.52,3.81
1927804.3403,5.16,0.00,9.52,3.81
1927804.3722,5.16,0.00,9.52,3.81
1927804.4128,5.16,0.00,9.52,3.81
1927804.4445,5.16,0.00,9.52,3.81
1927804.4774,5.16,0.00,9.52,3.81
1927804.5092,5.16,0.00,9.52,3.81
1927804.5417,5.16,0.00,9.52,3.81
1927804.5735,5.15,0.00,9.52,3.81
1927804.6054,5.15,0.00,9.53,3.81
1927804.6465,5.15,0.00,9.53,3.81
1927804.6779,5.15,0.00,9.53,3.81
1927804.7099,5.15,0.00,9.53,3.81
1927804.7413,5.15,0.00,9.53,3.81
1927804.7734,5.15,0.00,9.53,3.81
1927804.8054,5.15,0.00,9.53,3.81
1927804.8318,5.15,0.00,9.53,3.81
1927804.8619,5.15,0.00,9.53,3.81
1927804.8939,5.14,0.00,9.53,3.81
1927804.9258,5.14,0.00,9.53,3.81
1927804.9578,5.14,0.00,9.53,3.81
1927804.9815,5.14,0.00,9.53,3.81
1927805.0130,5.14,0.00,9.53,3.81
1927805.0449,5.14,0.00,9.53,3.81
1927805.0778,5.14,0.00,9.53,3.81
1927805.1078,5.14,0.00,9.53,3.81
1927805.1400,5.14,0.00,9.53,3.81
1927805.1791,5.14,0.00,9.53,3.81
1927805.2112,5.13,0.00,9.53,3.81
1927805.2437,5.13,0.00,9.53,3.81
1927805.2693,5.13,0.00,9.53,3.81
1927805.3072,5.13,0.00,9.53,3.81
1927805.3390,5.13,0.00,9.53,3.81
1927805.3723,5.13,0.00,9.53,3.81
