timestamp_s,flexion,abduction,ext_rot,elbow
1927831.0433,5.16,0.00,9.55,3.86
1927831.0811,5.16,0.00,9.55,3.86
1927831.1056,5.16,0.00,9.55,3.86
1927831.1447,5.16,0.00,9.55,3.86
1927831.1768,5.16,0.00,9.55,3.86
1927831.2126,5.16,0.00,9.55,3.86
1927831.2438,5.16,0.00,9.55,3.86
1927831.2758,5.16,0.00,9.55,3.86
1927831.3082,5.16,0.00,9.55,3.86
1927831.3405,5.16,0.00,9.55,3.86
1927831.3727,5.16,0.00,9.55,3.86
1927831.4108,5.16,0.00,9.55,3.86
1927831.4425,5.17,0.00,9.55,3.86
1927831.4658,5.17,0.00,9.56,3.86
1927831.4987,5.17,0.00,9.57,3.87
1927831.5389,5.18,0.00,9.57,3.88
1927831.5706,5.19,0.00,9.58,3.88
1927831.5949,5.19,0.00,9.58,3.89
1927831.6266,5.20,0.00,9.58,3.90
1927831.6591,5.20,0.00,9.58,3.90
1927831.6920,5.20,0.00,9.59,3.91
1927831.7288,5.21,0.00,9.59,3.91
1927831.7472,5.21,0.00,9.59,3.92
1927831.7785,5.22,0.00,9.59,3.92
1927831.8127,5.22,0.00,9.59,3.92
1927831.8445,5.22,0.00,9.59,3.93
1927831.8769,5.22,0.00,9.59,3.93
1927831.9088,5.23,0.00,9.59,3.93
1927831.9408,5.23,0.00,9.59,3.93
1927831.9726,5.23,0.00,9.59,3.93
1927831.9964,5.23,0.00,9.59,3.93
1927832.0280,5.23,0.00,9.59,3.93
1927832.0591,5.23,0.00,9.59,3.93
1927832.0910,5.24,0.00,9.58,3.93
1927832.1233,5.24,0.00,9.58,3.93
1927832.1552,5.24,0.00,9.59,3.94
1927832.1955,5.24,0.00,9.59,3.94
1927832.2169,5.24,0.00,9.59,3.94
1927832.2588,5.24,0.00,9.59,3.94
1927832.2806,5.24,0.00,9.59,3.94
1927832.3231,5.24,0.00,9.59,3.94
1927832.3454,5.24,0.00,9.58,3.94
1927832.3783,5.24,0.00,9.58,3.94
1927832.4097,5.24,0.00,9.58,3.94
1927832.4381,5.24,0.00,9.58,3.94
1927832.4779,5.24,0.00,9.58,3.94
1927832.5105,5.24,0.00,9.58,3.94
1927832.5420,5.25,0.00,9.58,3.94
1927832.5588,5.25,0.00,9.58,3.94
1927832.5905,5.25,0.00,9.58,3.94
1927832.6228,5.25,0.00,9.58,3.94
1927832.6549,5.24,0.00,9.58,3.94
1927832.6953,5.24,0.00,9.58,3.94
1927832.7270,5.24,0.00,9.58,3.94
1927832.7597,5.24,0.00,9.58,3.94
1927832.7919,5.24,0.00,9.58,3.94
1927832.8239,5.24,0.00,9.58,3.94
1927832.8558,5.24,0.00,9.58,3.94
1927832.8971,5.24,0.00,9.58,3.94
1927832.9269,5.24,0.00,9.58,3.94
1927832.9588,5.23,0.00,9.59,3.93
1927832.9908,5.23,0.00,9.59,3.93
1927833.0220,5.22,0.00,9.59,3.92
1927833.0541,5.22,0.00,9.59,3.94
1927833.0779,5.23,0.00,9.59,3.97
1927833.1095,5.23,0.00,9.59,3.99
1927833.1414,5.23,0.00,9.59,4.01
1927833.1733,5.23,0.00,9.59,4.02
1927833.2053,5.21,0.00,9.60,4.01
1927833.2297,5.21,0.00,9.60,4.00
1927833.2615,5.20,0.00,9.60,3.99
1927833.2931,5.20,0.00,9.60,3.98
1927833.3253,5.21,0.00,9.79,3.98
1927833.3568,5.22,0.00,9.81,3.97
1927833.3893,5.23,0.00,9.82,3.97
1927833.4285,5.39,0.00,11.31,4.12
1927833.4609,5.53,0.00,12.58,4.25
1927833.4926,5.66,0.00,13.64,4.37
1927833.5243,5.77,0.00,14.54,4.50
1927833.5567,6.22,0.00,17.42,4.94
1927833.5890,6.63,0.00,19.86,5.33
1927833.6126,0.00,6.99,21.94,5.67
1927833.6444,0.00,7.29,23.71,6.11
1927833.6763,0.00,7.78,27.55,6.68
1927833.7081,0.00,8.20,30.81,7.20
1927833.7401,0.00,8.57,33.59,7.65
1927833.7626,0.00,8.89,35.95,8.27
1927833.7944,0.00,9.32,39.92,8.86
1927833.8262,0.00,9.69,43.30,9.39
1927833.8583,0.00,10.01,46.17,9.86
1927833.8902,0.00,10.29,48.61,10.75
1927833.9217,0.00,10.56,53.03,11.25
1927833.9618,0.00,10.82,56.79,11.70
1927833.9937,0.00,11.06,59.98,12.75
1927834.0125,0.00,11.29,62.70,13.68
1927834.0579,0.00,11.21,67.49,14.15
1927834.0764,0.00,11.19,71.55,14.60
1927834.1052,0.00,11.20,75.01,15.14
1927834.1454,0.00,10.71,77.99,15.64
1927834.1775,0.00,10.32,80.52,16.11
1927834.2092,0.00,10.00,82.68,16.54
1927834.2414,0.00,9.74,84.50,17.03
1927834.2736,0.00,9.08,85.78,17.45
1927834.3058,0.00,8.54,86.87,17.85
1927834.3294,0.00,8.09,87.79,18.23
1927834.3613,0.00,7.73,88.58,18.28
1927834.3933,0.00,7.03,89.20,18.58
1927834.4250,0.00,6.45,89.73,18.84
1927834.4568,0.00,5.97,90.17,19.08
1927834.4884,0.00,5.55,90.56,19.25
1927834.5118,0.00,5.27,90.88,19.36
1927834.5437,0.00,5.04,91.15,19.46
1927834.5755,0.00,4.85,91.38,19.55
1927834.6073,0.00,4.74,91.56,19.57
1927834.6394,0.00,4.52,91.74,19.75
1927834.6727,0.00,4.33,91.89,19.90
1927834.7111,0.00,4.17,92.02,19.90
1927834.7432,0.00,3.92,92.14,20.06
1927834.7754,0.00,3.70,92.23,20.19
1927834.8076,0.00,3.52,92.32,20.30
1927834.8395,0.00,3.37,92.39,20.33
1927834.8718,0.00,3.23,92.44,20.39
1927834.9118,0.00,3.11,92.48,20.44
1927834.9436,0.00,3.01,92.52,20.47
1927834.9766,0.00,2.92,92.54,20.52
1927835.0075,0.00,2.86,92.58,20.55
1927835.0393,0.00,2.81,92.62,20.57
1927835.0712,0.00,2.76,92.65,20.59
1927835.0955,0.00,2.71,92.66,20.60
1927835.1267,0.00,2.68,92.68,20.64
1927835.1583,0.00,2.65,92.70,20.68
1927835.1903,0.00,2.63,92.71,20.71
1927835.2222,0.00,2.62,92.68,20.73
1927835.2541,0.00,2.62,92.75,20.78
1927835.2791,0.00,2.61,92.80,20.81
1927835.3112,0.00,2.60,92.85,20.84
1927835.3428,0.00,2.57,92.65,20.86
1927835.3749,0.00,2.60,92.74,20.93
1927835.4065,0.00,2.62,92.82,20.98
1927835.4380,0.00,2.65,92.89,21.03
1927835.4776,0.00,2.70,92.94,21.11
1927835.5101,0.00,2.75,92.98,21.17
1927835.5410,0.00,2.80,93.01,21.23
1927835.5731,0.00,2.86,93.04,21.27
1927835.5899,0.00,2.92,93.14,21.40
1927835.6285,0.00,2.98,93.22,21.52
1927835.6599,0.00,3.03,93.30,21.61
1927835.6918,0.00,3.12,93.35,21.68
1927835.7239,0.00,3.09,93.41,21.81
1927835.7555,0.00,3.07,93.46,21.93
1927835.7793,0.00,3.05,93.50,22.02
1927835.8113,3.04,0.00,93.54,22.88
1927835.8433,3.05,0.00,93.77,23.79
1927835.8759,3.07,0.00,93.95,24.61
1927835.9079,3.09,0.00,94.10,26.82
1927835.9410,3.11,0.00,94.23,28.85
1927835.9721,3.32,0.00,94.55,30.74
1927836.0047,3.48,0.00,94.74,32.45
1927836.0281,3.62,0.00,94.89,36.07
1927836.0601,3.74,0.00,95.03,39.36
1927836.0922,4.04,0.00,95.21,42.38
1927836.1243,4.31,0.00,95.37,45.11
1927836.1565,4.55,0.00,95.49,49.52
1927836.1883,4.69,0.00,95.64,53.41
1927836.2286,4.81,0.00,95.76,56.93
1927836.2601,4.91,0.00,95.86,60.11
1927836.2922,5.00,0.00,95.94,64.52
1927836.3103,4.93,0.00,95.98,68.42
1927836.3398,4.87,0.00,96.02,71.94
1927836.3733,4.83,0.00,96.05,75.11
1927836.4118,4.77,0.00,96.08,78.65
1927836.4438,4.67,0.00,96.07,81.84
1927836.4755,4.59,0.00,96.06,84.72
1927836.5076,4.52,0.00,96.05,87.52
1927836.5399,4.46,0.00,96.05,90.05
1927836.5715,4.41,0.00,96.06,92.31
1927836.5959,4.37,0.00,96.06,94.34
1927836.6280,4.34,0.00,96.07,96.18
1927836.6602,4.30,0.00,96.08,97.83
1927836.6925,4.31,0.00,96.09,99.32
1927836.7245,4.31,0.00,96.10,100.66
1927836.7568,4.32,0.00,96.10,101.72
1927836.7889,4.29,0.00,96.11,102.67
1927836.8128,4.27,0.00,96.12,103.53
1927836.8441,4.46,0.00,96.13,104.61
1927836.8765,4.63,0.00,96.15,105.04
1927836.9081,4.77,0.00,96.16,105.41
1927836.9400,4.90,0.00,96.17,105.74
1927836.9720,5.30,0.00,96.11,106.30
1927836.9961,5.65,0.00,96.06,105.69
1927837.0280,5.95,0.00,96.02,105.12
1927837.0591,6.21,0.00,95.98,104.60
1927837.0909,6.34,0.00,95.68,104.06
1927837.1230,6.45,0.00,95.43,102.19
1927837.1547,6.55,0.00,95.21,100.50
1927837.1946,6.63,0.00,95.04,98.98
1927837.2258,6.64,0.00,94.72,95.96
1927837.2576,6.65,0.00,94.45,93.24
1927837.2897,6.66,0.00,94.22,90.79
1927837.3216,6.67,0.00,94.03,88.59
1927837.3455,6.74,0.00,93.85,85.75
1927837.3780,6.80,0.00,93.70,83.19
1927837.4091,6.85,0.00,93.56,80.89
1927837.4409,6.90,0.00,93.45,78.81
1927837.4731,7.01,0.00,93.27,76.15
1927837.5054,7.10,0.00,93.12,73.75
1927837.5295,7.18,0.00,92.98,71.59
1927837.5611,7.24,0.00,92.89,69.64
1927837.5928,7.33,0.00,92.65,66.95
1927837.6250,7.41,0.00,92.45,64.53
1927837.6569,7.47,0.00,92.28,62.34
1927837.6889,7.44,0.00,92.13,60.32
1927837.7285,7.41,0.00,92.01,57.71
1927837.7604,7.39,0.00,91.90,55.36
1927837.7924,7.38,0.00,91.81,53.26
1927837.8239,7.36,0.00,91.76,51.36
1927837.8551,7.34,0.00,91.72,49.26
1927837.8952,7.33,0.00,91.68,47.37
1927837.9274,7.29,0.00,91.66,45.67
1927837.9589,7.26,0.00,91.63,44.09
1927837.9908,7.23,0.00,91.61,42.68
1927838.0230,7.21,0.00,91.59,41.41
1927838.0548,7.17,0.00,91.59,40.27
1927838.0785,7.14,0.00,91.59,39.25
1927838.1103,7.12,0.00,91.59,38.34
1927838.1423,7.10,0.00,91.59,37.52
1927838.1744,7.07,0.00,91.59,36.78
1927838.2068,7.05,0.00,91.60,36.14
1927838.2394,7.03,0.00,91.60,35.56
1927838.2627,7.01,0.00,91.60,35.04
1927838.2948,6.99,0.00,91.61,34.55
1927838.3266,6.97,0.00,91.61,34.13
1927838.3584,6.96,0.00,91.62,33.75
1927838.3905,6.95,0.00,91.62,33.41
1927838.4225,6.93,0.00,91.63,33.09
1927838.4621,6.91,0.00,91.64,32.82
1927838.4947,6.90,0.00,91.64,32.58
1927838.5125,6.89,0.00,91.65,32.37
1927838.5584,6.87,0.00,91.66,32.18
1927838.5901,6.85,0.00,91.66,32.01
1927838.6223,6.83,0.00,91.67,31.85
1927838.6621,6.81,0.00,91.68,31.72
1927838.6945,6.80,0.00,91.69,31.61
1927838.7268,6.78,0.00,91.70,31.51
1927838.7589,6.76,0.00,91.70,31.42
1927838.7912,6.76,0.00,91.72,31.36
1927838.8233,6.76,0.00,91.74,31.30
1927838.8550,6.76,0.00,91.76,31.25
1927838.8963,6.70,0.00,91.77,31.18
1927838.9279,6.66,0.00,91.77,31.17
1927838.9603,6.62,0.00,91.78,31.16
1927838.9919,6.59,0.00,91.78,31.15
1927839.0234,6.40,0.00,91.77,30.90
1927839.0555,6.24,0.00,91.75,31.51
1927839.0794,6.11,0.00,91.74,32.08
1927839.1113,5.99,0.00,91.72,32.60
1927839.1429,6.17,0.00,91.78,33.41
1927839.1748,6.33,0.00,91.83,36.13
1927839.2066,6.47,0.00,91.87,38.59
1927839.2305,6.59,0.00,91.91,40.81
1927839.2620,7.02,0.00,92.20,43.03
1927839.2954,7.39,0.00,92.45,47.63
1927839.3256,7.70,0.00,92.66,51.78
1927839.3571,7.97,0.00,92.83,55.51
1927839.3896,8.23,0.00,93.04,61.24
1927839.4225,8.45,0.00,93.22,66.40
1927839.4618,8.63,0.00,93.37,71.03
1927839.4938,8.67,0.00,93.47,75.14
1927839.5123,8.71,0.00,93.57,79.93
1927839.5586,8.74,0.00,93.65,84.24
1927839.5906,8.77,0.00,93.71,88.13
1927839.6229,8.77,0.00,93.82,91.61
1927839.6621,8.78,0.00,93.91,95.20
1927839.6942,8.78,0.00,93.99,98.43
1927839.7261,8.81,0.00,94.12,101.33
1927839.7585,8.83,0.00,94.22,104.48
1927839.7792,8.84,0.00,94.31,107.32
1927839.8126,8.86,0.00,94.39,109.88
1927839.8442,8.86,0.00,94.46,112.18
1927839.8763,8.87,0.00,94.51,114.44
1927839.9082,8.86,0.00,94.59,116.47
1927839.9410,8.85,0.00,94.65,118.30
1927839.9722,8.84,0.00,94.70,119.94
1927839.9960,8.83,0.00,94.75,121.39
1927840.0274,8.83,0.00,94.81,122.70
1927840.0596,8.82,0.00,94.87,123.89
1927840.0918,8.82,0.00,94.92,124.95
1927840.1237,8.82,0.00,94.96,125.91
1927840.1562,8.81,0.00,95.01,126.75
1927840.1879,8.80,0.00,95.05,127.51
1927840.2276,8.79,0.00,95.09,128.16
1927840.2600,8.78,0.00,95.12,128.74
1927840.2924,8.78,0.00,95.16,129.29
1927840.3247,8.79,0.00,95.19,129.78
1927840.3567,8.79,0.00,95.22,130.13
1927840.3885,8.81,0.00,95.24,130.51
1927840.4285,8.82,0.00,95.25,130.84
1927840.4606,8.84,0.00,95.27,131.14
1927840.4924,8.85,0.00,95.29,130.30
1927840.5245,8.94,0.00,95.19,129.59
1927840.5565,9.01,0.00,95.09,128.94
1927840.5886,9.07,0.00,95.02,126.20
1927840.6133,9.11,0.00,95.03,123.72
1927840.6447,9.19,0.00,94.80,121.48
1927840.6763,9.25,0.00,94.61,119.47
1927840.7086,9.31,0.00,94.44,115.36
1927840.7405,9.36,0.00,94.30,111.65
1927840.7726,9.28,0.00,94.05,108.22
1927840.8050,9.22,0.00,93.86,105.14
1927840.8292,9.17,0.00,93.69,99.77
1927840.8612,9.13,0.00,93.56,94.94
1927840.8931,9.08,0.00,93.24,90.53
1927840.9253,9.02,0.00,93.00,86.56
1927840.9573,8.98,0.00,92.79,80.97
1927840.9887,8.71,0.00,92.38,75.58
1927841.0127,8.50,0.00,92.04,70.76
1927841.0445,8.31,0.00,91.81,66.44
1927841.0766,8.17,0.00,91.61,61.80
1927841.1084,8.05,0.00,91.45,57.64
1927841.1406,7.95,0.00,91.31,53.91
1927841.1726,7.91,0.00,91.37,50.86
1927841.2129,7.87,0.00,91.43,48.13
1927841.2443,7.85,0.00,91.47,45.68
1927841.2765,7.84,0.00,91.53,43.48
1927841.2940,7.77,0.00,91.57,41.42
1927841.3245,7.72,0.00,91.60,39.62
1927841.3565,7.67,0.00,91.63,38.00
1927841.3885,7.62,0.00,91.67,36.56
1927841.4281,7.57,0.00,91.69,35.27
1927841.4599,7.53,0.00,91.71,34.11
1927841.4926,7.49,0.00,91.73,33.07
1927841.5247,7.46,0.00,91.75,32.14
1927841.5567,7.43,0.00,91.77,31.32
1927841.5883,7.42,0.00,91.80,30.58
1927841.6119,7.40,0.00,91.82,29.92
1927841.6438,7.39,0.00,91.84,29.33
1927841.6760,7.38,0.00,91.86,28.80
1927841.7080,7.38,0.00,91.88,28.32
1927841.7400,7.38,0.00,91.89,27.89
1927841.7719,7.37,0.00,91.90,27.51
1927841.7959,7.37,0.00,91.91,27.17
1927841.8282,7.35,0.00,91.92,26.86
1927841.8601,7.34,0.00,91.93,26.58
1927841.8922,7.32,0.00,91.93,26.33
1927841.9241,7.31,0.00,91.93,26.12
1927841.9560,7.30,0.00,91.93,25.93
1927841.9880,7.29,0.00,91.94,25.77
1927842.0117,7.25,0.00,91.93,25.54
1927842.0435,7.21,0.00,91.93,25.52
1927842.0755,7.20,0.00,91.93,25.51
1927842.1077,7.19,0.00,91.93,25.50
1927842.1399,7.24,0.00,91.88,25.40
1927842.1718,7.28,0.00,91.83,26.17
1927842.2120,7.32,0.00,91.79,26.88
1927842.2300,7.35,0.00,91.76,27.52
1927842.2758,6.75,0.00,91.74,28.02
1927842.3081,6.31,0.00,91.77,28.52
1927842.3403,0.00,5.99,91.79,29.02
1927842.3728,0.00,5.35,91.92,28.33
1927842.4122,0.00,5.26,92.07,29.27
1927842.4439,0.00,5.52,92.19,30.19
1927842.4762,0.00,5.95,92.29,31.09
1927842.5083,0.00,6.59,92.59,34.13
1927842.5406,0.00,7.17,92.85,36.96
1927842.5730,0.00,7.67,93.06,39.55
1927842.6051,0.00,8.13,93.38,42.01
1927842.6450,0.00,8.53,93.66,46.06
1927842.6770,0.00,8.86,93.89,49.74
1927842.7091,0.00,9.15,94.09,53.08
1927842.7411,0.00,9.27,94.38,56.34
1927842.7735,0.00,9.38,94.64,60.97
1927842.7965,0.00,9.48,94.85,65.13
1927842.8283,0.00,9.56,95.04,68.89
1927842.8603,0.00,9.49,95.31,72.50
1927842.8922,0.00,9.41,95.55,77.30
1927842.9242,0.00,9.34,95.75,81.62
1927842.9566,0.00,9.29,95.92,85.49
1927842.9882,0.00,8.98,96.04,89.63
1927843.0127,0.00,8.72,96.15,93.34
1927843.0453,0.00,8.49,96.24,96.68
1927843.0762,0.00,8.30,96.32,99.67
1927843.1080,0.00,8.15,96.41,102.57
1927843.1396,0.00,8.01,96.49,105.17
1927843.1718,0.00,7.89,96.56,107.51
1927843.2121,0.00,7.80,96.60,109.57
1927843.2437,0.00,7.72,96.64,111.51
1927843.2758,0.00,7.64,96.68,113.26
1927843.3078,0.00,7.57,96.70,114.83
1927843.3241,0.00,7.53,96.73,116.23
1927843.3567,0.00,7.49,96.76,117.49
1927843.3889,0.00,7.47,96.78,118.62
1927843.4285,0.00,7.44,96.80,119.64
1927843.4608,0.00,7.42,96.83,120.56
1927843.4924,0.00,7.41,96.85,121.38
1927843.5250,0.00,7.40,96.86,122.12
1927843.5558,0.00,7.39,96.88,122.78
1927843.5810,0.00,7.38,96.89,123.37
1927843.6109,0.00,7.36,96.89,123.90
1927843.6430,0.00,7.35,96.90,124.38
1927843.6751,0.00,7.34,96.91,124.81
1927843.7067,0.00,7.33,96.91,125.08
1927843.7386,0.00,7.32,96.92,125.32
1927843.7625,0.00,7.30,96.94,125.58
1927843.7947,0.00,7.28,96.96,125.82
1927843.8265,0.00,7.27,96.98,125.12
1927843.8587,0.00,7.19,97.05,124.48
1927843.8906,0.00,7.21,97.00,124.27
1927843.9227,0.00,7.25,96.96,124.07
1927843.9544,0.00,7.30,96.92,121.70
1927843.9943,0.00,7.40,96.64,119.62
1927844.0263,0.00,7.50,96.39,117.73
1927844.0582,0.00,7.59,96.18,116.01
1927844.0906,0.00,7.69,96.03,112.19
1927844.1231,0.00,7.70,95.85,108.83
1927844.1618,0.00,7.73,95.70,105.79
1927844.1935,0.00,7.75,95.57,101.43
1927844.2254,0.00,7.58,95.39,97.51
1927844.2574,0.00,7.44,95.23,93.98
1927844.2897,0.00,7.32,95.09,90.80
1927844.3224,0.00,7.22,94.98,86.06
1927844.3457,0.00,7.22,94.95,81.77
1927844.3785,0.00,7.22,94.94,77.90
1927844.4098,0.00,7.23,94.92,74.43
1927844.4418,0.00,7.23,94.91,69.73
1927844.4737,0.00,7.29,94.84,65.48
1927844.5053,0.00,7.34,94.78,61.67
1927844.5294,0.00,7.37,94.74,58.25
1927844.5613,0.00,7.40,94.70,54.58
1927844.5931,0.00,7.05,94.69,51.67
1927844.6249,0.00,6.77,94.69,49.05
1927844.6569,0.00,6.54,94.68,46.69
1927844.6891,0.00,6.35,94.68,44.55
1927844.7286,0.00,6.17,94.65,42.55
1927844.7608,0.00,6.03,94.62,40.75
1927844.7789,0.00,5.90,94.61,39.14
1927844.8085,0.00,5.79,94.59,37.77
1927844.8405,0.00,5.67,94.57,36.44
1927844.8727,0.00,5.57,94.55,35.26
1927844.9123,0.00,5.48,94.54,34.28
1927844.9439,0.00,5.41,94.53,33.40
1927844.9762,0.00,5.34,94.52,32.62
1927845.0086,0.00,5.20,94.52,31.77
1927845.0404,0.00,5.08,94.53,31.07
1927845.0727,0.00,4.99,94.53,30.46
1927845.1043,0.00,4.92,94.54,29.91
1927845.1285,0.00,4.78,94.53,29.40
1927845.1600,0.00,4.68,94.52,28.94
1927845.1920,0.00,4.59,94.51,28.52
1927845.2243,0.00,4.52,94.50,28.15
1927845.2562,0.00,4.47,94.52,27.79
1927845.2797,0.00,4.43,94.53,27.47
1927845.3115,0.00,4.40,94.54,27.18
1927845.3435,0.00,4.38,94.55,26.92
1927845.3758,0.00,4.35,94.58,26.68
1927845.4079,0.00,4.32,94.59,26.46
1927845.4397,0.00,4.31,94.61,26.26
1927845.4721,0.00,4.29,94.62,26.08
1927845.4959,0.00,4.18,94.63,25.94
1927845.5282,0.00,4.09,94.63,25.80
1927845.5598,0.00,4.02,94.64,25.68
1927845.5912,0.00,4.03,94.67,25.56
1927845.6230,0.00,3.95,94.62,25.42
1927845.6545,0.00,3.90,94.59,25.29
1927845.6950,0.00,3.87,94.56,25.34
1927845.7271,0.00,4.64,94.43,24.52
1927845.7511,0.00,5.33,94.32,23.82
1927845.7782,0.00,5.93,94.22,23.23
1927845.8097,0.00,6.44,94.14,23.88
1927845.8419,0.00,6.87,94.14,24.50
1927845.8745,8.87,0.00,93.59,23.38
1927845.9059,10.63,0.00,93.12,22.49
1927845.9373,12.15,0.00,92.72,22.00
1927845.9766,13.43,0.00,92.44,21.73
1927846.0085,14.53,0.00,92.20,21.55
1927846.0403,15.47,0.00,91.99,21.44
1927846.0727,16.22,0.00,91.94,21.46
1927846.0920,17.48,0.00,91.76,20.89
1927846.1273,18.56,0.00,91.60,20.45
1927846.1590,19.48,0.00,91.47,20.10
1927846.1904,20.17,0.00,91.61,19.84
1927846.2212,21.26,0.00,91.64,19.15
1927846.2612,22.19,0.00,91.66,18.95
1927846.2931,22.97,0.00,91.68,18.83
1927846.3367,24.13,0.00,91.79,18.22
1927846.3618,25.11,0.00,91.88,18.07
1927846.3953,25.95,0.00,91.96,17.99
1927846.4261,26.51,0.00,92.09,17.97
1927846.4580,27.39,0.00,92.15,17.60
1927846.4897,28.13,0.00,92.21,17.99
1927846.5222,28.76,0.00,92.25,18.40
1927846.5543,29.59,0.00,92.36,18.81
1927846.5888,30.32,0.00,92.97,20.45
1927846.6102,30.95,0.00,93.50,22.02
1927846.6423,31.48,0.00,93.94,23.49
1927846.6744,32.01,0.00,94.33,24.84
1927846.7065,32.41,0.00,94.77,27.81
1927846.7335,32.76,0.00,95.14,30.52
1927846.7768,33.06,0.00,95.46,32.98
1927846.8090,33.54,0.00,96.02,35.02
1927846.8407,33.95,0.00,96.49,39.04
1927846.8726,34.30,0.00,96.89,42.69
1927846.9130,34.61,0.00,97.24,45.98
1927846.9432,34.64,0.00,97.71,49.37
1927846.9751,34.67,0.00,98.10,55.12
1927847.0076,34.71,0.00,98.44,60.30
1927847.0380,34.71,0.00,98.72,64.94
1927847.0613,34.64,0.00,98.95,69.23
1927847.0932,34.57,0.00,99.15,74.80
1927847.1254,34.52,0.00,99.32,79.79
1927847.1571,34.45,0.00,99.44,84.28
1927847.1891,34.43,0.00,99.43,89.11
1927847.2213,0.00,34.42,99.43,93.46
1927847.2462,0.00,34.40,99.42,97.36
1927847.2772,0.00,34.39,99.41,100.87
1927847.3090,0.00,34.35,99.43,104.06
1927847.3411,0.00,34.30,99.45,106.92
1927847.3739,0.00,34.26,99.46,110.31
1927847.4056,0.00,34.33,99.39,113.24
1927847.4375,0.00,34.38,99.33,115.88
1927847.4774,0.00,34.39,99.25,118.26
1927847.5097,0.00,34.40,99.18,121.16
1927847.5412,0.00,34.66,98.83,123.48
1927847.5643,0.00,34.88,98.54,125.59
1927847.6047,0.00,35.00,98.29,127.59
1927847.6290,0.00,35.11,98.08,129.41
1927847.6607,35.07,0.00,97.83,131.14
1927847.6923,35.09,0.00,97.62,132.70
1927847.7243,35.10,0.00,97.44,134.05
1927847.7559,35.11,0.00,97.29,135.27
1927847.7881,35.10,0.00,97.28,136.45
1927847.8288,35.08,0.00,97.20,137.52
1927847.8606,35.07,0.00,97.13,138.40
1927847.8927,34.85,0.00,97.13,139.37
1927847.9246,34.67,0.00,97.12,140.23
1927847.9569,34.60,0.00,97.16,141.00
1927847.9893,34.54,0.00,97.20,141.18
1927848.0213,34.49,0.00,97.23,141.33
1927848.0445,34.44,0.00,97.25,141.47
1927848.0766,34.15,0.00,97.52,142.16
1927848.1089,33.90,0.00,97.74,141.51
1927848.1409,0.00,33.68,97.94,140.89
1927848.1726,0.00,33.46,98.09,140.31
1927848.2051,0.00,33.17,98.35,139.93
1927848.2453,0.00,32.93,98.57,139.56
1927848.2611,0.00,32.73,98.75,139.20
1927848.2928,0.00,32.53,98.92,136.78
1927848.3252,0.00,32.51,99.10,134.40
1927848.3572,0.00,32.50,99.26,132.25
1927848.3893,0.00,32.49,99.39,128.16
1927848.4216,0.00,32.49,99.52,124.47
1927848.4620,0.00,32.46,99.73,121.23
1927848.4935,0.00,32.44,99.91,118.30
1927848.5252,0.00,32.43,100.06,113.08
1927848.5583,0.00,32.46,100.17,108.27
1927848.5904,0.00,32.48,100.26,103.95
1927848.6289,0.00,32.51,100.34,99.08
1927848.6609,0.00,32.52,100.42,94.71
1927848.6930,0.00,32.52,100.47,90.73
1927848.7250,0.00,32.52,100.51,87.15
1927848.7570,0.00,32.53,100.55,83.30
1927848.7889,0.00,32.54,100.59,79.81
1927848.8126,0.00,32.56,100.61,76.67
1927848.8444,0.00,32.57,100.64,73.85
1927848.8770,0.00,32.59,100.66,71.18
1927848.9081,0.00,32.55,100.70,68.87
1927848.9400,0.00,32.52,100.74,66.79
1927848.9720,0.00,32.50,100.77,64.92
1927848.9962,0.00,32.48,100.79,63.13
1927849.0281,0.00,32.43,100.79,61.54
1927849.0600,0.00,32.39,100.79,60.11
1927849.0920,0.00,32.36,100.79,58.82
1927849.1239,0.00,32.33,100.79,57.64
1927849.1560,0.00,32.31,100.77,56.57
1927849.1951,0.00,32.29,100.75,55.60
1927849.2272,0.00,32.27,100.74,54.75
1927849.2591,0.00,32.25,100.73,53.98
1927849.2908,0.00,32.23,100.71,53.28
1927849.3231,0.00,32.22,100.70,52.65
1927849.3550,0.00,32.21,100.68,52.08
1927849.3953,0.00,32.20,100.67,51.57
1927849.4271,0.00,32.20,100.66,51.12
1927849.4590,0.00,32.19,100.65,50.70
1927849.4909,0.00,32.19,100.64,50.33
1927849.5230,0.00,32.19,100.63,50.00
1927849.5552,0.00,32.18,100.63,49.71
1927849.5792,0.00,32.17,100.62,49.44
1927849.6114,0.00,32.17,100.62,49.22
1927849.6437,0.00,32.28,100.58,48.90
1927849.6764,0.00,32.36,100.55,48.62
1927849.7077,0.00,32.44,100.53,49.09
1927849.7399,0.00,32.42,100.53,49.52
1927849.7720,0.00,32.74,100.49,49.63
1927849.7957,0.00,33.02,100.45,49.73
1927849.8271,0.00,33.25,100.42,52.16
1927849.8586,0.00,33.47,100.41,54.36
1927849.8906,0.00,33.79,100.56,56.33
1927849.9223,0.00,34.05,100.69,58.11
1927849.9543,0.00,34.28,100.80,62.01
1927849.9940,0.00,34.38,100.88,65.60
1927850.0257,0.00,34.47,100.95,68.84
1927850.0574,0.00,34.55,101.00,71.77
1927850.0893,0.00,34.62,101.04,76.43
1927850.1288,0.00,34.67,101.10,80.70
1927850.1605,0.00,34.72,101.16,84.54
1927850.1928,0.00,34.77,101.20,89.47
1927850.2244,0.00,34.95,101.26,93.77
1927850.2566,0.00,35.11,101.32,97.65
1927850.2885,0.00,35.24,101.36,101.14
1927850.3123,0.00,35.36,101.40,105.23
1927850.3437,0.00,35.46,101.41,108.88
1927850.3758,0.00,35.55,101.42,112.17
1927850.4075,0.00,35.63,101.43,115.14
1927850.4392,0.00,35.70,101.44,118.38
1927850.4792,0.00,35.75,101.46,121.31
1927850.4960,0.00,35.79,101.49,123.94
1927850.5422,0.00,35.83,101.50,126.31
1927850.5592,0.00,35.86,101.52,128.86
1927850.5901,0.00,35.90,101.53,131.15
1927850.6220,0.00,35.92,101.55,133.20
1927850.6616,0.00,35.95,101.56,135.06
1927850.6940,0.00,35.96,101.56,136.95
1927850.7262,0.00,35.99,101.56,138.64
1927850.7582,0.00,36.01,101.55,140.16
1927850.7903,0.00,36.02,101.55,141.60
1927850.8223,0.00,36.04,101.54,142.89
1927850.8460,0.00,36.04,101.52,144.06
1927850.8788,0.00,36.04,101.50,145.12
1927850.9107,0.00,36.04,101.48,146.01
1927850.9423,0.00,36.06,101.48,146.82
1927850.9747,0.00,35.95,101.41,147.66
1927851.0070,0.00,35.85,101.36,148.40
1927851.0388,0.00,35.78,101.32,148.41
1927851.0627,0.00,36.04,101.39,148.41
1927851.0949,0.00,35.54,101.31,149.17
1927851.1268,0.00,35.13,101.23,149.82
1927851.1586,0.00,34.77,101.17,148.57
1927851.1905,0.00,34.53,101.09,147.36
1927851.2227,0.00,34.33,101.02,146.25
1927851.2460,0.00,34.16,100.96,145.24
1927851.2776,0.00,34.01,100.91,142.07
1927851.3094,0.00,33.78,100.87,138.99
1927851.3415,0.00,33.58,100.84,136.22
1927851.3734,0.00,33.41,100.81,133.73
1927851.4050,0.00,33.27,100.79,129.46
1927851.4453,0.00,33.26,100.82,125.47
1927851.4777,0.00,33.26,100.85,121.88
1927851.5099,0.00,33.26,100.87,116.46
1927851.5417,0.00,33.23,100.89,111.58
1927851.5741,0.00,33.39,100.85,107.00
1927851.6062,0.00,33.52,100.81,102.89
1927851.6386,0.00,33.64,100.78,97.23
1927851.6783,0.00,33.83,100.68,91.99
1927851.7098,0.00,34.00,100.60,87.29
1927851.7417,0.00,34.14,100.53,83.07
1927851.7740,0.00,34.28,100.41,78.61
1927851.8056,0.00,34.28,100.43,74.79
1927851.8379,0.00,34.29,100.44,71.35
1927851.8614,0.00,34.29,100.46,68.25
1927851.8933,0.00,34.27,100.45,65.33
1927851.9242,0.00,34.33,100.43,62.62
1927851.9563,0.00,34.39,100.42,60.19
1927851.9887,0.00,34.44,100.41,58.03
1927852.0126,0.00,34.49,100.40,56.09
1927852.0443,0.00,34.53,100.38,54.31
1927852.0763,0.00,34.57,100.36,52.71
1927852.1081,0.00,34.59,100.35,51.29
1927852.1398,0.00,34.61,100.33,50.01
1927852.1719,0.00,34.64,100.33,48.87
1927852.2117,0.00,34.67,100.33,47.85
1927852.2437,0.00,34.69,100.32,46.92
1927852.2758,0.00,34.69,100.32,46.11
1927852.3076,0.00,34.68,100.32,45.38
1927852.3246,0.00,34.68,100.32,44.72
1927852.3555,0.00,34.67,100.32,44.10
1927852.3951,0.00,34.65,100.32,43.59
1927852.4274,0.00,34.63,100.33,43.12
1927852.4589,0.00,34.61,100.33,42.70
1927852.4919,0.00,34.62,100.34,42.23
1927852.5231,0.00,34.39,100.31,42.03
1927852.5548,0.00,34.19,100.27,41.85
1927852.5790,0.00,34.02,100.25,41.67
1927852.6115,0.00,33.86,100.22,41.08
1927852.6433,0.00,32.95,100.13,41.27
1927852.6753,0.00,32.17,100.05,41.41
1927852.7072,0.00,31.51,99.98,40.88
1927852.7388,0.00,30.93,99.92,40.37
1927852.7628,0.00,29.51,99.72,40.76
1927852.7944,0.00,28.29,99.55,41.06
1927852.8267,0.00,27.27,99.41,40.71
1927852.8586,0.00,26.42,99.26,40.34
1927852.8905,0.00,24.86,99.22,40.76
1927852.9229,0.00,23.54,99.18,41.06
1927852.9550,0.00,22.42,99.15,41.27
1927852.9948,0.00,21.01,99.08,41.81
1927853.0137,0.00,19.82,99.02,41.89
1927853.0430,0.00,18.81,98.98,41.91
1927853.0746,0.00,17.95,98.93,41.88
1927853.1063,0.00,17.21,98.90,41.75
1927853.1383,0.00,16.58,98.88,41.65
1927853.1783,0.00,16.04,98.86,41.53
1927853.2105,0.00,15.57,98.83,41.40
1927853.2421,0.00,15.15,98.81,41.36
1927853.2737,0.00,14.79,98.80,41.23
1927853.3058,0.00,14.49,98.78,41.10
1927853.3382,0.00,14.24,98.76,40.96
1927853.3626,0.00,13.99,98.72,40.77
1927853.3945,0.00,13.78,98.69,40.59
1927853.4263,0.00,13.60,98.66,40.42
1927853.4582,0.00,13.46,98.63,40.26
1927853.4906,0.00,13.21,98.59,40.23
1927853.5228,0.00,12.99,98.56,40.20
1927853.5552,0.00,12.81,98.53,40.16
1927853.5789,0.00,12.66,98.51,40.12
1927853.6111,0.00,12.62,98.48,40.06
1927853.6431,0.00,12.59,98.46,40.00
1927853.6751,0.00,12.56,98.43,39.94
1927853.7073,0.00,12.71,98.44,39.73
1927853.7393,0.00,12.84,98.45,39.54
1927853.7716,0.00,12.94,98.45,39.37
1927853.7953,0.00,13.03,98.46,39.24
1927853.8275,0.00,13.02,98.41,39.36
1927853.8593,0.00,13.02,98.37,39.47
1927853.8912,0.00,13.02,98.33,39.56
1927853.9230,0.00,13.02,98.30,39.45
1927853.9553,0.00,13.06,98.22,39.42
1927853.9871,0.00,13.10,98.16,39.38
1927854.0112,0.00,13.13,98.10,39.34
1927854.0423,0.00,13.16,98.05,39.31
1927854.0748,0.00,13.46,97.89,39.16
1927854.1070,0.00,13.73,97.74,39.02
1927854.1389,0.00,13.96,97.62,38.89
1927854.1710,0.00,14.14,97.54,38.77
1927854.2115,0.00,14.62,97.28,38.41
1927854.2436,0.00,15.04,97.06,38.10
1927854.2749,0.00,15.39,96.87,37.78
1927854.2926,0.00,15.68,96.71,37.49
1927854.3385,0.00,15.93,96.58,37.25
1927854.3625,0.00,16.15,96.47,37.04
1927854.3944,0.00,16.64,96.27,36.23
1927854.4267,0.00,17.05,96.10,35.54
1927854.4586,0.00,17.40,95.95,34.93
1927854.4904,0.00,18.20,95.89,33.89
1927854.5225,0.00,18.87,95.84,32.41
1927854.5459,0.00,19.49,95.77,31.13
1927854.5779,0.00,20.02,95.71,30.02
1927854.6094,0.00,20.50,96.04,29.38
1927854.6412,0.00,20.91,96.32,29.00
1927854.6730,0.00,21.31,96.51,28.67
1927854.7048,0.00,21.65,96.68,28.38
1927854.7450,0.00,21.84,96.90,28.74
1927854.7772,0.00,22.01,97.08,29.07
1927854.8086,0.00,22.16,97.24,29.35
1927854.8403,0.00,22.29,97.37,29.59
1927854.8727,0.00,22.07,97.45,30.35
1927854.9044,0.00,21.98,97.53,31.00
1927854.9447,0.00,21.92,97.59,31.56
1927854.9765,0.00,21.67,97.61,32.24
1927855.0085,0.00,21.46,97.62,32.95
1927855.0402,0.00,21.29,97.63,33.56
1927855.0731,0.00,21.15,97.63,34.09
1927855.0961,0.00,20.92,97.75,34.42
1927855.1283,0.00,20.72,97.84,34.84
1927855.1606,0.00,20.54,97.91,35.20
1927855.1922,0.00,20.40,97.98,35.52
1927855.2240,0.00,20.20,98.03,35.41
1927855.2560,0.00,20.05,98.08,35.88
1927855.2881,0.00,19.92,98.12,36.31
1927855.3127,0.00,19.71,98.18,36.71
1927855.3446,0.00,19.43,98.26,38.22
1927855.3772,0.00,19.19,98.33,39.61
1927855.4093,0.00,19.00,98.39,40.87
1927855.4409,0.00,18.86,98.42,42.02
1927855.4730,0.00,18.59,98.66,44.32
1927855.5049,0.00,18.35,98.86,46.39
1927855.5290,0.00,18.16,99.04,48.27
1927855.5611,0.00,18.03,99.17,49.96
1927855.5928,0.00,17.77,99.35,52.23
1927855.6250,0.00,17.56,99.50,54.27
1927855.6569,0.00,17.38,99.63,56.12
1927855.6894,0.00,17.19,99.69,57.59
1927855.7215,0.00,17.04,99.74,59.30
1927855.7478,0.00,16.91,99.79,60.86
1927855.7777,0.00,16.80,99.82,62.26
1927855.8096,0.00,16.74,99.93,63.62
1927855.8419,0.00,16.68,100.02,66.15
1927855.8742,0.00,16.62,100.08,68.42
1927855.9058,0.00,16.56,100.14,70.48
1927855.9367,0.00,16.51,100.20,72.36
1927855.9780,0.00,16.51,100.29,74.57
1927856.0107,0.00,16.50,100.37,76.57
1927856.0283,0.00,16.50,100.43,78.36
1927856.0734,0.00,16.50,100.42,80.42
1927856.1054,0.00,16.56,100.46,82.28
1927856.1374,0.00,16.61,100.49,83.95
1927856.1776,0.00,16.59,100.58,85.61
1927856.2094,0.00,16.56,100.65,88.13
1927856.2413,0.00,16.53,100.71,90.40
1927856.2741,0.00,16.51,100.76,92.43
1927856.3056,0.00,16.41,100.77,94.34
1927856.3295,0.00,16.33,100.78,96.04
1927856.3613,0.00,16.27,100.78,97.57
1927856.3934,0.00,16.21,100.79,99.67
1927856.4257,0.00,16.18,100.76,101.51
1927856.4583,0.00,16.15,100.75,103.16
1927856.4903,0.00,16.12,100.73,104.74
1927856.5220,0.00,16.10,100.72,106.15
1927856.5539,0.00,16.11,100.74,107.40
1927856.5782,0.00,16.10,100.75,108.53
1927856.6102,0.00,16.10,100.76,109.56
1927856.6421,0.00,16.10,100.76,110.48
1927856.6740,0.00,16.10,100.75,111.35
1927856.7062,0.00,16.07,100.75,112.13
1927856.7382,0.00,16.06,100.75,112.59
1927856.7624,0.00,16.04,100.75,113.00
1927856.7941,0.00,16.07,100.70,113.63
1927856.8260,0.00,16.04,100.65,114.18
1927856.8580,0.00,16.03,100.61,113.53
1927856.8899,0.00,15.98,100.54,112.99
1927856.9220,0.00,15.94,100.49,112.50
1927856.9617,0.00,15.93,100.50,112.05
1927856.9936,0.00,15.92,100.51,108.72
1927857.0263,0.00,15.92,100.44,105.64
1927857.0576,0.00,15.95,100.43,102.87
1927857.0895,0.00,15.96,100.42,97.96
1927857.1214,0.00,15.98,100.41,93.53
1927857.1618,0.00,15.87,100.52,89.68
1927857.1936,0.00,15.78,100.59,86.21
1927857.2259,0.00,15.71,100.64,81.09
1927857.2582,0.00,15.66,100.60,76.42
1927857.2903,0.00,15.63,100.59,72.23
1927857.3221,0.00,15.60,100.59,68.47
1927857.3543,0.00,15.57,100.58,63.51
1927857.3788,0.00,15.57,100.55,59.05
1927857.4100,0.00,15.56,100.53,55.04
1927857.4419,0.00,15.56,100.52,51.45
1927857.4740,0.00,15.55,100.51,47.51
1927857.5066,0.00,15.52,100.52,44.03
1927857.5388,0.00,15.50,100.54,40.91
1927857.5626,0.00,15.48,100.55,38.12
1927857.5955,0.00,15.47,100.56,35.50
1927857.6263,0.00,15.47,100.53,33.12
1927857.6578,0.00,15.48,100.52,31.00
1927857.6902,0.00,15.48,100.50,29.15
1927857.7224,0.00,15.49,100.48,27.50
1927857.7460,0.00,15.51,100.48,26.02
1927857.7780,0.00,15.53,100.47,24.70
1927857.8102,0.00,15.54,100.46,23.55
1927857.8421,0.00,15.55,100.45,22.52
1927857.8746,0.00,15.54,100.46,21.62
1927857.9063,0.00,15.54,100.46,20.83
1927857.9381,0.00,15.54,100.46,20.12
1927857.9780,0.00,15.52,100.47,19.51
1927857.9995,0.00,15.50,100.47,18.97
1927858.0292,0.00,15.49,100.47,18.49
1927858.0613,0.00,15.48,100.47,18.06
1927858.0925,0.00,15.47,100.47,17.67
1927858.1287,0.00,15.47,100.46,17.32
1927858.1615,0.00,15.46,100.46,17.02
1927858.1946,0.00,15.46,100.45,16.75
1927858.2264,0.00,15.45,100.44,16.50
1927858.2581,0.00,15.45,100.42,16.27
1927858.2904,0.00,15.45,100.41,16.01
1927858.3222,0.00,15.45,100.40,15.78
1927858.3461,0.00,15.35,100.72,15.55
1927858.3790,0.00,15.26,101.00,15.36
1927858.4106,0.00,15.18,101.24,15.11
1927858.4423,0.00,15.13,101.45,14.90
1927858.4748,0.00,15.58,102.35,14.23
1927858.5069,0.00,16.02,103.13,13.72
1927858.5389,0.00,16.43,103.79,13.35
1927858.5624,0.00,16.81,104.35,13.08
1927858.5943,0.00,16.92,104.44,12.92
1927858.6263,0.00,17.03,104.51,12.79
1927858.6586,0.00,17.12,104.57,12.69
1927858.6911,0.00,17.16,104.54,12.60
1927858.7224,0.00,17.20,104.52,12.51
1927858.7476,0.00,17.24,104.50,12.44
1927858.7780,0.00,17.27,104.48,12.39
1927858.8102,0.00,17.29,104.47,12.35
1927858.8425,0.00,17.26,104.42,12.33
1927858.8745,0.00,17.23,104.39,12.31
1927858.9068,0.00,17.20,104.36,12.30
1927858.9387,0.00,17.05,104.22,12.29
1927858.9707,0.00,16.93,104.11,12.28
1927859.0107,0.00,16.83,104.02,12.30
1927859.0283,0.00,16.74,103.94,12.32
1927859.0587,0.00,16.64,103.87,12.36
1927859.0907,0.00,16.55,103.80,12.41
1927859.1226,0.00,16.48,103.75,12.44
1927859.1546,0.00,16.42,103.70,12.59
1927859.1941,0.00,16.22,103.59,12.80
1927859.2261,0.00,16.05,103.46,13.01
1927859.2583,0.00,15.91,103.36,14.19
1927859.2905,0.00,15.82,103.28,15.65
1927859.3146,0.00,15.74,103.21,17.23
1927859.3414,0.00,15.69,103.15,18.81
1927859.3744,0.00,15.65,103.10,20.32
1927859.4065,0.00,15.60,103.05,21.70
1927859.4386,0.00,15.56,103.01,24.91
1927859.4706,0.00,15.54,102.96,27.91
1927859.5116,0.00,15.53,102.92,30.68
1927859.5436,0.00,15.53,102.89,33.21
1927859.5753,0.00,15.52,102.90,36.60
1927859.6080,0.00,15.53,102.83,39.60
1927859.6393,0.00,15.53,102.76,42.33
1927859.6717,0.00,15.54,102.71,44.95
1927859.7116,0.00,15.50,102.70,47.43
1927859.7433,0.00,15.47,102.69,49.67
1927859.7621,0.00,15.45,102.69,51.69
1927859.8078,0.00,15.43,102.68,53.51
1927859.8398,0.00,15.33,102.69,55.23
1927859.8716,0.00,15.25,102.70,56.73
1927859.9129,0.00,15.18,102.70,58.07
1927859.9431,0.00,15.15,102.69,59.28
1927859.9753,0.00,14.94,102.77,59.65
1927860.0071,0.00,14.75,102.83,59.97
1927860.0391,0.00,14.60,102.89,60.25
1927860.0706,0.00,14.31,102.99,60.71
1927860.0949,0.00,14.06,103.07,59.83
1927860.1269,0.00,13.84,103.14,59.01
1927860.1589,0.00,13.66,103.20,58.27
1927860.1910,0.00,13.55,103.18,57.60
1927860.2231,0.00,13.45,103.17,55.12
1927860.2550,0.00,13.37,103.16,52.89
1927860.2871,0.00,13.28,103.18,50.88
1927860.3108,0.00,13.23,103.23,49.08
1927860.3433,0.00,13.20,103.28,46.18
1927860.3751,0.00,13.17,103.31,43.58
1927860.4067,0.00,13.05,103.27,41.25
1927860.4388,0.00,13.21,103.43,38.91
1927860.4784,0.00,13.35,103.57,35.93
1927860.5103,0.00,13.47,103.68,33.28
1927860.5422,0.00,13.57,103.78,30.93
1927860.5744,0.00,13.69,103.85,28.69
1927860.6066,0.00,13.79,103.92,26.71
1927860.6392,0.00,13.88,103.97,24.96
1927860.6711,0.00,13.99,103.97,23.38
1927860.7108,0.00,14.08,103.97,22.05
1927860.7425,0.00,14.16,103.97,20.88
1927860.7747,0.00,14.23,103.99,19.88
1927860.8067,0.00,14.27,103.95,19.05
1927860.8385,0.00,14.30,103.92,18.33
1927860.8624,0.00,14.33,103.90,17.71
1927860.8947,0.00,14.36,103.88,17.17
1927860.9267,0.00,14.36,103.84,16.77
1927860.9588,0.00,14.35,103.80,16.42
1927860.9909,0.00,14.35,103.77,16.12
1927861.0223,0.00,14.35,103.75,15.85
1927861.0543,0.00,14.33,103.71,15.65
1927861.0783,0.00,14.32,103.69,15.48
1927861.1103,0.00,14.32,103.66,15.33
1927861.1424,0.00,14.31,103.64,15.19
1927861.1745,0.00,14.30,103.62,15.08
1927861.2066,0.00,14.29,103.61,14.98
1927861.2386,0.00,14.29,103.59,14.89
1927861.2623,0.00,14.28,103.58,14.82
1927861.2950,0.00,14.28,103.58,14.74
1927861.3269,0.00,14.28,103.57,14.67
1927861.3587,0.00,14.27,103.56,14.61
1927861.3903,0.00,14.30,103.56,14.53
1927861.4221,0.00,14.32,103.56,14.41
1927861.4546,0.00,14.33,103.55,14.31
1927861.4949,0.00,14.36,103.60,14.22
1927861.5269,0.00,14.43,103.61,14.00
1927861.5591,0.00,14.48,103.62,13.80
1927861.5908,0.00,14.53,103.62,13.63
1927861.6224,0.00,14.57,103.65,13.48
1927861.6543,0.00,14.65,103.70,13.37
1927861.6939,0.00,14.72,103.75,13.27
1927861.7255,0.00,14.78,103.79,13.19
1927861.7493,0.00,14.83,103.84,13.08
1927861.7780,0.00,14.88,103.87,12.97
1927861.8095,0.00,14.92,103.91,12.87
1927861.8417,0.00,14.96,103.93,12.79
1927861.8740,0.00,14.93,103.92,12.80
1927861.9056,0.00,14.90,103.90,12.75
1927861.9448,0.00,14.88,103.89,12.69
1927861.9770,0.00,14.92,103.99,12.65
1927862.0091,0.00,14.77,103.79,12.61
1927862.0409,0.00,14.64,103.63,12.56
1927862.0727,0.00,14.52,103.49,12.52
1927862.1046,0.00,14.19,103.16,12.77
1927862.1284,0.00,13.92,102.87,12.82
1927862.1603,0.00,13.69,102.62,12.85
1927862.1930,0.00,13.50,102.41,12.87
1927862.2248,0.00,13.41,102.30,12.76
1927862.2569,0.00,13.34,102.21,12.80
1927862.2891,0.00,13.28,102.13,12.84
1927862.3209,0.00,13.24,102.06,12.86
1927862.3440,0.00,13.22,102.08,12.68
1927862.3763,0.00,13.21,102.09,12.64
1927862.4080,0.00,13.20,102.11,12.61
1927862.4401,0.00,13.20,102.12,12.59
1927862.4718,0.00,13.15,102.07,12.56
1927862.4956,0.00,13.11,102.03,12.53
1927862.5277,0.00,13.08,102.00,12.51
1927862.5593,0.00,13.05,101.97,12.49
1927862.5914,0.00,12.98,101.91,12.54
1927862.6236,0.00,12.93,101.87,12.47
1927862.6558,0.00,12.88,101.83,12.41
1927862.6880,0.00,12.84,101.86,12.35
1927862.7282,0.00,12.71,101.70,12.23
1927862.7604,0.00,12.59,101.57,12.12
1927862.7926,0.00,12.50,101.46,12.02
1927862.8253,0.00,12.41,101.23,11.92
1927862.8571,0.00,12.33,101.03,11.84
1927862.8895,0.00,12.27,100.86,11.77
1927862.9214,0.00,12.22,100.72,11.70
1927862.9621,0.00,12.22,100.63,11.60
1927862.9937,0.00,12.23,100.55,11.58
1927863.0256,0.00,12.24,100.48,11.56
1927863.0579,0.00,12.20,100.39,11.55
1927863.0896,0.00,12.24,100.43,11.48
1927863.1214,0.00,12.27,100.47,11.43
1927863.1616,0.00,12.30,100.50,11.39
1927863.1935,0.00,12.34,100.47,11.36
1927863.2251,0.00,12.38,100.44,11.33
1927863.2573,0.00,12.41,100.42,11.30
1927863.2893,0.00,12.43,100.40,11.29
1927863.3215,0.00,12.41,100.33,11.29
1927863.3458,0.00,12.40,100.27,11.27
1927863.3779,0.00,12.38,100.22,11.25
1927863.4096,0.00,12.42,100.22,11.23
1927863.4414,0.00,12.14,99.80,11.53
1927863.4730,0.00,11.90,99.45,11.78
1927863.4970,0.00,11.69,99.15,12.00
1927863.5284,0.00,11.45,98.99,11.94
1927863.5607,0.00,11.04,98.26,12.08
1927863.5926,0.00,10.68,97.64,12.18
1927863.6243,0.00,10.38,97.11,12.26
1927863.6564,0.00,10.12,96.72,12.01
1927863.6883,0.00,9.58,95.69,12.11
1927863.7287,0.00,9.12,94.81,12.19
1927863.7455,0.00,8.72,94.07,12.04
1927863.7917,0.00,8.30,92.80,12.06
1927863.8240,0.00,7.95,91.71,12.05
1927863.8559,0.00,7.65,90.79,12.02
1927863.8882,0.00,7.39,90.01,11.92
1927863.9285,0.00,7.15,89.10,11.84
1927863.9607,0.00,6.96,88.39,11.75
1927863.9929,0.00,6.80,87.79,11.66
1927864.0246,0.00,6.67,87.28,11.57
1927864.0563,0.00,6.55,87.02,11.52
1927864.0887,0.00,6.42,86.77,11.46
1927864.1126,0.00,6.30,86.56,11.41
1927864.1449,0.00,6.20,86.42,11.33
1927864.1768,0.00,6.12,86.29,11.34
1927864.2088,0.00,6.04,86.18,11.36
1927864.2406,0.00,5.98,86.09,11.37
1927864.2722,0.00,5.94,86.01,11.37
1927864.2960,0.00,5.90,85.95,11.39
1927864.3279,0.00,5.88,85.90,11.41
1927864.3600,0.00,5.87,85.85,11.43
1927864.3917,0.00,5.87,85.81,11.43
1927864.4238,0.00,5.87,85.77,11.44
1927864.4547,0.00,5.87,85.74,11.45
1927864.4943,0.00,5.88,85.71,11.45
1927864.5262,0.00,5.88,85.69,11.46
1927864.5575,0.00,5.89,85.68,11.46
1927864.5893,0.00,5.89,85.66,11.47
1927864.6213,0.00,5.90,85.65,11.48
1927864.6611,0.00,5.90,85.64,11.48
1927864.6930,0.00,5.90,85.63,11.49
1927864.7249,0.00,5.90,85.62,11.49
1927864.7570,0.00,5.90,85.61,11.50
1927864.7889,0.00,5.90,85.61,11.50
1927864.8124,0.00,5.89,85.60,11.51
1927864.8444,0.00,5.89,85.59,11.52
1927864.8771,0.00,5.88,85.59,11.53
1927864.9087,0.00,5.88,85.58,11.54
1927864.9407,0.00,5.87,85.58,11.54
1927864.9724,0.00,5.86,85.58,11.55
1927865.0041,0.00,5.86,85.57,11.56
1927865.0281,0.00,5.85,85.57,11.56
1927865.0598,0.00,5.85,85.56,11.56
1927865.0924,0.00,5.84,85.56,11.57
1927865.1240,0.00,5.84,85.56,11.57
1927865.1562,0.00,5.84,85.55,11.57
1927865.1884,0.00,5.83,85.55,11.57
1927865.2281,0.00,5.83,85.55,11.57
1927865.2603,0.00,5.83,85.55,11.56
1927865.2927,0.00,5.82,85.54,11.57
1927865.3245,0.00,5.82,85.54,11.57
1927865.3564,0.00,5.81,85.54,11.57
1927865.3882,0.00,5.81,85.54,11.57
1927865.4284,0.00,5.80,85.53,11.57
1927865.4606,0.00,5.80,85.53,11.57
1927865.4924,0.00,5.80,85.53,11.57
1927865.5250,0.00,5.79,85.53,11.57
1927865.5567,0.00,5.79,85.53,11.57
1927865.5887,0.00,5.78,85.53,11.57
1927865.6123,0.00,5.78,85.53,11.57
1927865.6437,0.00,5.78,85.53,11.57
1927865.6758,0.00,5.78,85.53,11.57
1927865.7074,0.00,5.77,85.52,11.57
1927865.7396,0.00,5.77,85.52,11.57
1927865.7718,0.00,5.77,85.52,11.57
1927865.7956,0.00,5.77,85.52,11.57
1927865.8273,0.00,5.76,85.51,11.57
1927865.8591,0.00,5.76,85.51,11.57
1927865.8909,0.00,5.76,85.51,11.56
1927865.9232,0.00,5.77,85.51,11.55
1927865.9555,0.00,5.77,85.51,11.54
1927865.9951,0.00,5.77,85.51,11.60
1927866.0269,0.00,5.91,85.72,11.51
1927866.0591,0.00,5.98,85.79,11.45
1927866.0911,0.00,6.03,85.84,11.46
1927866.1232,0.00,6.08,85.89,11.48
1927866.1547,0.00,6.50,85.70,11.15
1927866.1950,0.00,6.85,85.64,10.88
1927866.2269,0.00,7.16,85.59,10.65
1927866.2591,0.00,7.86,83.58,9.98
1927866.2911,0.00,8.49,81.88,9.63
1927866.3230,0.00,9.02,80.43,9.35
1927866.3548,0.00,9.46,79.19,9.13
1927866.3953,0.00,10.17,75.58,8.68
1927866.4267,0.00,10.84,72.50,8.33
1927866.4587,0.00,11.41,69.89,8.06
1927866.4908,0.00,11.96,64.91,7.79
1927866.5230,0.00,12.42,60.68,7.54
1927866.5545,0.00,12.78,56.81,7.36
1927866.5783,0.00,13.09,53.52,7.22
1927866.6100,0.00,13.01,47.82,7.56
1927866.6420,0.00,12.93,42.97,7.46
1927866.6735,0.00,12.93,38.35,7.39
1927866.7062,0.00,12.91,34.42,7.34
1927866.7380,0.00,12.41,29.10,7.92
1927866.7624,0.00,11.98,24.59,8.07
1927866.7952,0.00,11.64,20.38,8.19
1927866.8266,0.00,11.33,16.80,8.28
1927866.8582,10.94,0.00,13.88,8.65
1927866.8899,10.56,0.00,11.35,8.88
1927866.9220,10.24,0.00,9.20,9.06
1927866.9619,9.96,0.00,7.38,9.20
1927866.9936,9.66,0.00,5.90,9.24
1927867.0254,9.41,0.00,4.65,9.26
1927867.0572,9.20,0.00,3.59,9.26
1927867.0888,8.97,0.00,2.92,9.33
1927867.1123,8.78,0.00,2.36,9.32
1927867.1446,8.62,0.00,1.88,9.30
1927867.1761,8.49,0.00,1.48,9.28
1927867.2083,8.30,0.00,0.89,9.23
1927867.2403,8.15,0.00,0.38,9.21
1927867.2724,8.01,0.00,-0.04,9.19
1927867.3045,7.90,0.00,-0.41,9.16
1927867.3284,7.78,0.00,-0.72,9.10
1927867.3595,7.68,0.00,-0.99,9.05
1927867.3915,7.59,0.00,-1.21,9.00
1927867.4240,7.52,0.00,-1.40,8.96
1927867.4557,7.44,0.00,-1.54,8.87
1927867.4875,7.37,0.00,-1.65,8.81
1927867.5117,7.31,0.00,-1.74,8.76
1927867.5437,7.27,0.00,-1.82,8.72
1927867.5760,7.21,0.00,-1.87,8.61
1927867.6083,7.17,0.00,-1.91,8.57
1927867.6403,7.13,0.00,-1.95,8.55
1927867.6721,7.05,0.00,-1.97,8.54
1927867.7119,7.03,0.00,-2.00,8.46
1927867.7438,7.02,0.00,-2.02,8.41
1927867.7615,7.01,0.00,-2.04,8.36
1927867.8080,6.99,0.00,-2.06,8.30
1927867.8395,6.97,0.00,-2.08,8.22
1927867.8718,6.96,0.00,-2.09,8.15
1927867.9118,6.94,0.00,-2.10,8.09
1927867.9431,6.94,0.00,-2.12,8.03
1927867.9750,6.94,0.00,-2.12,8.00
1927868.0069,6.94,0.00,-2.13,7.98
1927868.0392,6.94,0.00,-2.14,7.96
1927868.0637,6.97,0.00,-2.15,7.90
1927868.0948,6.99,0.00,-2.16,7.88
1927868.1272,7.00,0.00,-2.17,7.86
1927868.1592,7.01,0.00,-2.17,7.85
1927868.1915,7.07,0.00,-2.17,7.71
1927868.2235,7.13,0.00,-2.17,7.58
1927868.2552,7.18,0.00,-2.17,7.48
1927868.2791,7.22,0.00,-2.17,7.39
1927868.3114,7.19,0.00,-2.14,7.40
1927868.3427,7.17,0.00,-2.12,7.40
1927868.3751,7.15,0.00,-2.10,7.41
1927868.4064,7.13,0.00,-2.08,7.42
1927868.4382,7.12,0.00,-2.06,7.45
1927868.4784,7.12,0.00,-2.04,7.47
1927868.5107,7.12,0.00,-2.03,7.49
1927868.5425,7.01,0.00,-1.99,7.48
1927868.5743,6.95,0.00,-2.00,7.46
1927868.6061,6.89,0.00,-2.01,7.45
1927868.6376,6.85,0.00,-2.01,7.44
1927868.6781,6.80,0.00,-1.96,7.32
1927868.7100,6.67,0.00,-1.93,7.22
1927868.7417,6.57,0.00,-1.90,7.13
1927868.7737,0.00,6.35,-1.87,7.04
1927868.8057,0.00,6.11,-1.80,6.96
1927868.8376,0.00,5.90,-1.73,6.89
1927868.8613,0.00,5.74,-1.68,6.83
1927868.8934,0.00,5.34,-1.62,6.93
1927868.9250,0.00,5.02,-1.57,6.96
1927868.9573,0.00,4.74,-1.51,6.98
1927868.9892,0.00,4.50,-1.45,6.99
1927869.0215,0.00,4.12,-1.42,7.11
1927869.0454,0.00,3.80,-1.40,7.20
1927869.0783,0.00,3.51,-1.38,7.28
1927869.1107,0.00,3.27,-1.36,7.35
1927869.1418,0.00,2.92,-1.20,7.71
1927869.1735,0.00,2.64,-1.07,8.03
1927869.2051,0.00,2.41,-0.96,8.18
1927869.2450,0.00,2.01,-0.86,8.54
1927869.2772,1.70,0.00,-0.77,8.84
1927869.3093,1.51,0.00,-0.69,9.09
1927869.3413,1.38,0.00,-0.62,9.09
1927869.3740,1.24,0.00,-0.53,9.25
1927869.4057,1.22,0.00,-0.45,9.37
1927869.4448,1.28,0.00,-0.39,9.43
1927869.4768,1.38,0.00,-0.34,9.47
1927869.5089,1.48,0.00,-0.24,9.52
1927869.5405,1.60,0.00,-0.16,9.56
1927869.5724,0.00,1.72,-0.09,9.59
1927869.6048,0.00,1.82,-0.06,9.57
1927869.6448,0.00,1.90,-0.03,9.54
1927869.6769,0.00,1.98,0.00,9.52
1927869.7089,0.00,2.04,0.03,9.50
1927869.7413,0.00,2.01,0.03,9.40
1927869.7730,0.00,2.00,0.03,9.32
1927869.8049,0.00,1.99,0.03,9.19
1927869.8290,0.00,1.98,0.04,9.08
1927869.8609,0.00,1.64,0.02,8.61
1927869.8929,0.00,1.36,0.01,8.21
1927869.9244,1.13,0.00,-0.00,7.87
1927869.9565,0.95,0.00,-0.01,7.28
1927869.9882,0.82,0.00,-0.01,6.77
1927870.0123,0.72,0.00,-0.01,6.31
1927870.0438,0.63,0.00,-0.04,5.68
1927870.0761,0.70,0.00,-0.07,5.00
1927870.1077,0.00,0.86,-0.09,4.40
1927870.1397,0.00,1.02,-0.11,3.88
1927870.1714,0.00,1.31,-0.15,3.31
1927870.2116,0.00,1.58,-0.18,2.83
1927870.2435,0.00,1.81,-0.21,2.42
1927870.2759,0.00,2.00,-0.22,2.10
1927870.3077,0.00,2.16,-0.22,1.83
1927870.3235,0.00,2.29,-0.22,1.61
1927870.3555,0.00,2.41,-0.23,1.44
1927870.3948,0.00,2.55,-0.24,1.31
1927870.4267,0.00,2.67,-0.25,1.22
1927870.4586,0.00,2.77,-0.26,1.16
1927870.4905,0.00,2.86,-0.27,1.14
1927870.5229,0.00,2.90,-0.29,1.12
1927870.5548,0.00,2.94,-0.29,1.12
1927870.5791,0.00,2.98,-0.30,1.13
1927870.6108,0.00,3.02,-0.31,1.15
1927870.6426,0.00,2.98,-0.30,1.13
1927870.6742,0.00,2.95,-0.29,1.12
1927870.7063,0.00,2.93,-0.28,1.12
1927870.7376,0.00,2.91,-0.27,1.12
1927870.7616,0.00,2.88,-0.27,1.10
1927870.7939,0.00,2.86,-0.27,1.10
1927870.8257,0.00,2.84,-0.26,1.08
1927870.8581,0.00,2.83,-0.26,1.06
1927870.8910,0.00,2.83,-0.26,1.07
1927870.9222,0.00,2.84,-0.26,1.08
1927870.9545,0.00,2.84,-0.26,1.10
1927870.9954,0.00,2.86,-0.27,1.11
1927871.0264,0.00,2.88,-0.27,1.12
1927871.0582,0.00,2.89,-0.27,1.14
1927871.0900,0.00,2.91,-0.27,1.14
1927871.1225,0.00,2.87,-0.26,1.11
1927871.1542,0.00,2.83,-0.25,1.08
1927871.1943,0.00,2.80,-0.24,1.06
1927871.2263,0.00,2.77,-0.22,1.04
1927871.2581,0.00,2.75,-0.21,1.02
1927871.2902,0.00,2.73,-0.20,1.01
1927871.3226,0.00,2.71,-0.19,1.03
1927871.3543,0.00,2.69,-0.18,1.02
1927871.3784,0.00,2.68,-0.18,1.01
1927871.4102,0.00,2.66,-0.17,1.01
1927871.4422,0.00,2.65,-0.17,1.01
1927871.4713,0.00,2.64,-0.16,1.01
1927871.4957,0.00,2.63,-0.16,1.01
1927871.5287,0.00,2.63,-0.15,1.01
1927871.5592,0.00,2.62,-0.15,1.02
1927871.5912,0.00,2.61,-0.15,1.03
1927871.6236,0.00,2.61,-0.15,1.04
1927871.6555,0.00,2.61,-0.15,1.05
1927871.6873,0.00,2.61,-0.15,1.06
1927871.7262,0.00,2.61,-0.15,1.07
1927871.7581,0.00,2.60,-0.15,1.08
1927871.7899,0.00,2.60,-0.15,1.08
1927871.8219,0.00,2.60,-0.15,1.08
1927871.8457,0.00,2.60,-0.15,1.08
1927871.8777,0.00,2.60,-0.15,1.08
1927871.9098,0.00,2.60,-0.15,1.08
1927871.9420,0.00,2.60,-0.14,1.08
1927871.9740,0.00,2.60,-0.14,1.08
1927872.0057,0.00,2.60,-0.14,1.08
1927872.0380,0.00,2.60,-0.14,1.08
1927872.0623,0.00,2.59,-0.14,1.08
1927872.0946,0.00,2.59,-0.13,1.08
1927872.1262,0.00,2.59,-0.13,1.08
1927872.1580,0.00,2.59,-0.13,1.09
1927872.1897,0.00,2.59,-0.13,1.09
1927872.2211,0.00,2.59,-0.13,1.10
1927872.2461,0.00,2.59,-0.13,1.10
1927872.2770,0.00,2.59,-0.13,1.10
1927872.3084,0.00,2.60,-0.13,1.10
1927872.3477,0.00,2.60,-0.13,1.11
1927872.3726,0.00,2.60,-0.13,1.11
1927872.4118,0.00,2.60,-0.13,1.11
1927872.4438,0.00,2.60,-0.13,1.11
1927872.4753,0.00,2.60,-0.13,1.11
1927872.4964,0.00,2.60,-0.13,1.12
1927872.5368,0.00,2.60,-0.13,1.12
1927872.5711,0.00,2.59,-0.13,1.12
1927872.5955,0.00,2.59,-0.13,1.12
1927872.6279,0.00,2.59,-0.13,1.12
1927872.6598,0.00,2.59,-0.13,1.12
1927872.6919,0.00,2.59,-0.13,1.12
1927872.7239,0.00,2.59,-0.13,1.12
1927872.7559,0.00,2.59,-0.13,1.12
1927872.7883,0.00,2.58,-0.13,1.12
1927872.8117,0.00,2.58,-0.13,1.12
1927872.8432,0.00,2.58,-0.13,1.12
1927872.8752,0.00,2.58,-0.13,1.12
1927872.9078,0.00,2.58,-0.13,1.12
1927872.9397,0.00,2.58,-0.13,1.12
1927872.9714,0.00,2.58,-0.13,1.12
1927873.0112,0.00,2.58,-0.13,1.12
1927873.0428,0.00,2.58,-0.13,1.12
1927873.0745,0.00,2.58,-0.13,1.12
1927873.1061,0.00,2.58,-0.13,1.12
1927873.1380,0.00,2.58,-0.13,1.12
1927873.1774,0.00,2.59,-0.13,1.11
1927873.2090,0.00,2.59,-0.13,1.11
1927873.2407,0.00,2.59,-0.13,1.11
1927873.2726,0.00,2.58,-0.13,1.11
1927873.3045,0.00,2.58,-0.13,1.11
1927873.3285,0.00,2.58,-0.13,1.11
1927873.3599,0.00,2.58,-0.14,1.11
1927873.3919,0.00,2.58,-0.14,1.10
1927873.4236,0.00,2.58,-0.14,1.10
1927873.4553,0.00,2.58,-0.14,1.10
1927873.4867,0.00,2.58,-0.14,1.10
1927873.5264,0.00,2.58,-0.14,1.10
1927873.5458,0.00,2.58,-0.13,1.10
1927873.5736,0.00,2.58,-0.13,1.09
1927873.6202,0.00,2.58,-0.13,1.09
1927873.6443,0.00,2.58,-0.13,1.09
1927873.6759,0.00,2.58,-0.13,1.09
1927873.7083,0.00,2.58,-0.13,1.09
1927873.7398,0.00,2.58,-0.13,1.09
1927873.7715,0.00,2.58,-0.13,1.10
1927873.7953,0.00,2.58,-0.13,1.10
1927873.8272,0.00,2.58,-0.12,1.10
1927873.8591,0.00,2.58,-0.12,1.10
1927873.8911,0.00,2.57,-0.12,1.10
1927873.9227,0.00,2.57,-0.12,1.10
1927873.9543,0.00,2.57,-0.12,1.10
1927873.9938,0.00,2.57,-0.12,1.10
1927874.0116,0.00,2.57,-0.12,1.10
1927874.0578,0.00,2.57,-0.12,1.10
1927874.0898,0.00,2.57,-0.12,1.10
1927874.1214,0.00,2.56,-0.12,1.10
1927874.1611,0.00,2.56,-0.12,1.10
1927874.1933,0.00,2.56,-0.12,1.10
1927874.2253,0.00,2.56,-0.12,1.10
1927874.2572,0.00,2.56,-0.12,1.10
1927874.2890,0.00,2.56,-0.12,1.10
1927874.3210,0.00,2.56,-0.12,1.10
1927874.3450,0.00,2.39,-0.06,1.06
1927874.3768,0.00,2.24,0.00,1.09
1927874.4087,0.00,2.12,0.05,1.16
1927874.4402,0.00,2.02,0.09,1.24
1927874.4723,0.00,2.01,0.10,1.25
1927874.5046,0.00,2.00,0.11,1.26
1927874.5288,0.00,2.00,0.12,1.27
1927874.5605,0.00,1.99,0.13,1.28
1927874.5923,0.00,1.86,0.22,1.43
1927874.6240,0.00,1.74,0.29,1.54
1927874.6562,0.00,1.65,0.35,1.64
1927874.6884,0.00,1.55,0.33,1.72
1927874.7204,0.00,1.67,1.10,1.66
1927874.7607,0.00,1.78,1.75,1.61
1927874.7927,0.00,1.87,2.30,1.60
1927874.8243,0.00,2.27,4.28,1.51
1927874.8562,0.00,2.67,5.97,1.33
1927874.8881,0.00,3.04,7.40,1.25
1927874.9280,0.00,3.37,8.64,1.26
1927874.9594,0.00,4.54,12.27,1.06
1927874.9911,0.00,5.63,15.36,0.78
1927875.0232,0.00,6.59,17.99,0.72
1927875.0551,0.00,7.38,20.23,0.93
1927875.0789,0.00,8.07,22.13,1.27
1927875.1105,0.00,8.65,23.75,2.01
1927875.1429,0.00,9.58,26.46,2.40
1927875.1748,0.00,10.40,28.77,2.83
1927875.2066,0.00,11.09,30.74,3.75
1927875.2386,0.00,11.67,32.42,4.61
1927875.2624,0.00,12.70,36.11,4.81
1927875.2945,0.00,13.57,39.25,5.05
1927875.3265,0.00,14.31,41.93,5.61
1927875.3590,0.00,14.94,44.20,6.16
1927875.3909,0.00,15.61,46.46,6.50
1927875.4229,0.00,16.20,48.38,6.83
1927875.4547,0.00,16.71,50.02,7.56
1927875.4947,0.00,17.28,52.06,8.16
1927875.5261,0.00,17.76,53.80,8.73
1927875.5581,0.00,18.16,55.28,9.27
1927875.5904,0.00,18.51,56.54,9.78
1927875.6226,0.00,18.97,58.26,9.95
1927875.6546,0.00,19.36,59.72,10.13
1927875.6951,0.00,19.69,60.97,11.12
1927875.7276,0.00,20.26,62.15,11.67
1927875.7598,0.00,20.75,63.16,12.21
1927875.7923,0.00,21.17,64.02,12.72
1927875.8105,0.00,21.53,64.75,14.50
1927875.8407,0.00,21.84,65.37,16.15
1927875.8730,0.00,22.21,65.86,17.56
1927875.9042,0.00,22.53,66.28,18.86
1927875.9447,0.00,22.80,66.64,21.33
1927875.9765,0.00,23.12,66.93,23.56
1927876.0088,0.00,23.38,67.18,25.59
1927876.0407,0.00,23.60,67.40,27.44
1927876.0725,0.00,23.79,67.58,30.06
1927876.0960,0.00,24.17,67.73,32.21
1927876.1281,0.00,24.49,67.85,34.17
1927876.1600,0.00,24.76,67.96,35.96
1927876.1920,0.00,24.98,68.06,38.34
1927876.2233,0.00,25.39,68.25,40.46
1927876.2555,0.00,25.72,68.42,42.39
1927876.2793,0.00,26.00,68.56,44.13
1927876.3113,0.00,26.24,68.69,47.16
1927876.3433,0.00,26.41,68.90,50.09
1927876.3758,0.00,26.58,69.10,52.71
1927876.4074,0.00,26.72,69.26,56.71
1927876.4399,0.00,26.84,69.40,60.30
1927876.4719,0.00,26.96,69.68,63.60
1927876.4959,0.00,27.05,69.92,66.56
1927876.5278,0.00,27.13,70.12,70.70
1927876.5603,0.00,27.19,70.29,74.42
1927876.5923,0.00,27.27,70.45,77.67
1927876.6243,0.00,27.36,70.58,80.59
1927876.6565,0.00,27.44,70.69,84.35
1927876.6888,0.00,27.40,70.75,87.78
1927876.7281,0.00,27.37,70.80,90.86
1927876.7527,0.00,27.32,70.84,93.64
1927876.7779,0.00,27.28,70.87,96.55
1927876.8098,0.00,27.29,70.87,99.06
1927876.8414,0.00,27.31,70.87,101.33
1927876.8732,0.00,27.29,70.67,103.38
1927876.9049,0.00,27.28,70.51,105.22
1927876.9446,0.00,27.25,70.40,107.17
1927876.9767,0.00,27.19,70.27,108.93
1927877.0081,0.00,27.13,70.15,110.51
1927877.0399,0.00,27.09,70.05,111.94
1927877.0714,0.00,27.09,69.95,113.28
1927877.0954,0.00,27.08,69.88,114.49
1927877.1291,0.00,27.08,69.83,115.58
1927877.1599,0.00,27.07,69.78,116.56
1927877.1922,0.00,27.09,69.75,117.33
1927877.2244,0.00,27.12,69.84,118.02
1927877.2562,0.00,27.14,69.92,118.64
1927877.2883,0.00,27.14,70.03,119.40
1927877.3125,0.00,27.14,70.12,119.68
1927877.3445,0.00,27.10,70.21,119.92
1927877.3765,0.00,27.07,70.29,120.13
1927877.4082,0.00,26.87,70.57,120.95
1927877.4402,0.00,26.71,70.80,120.84
1927877.4718,0.00,26.58,71.05,120.71
1927877.4954,0.00,26.47,71.27,120.56
1927877.5272,0.00,26.08,71.65,121.29
1927877.5596,0.00,25.79,71.97,120.67
1927877.5912,0.00,25.56,72.24,120.05
1927877.6235,0.00,25.38,72.47,119.45
1927877.6556,0.00,25.31,72.78,119.09
1927877.6879,0.00,25.23,73.07,116.69
1927877.7283,0.00,25.18,73.32,114.50
1927877.7601,0.00,25.16,73.53,112.49
1927877.7918,0.00,25.28,73.66,108.07
1927877.8238,0.00,25.43,73.82,104.10
1927877.8555,0.00,25.55,73.95,100.52
1927877.8881,0.00,25.95,74.07,97.01
1927877.9281,0.00,26.30,74.25,90.84
1927877.9602,0.00,26.60,74.40,85.29
1927877.9919,0.00,26.86,74.52,80.32
1927878.0237,0.00,27.21,74.68,75.77
1927878.0555,0.00,27.49,74.82,70.58
1927878.0875,0.00,27.73,74.93,65.93
1927878.1112,0.00,27.94,75.03,61.76
1927878.1434,0.00,28.12,75.14,58.74
1927878.1754,0.00,28.29,75.25,55.66
1927878.2069,0.00,28.43,75.33,52.88
1927878.2389,0.00,28.56,75.41,50.36
1927878.2627,0.00,28.69,75.48,48.13
1927878.2943,0.00,28.82,75.54,46.11
1927878.3264,0.00,28.93,75.59,44.31
1927878.3584,0.00,29.03,75.63,42.68
1927878.3906,0.00,29.05,75.65,41.18
1927878.4228,0.00,29.08,75.66,39.82
1927878.4548,0.00,29.10,75.67,38.60
1927878.4948,0.00,29.11,75.68,37.52
1927878.5272,0.00,29.11,75.70,36.54
1927878.5592,0.00,29.12,75.70,35.66
1927878.5913,0.00,29.12,75.71,34.85
1927878.6236,0.00,29.13,75.73,34.15
1927878.6557,0.00,29.13,75.74,33.52
1927878.6959,0.00,29.13,75.76,32.96
1927878.7273,0.00,29.11,75.74,32.43
1927878.7592,0.00,29.09,75.73,31.96
1927878.7911,0.00,29.08,75.72,31.53
1927878.8232,0.00,29.07,75.71,31.34
1927878.8551,0.00,29.00,75.51,30.99
1927878.8954,0.00,28.94,75.33,30.69
1927878.9268,0.00,28.88,75.18,31.77
1927878.9586,0.00,28.84,75.05,32.75
1927878.9905,0.00,29.00,74.93,33.45
1927879.0223,0.00,29.13,74.84,34.10
1927879.0544,0.00,29.25,74.75,34.69
1927879.0788,0.00,29.34,74.68,35.25
1927879.1102,0.00,29.51,74.48,37.62
1927879.1422,0.00,29.66,74.31,39.80
1927879.1738,0.00,29.79,74.17,41.80
1927879.2053,0.00,30.07,73.89,43.17
1927879.2375,0.00,30.32,73.66,46.12
1927879.2620,0.00,30.53,73.46,48.83
1927879.2945,0.00,30.72,73.29,51.31
1927879.3262,0.00,30.98,73.25,53.81
1927879.3579,0.00,31.19,73.22,58.52
1927879.3899,0.00,31.38,73.20,62.77
1927879.4220,0.00,31.53,73.18,66.62
1927879.4616,0.00,31.69,73.28,70.19
1927879.4945,0.00,31.82,73.37,75.58
1927879.5259,0.00,31.93,73.45,80.44
1927879.5577,0.00,32.03,73.49,84.82
1927879.5888,0.00,32.13,73.52,89.56
1927879.6208,0.00,32.20,73.55,93.84
1927879.6603,0.00,32.15,73.49,97.52
1927879.6922,0.00,32.10,73.45,100.84
1927879.7242,0.00,32.05,73.41,104.08
1927879.7504,0.00,31.98,73.37,107.14
1927879.7778,0.00,31.92,73.34,109.90
1927879.8098,0.00,31.87,73.31,112.37
1927879.8420,0.00,31.82,73.29,114.56
1927879.8743,0.00,31.76,73.29,116.66
1927879.9057,0.00,31.70,73.30,118.54
1927879.9374,0.00,31.65,73.30,120.22
1927879.9773,0.00,31.61,73.31,121.75
1927880.0095,0.00,31.56,73.31,123.12
1927880.0414,0.00,31.54,73.32,124.35
1927880.0732,0.00,31.51,73.32,125.42
1927880.1049,0.00,31.49,73.34,126.38
1927880.1448,0.00,31.48,73.35,127.25
1927880.1766,0.00,31.46,73.39,128.03
1927880.2085,0.00,31.44,73.43,128.65
1927880.2405,0.00,31.46,73.50,129.11
1927880.2722,0.00,31.41,73.81,129.52
1927880.2958,0.00,31.37,74.08,129.90
1927880.3283,0.00,31.33,74.31,129.99
1927880.3591,0.00,31.25,74.65,130.28
1927880.3920,0.00,31.18,74.94,130.52
1927880.4233,0.00,31.12,75.19,130.74
1927880.4550,0.00,31.11,75.15,130.17
1927880.4949,0.00,30.98,75.18,129.81
1927880.5265,0.00,30.87,75.20,129.48
1927880.5584,0.00,30.78,75.22,127.96
1927880.5908,0.00,30.67,75.23,126.59
1927880.6233,0.00,30.58,75.23,125.34
1927880.6556,0.00,30.50,75.24,124.21
1927880.6878,0.00,30.42,75.24,121.87
1927880.7279,0.00,30.36,75.23,119.66
1927880.7601,0.00,30.30,75.21,117.68
1927880.7921,0.00,30.26,75.20,114.58
1927880.8237,0.00,30.20,75.18,111.75
1927880.8556,0.00,30.16,75.16,109.21
1927880.8877,0.00,30.12,75.14,106.92
1927880.9276,0.00,30.10,75.16,104.87
1927880.9594,0.00,30.01,75.17,103.18
1927880.9926,0.00,29.94,75.18,100.41
1927881.0236,0.00,29.88,75.18,97.91
1927881.0553,0.00,29.85,75.34,95.66
1927881.0874,0.00,29.79,75.38,91.67
1927881.1114,0.00,29.74,75.42,88.07
1927881.1432,0.00,29.70,75.45,84.82
1927881.1753,0.00,29.67,75.51,81.89
1927881.2069,0.00,29.66,75.34,75.79
1927881.2378,0.00,29.65,75.20,70.34
1927881.2628,0.00,29.66,75.08,65.48
1927881.2944,0.00,29.66,74.99,61.14
1927881.3263,0.00,29.54,74.97,56.73
1927881.3582,0.00,29.44,74.96,52.79
1927881.3903,0.00,29.35,74.95,49.27
1927881.4220,0.00,29.28,74.94,46.12
1927881.4539,0.00,29.17,74.99,43.10
1927881.4943,0.00,29.07,75.02,40.39
1927881.5263,0.00,28.98,75.06,37.95
1927881.5576,0.00,28.87,75.09,35.92
1927881.5896,0.00,28.77,75.11,33.87
1927881.6215,0.00,28.69,75.13,32.03
1927881.6616,0.00,28.62,75.15,30.37
1927881.6933,0.00,28.49,75.14,28.86
1927881.7251,0.00,28.37,75.14,27.51
1927881.7571,0.00,28.28,75.13,26.30
1927881.7788,0.00,28.20,75.13,25.22
1927881.8104,0.00,28.12,75.12,24.26
1927881.8424,0.00,28.06,75.11,23.40
1927881.8751,0.00,28.01,75.10,22.64
1927881.9059,0.00,27.96,75.08,21.93
1927881.9380,0.00,27.92,75.06,21.32
1927881.9783,0.00,27.88,75.05,20.78
1927882.0097,0.00,27.85,75.03,20.29
1927882.0420,0.00,27.86,74.99,19.82
1927882.0620,0.00,27.86,74.95,19.39
1927882.0954,0.00,27.87,74.92,19.01
1927882.1278,0.00,27.86,74.89,18.72
1927882.1596,0.00,28.02,74.71,18.24
1927882.1916,0.00,28.15,74.56,17.82
1927882.2165,0.00,28.27,74.43,17.45
1927882.2592,0.00,28.36,74.32,17.76
1927882.2913,0.00,28.60,74.30,18.00
1927882.3230,0.00,28.80,74.28,18.23
1927882.3554,0.00,28.98,74.26,20.85
1927882.3946,0.00,29.33,74.22,23.01
1927882.4273,0.00,29.63,74.20,25.04
1927882.4579,0.00,29.89,74.17,26.94
1927882.4901,0.00,30.12,74.15,30.39
1927882.5223,0.00,30.68,74.03,32.60
1927882.5543,0.00,31.17,73.92,34.67
1927882.5791,0.00,31.61,73.83,36.61
1927882.6100,0.00,32.02,73.75,39.65
1927882.6419,0.00,32.39,73.71,42.50
1927882.6739,0.00,32.70,73.68,45.11
1927882.7120,0.00,32.98,73.65,48.99
1927882.7438,0.00,33.14,73.77,52.98
1927882.7760,0.00,33.28,73.87,56.57
1927882.8076,0.00,33.39,73.95,59.80
1927882.8396,0.00,33.49,74.02,64.13
1927882.8719,0.00,33.41,74.34,68.93
1927882.9041,0.00,33.35,74.60,73.21
1927882.9436,0.00,33.32,74.83,77.02
1927882.9756,0.00,33.30,75.02,81.38
1927883.0075,0.00,33.11,75.37,85.87
1927883.0397,0.00,32.98,75.68,89.85
1927883.0715,0.00,32.88,75.93,94.14
1927883.0954,0.00,32.81,76.15,97.96
1927883.1277,0.00,32.70,76.37,101.43
1927883.1589,0.00,32.61,76.56,104.53
1927883.1903,0.00,32.54,76.72,107.51
1927883.2220,0.00,32.48,76.85,110.16
1927883.2456,0.00,32.38,76.94,112.44
1927883.2780,0.00,32.30,77.01,114.47
1927883.3092,0.00,32.23,77.08,116.28
1927883.3410,0.00,32.17,77.13,117.90
1927883.3728,0.00,32.12,77.18,119.37
1927883.4123,0.00,32.08,77.22,120.69
1927883.4447,0.00,32.04,77.26,121.70
1927883.4768,0.00,31.95,77.33,122.66
1927883.5089,0.00,31.87,77.39,123.51
1927883.5411,0.00,31.80,77.44,124.27
1927883.5741,0.00,31.74,77.48,124.60
1927883.6053,0.00,31.60,77.66,125.32
1927883.6449,0.00,31.48,77.82,125.94
1927883.6766,0.00,31.39,77.95,125.56
1927883.7084,0.00,31.24,78.11,125.60
1927883.7401,0.00,31.14,78.25,125.59
1927883.7722,0.00,31.05,78.36,125.56
1927883.7958,0.00,30.98,78.45,123.89
1927883.8273,0.00,31.00,78.46,121.86
1927883.8593,0.00,31.01,78.47,120.03
1927883.8913,0.00,31.02,78.48,118.40
1927883.9234,0.00,31.02,78.49,115.11
1927883.9580,0.00,30.91,78.32,111.05
1927883.9875,0.00,30.89,78.20,107.45
1927884.0271,0.00,30.90,78.11,104.26
1927884.0586,0.00,30.92,78.03,101.43
1927884.0909,0.00,30.99,77.69,96.06
1927884.1218,0.00,31.11,77.42,91.30
1927884.1541,0.00,31.23,77.19,87.06
1927884.1934,0.00,31.39,76.81,82.92
1927884.2253,0.00,31.55,76.49,76.05
1927884.2571,0.00,31.68,76.22,69.92
1927884.2889,0.00,31.80,76.00,64.45
1927884.3208,0.00,31.77,75.76,59.75
1927884.3451,0.00,31.74,75.55,54.38
1927884.3771,0.00,31.73,75.38,49.57
1927884.4086,0.00,31.72,75.24,45.29
1927884.4404,0.00,31.51,74.69,41.76
1927884.4723,0.00,31.32,74.21,37.92
1927884.5042,0.00,31.15,73.81,34.50
1927884.5289,0.00,31.01,73.47,31.45
1927884.5603,0.00,30.49,72.39,29.31
1927884.5928,0.00,30.07,71.47,26.81
1927884.6242,0.00,29.71,70.69,24.58
1927884.6564,0.00,29.42,70.03,22.60
1927884.6884,0.00,28.89,68.57,21.18
1927884.7206,0.00,28.47,67.33,19.93
1927884.7537,0.00,28.12,66.28,18.60
1927884.7780,0.00,27.83,65.39,17.41
1927884.8096,0.00,26.76,63.08,16.96
1927884.8412,0.00,25.87,61.12,16.62
1927884.8734,0.00,25.13,59.47,15.41
1927884.9056,0.00,23.63,55.96,15.04
1927884.9368,0.00,22.39,53.00,14.72
1927884.9776,0.00,21.36,50.49,14.44
1927885.0096,0.00,20.51,48.36,13.26
1927885.0409,0.00,19.03,43.23,12.81
1927885.0724,0.00,17.82,38.90,12.36
1927885.0968,0.00,16.85,35.23,11.92
1927885.1280,0.00,16.06,32.12,11.03
1927885.1600,0.00,14.50,28.79,10.61
1927885.1915,0.00,13.20,26.02,10.23
1927885.2234,0.00,12.10,23.66,9.87
1927885.2547,0.00,11.18,21.66,9.12
1927885.2789,0.00,9.88,19.60,8.79
1927885.3106,0.00,8.80,17.87,8.45
1927885.3427,0.00,7.89,16.39,8.09
1927885.3756,0.00,7.13,15.14,7.28
1927885.4073,0.00,6.31,14.08,6.72
1927885.4392,0.00,5.65,13.17,6.18
1927885.4798,0.00,5.11,12.40,5.64
1927885.5116,0.00,4.63,11.80,5.12
1927885.5434,0.00,4.24,11.30,4.63
1927885.5754,0.00,3.96,10.86,4.19
1927885.6072,0.00,3.73,10.50,3.81
1927885.6391,0.00,3.54,10.25,3.48
1927885.6712,0.00,3.40,10.03,3.19
1927885.7115,0.00,3.29,9.85,2.93
1927885.7452,0.00,3.20,9.69,2.71
1927885.7759,0.00,3.14,9.56,2.51
1927885.8077,0.00,3.15,9.46,2.42
1927885.8244,0.00,3.17,9.38,2.34
1927885.8632,0.00,3.18,9.32,2.27
1927885.8957,0.00,3.20,9.26,2.19
1927885.9218,0.00,3.23,9.21,2.13
1927885.9623,3.27,0.00,9.17,2.09
1927885.9936,3.30,0.00,9.13,2.06
1927886.0253,3.33,0.00,9.09,2.08
1927886.0572,3.40,0.00,9.07,2.15
1927886.0862,3.45,0.00,9.04,2.22
1927886.1187,3.50,0.00,9.02,2.30
1927886.1444,3.54,0.00,9.00,2.38
1927886.1765,3.58,0.00,8.99,2.46
1927886.2085,3.62,0.00,8.98,2.54
1927886.2404,0.00,3.66,8.97,2.62
1927886.2735,0.00,3.68,8.96,2.68
1927886.2957,0.00,3.72,8.95,2.76
1927886.3298,0.00,3.75,8.94,2.82
1927886.3594,0.00,3.77,8.93,2.87
1927886.3911,0.00,3.79,8.93,2.92
1927886.4232,0.00,3.82,8.92,2.98
1927886.4552,0.00,3.85,8.91,3.03
1927886.4948,0.00,3.87,8.91,3.07
1927886.5263,0.00,3.91,8.90,3.11
1927886.5579,0.00,3.94,8.89,3.15
1927886.5898,3.96,0.00,8.88,3.18
1927886.6218,3.98,0.00,8.88,3.21
1927886.6616,4.02,0.00,8.87,3.24
1927886.6932,4.05,0.00,8.86,3.27
1927886.7248,4.08,0.00,8.85,3.29
1927886.7568,4.09,0.00,8.85,3.31
1927886.7797,4.11,0.00,8.84,3.33
1927886.8113,4.12,0.00,8.84,3.34
1927886.8443,4.15,0.00,8.83,3.36
1927886.8735,4.17,0.00,8.83,3.38
1927886.9051,4.19,0.00,8.82,3.39
1927886.9449,4.21,0.00,8.81,3.41
1927886.9766,4.24,0.00,8.81,3.42
1927887.0094,4.25,0.00,8.80,3.44
1927887.0420,4.27,0.00,8.80,3.45
1927887.0741,4.30,0.00,8.79,3.46
1927887.1056,4.32,0.00,8.79,3.48
1927887.1385,4.35,0.00,8.78,3.49
1927887.1772,4.36,0.00,8.77,3.50
1927887.2090,4.38,0.00,8.77,3.51
1927887.2410,4.39,0.00,8.77,3.52
1927887.2623,4.41,0.00,8.76,3.53
1927887.2984,4.42,0.00,8.76,3.53
1927887.3288,4.43,0.00,8.75,3.54
1927887.3609,4.44,0.00,8.75,3.54
1927887.3931,4.46,0.00,8.74,3.55
1927887.4219,4.48,0.00,8.74,3.56
1927887.4561,4.49,0.00,8.74,3.56
1927887.4875,4.51,0.00,8.73,3.57
1927887.5117,4.52,0.00,8.73,3.58
1927887.5434,4.53,0.00,8.73,3.59
1927887.5752,4.54,0.00,8.73,3.59
1927887.6070,4.56,0.00,8.73,3.60
1927887.6389,4.57,0.00,8.72,3.60
1927887.6705,4.58,0.00,8.72,3.61
1927887.7100,4.59,0.00,8.72,3.61
1927887.7422,4.59,0.00,8.72,3.61
1927887.7738,4.60,0.00,8.71,3.62
1927887.8056,4.61,0.00,8.71,3.62
1927887.8297,4.61,0.00,8.71,3.62
1927887.8613,4.62,0.00,8.71,3.62
1927887.8938,4.63,0.00,8.71,3.63
1927887.9263,4.64,0.00,8.71,3.63
1927887.9570,4.64,0.00,8.71,3.63
1927887.9891,4.65,0.00,8.70,3.63
1927888.0212,4.66,0.00,8.70,3.63
1927888.0450,4.66,0.00,8.70,3.63
1927888.0771,4.67,0.00,8.70,3.63
1927888.1102,4.68,0.00,8.70,3.64
1927888.1409,4.68,0.00,8.70,3.64
1927888.1785,4.69,0.00,8.70,3.64
1927888.2019,4.69,0.00,8.69,3.64
1927888.2436,4.70,0.00,8.69,3.64
1927888.2759,4.70,0.00,8.69,3.64
1927888.3082,4.71,0.00,8.69,3.64
1927888.3411,4.71,0.00,8.69,3.65
1927888.3732,4.72,0.00,8.69,3.65
1927888.4046,4.72,0.00,8.69,3.65
1927888.4446,4.73,0.00,8.68,3.65
1927888.4763,4.73,0.00,8.68,3.65
1927888.5085,4.73,0.00,8.68,3.65
1927888.5403,4.74,0.00,8.68,3.65
1927888.5728,4.74,0.00,8.68,3.65
1927888.5954,4.74,0.00,8.68,3.65
1927888.6276,4.75,0.00,8.68,3.65
1927888.6597,4.75,0.00,8.68,3.65
1927888.6914,4.75,0.00,8.68,3.65
1927888.7238,4.75,0.00,8.68,3.65
1927888.7556,4.75,0.00,8.68,3.65
1927888.7786,4.76,0.00,8.68,3.65
1927888.8108,4.76,0.00,8.68,3.65
1927888.8431,4.76,0.00,8.67,3.65
1927888.8754,4.76,0.00,8.67,3.65
1927888.9076,4.76,0.00,8.67,3.65
1927888.9396,4.77,0.00,8.67,3.65
1927888.9721,4.77,0.00,8.67,3.65
1927889.0043,4.77,0.00,8.67,3.65
1927889.0290,4.77,0.00,8.67,3.65
1927889.0612,4.78,0.00,8.67,3.65
1927889.0929,4.78,0.00,8.67,3.65
1927889.1253,4.78,0.00,8.67,3.65
1927889.1577,4.78,0.00,8.67,3.65
1927889.1908,4.78,0.00,8.67,3.65
1927889.2222,4.78,0.00,8.67,3.65
1927889.2546,4.79,0.00,8.67,3.65
1927889.2787,4.79,0.00,8.67,3.65
1927889.3105,4.79,0.00,8.67,3.65
1927889.3424,4.79,0.00,8.67,3.65
1927889.3755,4.79,0.00,8.67,3.65
1927889.4070,4.79,0.00,8.67,3.65
1927889.4393,4.80,0.00,8.66,3.65
1927889.4715,4.80,0.00,8.66,3.65
1927889.4956,4.80,0.00,8.66,3.65
1927889.5272,4.80,0.00,8.66,3.65
1927889.5594,4.80,0.00,8.66,3.65
1927889.5912,4.80,0.00,8.66,3.65
1927889.6229,4.80,0.00,8.66,3.65
1927889.6547,4.80,0.00,8.66,3.65
1927889.6948,4.80,0.00,8.66,3.65
1927889.7268,4.80,0.00,8.66,3.65
1927889.7591,4.81,0.00,8.66,3.65
1927889.7915,4.81,0.00,8.66,3.65
1927889.8234,4.81,0.00,8.66,3.65
1927889.8393,4.81,0.00,8.66,3.65
1927889.8712,4.81,0.00,8.66,3.65
1927889.9044,4.81,0.00,8.66,3.65
1927889.9449,4.81,0.00,8.66,3.65
1927889.9771,4.82,0.00,8.66,3.65
1927890.0089,4.82,0.00,8.66,3.65
1927890.0412,4.82,0.00,8.66,3.65
1927890.0727,4.82,0.00,8.66,3.65
1927890.0958,4.82,0.00,8.66,3.65
1927890.1275,4.82,0.00,8.66,3.65
1927890.1594,4.83,0.00,8.66,3.65
1927890.1919,4.83,0.00,8.66,3.65
1927890.2236,4.83,0.00,8.66,3.65
1927890.2561,4.83,0.00,8.66,3.65
1927890.2882,4.83,0.00,8.66,3.65
1927890.3121,4.83,0.00,8.66,3.65
1927890.3442,4.84,0.00,8.66,3.65
1927890.3768,4.84,0.00,8.65,3.65
1927890.4082,4.84,0.00,8.65,3.65
1927890.4404,4.84,0.00,8.65,3.66
1927890.4722,4.84,0.00,8.65,3.66
1927890.5037,4.84,0.00,8.65,3.66
1927890.5275,4.84,0.00,8.65,3.66
1927890.5596,4.84,0.00,8.65,3.66
1927890.5925,4.84,0.00,8.65,3.66
1927890.6237,4.84,0.00,8.65,3.66
1927890.6550,4.84,0.00,8.65,3.65
1927890.6946,4.84,0.00,8.65,3.65
1927890.7263,4.84,0.00,8.65,3.65
1927890.7580,4.84,0.00,8.65,3.65
1927890.7899,4.84,0.00,8.65,3.65
1927890.8223,4.84,0.00,8.65,3.65
1927890.8542,4.84,0.00,8.65,3.65
1927890.8781,4.84,0.00,8.65,3.65
1927890.9102,4.83,0.00,8.65,3.65
1927890.9424,4.83,0.00,8.65,3.65
1927890.9751,4.83,0.00,8.65,3.65
1927891.0068,4.83,0.00,8.65,3.65
1927891.0389,4.83,0.00,8.65,3.66
1927891.0706,4.84,0.00,8.65,3.66
1927891.0943,4.84,0.00,8.65,3.66
1927891.1262,4.84,0.00,8.65,3.66
1927891.1584,4.84,0.00,8.65,3.66
1927891.1900,4.84,0.00,8.65,3.66
1927891.2218,4.83,0.00,8.65,3.66
1927891.2618,4.83,0.00,8.65,3.66
1927891.2930,4.83,0.00,8.65,3.66
1927891.3250,4.83,0.00,8.65,3.66
1927891.3570,4.83,0.00,8.65,3.66
1927891.3898,4.83,0.00,8.65,3.66
1927891.4221,4.83,0.00,8.65,3.66
1927891.4547,4.83,0.00,8.64,3.66
1927891.4947,4.83,0.00,8.64,3.66
1927891.5265,4.83,0.00,8.64,3.66
1927891.5582,4.83,0.00,8.64,3.66
1927891.5905,4.83,0.00,8.64,3.66
1927891.6225,4.83,0.00,8.64,3.66
1927891.6551,4.83,0.00,8.64,3.66
1927891.6866,4.83,0.00,8.64,3.66
1927891.7265,4.83,0.00,8.64,3.66
1927891.7593,4.83,0.00,8.64,3.66
1927891.7901,4.83,0.00,8.64,3.66
1927891.8216,4.83,0.00,8.64,3.66
1927891.8543,4.83,0.00,8.64,3.66
1927891.8782,4.83,0.00,8.64,3.66
1927891.9093,4.83,0.00,8.64,3.66
1927891.9414,4.83,0.00,8.64,3.66
1927891.9739,4.83,0.00,8.64,3.66
1927892.0059,4.83,0.00,8.64,3.66
1927892.0378,4.83,0.00,8.64,3.66
1927892.0619,4.83,0.00,8.64,3.66
1927892.0936,4.83,0.00,8.64,3.65
1927892.1257,4.83,0.00,8.64,3.65
1927892.1572,4.82,0.00,8.64,3.65
1927892.1895,4.82,0.00,8.64,3.65
1927892.2217,4.82,0.00,8.64,3.65
1927892.2630,4.82,0.00,8.64,3.65
1927892.2932,4.82,0.00,8.64,3.65
1927892.3246,4.82,0.00,8.64,3.65
1927892.3565,4.82,0.00,8.64,3.65
1927892.3886,4.82,0.00,8.64,3.65
1927892.4206,4.82,0.00,8.64,3.65
1927892.4605,4.82,0.00,8.64,3.65
1927892.4927,4.82,0.00,8.64,3.65
1927892.5247,4.83,0.00,8.64,3.65
1927892.5563,4.83,0.00,8.64,3.65
1927892.5888,4.83,0.00,8.64,3.65
1927892.6207,4.83,0.00,8.64,3.65
1927892.6607,4.83,0.00,8.64,3.65
1927892.6922,4.83,0.00,8.64,3.66
1927892.7245,4.83,0.00,8.64,3.66
1927892.7564,4.83,0.00,8.64,3.66
1927892.7879,4.84,0.00,8.64,3.66
1927892.8124,4.84,0.00,8.64,3.66
1927892.8437,4.84,0.00,8.64,3.66
1927892.8760,4.84,0.00,8.64,3.66
1927892.9078,4.84,0.00,8.64,3.66
1927892.9399,4.84,0.00,8.64,3.66
1927892.9716,4.84,0.00,8.64,3.66
1927893.0115,4.84,0.00,8.64,3.66
1927893.0431,4.84,0.00,8.64,3.66
1927893.0749,4.84,0.00,8.64,3.66
1927893.1071,4.84,0.00,8.64,3.66
1927893.1395,4.84,0.00,8.64,3.66
1927893.1711,4.84,0.00,8.64,3.66
1927893.2114,4.84,0.00,8.64,3.66
1927893.2432,4.84,0.00,8.64,3.66
1927893.2749,4.84,0.00,8.64,3.66
1927893.3069,4.85,0.00,8.64,3.66
1927893.3393,4.85,0.00,8.64,3.66
1927893.3716,4.85,0.00,8.64,3.66
1927893.4114,4.85,0.00,8.64,3.66
1927893.4433,4.85,0.00,8.64,3.66
1927893.4750,4.85,0.00,8.64,3.66
1927893.5065,4.85,0.00,8.64,3.66
1927893.5389,4.84,0.00,8.64,3.66
1927893.5711,4.84,0.00,8.64,3.66
1927893.5953,4.84,0.00,8.64,3.66
1927893.6272,4.84,0.00,8.64,3.66
1927893.6589,4.84,0.00,8.64,3.66
1927893.6911,4.84,0.00,8.64,3.66
1927893.7231,4.84,0.00,8.64,3.66
1927893.7553,4.84,0.00,8.64,3.66
1927893.7867,4.84,0.00,8.64,3.66
1927893.8107,4.84,0.00,8.64,3.66
1927893.8423,4.84,0.00,8.64,3.66
1927893.8750,4.83,0.00,8.64,3.66
1927893.9070,4.83,0.00,8.64,3.66
1927893.9393,4.83,0.00,8.64,3.66
1927893.9712,4.83,0.00,8.64,3.66
1927894.0112,4.83,0.00,8.64,3.67
1927894.0431,4.83,0.00,8.64,3.67
1927894.0747,4.83,0.00,8.64,3.67
1927894.1066,4.83,0.00,8.64,3.67
1927894.1387,4.83,0.00,8.64,3.67
1927894.1781,4.83,0.00,8.64,3.67
1927894.2101,4.83,0.00,8.64,3.67
1927894.2417,4.83,0.00,8.64,3.67
1927894.2740,4.83,0.00,8.64,3.67
1927894.3057,4.83,0.00,8.64,3.67
1927894.3379,4.83,0.00,8.64,3.68
1927894.3619,4.83,0.00,8.64,3.68
1927894.3936,4.83,0.00,8.64,3.68
1927894.4259,4.84,0.00,8.64,3.68
1927894.4575,4.84,0.00,8.64,3.68
1927894.4897,4.84,0.00,8.64,3.68
1927894.5223,4.84,0.00,8.64,3.68
1927894.5453,4.84,0.00,8.64,3.68
1927894.5784,4.84,0.00,8.64,3.68
1927894.6098,4.84,0.00,8.64,3.68
1927894.6417,4.84,0.00,8.64,3.68
1927894.6733,4.84,0.00,8.64,3.68
1927894.7059,4.84,0.00,8.64,3.68
1927894.7379,4.84,0.00,8.64,3.69
1927894.7624,4.84,0.00,8.64,3.69
1927894.7944,4.84,0.00,8.64,3.69
1927894.8263,4.84,0.00,8.64,3.69
1927894.8576,4.84,0.00,8.64,3.69
1927894.8893,4.84,0.00,8.64,3.69
1927894.9217,4.84,0.00,8.64,3.69
1927894.9615,4.84,0.00,8.64,3.69
1927894.9932,4.84,0.00,8.64,3.69
1927895.0252,4.84,0.00,8.64,3.69
1927895.0571,4.84,0.00,8.64,3.69
1927895.0892,4.84,0.00,8.64,3.69
1927895.1288,4.84,0.00,8.64,3.69
1927895.1611,4.84,0.00,8.64,3.69
1927895.1926,4.85,0.00,8.64,3.69
1927895.2250,4.85,0.00,8.64,3.69
1927895.2563,4.85,0.00,8.64,3.69
1927895.2882,4.85,0.00,8.64,3.69
1927895.3122,4.85,0.00,8.64,3.69
1927895.3436,4.85,0.00,8.64,3.69
1927895.3761,4.85,0.00,8.64,3.69
1927895.4081,4.85,0.00,8.64,3.69
1927895.4403,4.85,0.00,8.64,3.69
1927895.4719,4.85,0.00,8.64,3.69
1927895.5047,4.85,0.00,8.64,3.69
1927895.5285,4.85,0.00,8.64,3.69
1927895.5607,4.85,0.00,8.64,3.69
1927895.5924,4.85,0.00,8.64,3.69
1927895.6241,4.85,0.00,8.64,3.69
1927895.6562,4.85,0.00,8.64,3.69
1927895.6880,4.85,0.00,8.64,3.69
1927895.7287,4.85,0.00,8.64,3.70
1927895.7618,4.85,0.00,8.64,3.70
1927895.7769,4.86,0.00,8.63,3.70
1927895.8088,4.86,0.00,8.63,3.70
1927895.8402,4.86,0.00,8.63,3.70
1927895.8730,4.86,0.00,8.63,3.70
1927895.9041,4.86,0.00,8.63,3.70
1927895.9437,4.86,0.00,8.63,3.70
1927895.9762,4.85,0.00,8.63,3.70
1927896.0080,4.85,0.00,8.63,3.70
1927896.0397,4.85,0.00,8.63,3.70
1927896.0716,4.85,0.00,8.63,3.70
1927896.0954,4.85,0.00,8.64,3.70
1927896.1271,4.85,0.00,8.64,3.70
1927896.1588,4.85,0.00,8.64,3.70
1927896.1910,4.85,0.00,8.64,3.70
1927896.2230,4.85,0.00,8.64,3.70
1927896.2549,4.85,0.00,8.64,3.70
1927896.2786,4.85,0.00,8.64,3.69
1927896.3107,4.85,0.00,8.64,3.69
1927896.3435,4.85,0.00,8.64,3.69
1927896.3758,4.85,0.00,8.64,3.69
1927896.4077,4.85,0.00,8.64,3.69
1927896.4398,4.85,0.00,8.64,3.69
1927896.4715,4.85,0.00,8.64,3.69
1927896.4957,4.85,0.00,8.64,3.69
1927896.5274,4.85,0.00,8.64,3.69
1927896.5588,4.86,0.00,8.64,3.69
1927896.5925,4.86,0.00,8.64,3.69
1927896.6231,4.86,0.00,8.64,3.69
1927896.6545,4.86,0.00,8.64,3.69
1927896.6944,4.85,0.00,8.64,3.69
1927896.7264,4.85,0.00,8.64,3.69
1927896.7585,4.85,0.00,8.64,3.69
1927896.7900,4.85,0.00,8.64,3.69
1927896.8222,4.85,0.00,8.64,3.69
1927896.8542,4.85,0.00,8.64,3.69
1927896.8781,4.85,0.00,8.64,3.69
1927896.9099,4.85,0.00,8.64,3.69
1927896.9417,4.86,0.00,8.64,3.69
1927896.9739,4.86,0.00,8.64,3.69
1927897.0053,4.86,0.00,8.64,3.69
1927897.0403,4.86,0.00,8.64,3.69
1927897.0609,4.86,0.00,8.64,3.69
1927897.0927,4.86,0.00,8.64,3.69
1927897.1245,4.86,0.00,8.65,3.69
1927897.1566,4.86,0.00,8.64,3.69
1927897.1881,4.86,0.00,8.64,3.69
1927897.2279,4.86,0.00,8.64,3.69
1927897.2599,4.87,0.00,8.64,3.69
1927897.2916,4.87,0.00,8.64,3.69
1927897.3236,4.87,0.00,8.64,3.70
1927897.3553,4.87,0.00,8.64,3.70
1927897.3877,4.87,0.00,8.64,3.70
1927897.4280,4.87,0.00,8.64,3.70
1927897.4605,4.87,0.00,8.64,3.70
1927897.4924,4.87,0.00,8.64,3.70
1927897.5245,4.87,0.00,8.64,3.70
1927897.5571,4.87,0.00,8.64,3.70
1927897.5891,4.87,0.00,8.64,3.70
1927897.6053,4.87,0.00,8.64,3.70
1927897.6447,4.87,0.00,8.64,3.70
1927897.6765,4.87,0.00,8.64,3.70
1927897.7084,4.87,0.00,8.64,3.70
1927897.7402,4.88,0.00,8.63,3.70
1927897.7730,4.88,0.00,8.63,3.70
1927897.8049,4.88,0.00,8.63,3.70
1927897.8289,4.88,0.00,8.63,3.70
1927897.8609,4.88,0.00,8.63,3.70
1927897.8932,4.88,0.00,8.63,3.70
1927897.9251,4.88,0.00,8.63,3.70
1927897.9569,4.88,0.00,8.63,3.70
1927897.9886,4.88,0.00,8.63,3.70
1927898.0202,4.88,0.00,8.63,3.70
1927898.0443,4.88,0.00,8.63,3.70
1927898.0767,4.88,0.00,8.63,3.70
1927898.1087,4.88,0.00,8.63,3.70
1927898.1409,4.89,0.00,8.63,3.70
1927898.1730,4.89,0.00,8.63,3.70
1927898.2060,4.89,0.00,8.63,3.70
1927898.2445,4.89,0.00,8.63,3.70
1927898.2765,4.89,0.00,8.63,3.70
1927898.3087,4.89,0.00,8.63,3.70
1927898.3404,4.89,0.00,8.63,3.70
1927898.3724,4.89,0.00,8.63,3.70
1927898.4042,4.89,0.00,8.63,3.70
1927898.4451,4.89,0.00,8.63,3.70
1927898.4764,4.89,0.00,8.63,3.70
1927898.5083,4.89,0.00,8.63,3.70
1927898.5405,4.89,0.00,8.63,3.70
1927898.5726,4.89,0.00,8.63,3.70
1927898.6045,4.89,0.00,8.63,3.70
1927898.6287,4.89,0.00,8.63,3.70
1927898.6604,4.89,0.00,8.63,3.71
1927898.6917,4.89,0.00,8.63,3.71
1927898.7235,4.89,0.00,8.63,3.71
1927898.7555,4.89,0.00,8.63,3.71
1927898.7872,4.89,0.00,8.63,3.71
1927898.8111,4.88,0.00,8.63,3.71
1927898.8433,4.88,0.00,8.63,3.71
1927898.8758,4.88,0.00,8.63,3.71
1927898.9071,4.88,0.00,8.63,3.71
1927898.9393,4.88,0.00,8.63,3.71
1927898.9721,4.88,0.00,8.63,3.71
1927899.0036,4.88,0.00,8.63,3.71
1927899.0279,4.88,0.00,8.63,3.71
1927899.0598,4.88,0.00,8.63,3.71
1927899.0911,4.88,0.00,8.63,3.71
1927899.1229,4.88,0.00,8.63,3.71
1927899.1556,4.88,0.00,8.63,3.71
1927899.1882,4.88,0.00,8.63,3.71
1927899.2279,4.88,0.00,8.63,3.71
1927899.2598,4.88,0.00,8.63,3.72
1927899.2915,4.88,0.00,8.63,3.72
1927899.3235,4.88,0.00,8.63,3.72
1927899.3395,4.88,0.00,8.63,3.72
1927899.3722,4.88,0.00,8.63,3.72
1927899.4040,4.88,0.00,8.63,3.72
1927899.4435,4.88,0.00,8.63,3.72
1927899.4756,4.88,0.00,8.63,3.73
1927899.5074,4.88,0.00,8.63,3.73
1927899.5393,4.88,0.00,8.63,3.73
1927899.5711,4.88,0.00,8.63,3.73
1927899.5955,4.88,0.00,8.63,3.73
1927899.6277,4.88,0.00,8.63,3.73
1927899.6596,4.88,0.00,8.63,3.73
1927899.6920,4.88,0.00,8.63,3.73
1927899.7234,4.88,0.00,8.63,3.73
1927899.7565,4.88,0.00,8.63,3.73
1927899.7785,4.87,0.00,8.63,3.73
1927899.8113,4.87,0.00,8.63,3.73
1927899.8427,4.87,0.00,8.63,3.72
1927899.8759,4.87,0.00,8.63,3.72
1927899.9065,4.87,0.00,8.63,3.72
1927899.9383,4.87,0.00,8.63,3.72
1927899.9713,4.87,0.00,8.63,3.72
1927899.9955,4.87,0.00,8.63,3.72
1927900.0435,4.87,0.00,8.63,3.72
1927900.0753,4.87,0.00,8.63,3.72
1927900.1064,4.87,0.00,8.63,3.72
1927900.1385,4.87,0.00,8.63,3.73
1927900.1781,4.87,0.00,8.64,3.73
1927900.2103,4.87,0.00,8.64,3.73
1927900.2424,4.87,0.00,8.64,3.73
1927900.2752,4.87,0.00,8.64,3.73
1927900.3072,4.87,0.00,8.64,3.73
1927900.3393,4.87,0.00,8.64,3.73
1927900.3712,4.87,0.00,8.64,3.73
1927900.4114,4.86,0.00,8.64,3.73
1927900.4434,4.86,0.00,8.64,3.73
1927900.4758,4.86,0.00,8.64,3.72
1927900.5080,4.86,0.00,8.64,3.72
1927900.5399,4.86,0.00,8.64,3.72
1927900.5721,4.86,0.00,8.64,3.72
1927900.6041,4.86,0.00,8.64,3.72
1927900.6287,4.86,0.00,8.64,3.72
1927900.6619,4.86,0.00,8.64,3.72
1927900.6929,4.86,0.00,8.64,3.72
1927900.7250,4.86,0.00,8.64,3.72
1927900.7569,4.86,0.00,8.64,3.72
1927900.7887,4.85,0.00,8.64,3.72
1927900.8210,4.85,0.00,8.64,3.72
1927900.8452,4.85,0.00,8.64,3.72
1927900.8781,4.85,0.00,8.64,3.72
1927900.9088,4.85,0.00,8.64,3.72
1927900.9408,4.85,0.00,8.64,3.72
1927900.9727,4.85,0.00,8.64,3.72
1927901.0040,4.85,0.00,8.64,3.72
1927901.0276,4.85,0.00,8.64,3.72
1927901.0594,4.85,0.00,8.64,3.72
1927901.0912,4.85,0.00,8.64,3.72
1927901.1236,4.86,0.00,8.64,3.72
1927901.1554,4.86,0.00,8.64,3.72
1927901.1872,4.86,0.00,8.64,3.72
1927901.2279,4.86,0.00,8.64,3.72
1927901.2598,4.86,0.00,8.64,3.72
1927901.2917,4.86,0.00,8.64,3.72
1927901.3236,4.86,0.00,8.64,3.72
1927901.3558,4.86,0.00,8.64,3.72
1927901.3880,4.86,0.00,8.64,3.72
1927901.4279,4.86,0.00,8.64,3.73
1927901.4606,4.86,0.00,8.64,3.73
1927901.4928,4.86,0.00,8.64,3.73
1927901.5246,4.86,0.00,8.64,3.73
1927901.5567,4.86,0.00,8.64,3.73
1927901.5885,4.86,0.00,8.64,3.73
1927901.6120,4.86,0.00,8.64,3.73
1927901.6438,4.86,0.00,8.64,3.73
1927901.6755,4.86,0.00,8.64,3.73
1927901.7076,4.86,0.00,8.64,3.73
1927901.7392,4.86,0.00,8.64,3.73
1927901.7710,4.86,0.00,8.64,3.73
1927901.7954,4.86,0.00,8.64,3.73
1927901.8276,4.86,0.00,8.64,3.73
1927901.8590,4.86,0.00,8.65,3.73
1927901.8912,4.86,0.00,8.65,3.73
1927901.9233,4.86,0.00,8.65,3.73
1927901.9549,4.86,0.00,8.65,3.73
1927901.9947,4.86,0.00,8.65,3.73
1927902.0268,4.86,0.00,8.65,3.73
1927902.0588,4.86,0.00,8.65,3.73
1927902.0905,4.86,0.00,8.65,3.73
1927902.1226,4.86,0.00,8.65,3.73
1927902.1549,4.86,0.00,8.65,3.73
1927902.1937,4.87,0.00,8.65,3.73
1927902.2252,4.87,0.00,8.65,3.73
1927902.2574,4.87,0.00,8.65,3.73
1927902.2898,4.87,0.00,8.65,3.73
1927902.3220,4.87,0.00,8.65,3.73
1927902.3455,4.87,0.00,8.65,3.73
1927902.3783,4.87,0.00,8.65,3.73
1927902.4102,4.87,0.00,8.65,3.73
1927902.4424,4.87,0.00,8.65,3.73
1927902.4744,4.87,0.00,8.66,3.73
1927902.5065,4.87,0.00,8.66,3.73
1927902.5387,4.87,0.00,8.66,3.73
1927902.5710,4.87,0.00,8.66,3.73
1927902.5953,4.87,0.00,8.66,3.73
1927902.6273,4.87,0.00,8.66,3.73
1927902.6593,4.87,0.00,8.66,3.73
1927902.6921,4.87,0.00,8.66,3.73
1927902.7239,4.87,0.00,8.66,3.72
1927902.7560,4.87,0.00,8.66,3.72
1927902.7877,4.87,0.00,8.66,3.74
1927902.8120,4.87,0.00,8.66,3.75
1927902.8439,4.87,0.00,8.66,3.77
1927902.8765,4.87,0.00,8.66,3.71
1927902.9084,4.72,0.00,8.71,3.48
1927902.9401,4.59,0.00,8.75,3.29
1927902.9722,4.49,0.00,8.78,3.12
1927902.9955,4.41,0.00,8.81,2.67
1927903.0275,5.14,0.00,9.07,3.16
1927903.0593,0.00,5.78,9.28,3.56
1927903.0913,0.00,6.37,9.44,3.88
1927903.1232,0.00,6.87,9.57,4.14
1927903.1550,0.00,7.30,9.68,4.36
1927903.1948,0.00,7.67,9.74,4.21
1927903.2263,0.00,8.71,11.00,4.75
1927903.2584,0.00,9.70,12.06,5.23
1927903.2904,0.00,10.59,12.97,6.36
1927903.3220,0.00,11.38,13.76,7.56
1927903.3555,0.00,13.03,18.19,8.51
1927903.3793,0.00,14.67,21.96,9.44
1927903.4104,0.00,16.17,25.18,12.09
1927903.4419,0.00,17.46,27.94,14.43
1927903.4733,0.00,19.67,33.80,16.93
1927903.5049,0.00,21.60,38.82,19.21
1927903.5290,0.00,23.25,43.11,23.53
1927903.5616,0.00,24.68,46.77,27.37
1927903.5932,0.00,26.16,50.85,30.76
1927903.6251,0.00,27.41,54.33,33.77
1927903.6572,0.00,28.48,57.31,38.96
1927903.6892,0.00,29.96,60.83,44.26
1927903.7216,0.00,31.19,63.85,48.97
1927903.7456,0.00,32.23,66.43,53.15
1927903.7770,0.00,33.09,68.64,59.27
1927903.8086,0.00,33.83,70.56,64.66
1927903.8405,0.00,34.45,72.20,69.48
1927903.8725,0.00,34.97,73.60,73.80
1927903.9041,0.00,35.41,74.80,79.04
1927903.9444,0.00,35.42,75.83,83.44
1927903.9766,0.00,35.44,76.70,87.40
1927904.0086,0.00,35.45,77.45,91.85
1927904.0410,0.00,35.49,78.09,95.86
1927904.0729,0.00,35.12,78.82,98.96
1927904.1050,0.00,34.81,79.45,101.78
1927904.1383,0.00,34.55,79.98,104.37
1927904.1774,0.00,34.31,80.57,106.85
1927904.2089,0.00,34.08,81.09,109.09
1927904.2404,0.00,33.89,81.53,111.12
1927904.2721,0.00,33.72,81.90,112.56
1927904.2938,0.00,33.59,82.35,113.93
1927904.3267,0.00,33.46,82.74,115.17
1927904.3592,0.00,33.34,83.07,116.28
1927904.3907,0.00,33.24,83.34,116.34
1927904.4232,0.00,33.15,83.58,116.39
1927904.4549,0.00,33.09,83.85,116.43
1927904.4946,0.00,33.01,83.89,114.03
1927904.5267,0.00,32.94,83.93,111.87
1927904.5589,0.00,32.88,83.95,109.94
1927904.5908,0.00,32.25,83.45,107.16
1927904.6229,0.00,31.73,83.01,102.56
1927904.6550,0.00,31.41,82.67,98.47
1927904.6944,0.00,31.16,82.38,94.83
1927904.7258,0.00,30.80,81.71,89.30
1927904.7581,0.00,30.49,81.15,84.33
1927904.7902,0.00,30.22,80.67,79.89
1927904.8222,0.00,29.99,80.26,75.90
1927904.8543,0.00,29.30,78.82,69.55
1927904.8789,0.00,28.73,77.61,63.90
1927904.9109,0.00,28.24,76.58,58.86
1927904.9429,0.00,27.83,75.71,54.36
1927904.9746,0.00,26.79,74.12,49.67
1927905.0063,0.00,25.90,72.78,45.50
1927905.0382,0.00,25.14,71.64,41.81
1927905.0707,0.00,23.84,69.83,38.83
1927905.0952,0.00,22.73,68.30,35.82
1927905.1275,0.00,21.79,67.18,33.13
1927905.1590,0.00,20.99,66.23,30.74
1927905.1908,0.00,19.62,64.47,29.06
1927905.2227,0.00,18.47,62.98,27.17
1927905.2546,0.00,17.58,62.25,25.47
1927905.2786,0.00,16.83,61.62,23.94
1927905.3109,0.00,15.88,60.69,22.70
1927905.3429,0.00,15.07,59.90,21.45
1927905.3749,0.00,14.42,59.46,20.33
1927905.4069,0.00,13.86,59.08,19.33
1927905.4338,0.00,13.49,58.93,18.29
1927905.4764,0.00,13.14,58.71,17.51
1927905.5086,0.00,12.85,58.52,16.82
1927905.5340,0.00,12.61,58.37,16.20
1927905.5710,0.00,12.52,58.61,15.72
1927905.5952,0.00,12.40,58.70,15.28
1927905.6245,0.00,12.30,58.77,14.89
1927905.6563,0.00,12.22,58.84,14.53
1927905.6884,0.00,12.12,59.13,14.10
1927905.7206,0.00,12.05,59.37,13.73
1927905.7610,0.00,12.00,59.58,13.41
1927905.7942,0.00,11.97,59.15,13.10
1927905.8261,0.00,11.94,58.77,12.71
1927905.8579,0.00,11.91,58.46,12.36
1927905.8902,0.00,11.95,58.11,12.06
1927905.9232,0.00,11.80,56.00,11.93
1927905.9554,0.00,11.67,54.20,11.46
1927905.9951,0.00,11.56,52.67,11.03
1927906.0268,0.00,11.15,47.37,10.90
1927906.0588,0.00,10.80,42.86,10.79
1927906.0910,0.00,10.50,39.03,10.69
1927906.1230,0.00,10.24,35.77,9.95
1927906.1556,0.00,9.76,29.15,9.62
1927906.1874,0.00,9.39,23.53,9.29
1927906.2275,0.00,9.11,18.75,8.68
1927906.2620,0.00,8.84,14.58,8.10
1927906.2824,0.00,8.64,11.04,7.56
1927906.3232,0.00,8.47,8.13,7.00
1927906.3558,0.00,8.33,5.66,6.48
1927906.3874,0.00,8.23,3.57,6.00
1927906.4273,0.00,8.14,1.78,5.56
1927906.4588,0.00,8.00,0.30,5.17
1927906.4911,0.00,7.86,-0.95,4.77
1927906.5152,0.00,7.75,-2.01,4.42
1927906.5433,0.00,7.65,-2.91,4.10
1927906.5758,0.00,7.61,-3.68,3.91
1927906.6076,0.00,7.58,-4.32,3.70
1927906.6401,0.00,7.56,-4.87,3.50
1927906.6722,0.00,7.54,-5.33,3.32
1927906.7039,0.00,7.53,-5.73,3.15
1927906.7442,0.00,7.53,-6.08,2.96
1927906.7630,0.00,7.54,-6.38,2.78
1927906.8029,0.00,7.54,-6.63,2.62
1927906.8278,0.00,7.54,-6.85,2.47
1927906.8610,0.00,7.55,-7.02,2.34
1927906.8933,0.00,7.62,-7.18,2.19
1927906.9251,0.00,7.67,-7.32,2.06
1927906.9575,0.00,7.72,-7.44,1.95
1927906.9899,0.00,7.71,-7.52,1.84
1927907.0217,0.00,7.69,-7.59,1.74
1927907.0467,0.00,7.68,-7.64,1.65
1927907.0775,0.00,7.67,-7.69,1.59
1927907.1107,0.00,7.63,-7.71,1.50
1927907.1411,0.00,7.59,-7.72,1.43
1927907.1738,0.00,7.57,-7.74,1.36
1927907.2056,0.00,7.55,-7.74,1.33
1927907.2380,0.00,7.51,-7.73,1.30
1927907.2619,0.00,7.47,-7.72,1.27
1927907.2938,0.00,7.43,-7.72,1.25
1927907.3252,0.00,7.41,-7.71,1.23
1927907.3578,0.00,7.43,-7.70,1.24
1927907.3897,0.00,7.45,-7.69,1.24
1927907.4220,0.00,7.47,-7.68,1.24
1927907.4538,0.00,7.48,-7.67,1.24
1927907.4942,0.00,7.53,-7.68,1.26
1927907.5260,0.00,7.58,-7.69,1.28
1927907.5605,0.00,7.62,-7.69,1.29
1927907.5906,0.00,7.67,-7.70,1.31
1927907.6227,0.00,7.71,-7.71,1.33
1927907.6544,0.00,7.75,-7.71,1.34
1927907.6947,0.00,7.78,-7.72,1.35
1927907.7265,0.00,7.82,-7.73,1.36
1927907.7593,0.00,7.85,-7.73,1.37
1927907.7920,0.00,7.88,-7.74,1.37
1927907.8251,0.00,7.91,-7.75,1.38
1927907.8563,0.00,7.94,-7.75,1.38
1927907.8884,0.00,7.96,-7.76,1.39
1927907.9279,0.00,7.98,-7.76,1.39
1927907.9607,0.00,8.00,-7.77,1.39
1927907.9929,0.00,8.01,-7.78,1.39
1927908.0256,0.00,8.03,-7.78,1.39
1927908.0574,0.00,8.04,-7.79,1.39
1927908.0900,0.00,8.06,-7.79,1.39
1927908.1222,0.00,8.07,-7.79,1.39
1927908.1548,0.00,8.08,-7.79,1.39
1927908.1948,0.00,8.09,-7.80,1.39
1927908.2263,0.00,8.10,-7.80,1.39
1927908.2589,0.00,8.11,-7.81,1.38
1927908.2908,0.00,8.12,-7.81,1.38
1927908.3228,0.00,8.13,-7.81,1.37
1927908.3557,0.00,8.14,-7.81,1.36
1927908.3944,0.00,8.15,-7.81,1.36
1927908.4263,0.00,8.16,-7.81,1.36
1927908.4591,0.00,8.17,-7.81,1.36
1927908.4907,0.00,8.18,-7.81,1.36
1927908.5226,0.00,8.19,-7.81,1.36
1927908.5548,0.00,8.20,-7.82,1.36
1927908.5784,0.00,8.21,-7.82,1.35
1927908.6103,0.00,8.21,-7.83,1.35
1927908.6427,0.00,8.21,-7.83,1.34
1927908.6750,0.00,8.21,-7.83,1.34
1927908.7075,0.00,8.22,-7.83,1.34
1927908.7399,0.00,8.23,-7.83,1.33
1927908.7726,0.00,8.24,-7.83,1.33
1927908.8041,0.00,8.22,-7.84,1.33
1927908.8285,0.00,8.21,-7.84,1.32
1927908.8603,0.00,8.21,-7.84,1.31
1927908.8921,0.00,8.20,-7.85,1.31
1927908.9246,0.00,8.23,-7.85,1.30
1927908.9559,0.00,8.26,-7.84,1.29
1927908.9879,0.00,8.28,-7.84,1.29
1927909.0120,0.00,8.30,-7.84,1.29
1927909.0433,0.00,8.31,-7.84,1.28
1927909.0761,0.00,8.32,-7.80,1.26
1927909.1077,0.00,8.28,-7.82,1.26
1927909.1400,0.00,8.25,-7.84,1.26
1927909.1718,0.00,8.22,-7.85,1.27
1927909.2115,0.00,8.21,-7.87,1.26
1927909.2438,0.00,8.21,-7.88,1.26
1927909.2759,0.00,8.20,-7.89,1.25
1927909.3076,0.00,8.22,-7.90,1.25
1927909.3397,0.00,8.22,-7.90,1.23
1927909.3726,0.00,8.23,-7.90,1.22
1927909.4042,0.00,8.23,-7.89,1.23
1927909.4448,0.00,8.24,-7.89,1.23
1927909.4768,0.00,8.25,-7.90,1.24
1927909.5093,0.00,8.25,-7.90,1.24
1927909.5419,0.00,8.26,-7.90,1.25
1927909.5735,0.00,8.26,-7.88,1.25
1927909.5893,0.00,8.25,-7.87,1.25
1927909.6220,0.00,8.25,-7.87,1.26
1927909.6553,0.00,8.25,-7.86,1.26
1927909.6949,0.00,8.28,-7.86,1.24
1927909.7263,0.00,8.31,-7.86,1.28
1927909.7581,0.00,8.33,-7.86,1.32
1927909.7904,0.00,8.35,-7.86,1.37
1927909.8219,0.00,8.40,-7.86,1.47
1927909.8543,0.00,8.45,-7.86,1.60
1927909.8785,0.00,8.49,-7.86,1.71
1927909.9113,0.00,8.50,-7.86,1.81
1927909.9429,0.00,8.89,-7.93,1.95
1927909.9749,0.00,9.22,-8.00,2.09
1927910.0072,0.00,9.51,-8.05,2.21
1927910.0396,0.00,9.77,-8.09,2.32
1927910.0718,0.00,9.93,-8.11,2.46
1927910.1040,0.00,10.07,-8.13,2.57
1927910.1278,0.00,10.19,-8.14,2.68
1927910.1599,0.00,10.28,-8.15,2.77
1927910.1920,0.00,10.41,-8.17,2.84
1927910.2244,0.00,10.52,-8.18,2.90
1927910.2570,0.00,10.61,-8.19,2.95
1927910.2881,0.00,10.69,-8.18,3.06
1927910.3121,0.00,10.75,-8.16,3.09
1927910.3444,0.00,10.80,-8.15,3.11
1927910.3756,0.00,10.84,-8.14,3.13
1927910.4080,0.00,10.93,-8.10,3.14
1927910.4400,0.00,11.01,-8.07,3.11
1927910.4721,0.00,11.06,-8.04,3.08
1927910.5043,0.00,11.10,-8.01,3.06
1927910.5283,0.00,11.11,-7.06,3.07
1927910.5601,0.00,11.12,-6.25,3.18
1927910.5918,0.00,11.13,-5.56,3.29
1927910.6235,0.00,11.14,-4.97,3.38
1927910.6554,0.00,11.10,-2.44,3.75
1927910.6871,0.00,11.06,-0.34,4.20
1927910.7274,0.00,11.02,1.45,4.60
1927910.7594,0.00,10.98,2.97,4.96
1927910.7917,0.00,10.94,4.27,5.46
1927910.8249,0.00,11.04,6.42,5.86
1927910.8576,0.00,11.12,8.25,6.22
1927910.8887,0.00,11.22,9.80,6.53
1927910.9211,0.00,11.31,11.11,7.00
1927910.9618,0.00,11.46,13.67,7.24
1927910.9944,0.00,11.58,15.87,7.46
1927911.0266,0.00,11.68,17.73,7.90
1927911.0591,0.00,11.77,19.31,8.30
1927911.0916,0.00,11.89,21.52,8.55
1927911.1234,0.00,12.01,23.42,8.78
1927911.1554,0.00,12.13,25.03,9.21
1927911.1880,0.00,12.12,27.42,9.53
1927911.2284,0.00,12.13,29.45,9.82
1927911.2600,0.00,12.14,31.17,10.09
1927911.2917,0.00,12.15,32.64,10.48
1927911.3243,0.00,12.14,34.88,10.76
1927911.3565,0.00,12.14,36.80,11.02
1927911.3884,0.00,12.13,38.44,11.26
1927911.4206,0.00,12.14,39.82,11.48
1927911.4611,0.00,12.14,41.01,11.85
1927911.4924,0.00,12.07,43.01,12.12
1927911.5251,0.00,12.02,44.71,12.36
1927911.5571,0.00,11.98,46.16,12.58
1927911.5889,0.00,11.95,47.39,13.07
1927911.6208,0.00,11.81,49.50,13.38
1927911.6612,0.00,11.70,51.31,13.66
1927911.6931,0.00,11.61,52.84,13.94
1927911.7256,0.00,12.14,53.96,13.89
1927911.7579,0.00,12.60,54.92,13.87
1927911.7898,0.00,12.92,55.88,13.88
1927911.8215,0.00,13.20,56.69,14.09
1927911.8456,0.00,14.01,57.02,14.17
1927911.8788,0.00,14.71,57.30,14.25
1927911.9097,0.00,15.33,57.77,14.35
1927911.9419,0.00,15.87,58.18,14.51
1927911.9735,0.00,16.21,58.71,14.53
1927912.0047,0.00,16.51,59.17,14.55
1927912.0375,0.00,16.77,59.61,14.59
1927912.0617,0.00,17.00,59.99,14.64
1927912.0937,0.00,17.02,62.58,14.85
1927912.1261,0.00,17.06,64.79,15.20
1927912.1587,0.00,17.09,66.66,15.51
1927912.1915,0.00,17.11,68.25,15.79
1927912.2232,0.00,17.11,70.73,16.21
1927912.2560,0.00,17.13,72.82,16.65
1927912.2880,0.00,17.14,74.59,17.03
1927912.3120,0.00,17.15,76.10,17.36
1927912.3434,0.00,17.16,77.38,17.65
1927912.3755,0.00,17.15,78.48,17.66
1927912.4075,0.00,16.92,79.35,17.87
1927912.4392,0.00,16.72,80.10,18.04
1927912.4715,0.00,16.56,80.73,18.19
1927912.5125,0.00,15.64,81.27,18.91
1927912.5429,0.00,14.85,81.73,19.11
1927912.5749,0.00,14.19,82.12,19.26
1927912.6072,0.00,13.62,82.47,19.37
1927912.6397,0.00,13.14,82.76,19.43
1927912.6721,0.00,12.72,83.00,19.50
1927912.7040,0.00,12.37,83.21,19.54
1927912.7444,0.00,12.06,83.39,19.57
1927912.7766,0.00,11.80,83.54,19.58
1927912.8084,0.00,11.57,83.67,19.58
1927912.8413,0.00,11.38,83.78,19.57
1927912.8727,0.00,11.23,83.87,19.55
1927912.9048,0.00,11.09,83.95,19.52
1927912.9445,0.00,10.98,84.02,19.50
1927912.9773,0.00,10.88,84.08,19.47
1927913.0094,0.00,10.80,84.13,19.44
1927913.0426,0.00,10.72,84.17,19.41
1927913.0737,0.00,10.66,84.20,19.38
1927913.1056,0.00,10.62,84.24,19.34
1927913.1383,0.00,10.58,84.27,19.30
1927913.1776,0.00,10.54,84.29,19.27
1927913.2097,0.00,10.51,84.31,19.24
1927913.2420,0.00,10.49,84.33,19.20
1927913.2739,0.00,10.47,84.34,19.17
1927913.2960,0.00,10.45,84.36,19.14
1927913.3286,0.00,10.44,84.37,19.11
1927913.3628,0.00,10.43,84.38,19.08
1927913.3939,0.00,10.43,84.39,19.06
1927913.4273,0.00,10.42,84.40,19.04
1927913.4583,0.00,10.42,84.40,19.02
1927913.4845,0.00,10.42,84.41,19.00
1927913.5124,0.00,10.42,84.41,18.99
1927913.5480,0.00,10.42,84.42,18.98
1927913.5786,0.00,10.42,84.42,18.97
1927913.6101,0.00,10.42,84.43,18.96
1927913.6421,0.00,10.42,84.44,18.95
1927913.6732,0.00,10.43,84.44,18.95
1927913.7057,0.00,10.43,84.45,18.94
1927913.7371,0.00,10.43,84.45,18.93
1927913.7739,0.00,10.44,84.45,18.93
1927913.7930,0.00,10.44,84.46,18.92
1927913.8247,0.00,10.45,84.46,18.91
1927913.8567,0.00,10.45,84.46,18.91
1927913.8888,0.00,10.46,84.46,18.91
1927913.9211,0.00,10.46,84.47,18.91
1927913.9611,0.00,10.46,84.47,18.91
1927913.9821,0.00,10.47,84.47,18.91
1927914.0140,0.00,10.47,84.47,18.91
1927914.0570,0.00,10.47,84.47,18.91
1927914.0822,0.00,10.48,84.47,18.90
1927914.1201,0.00,10.48,84.48,18.91
1927914.1440,0.00,10.48,84.48,18.91
1927914.1762,0.00,10.48,84.48,18.91
1927914.2080,0.00,10.49,84.48,18.91
1927914.2650,0.00,10.49,84.48,18.91
1927914.2978,0.00,10.49,84.49,18.91
1927914.3277,0.00,10.49,84.49,18.91
1927914.3594,0.00,10.50,84.49,18.92
1927914.3888,0.00,10.50,84.49,18.92
1927914.4202,0.00,10.50,84.49,18.92
1927914.4610,0.00,10.50,84.50,18.92
1927914.4933,0.00,10.51,84.50,18.92
1927914.5254,0.00,10.51,84.50,18.92
1927914.5578,0.00,10.51,84.50,18.93
1927914.5899,0.00,10.51,84.51,18.93
1927914.6217,0.00,10.52,84.51,18.93
1927914.6536,0.00,10.52,84.51,18.93
1927914.6934,0.00,10.52,84.51,18.94
1927914.7257,0.00,10.53,84.51,18.94
1927914.7572,0.00,10.53,84.51,18.94
1927914.7777,0.00,10.53,84.51,18.94
1927914.8099,0.00,10.53,84.51,18.94
1927914.8423,0.00,10.53,84.51,18.95
1927914.8748,0.00,10.54,84.51,18.95
1927914.9067,0.00,10.54,84.51,18.95
1927914.9384,0.00,10.54,84.51,18.95
1927914.9781,0.00,10.54,84.51,18.96
1927915.0103,0.00,10.54,84.52,18.96
1927915.0426,0.00,10.54,84.52,18.97
1927915.0742,0.00,10.54,84.53,18.99
1927915.1058,0.00,10.53,84.52,19.04
1927915.1374,0.00,10.49,84.50,19.08
1927915.1781,0.00,10.44,84.49,19.12
1927915.2094,0.00,10.41,84.48,19.15
1927915.2413,0.00,10.38,84.47,19.18
1927915.2741,0.00,10.36,84.46,19.21
1927915.3061,0.00,10.34,84.45,19.23
1927915.3384,0.00,10.32,84.44,19.25
1927915.3635,0.00,10.31,84.44,19.26
1927915.3945,0.00,10.30,84.43,19.28
1927915.4262,0.00,10.29,84.43,19.29
1927915.4580,0.00,10.27,84.43,19.31
1927915.4903,0.00,10.26,84.44,19.33
1927915.5225,0.00,10.25,84.44,19.35
1927915.5468,0.00,10.24,84.45,19.37
1927915.5780,0.00,10.24,84.45,19.36
1927915.6192,0.00,10.25,84.45,19.36
1927915.6428,0.00,10.26,84.45,19.36
1927915.6746,0.00,10.26,84.45,19.35
1927915.7065,0.00,10.27,84.47,19.32
1927915.7378,0.00,10.29,84.48,19.29
1927915.7701,0.00,10.31,84.50,19.27
1927915.7942,0.00,10.32,84.51,19.25
1927915.8260,0.00,10.32,84.50,19.24
1927915.8579,0.00,10.33,84.49,19.23
1927915.8896,0.00,10.33,84.49,19.24
1927915.9214,0.00,10.34,84.49,19.25
1927915.9611,0.00,10.40,84.50,19.22
1927915.9931,0.00,10.45,84.51,19.19
1927916.0114,0.00,10.49,84.53,19.21
1927916.0570,0.00,10.52,84.53,19.15
1927916.0892,0.00,10.55,84.54,19.10
1927916.1209,0.00,10.57,84.55,19.06
1927916.1615,0.00,10.59,84.56,19.20
1927916.1936,0.00,10.80,84.47,19.03
1927916.2255,0.00,11.00,84.43,18.90
1927916.2574,0.00,11.18,84.39,19.46
1927916.2896,0.00,11.60,84.34,19.43
1927916.3214,0.00,11.99,84.30,19.45
1927916.3453,0.00,12.34,84.50,19.49
1927916.3773,0.00,12.64,84.67,20.60
1927916.4090,0.00,13.04,84.94,21.44
1927916.4414,0.00,13.39,85.16,22.25
1927916.4732,0.00,13.67,85.43,23.02
1927916.5056,0.00,13.91,85.66,24.39
1927916.5376,0.00,14.52,86.33,25.18
1927916.5619,0.00,15.06,86.89,25.95
1927916.5935,0.00,15.44,87.40,26.69
1927916.6259,0.00,15.76,87.82,27.98
1927916.6577,0.00,16.34,88.39,29.10
1927916.6895,0.00,16.89,88.89,30.16
1927916.7213,0.00,17.35,89.32,31.14
1927916.7610,0.00,17.75,89.68,33.04
1927916.7769,0.00,17.93,89.97,35.15
1927916.8093,0.00,18.16,90.22,37.05
1927916.8411,0.00,18.36,90.43,38.76
1927916.8725,0.00,18.52,90.61,41.59
1927916.9038,0.00,18.66,90.83,44.18
1927916.9444,0.00,18.77,91.00,46.52
1927916.9769,0.00,18.87,91.13,50.34
1927917.0089,0.00,18.97,91.28,53.62
1927917.0407,0.00,19.06,91.41,56.58
1927917.0726,0.00,19.14,91.51,59.25
1927917.1041,0.00,19.20,91.61,63.31
1927917.1286,0.00,19.31,91.61,66.60
1927917.1607,0.00,19.41,91.61,69.58
1927917.1926,0.00,19.51,91.62,72.28
1927917.2244,0.00,19.59,91.62,76.17
1927917.2574,0.00,19.64,91.56,79.44
1927917.2891,0.00,19.70,91.51,82.40
1927917.3207,0.00,19.74,91.46,85.09
1927917.3449,0.00,19.79,91.42,88.64
1927917.3773,0.00,19.74,91.30,91.80
1927917.4089,0.00,19.70,91.20,94.65
1927917.4409,0.00,19.67,91.12,97.23
1927917.4730,0.00,19.64,91.03,100.71
1927917.5046,0.00,19.67,90.95,103.74
1927917.5286,0.00,19.69,90.88,106.48
1927917.5605,0.00,19.71,90.81,108.95
1927917.5930,0.00,19.74,90.71,112.20
1927917.6249,0.00,19.70,90.67,115.10
1927917.6569,0.00,19.67,90.63,117.71
1927917.6892,0.00,19.65,90.60,120.54
1927917.7208,0.00,19.64,90.55,123.10
1927917.7617,0.00,19.62,90.51,125.38
1927917.7766,0.00,19.62,90.47,127.44
1927917.8089,0.00,19.61,90.44,129.35
1927917.8406,0.00,19.61,90.42,131.07
1927917.8726,0.00,19.62,90.41,132.63
1927917.9047,0.00,19.62,90.40,134.04
1927917.9448,0.00,19.63,90.39,135.19
1927917.9757,0.00,19.51,90.39,136.41
1927918.0080,0.00,19.41,90.38,137.51
1927918.0401,0.00,19.32,90.38,138.49
1927918.0724,0.00,19.53,90.53,138.87
1927918.1040,19.70,0.00,90.65,139.21
1927918.1276,19.85,0.00,90.75,139.51
1927918.1597,19.34,0.00,90.65,140.40
1927918.1916,19.75,0.00,90.67,140.07
1927918.2236,20.14,0.00,90.68,139.73
1927918.2557,20.51,0.00,90.69,139.41
1927918.2876,19.49,0.00,90.40,140.00
1927918.3121,19.23,0.00,90.15,140.44
1927918.3438,19.02,0.00,89.92,140.76
1927918.3763,18.86,0.00,89.72,140.99
1927918.4081,19.18,0.00,89.90,141.24
1927918.4400,18.66,0.00,90.06,141.44
1927918.4719,18.21,0.00,90.20,141.60
1927918.5114,18.63,0.00,90.63,140.80
1927918.5430,18.99,0.00,90.99,140.68
1927918.5754,18.44,0.00,91.27,140.59
1927918.6071,17.99,0.00,91.50,140.54
1927918.6394,18.05,0.00,91.73,140.12
1927918.6718,17.83,0.00,91.91,140.06
1927918.7109,17.65,0.00,92.06,140.03
1927918.7430,17.49,0.00,92.18,140.04
1927918.7748,17.37,0.00,92.28,140.03
1927918.8067,17.34,0.00,92.37,139.99
1927918.8392,17.31,0.00,92.45,139.97
1927918.8547,17.29,0.00,92.51,139.96
1927918.8944,17.28,0.00,92.56,139.99
1927918.9265,17.21,0.00,92.61,140.04
1927918.9582,17.16,0.00,92.65,140.10
1927918.9896,17.11,0.00,92.68,140.16
1927919.0213,17.07,0.00,92.71,140.21
1927919.0452,17.04,0.00,92.73,140.28
1927919.0772,17.01,0.00,92.74,140.35
1927919.1090,16.98,0.00,92.76,140.42
1927919.1412,16.96,0.00,92.77,140.26
1927919.1730,16.79,0.00,92.81,140.34
1927919.2049,16.64,0.00,92.84,140.40
1927919.2444,16.51,0.00,92.87,139.89
1927919.2765,16.26,0.00,93.03,139.43
1927919.2926,0.00,16.08,93.21,139.05
1927919.3245,0.00,15.93,93.36,138.71
1927919.3563,0.00,15.81,93.49,138.39
1927919.3880,0.00,15.73,93.60,136.59
1927919.4280,0.00,15.43,93.74,135.32
1927919.4598,0.00,15.19,93.86,134.15
1927919.4918,0.00,14.99,93.96,131.28
1927919.5234,0.00,14.91,94.21,128.78
1927919.5555,0.00,14.85,94.43,126.51
1927919.5871,0.00,14.81,94.61,124.45
1927919.6115,0.00,14.79,94.77,120.86
1927919.6431,0.00,14.89,95.10,117.99
1927919.6749,0.00,15.01,95.39,115.38
1927919.7068,0.00,15.13,95.63,113.00
1927919.7390,0.00,15.24,95.83,109.39
1927919.7710,0.00,15.02,96.25,107.34
1927919.7949,0.00,14.95,96.60,105.41
1927919.8269,0.00,14.98,96.90,103.61
1927919.8588,0.00,15.07,97.16,100.83
1927919.8906,0.00,15.19,97.39,98.28
1927919.9229,0.00,15.32,97.58,95.94
1927919.9547,0.00,15.69,97.67,95.38
1927919.9945,0.00,16.23,97.75,94.06
1927920.0115,0.00,16.84,97.82,92.77
1927920.0585,0.00,17.46,97.88,91.54
1927920.0905,0.00,18.57,97.72,91.10
1927920.1222,0.00,19.65,97.58,90.59
1927920.1542,0.00,20.65,97.46,90.05
1927920.1944,21.20,0.00,97.33,89.32
1927920.2263,21.70,0.00,97.22,88.72
1927920.2582,22.14,0.00,97.13,88.13
1927920.2903,22.49,0.00,97.04,87.56
1927920.3222,22.67,0.00,97.01,87.01
1927920.3541,22.84,0.00,96.99,86.50
1927920.3783,22.99,0.00,96.96,86.01
1927920.4101,23.12,0.00,96.93,85.55
1927920.4418,23.22,0.00,96.91,85.09
1927920.4738,23.31,0.00,96.90,84.69
1927920.5062,23.38,0.00,96.89,84.33
1927920.5380,23.47,0.00,96.88,83.99
1927920.5616,23.42,0.00,96.92,83.55
1927920.5937,23.39,0.00,96.96,83.28
1927920.6263,23.36,0.00,96.99,83.04
1927920.6580,23.33,0.00,97.01,82.82
1927920.6902,23.11,0.00,96.90,82.49
1927920.7221,22.89,0.00,96.80,82.20
1927920.7538,22.70,0.00,96.71,81.94
1927920.7775,22.54,0.00,96.64,81.72
1927920.8091,22.20,0.00,96.39,81.50
1927920.8413,21.89,0.00,96.22,81.32
1927920.8730,21.62,0.00,96.08,81.16
1927920.9045,21.14,0.00,95.67,80.91
1927920.9444,20.73,0.00,95.32,80.70
1927920.9758,20.44,0.00,95.18,80.52
1927921.0082,20.19,0.00,95.06,80.37
1927921.0401,19.98,0.00,94.96,80.24
1927921.0720,19.72,0.00,94.83,80.21
1927921.1040,19.41,0.00,94.81,80.07
1927921.1279,19.15,0.00,94.79,79.95
1927921.1602,18.92,0.00,94.78,79.85
1927921.1925,18.77,0.00,94.72,79.77
1927921.2243,18.93,0.00,95.00,79.29
1927921.2567,19.06,0.00,95.23,78.85
1927921.2890,19.18,0.00,95.43,78.45
1927921.3213,19.44,0.00,95.56,78.08
1927921.3534,19.18,0.00,95.95,75.33
1927921.3776,18.99,0.00,96.28,72.90
1927921.4092,18.84,0.00,96.56,70.75
1927921.4416,19.15,0.00,96.87,68.85
1927921.4735,19.10,0.00,97.15,64.73
1927921.5054,19.08,0.00,97.38,61.09
1927921.5365,19.07,0.00,97.57,57.86
1927921.5609,19.12,0.00,97.76,54.99
1927921.5931,0.00,19.17,97.85,51.73
1927921.6250,0.00,19.23,97.93,48.84
1927921.6567,0.00,19.29,97.99,46.28
1927921.6887,0.00,19.26,98.01,44.01
1927921.7205,0.00,19.25,98.03,41.95
1927921.7602,0.00,19.25,98.04,40.14
1927921.7925,0.00,19.00,98.09,38.53
1927921.8247,0.00,18.78,97.97,37.16
1927921.8571,0.00,18.60,97.87,35.95
1927921.8886,0.00,18.45,97.78,34.87
1927921.9210,0.00,18.28,97.74,33.90
1927921.9621,0.00,17.91,97.62,33.02
1927921.9926,0.00,17.60,97.52,32.23
1927922.0248,0.00,17.34,97.43,31.53
1927922.0566,0.00,16.87,97.17,30.85
1927922.0888,0.00,16.47,96.94,30.25
1927922.1202,0.00,16.14,96.75,29.72
1927922.1441,0.00,15.86,96.59,29.25
1927922.1766,0.00,15.48,96.40,28.86
1927922.2086,0.00,15.16,96.23,28.51
1927922.2412,0.00,14.90,96.09,28.19
1927922.2728,0.00,14.66,95.98,27.90
1927922.3047,0.00,14.44,95.87,27.66
1927922.3285,0.00,14.26,95.78,27.44
1927922.3601,0.00,14.10,95.70,27.25
1927922.3925,0.00,13.97,95.65,27.08
1927922.4234,0.00,13.87,95.58,26.86
1927922.4553,0.00,13.78,95.52,26.71
1927922.4874,0.00,13.71,95.47,26.57
1927922.5116,0.00,13.66,95.44,26.45
1927922.5433,0.00,13.55,95.34,26.13
1927922.5753,0.00,13.47,95.26,25.94
1927922.6071,0.00,13.40,95.19,25.78
1927922.6393,0.00,13.34,95.11,25.65
1927922.6715,0.00,13.34,95.11,25.47
1927922.7112,0.00,13.34,95.12,25.32
1927922.7428,0.00,13.35,95.12,25.20
1927922.7748,0.00,13.63,95.43,24.94
1927922.8067,0.00,13.87,95.69,24.83
1927922.8389,0.00,14.08,95.92,24.74
1927922.8546,0.00,14.25,96.11,24.67
1927922.8942,0.00,14.56,96.32,24.47
1927922.9259,0.00,14.82,96.50,24.45
1927922.9581,0.00,15.04,96.65,24.44
1927922.9899,0.00,15.21,96.77,24.44
1927923.0225,0.00,15.59,97.09,24.30
1927923.0547,0.00,15.92,97.37,24.16
1927923.0785,0.00,16.19,97.61,24.04
1927923.1108,0.00,16.40,97.74,23.94
1927923.1434,0.00,16.71,97.95,23.77
1927923.1739,0.00,16.98,98.13,23.55
1927923.2060,0.00,17.20,98.28,23.35
1927923.2382,0.00,17.40,98.39,23.19
1927923.2619,0.00,17.67,98.52,22.79
1927923.2938,0.00,17.91,98.64,22.46
1927923.3261,0.00,18.11,98.73,22.16
1927923.3579,0.00,18.37,98.87,21.91
1927923.3899,0.00,18.61,98.97,21.45
1927923.4217,0.00,18.80,99.05,21.06
1927923.4538,0.00,18.97,99.11,20.43
1927923.4936,0.00,19.17,98.99,20.03
1927923.5253,0.00,19.34,98.89,19.68
1927923.5500,0.00,19.49,98.80,19.37
1927923.5783,0.00,19.61,98.73,18.98
1927923.6103,0.00,19.53,98.61,18.87
1927923.6426,0.00,19.47,98.52,18.76
1927923.6782,0.00,19.41,98.44,18.66
1927923.7039,0.00,19.37,98.37,18.54
1927923.7436,0.00,19.41,98.31,18.34
1927923.7759,0.00,19.44,98.27,18.16
1927923.8076,0.00,19.47,98.23,18.15
1927923.8398,0.00,19.52,98.22,18.15
1927923.8719,0.00,19.50,98.17,17.97
1927923.9036,0.00,19.49,98.14,17.83
1927923.9440,0.00,19.48,98.10,17.75
1927923.9756,0.00,19.51,98.13,17.64
1927924.0077,0.00,19.54,98.15,17.54
1927924.0400,0.00,19.56,98.17,17.47
1927924.0662,0.00,19.59,98.19,17.35
1927924.0944,0.00,19.49,98.23,17.39
1927924.1261,0.00,19.41,98.27,17.42
1927924.1581,0.00,19.34,98.29,17.44
1927924.1894,0.00,19.28,98.31,17.37
1927924.2216,0.00,19.18,98.32,17.32
1927924.2614,0.00,19.11,98.33,17.28
1927924.2934,0.00,19.05,98.34,17.26
1927924.3255,0.00,18.90,98.22,17.22
1927924.3576,0.00,18.78,98.11,17.19
1927924.3897,0.00,18.68,98.03,17.16
1927924.4293,0.00,18.61,97.96,17.31
1927924.4609,0.00,18.48,97.94,17.47
1927924.4928,0.00,18.38,97.91,17.62
1927924.5248,0.00,18.30,97.89,18.38
1927924.5567,0.00,18.23,97.88,19.07
1927924.5886,0.00,18.18,97.83,19.62
1927924.6207,0.00,18.17,97.80,20.12
1927924.6612,0.00,18.17,97.78,22.37
1927924.6932,0.00,18.10,97.76,24.73
1927924.7251,0.00,18.04,97.75,26.88
1927924.7575,0.00,18.05,97.67,28.84
1927924.7894,0.00,18.06,97.61,32.29
1927924.8213,0.00,17.87,97.36,35.26
1927924.8453,0.00,17.71,97.15,37.95
1927924.8775,0.00,17.70,97.03,40.39
1927924.9195,0.00,17.68,96.94,43.59
1927924.9598,0.00,17.62,96.86,46.20
1927924.9921,0.00,17.63,96.75,48.58
1927925.0240,0.00,17.64,96.66,52.27
1927925.0562,0.00,17.56,96.60,55.42
1927925.0878,0.00,17.56,96.36,58.28
1927925.1115,0.00,17.56,96.16,60.87
1927925.1435,0.00,17.57,95.98,64.29
1927925.1755,0.00,17.66,95.85,66.95
1927925.2078,0.00,17.97,95.83,69.38
1927925.2392,0.00,18.25,95.81,71.59
1927925.2714,0.00,18.49,95.79,74.03
1927925.3028,0.00,18.95,95.72,75.76
1927925.3282,0.00,19.61,95.80,77.35
1927925.3600,0.00,20.19,95.87,78.82
1927925.3915,0.00,20.69,95.92,80.20
1927925.4232,0.00,21.14,95.84,81.51
1927925.4551,0.00,21.47,95.79,82.70
1927925.4874,0.00,21.75,95.74,83.80
1927925.5125,0.00,21.99,95.71,84.80
1927925.5429,0.00,22.25,95.69,85.72
1927925.5745,0.00,22.38,95.68,86.55
1927925.6062,0.00,22.50,95.68,87.31
1927925.6384,0.00,22.59,95.68,88.00
1927925.6781,0.00,22.68,95.65,88.62
1927925.7096,0.00,22.75,95.63,89.18
1927925.7415,0.00,22.81,95.61,89.70
1927925.7735,0.00,22.83,95.64,90.19
1927925.8055,0.00,22.85,95.66,90.56
1927925.8375,0.00,22.88,95.63,90.90
1927925.8612,0.00,22.90,95.60,91.21
1927925.8928,0.00,22.86,95.63,91.57
1927925.9249,0.00,22.84,95.66,91.84
1927925.9569,0.00,22.78,95.68,92.08
1927925.9885,0.00,22.74,95.70,92.29
1927926.0205,0.00,22.72,95.68,92.47
1927926.0449,0.00,22.70,95.67,92.56
1927926.0761,0.00,22.69,95.67,92.64
1927926.1081,0.00,22.69,95.67,92.70
1927926.1404,0.00,22.61,95.69,92.86
1927926.1727,0.00,22.54,95.70,92.50
1927926.2051,0.00,22.49,95.71,92.17
1927926.2371,0.00,22.44,95.72,91.87
1927926.2775,0.00,22.41,95.90,90.48
1927926.3092,0.00,22.28,96.02,89.23
1927926.3409,0.00,22.17,96.13,88.09
1927926.3732,0.00,22.30,96.35,87.08
1927926.4045,0.00,22.42,96.54,83.95
1927926.4443,0.00,22.38,96.68,81.13
1927926.4758,0.00,22.35,96.80,78.59
1927926.5079,0.00,22.30,96.95,74.58
1927926.5403,0.00,22.25,97.05,70.97
1927926.5722,0.00,22.21,97.14,67.70
1927926.6047,0.00,22.05,97.27,64.89
1927926.6203,0.00,21.92,97.38,62.35
1927926.6611,0.00,21.82,97.45,59.28
1927926.6930,0.00,21.73,97.52,56.52
1927926.7252,0.00,21.62,97.60,54.09
1927926.7574,0.00,21.53,97.68,51.90
1927926.7896,0.00,21.45,97.71,49.92
1927926.8217,0.00,21.38,97.73,47.49
1927926.8452,0.00,21.32,97.75,45.30
1927926.8775,0.00,21.27,97.77,43.33
1927926.9088,0.00,21.18,97.83,41.63
1927926.9409,0.00,21.10,97.88,39.46
1927926.9728,0.00,21.04,97.92,37.51
1927927.0044,0.00,20.99,97.95,35.75
1927927.0283,0.00,20.96,97.94,34.17
1927927.0603,0.00,20.94,97.94,32.19
1927927.0926,0.00,20.92,97.93,30.41
1927927.1242,0.00,20.90,97.92,28.83
1927927.1564,0.00,20.88,97.93,27.43
1927927.1886,0.00,20.87,97.93,26.13
1927927.2277,0.00,20.85,97.93,24.97
1927927.2594,0.00,20.83,97.91,23.93
1927927.2917,0.00,20.81,97.92,23.03
1927927.3235,0.00,20.79,97.92,22.22
1927927.3394,0.00,20.77,97.93,21.50
1927927.3717,0.00,20.77,97.94,20.86
1927927.4032,0.00,20.73,97.91,20.34
1927927.4429,0.00,20.69,97.88,19.84
1927927.4671,0.00,20.67,97.85,19.39
1927927.5066,0.00,20.63,97.84,19.00
1927927.5385,0.00,20.61,97.82,18.62
1927927.5626,0.00,20.58,97.81,18.29
1927927.5973,0.00,20.57,97.80,18.00
1927927.6212,0.00,20.57,97.78,17.73
1927927.6527,0.00,20.56,97.77,17.46
1927927.6938,0.00,20.53,97.74,17.26
1927927.7257,0.00,20.51,97.72,17.08
1927927.7580,0.00,20.49,97.71,16.91
1927927.7900,0.00,20.49,97.72,16.76
1927927.8222,0.00,20.45,97.71,16.67
1927927.8542,0.00,20.42,97.70,16.54
1927927.8787,0.00,20.39,97.69,16.42
1927927.9107,0.00,20.36,97.69,16.31
1927927.9425,0.00,20.35,97.70,16.21
1927927.9746,0.00,20.33,97.70,16.12
1927928.0073,0.00,20.32,97.70,16.03
1927928.0394,0.00,20.31,97.71,15.95
1927928.0712,0.00,20.29,97.71,15.89
1927928.0955,0.00,20.26,97.71,15.84
1927928.1266,0.00,20.25,97.71,15.80
1927928.1587,0.00,20.23,97.71,15.75
1927928.1909,0.00,20.22,97.71,15.69
1927928.2234,0.00,20.20,97.70,15.64
1927928.2555,0.00,20.18,97.70,15.59
1927928.2872,0.00,20.16,97.70,15.55
1927928.3116,0.00,20.15,97.70,15.64
1927928.3433,0.00,20.13,97.65,15.74
1927928.3756,0.00,20.12,97.61,15.83
1927928.4075,0.00,20.14,97.56,15.91
1927928.4405,0.00,20.15,97.53,17.13
1927928.4717,0.00,20.16,97.50,18.28
1927928.4960,0.00,20.17,97.47,19.33
1927928.5273,0.00,20.26,97.47,20.30
1927928.5588,0.00,20.32,97.47,22.24
1927928.5909,0.00,20.08,97.41,24.46
1927928.6231,0.00,19.88,97.36,26.47
1927928.6617,0.00,19.70,97.36,28.29
1927928.6939,0.00,19.55,97.37,30.52
1927928.7255,0.00,19.50,97.33,32.26
1927928.7578,0.00,19.46,97.29,33.83
1927928.7896,0.00,19.42,97.27,36.14
1927928.8117,0.00,19.39,97.24,38.23
1927928.8431,0.00,19.37,97.23,40.09
1927928.8753,0.00,19.35,97.20,41.78
1927928.9069,0.00,19.34,97.17,45.97
1927928.9390,0.00,19.33,97.15,49.76
1927928.9728,0.00,19.32,97.13,53.18
1927929.0109,0.00,19.34,97.25,56.14
1927929.0433,0.00,19.35,97.34,60.32
1927929.0767,0.00,19.37,97.42,64.09
1927929.1076,0.00,19.40,97.49,67.49
1927929.1399,0.00,19.43,97.40,70.30
1927929.1721,0.00,19.47,97.33,73.05
1927929.2039,0.00,19.50,97.26,75.55
1927929.2442,0.00,19.52,97.21,77.81
1927929.2760,0.00,19.54,97.17,79.87
1927929.3080,0.00,19.55,97.10,81.71
1927929.3399,0.00,19.56,97.04,83.38
1927929.3723,0.00,19.57,96.99,84.89
1927929.4039,0.00,19.59,96.95,86.27
1927929.4432,0.00,19.61,96.93,87.50
1927929.4748,0.00,19.62,96.91,88.62
1927929.5068,0.00,19.63,96.89,89.62
1927929.5389,0.00,19.64,96.88,90.53
1927929.5705,0.00,19.65,96.87,91.36
1927929.5948,0.00,19.66,96.86,92.10
1927929.6268,0.00,19.67,96.87,92.76
1927929.6590,0.00,19.68,96.88,93.35
1927929.6912,0.00,19.68,96.89,93.89
1927929.7229,0.00,19.70,96.90,94.38
1927929.7552,0.00,19.71,96.91,94.70
1927929.7869,0.00,19.71,96.93,94.99
1927929.8108,0.00,19.71,96.94,95.26
1927929.8425,0.00,19.79,96.96,95.50
1927929.8750,0.00,19.66,97.01,95.66
1927929.9070,0.00,19.55,97.06,95.80
1927929.9389,0.00,19.46,97.09,95.91
1927929.9708,0.00,19.34,97.15,96.02
1927930.0109,0.00,19.24,97.19,95.68
1927930.0429,0.00,19.16,97.23,95.35
1927930.0752,0.00,19.01,97.23,95.06
1927930.1068,0.00,19.00,97.29,94.18
1927930.1389,0.00,19.00,97.35,93.39
1927930.1711,0.00,18.99,97.39,92.67
1927930.2110,0.00,19.00,97.42,91.99
1927930.2425,0.00,19.00,97.45,90.23
1927930.2745,0.00,19.01,97.48,88.64
1927930.3059,0.00,19.01,97.50,87.21
1927930.3380,0.00,19.04,97.61,85.95
1927930.3617,0.00,19.06,97.70,83.34
1927930.3938,0.00,19.09,97.78,81.00
1927930.4252,0.00,19.11,97.85,78.89
1927930.4577,0.00,19.28,97.83,76.78
1927930.4896,0.00,19.43,97.82,72.14
1927930.5215,0.00,19.56,97.81,67.97
1927930.5538,0.00,19.66,97.86,64.23
1927930.5773,0.00,19.61,97.88,61.00
1927930.6089,0.00,19.57,97.91,58.10
1927930.6411,0.00,19.53,97.92,55.50
1927930.6731,0.00,19.50,97.93,52.59
1927930.7052,0.00,19.43,97.96,50.11
1927930.7375,0.00,19.37,97.98,47.88
1927930.7611,0.00,19.32,98.00,45.86
1927930.7931,0.00,19.28,98.02,43.92
1927930.8248,0.00,19.22,98.05,42.21
1927930.8565,0.00,19.16,98.07,40.66
1927930.8884,0.00,19.12,98.09,39.29
1927930.9203,0.00,19.08,98.10,38.05
1927930.9611,0.00,19.04,98.12,36.94
1927930.9932,0.00,19.01,98.14,35.94
1927931.0247,0.00,18.99,98.16,35.05
1927931.0568,0.00,18.97,98.17,34.25
1927931.0887,0.00,18.96,98.18,33.53
1927931.1205,0.00,18.95,98.19,32.88
1927931.1600,0.00,18.94,98.20,32.40
1927931.1921,0.00,18.91,98.19,31.97
1927931.2245,0.00,18.89,98.18,31.58
1927931.2567,0.00,18.87,98.17,31.26
1927931.2887,0.00,18.86,98.16,30.98
1927931.3208,0.00,18.84,98.16,30.73
1927931.3452,0.00,18.83,98.15,30.50
1927931.3771,0.00,18.82,98.15,30.33
1927931.4089,0.00,18.80,98.13,30.18
1927931.4408,0.00,18.78,98.11,30.05
1927931.4725,0.00,18.77,98.10,29.93
1927931.5046,0.00,18.75,98.09,29.83
1927931.5367,0.00,18.78,98.07,29.70
1927931.5610,0.00,18.81,98.05,29.58
1927931.5928,0.00,18.83,98.04,29.48
1927931.6246,0.00,18.85,98.02,29.35
1927931.6570,0.00,18.92,98.03,29.18
1927931.6887,0.00,18.98,98.04,29.04
1927931.7204,0.00,19.03,98.05,28.92
1927931.7608,0.00,19.07,98.07,28.82
1927931.7920,0.00,19.14,98.08,28.75
1927931.8241,0.00,19.21,98.09,28.68
1927931.8562,0.00,19.26,98.10,28.63
1927931.8881,0.00,19.32,98.12,28.54
1927931.9284,0.00,19.37,98.15,28.46
1927931.9596,0.00,19.41,98.17,28.39
1927931.9917,0.00,19.45,98.19,28.31
1927932.0242,0.00,19.48,98.19,28.26
1927932.0559,0.00,19.51,98.19,28.21
1927932.0878,0.00,19.53,98.19,28.15
1927932.1115,0.00,19.55,98.20,28.11
1927932.1433,0.00,19.56,98.21,28.06
1927932.1757,0.00,19.56,98.21,28.03
1927932.2080,0.00,19.57,98.22,28.10
1927932.2398,0.00,19.60,98.22,28.16
1927932.2723,0.00,19.55,98.27,28.24
1927932.3040,0.00,19.52,98.31,28.30
1927932.3283,0.00,19.48,98.35,29.41
1927932.3600,0.00,19.48,98.36,30.41
1927932.3918,0.00,19.36,98.37,31.52
1927932.4239,0.00,19.26,98.37,32.52
1927932.4561,0.00,19.18,98.38,34.60
1927932.4882,0.00,19.07,98.38,36.52
1927932.5121,0.00,18.98,98.38,38.23
1927932.5437,0.00,18.90,98.38,39.78
1927932.5757,0.00,18.84,98.38,43.07
1927932.6076,0.00,18.48,98.38,46.31
1927932.6404,0.00,18.18,98.38,49.20
1927932.6713,0.00,17.92,98.38,51.79
1927932.7115,0.00,18.05,98.22,57.08
1927932.7430,0.00,17.99,98.17,61.73
1927932.7747,0.00,17.95,98.12,65.91
1927932.8064,0.00,17.91,98.08,70.09
1927932.8385,0.00,17.77,98.14,73.84
1927932.8708,0.00,17.91,98.13,77.02
1927932.9110,0.00,18.03,98.12,79.90
1927932.9429,0.00,18.13,98.11,82.56
1927932.9747,0.00,18.33,98.11,84.94
1927933.0069,0.00,18.49,98.11,87.09
1927933.0389,0.00,18.64,98.11,89.04
1927933.0713,0.00,18.75,98.16,90.76
1927933.1035,0.00,18.86,98.15,92.32
1927933.1274,0.00,18.96,98.14,93.73
1927933.1591,0.00,19.04,98.14,95.00
1927933.1916,0.00,19.06,98.17,96.17
1927933.2239,0.00,19.10,98.17,97.19
1927933.2555,0.00,19.14,98.17,98.12
1927933.2872,0.00,19.17,98.16,98.94
1927933.3115,0.00,19.21,98.21,99.68
1927933.3439,0.00,19.23,98.21,100.36
1927933.3757,0.00,19.26,98.20,100.97
1927933.4087,0.00,19.28,98.20,101.53
1927933.4401,0.00,19.28,98.21,102.03
1927933.4726,0.00,19.31,98.22,102.46
1927933.5046,0.00,19.34,98.22,102.85
1927933.5284,0.00,19.36,98.22,103.20
1927933.5604,0.00,19.37,98.22,103.52
1927933.5923,0.00,19.38,98.23,103.81
1927933.6243,0.00,19.38,98.24,104.06
1927933.6556,0.00,19.39,98.24,104.31
1927933.6877,0.00,19.40,98.24,104.53
1927933.7277,0.00,19.40,98.24,104.72
1927933.7599,0.00,19.41,98.24,104.89
1927933.7917,0.00,19.26,98.27,104.78
1927933.8242,0.00,19.23,98.27,104.74
1927933.8562,0.00,19.20,98.27,104.70
1927933.8884,0.00,19.18,98.27,104.39
1927933.9204,0.00,19.17,98.33,104.11
1927933.9610,0.00,18.96,98.32,104.04
1927933.9929,0.00,18.79,98.31,103.97
1927934.0244,0.00,18.64,98.30,103.11
1927934.0561,0.00,18.52,98.46,102.48
1927934.0882,0.00,18.42,98.60,101.91
1927934.1120,0.00,18.34,98.71,101.38
1927934.1445,0.00,18.27,98.81,100.20
1927934.1764,0.00,18.19,98.94,99.10
1927934.2082,0.00,18.13,99.05,98.11
1927934.2408,0.00,18.08,99.14,97.21
1927934.2721,0.00,17.97,99.23,95.56
1927934.3040,0.00,17.97,99.34,94.09
1927934.3281,0.00,17.97,99.44,92.76
1927934.3605,0.00,17.97,99.52,91.57
1927934.3929,0.00,17.97,99.60,89.57
1927934.4250,0.00,18.10,99.72,87.68
1927934.4570,0.00,18.20,99.82,85.98
1927934.4893,0.00,18.29,99.90,80.22
1927934.5213,0.00,18.37,99.98,75.05
1927934.5535,0.00,18.63,100.07,70.18
1927934.5774,0.00,18.86,100.16,65.82
1927934.6091,0.00,19.05,100.23,61.87
1927934.6412,0.00,19.22,100.30,58.32
1927934.6727,0.00,19.30,100.37,55.16
1927934.7049,0.00,19.38,100.43,52.34
1927934.7370,0.00,19.45,100.49,49.79
1927934.7616,0.00,19.50,100.54,47.51
1927934.7937,0.00,19.52,100.59,45.47
1927934.8254,0.00,19.53,100.64,43.65
1927934.8574,0.00,19.54,100.68,42.00
1927934.8894,0.00,19.55,100.72,40.54
1927934.9215,0.00,19.55,100.76,39.23
1927934.9607,0.00,19.56,100.79,38.05
1927934.9929,0.00,19.56,100.81,36.98
1927935.0248,0.00,19.54,100.82,36.04
1927935.0571,0.00,19.52,100.83,35.19
1927935.0887,0.00,19.51,100.84,34.41
1927935.1210,0.00,19.49,100.85,33.72
1927935.1609,0.00,19.44,100.81,33.10
1927935.1928,0.00,19.41,100.80,32.55
1927935.2246,0.00,19.38,100.80,32.06
1927935.2567,0.00,19.33,100.76,31.61
1927935.2885,0.00,19.29,100.74,31.21
1927935.3207,0.00,19.25,100.72,30.85
1927935.3451,0.00,19.22,100.70,30.54
1927935.3775,0.00,19.18,100.68,30.28
1927935.4085,0.00,19.16,100.67,30.03
1927935.4406,0.00,19.13,100.66,29.82
1927935.4726,0.00,19.11,100.66,29.64
1927935.5049,0.00,19.12,100.65,29.46
1927935.5285,0.00,19.13,100.67,29.30
1927935.5605,0.00,19.14,100.68,29.16
1927935.5923,0.00,19.15,100.69,29.04
1927935.6231,0.00,19.24,100.68,28.83
1927935.6548,0.00,19.33,100.71,28.65
1927935.6940,0.00,19.41,100.74,28.49
1927935.7253,0.00,19.50,100.76,28.29
1927935.7568,0.00,19.59,100.77,28.15
1927935.7894,0.00,19.66,100.79,28.02
1927935.8213,0.00,19.71,100.81,27.92
1927935.8451,0.00,19.77,100.86,27.85
1927935.8776,0.00,19.82,100.90,27.79
1927935.9091,0.00,19.86,100.92,27.74
1927935.9419,0.00,19.89,100.93,27.74
1927935.9729,0.00,19.88,100.95,27.82
1927936.0045,0.00,19.86,100.97,27.89
1927936.0283,0.00,19.87,100.95,27.95
1927936.0618,0.00,19.88,100.94,28.58
1927936.0922,0.00,19.68,100.98,29.46
1927936.1243,0.00,19.51,101.02,30.24
1927936.1557,0.00,19.37,101.02,30.93
1927936.1877,0.00,19.26,101.03,33.87
1927936.2276,0.00,19.15,101.05,36.55
1927936.2658,0.00,19.04,101.06,38.96
1927936.2825,0.00,18.95,101.07,41.12
1927936.3226,0.00,18.88,101.08,45.03
1927936.3547,0.00,18.71,101.00,48.54
1927936.3707,0.00,18.63,100.98,51.70
1927936.4111,0.00,18.56,100.97,56.04
1927936.4430,0.00,18.34,100.90,59.93
1927936.4751,0.00,18.15,100.84,63.44
1927936.5074,0.00,18.03,100.81,66.59
1927936.5387,0.00,17.93,100.79,70.20
1927936.5631,0.00,17.84,100.77,73.45
1927936.5941,0.00,17.80,100.75,76.30
1927936.6259,0.00,17.75,100.73,78.86
1927936.6577,0.00,17.70,100.71,81.26
1927936.6898,0.00,17.71,100.71,83.42
1927936.7218,0.00,17.71,100.70,85.37
1927936.7541,0.00,17.69,100.71,87.13
1927936.7779,0.00,17.68,100.72,88.72
1927936.8098,0.00,17.73,100.73,90.14
1927936.8418,0.00,17.78,100.74,91.42
1927936.8737,0.00,17.81,100.75,92.57
1927936.9051,0.00,17.84,100.76,93.61
1927936.9372,0.00,17.84,100.77,94.56
1927936.9776,0.00,17.83,100.78,95.42
1927937.0092,0.00,17.83,100.79,96.19
1927937.0413,0.00,17.83,100.81,96.88
1927937.0733,0.00,17.82,100.82,97.51
1927937.0891,0.00,17.82,100.83,98.09
1927937.1215,0.00,17.81,100.84,98.60
1927937.1535,0.00,17.82,100.85,98.85
1927937.1935,0.00,17.83,100.86,99.07
1927937.2254,0.00,17.80,100.86,99.33
1927937.2576,0.00,17.77,100.85,99.32
1927937.2899,0.00,17.75,100.85,99.31
1927937.3218,0.00,17.74,100.84,99.30
1927937.3540,0.00,17.68,100.83,99.36
1927937.3780,0.00,17.64,100.83,99.06
1927937.4095,0.00,17.59,100.82,98.78
1927937.4414,0.00,17.55,100.81,98.52
1927937.4734,0.00,17.57,100.86,98.31
1927937.5050,0.00,17.59,100.90,97.67
1927937.5285,0.00,17.59,100.94,97.09
1927937.5603,0.00,17.60,100.97,96.57
1927937.5922,0.00,17.59,100.98,96.11
1927937.6240,0.00,17.59,100.99,95.19
1927937.6562,0.00,17.58,101.01,94.37
1927937.6883,0.00,17.58,101.03,93.63
1927937.7204,0.00,17.57,101.04,92.94
1927937.7599,0.00,17.56,101.05,91.56
1927937.7918,0.00,17.56,101.07,90.32
1927937.8231,0.00,17.56,101.12,89.25
1927937.8550,0.00,17.57,101.16,87.35
1927937.8869,0.00,17.58,101.20,85.64
1927937.9275,0.00,17.58,101.23,84.10
1927937.9595,0.00,17.62,101.26,82.72
1927937.9917,0.00,17.65,101.29,80.32
1927938.0238,0.00,17.67,101.31,78.16
1927938.0560,0.00,17.69,101.33,76.22
1927938.0883,0.00,17.84,101.33,70.54
1927938.1116,0.00,17.96,101.33,65.45
1927938.1434,0.00,18.07,101.34,60.89
1927938.1751,0.00,18.20,101.46,56.80
1927938.2069,0.00,18.20,101.56,53.12
1927938.2384,0.00,18.21,101.66,49.83
1927938.2701,0.00,18.22,101.73,46.87
1927938.2940,0.00,18.18,101.78,44.22
1927938.3254,0.00,18.13,101.83,41.81
1927938.3576,0.00,18.09,101.87,39.65
1927938.3899,0.00,18.05,101.90,37.72
1927938.4218,0.00,18.03,101.95,35.99
1927938.4538,0.00,18.03,101.98,34.42
1927938.4947,0.00,18.02,102.01,33.01
1927938.5256,0.00,18.03,102.03,31.74
1927938.5575,0.00,18.04,102.05,30.61
1927938.5897,0.00,18.05,102.07,29.61
1927938.6220,0.00,18.05,102.08,28.71
1927938.6540,0.00,18.06,102.14,27.91
1927938.6934,0.00,18.13,102.16,27.19
1927938.7257,0.00,18.18,102.17,26.55
1927938.7576,0.00,18.23,102.18,25.98
1927938.7898,0.00,18.29,102.21,25.45
1927938.8213,0.00,18.33,102.22,25.03
1927938.8451,0.00,18.37,102.24,24.66
1927938.8774,0.00,18.40,102.25,24.32
1927938.9091,0.00,18.40,102.27,24.04
1927938.9407,0.00,18.40,102.28,23.80
1927938.9723,0.00,18.41,102.29,23.57
1927939.0041,0.00,18.41,102.30,23.37
1927939.0280,0.00,18.40,102.28,23.21
1927939.0596,0.00,18.39,102.27,23.10
1927939.0922,0.00,18.38,102.25,22.99
1927939.1234,0.00,18.38,102.24,22.89
1927939.1560,0.00,18.34,102.23,22.85
1927939.1869,0.00,18.31,102.22,22.81
1927939.2276,0.00,18.29,102.21,22.77
1927939.2598,0.00,18.24,102.23,22.74
1927939.2919,0.00,18.33,102.25,22.69
1927939.3239,0.00,18.40,102.26,22.65
1927939.3559,0.00,18.46,102.27,22.61
1927939.3875,0.00,18.65,102.32,22.46
1927939.4278,0.00,18.81,102.36,22.60
1927939.4599,0.00,18.95,102.40,22.74
1927939.4919,0.00,19.06,102.41,22.87
1927939.5237,0.00,19.43,102.55,22.91
1927939.5556,0.00,19.75,102.66,24.30
1927939.5878,0.00,20.03,102.76,25.56
1927939.6114,0.00,20.27,102.81,26.72
1927939.6437,0.00,20.44,102.91,28.03
1927939.6753,0.00,20.59,102.98,30.96
1927939.7073,0.00,20.71,103.05,33.62
1927939.7393,0.00,20.83,103.11,36.02
1927939.7717,0.00,20.96,103.20,39.73
1927939.8036,0.00,21.07,103.28,43.09
1927939.8270,0.00,21.16,103.35,46.12
1927939.8587,0.00,21.24,103.38,48.86
1927939.8905,0.00,21.01,103.40,53.51
1927939.9226,0.00,20.81,103.41,57.69
1927939.9541,0.00,20.65,103.42,61.43
1927939.9943,0.00,20.56,103.41,64.79
1927940.0267,0.00,20.48,103.41,67.80
1927940.0586,0.00,20.15,103.47,70.55
1927940.0908,0.00,19.87,103.52,74.43
1927940.1227,0.00,19.64,103.56,77.92
1927940.1545,0.00,19.42,103.60,81.04
1927940.1949,0.00,19.27,103.66,83.91
1927940.2259,0.00,19.13,103.71,86.50
1927940.2577,0.00,19.02,103.75,88.83
1927940.2896,0.00,19.00,103.84,90.79
1927940.3214,0.00,18.99,103.92,92.68
1927940.3450,0.00,18.97,103.99,94.38
1927940.3781,0.00,18.96,104.05,95.92
1927940.4091,0.00,18.91,104.07,97.27
1927940.4413,0.00,18.86,104.09,98.66
1927940.4734,0.00,18.83,104.10,99.90
1927940.5050,0.00,18.80,104.12,101.03
1927940.5373,0.00,18.79,104.13,102.04
1927940.5614,0.00,18.78,104.14,103.10
1927940.5936,0.00,18.78,104.15,104.05
1927940.6250,0.00,18.77,104.16,104.91
1927940.6570,0.00,18.76,104.16,105.72
1927940.6894,0.00,18.75,104.17,106.45
1927940.7211,0.00,18.74,104.17,107.11
1927940.7609,0.00,18.68,104.15,107.57
1927940.7789,0.00,18.69,104.20,107.95
1927940.8244,0.00,18.70,104.25,108.30
1927940.8566,0.00,18.70,104.29,108.64
1927940.8888,0.00,18.70,104.31,108.93
1927940.9210,0.00,18.70,104.33,109.19
1927940.9609,0.00,18.70,104.35,109.43
1927940.9923,0.00,18.71,104.36,109.61
1927941.0248,0.00,18.71,104.38,109.80
1927941.0566,0.00,18.71,104.39,109.96
1927941.0884,0.00,18.71,104.40,110.11
1927941.1207,0.00,18.72,104.41,110.24
1927941.1607,0.00,18.72,104.44,110.49
1927941.1927,0.00,18.73,104.47,110.72
1927941.2243,0.00,18.73,104.49,110.66
1927941.2570,0.00,18.70,104.62,111.01
1927941.2882,0.00,18.68,104.74,111.30
1927941.3208,0.00,18.66,104.83,111.54
1927941.3438,0.00,18.65,104.91,110.68
1927941.3758,0.00,18.74,105.19,109.96
1927941.4072,0.00,18.82,105.42,109.30
1927941.4394,0.00,18.89,105.62,108.69
1927941.4711,0.00,18.96,105.82,106.56
1927941.5034,0.00,19.00,106.04,104.63
1927941.5275,0.00,19.03,106.22,102.89
1927941.5590,0.00,19.07,106.38,101.32
1927941.5913,0.00,19.11,106.50,97.93
1927941.6232,0.00,19.46,106.53,94.71
1927941.6551,0.00,19.75,106.55,91.81
1927941.6873,0.00,20.01,106.57,86.64
1927941.7271,0.00,20.27,106.62,81.98
1927941.7588,0.00,20.49,106.67,77.80
1927941.7908,0.00,20.67,106.71,74.04
1927941.8227,0.00,20.83,106.74,69.63
1927941.8546,0.00,21.06,106.83,65.86
1927941.8705,0.00,21.25,106.90,62.46
1927941.9107,0.00,21.42,106.96,59.40
1927941.9428,0.00,21.56,107.01,56.65
1927941.9746,0.00,21.74,107.01,54.39
1927942.0067,0.00,21.90,107.01,51.90
1927942.0385,0.00,22.04,107.01,49.65
1927942.0705,0.00,22.17,107.00,47.62
1927942.0944,0.00,22.30,107.00,45.79
1927942.1268,0.00,22.40,107.01,44.10
1927942.1589,0.00,22.50,107.01,42.57
1927942.1911,0.00,22.57,107.01,41.20
1927942.2230,0.00,22.63,107.00,39.97
1927942.2551,0.00,22.68,107.00,38.85
1927942.2873,0.00,22.72,107.00,37.85
1927942.3114,0.00,22.75,107.00,36.96
1927942.3438,0.00,22.75,106.98,36.15
1927942.3751,0.00,22.75,106.97,35.44
1927942.4068,0.00,22.75,106.95,34.81
1927942.4384,0.00,22.75,106.94,34.25
1927942.4702,0.00,22.77,106.94,33.75
1927942.5110,0.00,22.79,106.95,33.31
1927942.5429,0.00,22.81,106.95,32.91
1927942.5750,0.00,22.74,106.90,32.70
1927942.6074,0.00,22.67,106.86,32.51
1927942.6394,0.00,22.62,106.83,32.32
1927942.6713,0.00,22.58,106.80,32.16
1927942.7033,0.00,22.39,106.89,32.12
1927942.7431,0.00,22.23,106.97,31.98
1927942.7752,0.00,22.10,107.03,31.85
1927942.8073,0.00,21.98,107.09,31.72
1927942.8393,0.00,21.88,107.14,32.01
1927942.8711,0.00,21.81,106.97,32.16
1927942.9109,0.00,21.74,106.83,32.29
1927942.9427,0.00,21.69,106.71,32.41
1927942.9746,0.00,21.64,106.60,34.63
1927943.0066,0.00,21.98,106.51,36.26
1927943.0388,0.00,22.27,106.44,37.76
1927943.0708,0.00,22.52,106.38,41.38
1927943.0948,0.00,22.73,106.25,44.69
1927943.1265,0.00,23.15,106.17,47.42
1927943.1583,0.00,23.52,106.10,49.93
1927943.1901,0.00,23.83,106.04,54.17
1927943.2222,0.00,24.10,105.75,58.01
1927943.2540,0.00,24.49,105.59,61.52
1927943.2783,0.00,24.83,105.44,64.71
1927943.3103,0.00,25.11,105.32,68.96
1927943.3417,0.00,25.34,105.01,72.79
1927943.3742,0.00,25.69,104.66,76.20
1927943.4055,0.00,25.98,104.36,79.27
1927943.4379,0.00,26.23,104.11,82.04
1927943.4773,0.00,26.47,103.71,84.48
1927943.5097,0.00,26.68,103.37,87.54
1927943.5416,0.00,26.85,103.08,90.30
1927943.5741,0.00,26.99,102.70,92.80
1927943.6057,0.00,27.25,102.50,96.07
1927943.6380,0.00,27.47,102.33,99.01
1927943.6776,0.00,27.65,102.19,101.66
1927943.7096,0.00,27.88,101.99,104.30
1927943.7417,0.00,28.07,101.81,107.06
1927943.7736,0.00,28.23,101.66,109.54
1927943.8056,0.00,28.37,101.51,111.75
1927943.8378,0.00,28.48,101.42,113.80
1927943.8615,0.00,28.58,101.34,115.62
1927943.8932,0.00,28.66,101.27,117.26
1927943.9247,0.00,28.73,101.21,118.77
1927943.9565,0.00,28.79,101.18,120.14
1927943.9884,0.00,28.84,101.14,121.36
1927944.0116,0.00,28.88,101.12,122.46
1927944.0440,0.00,28.92,101.09,123.45
1927944.0756,0.00,28.95,101.07,124.34
1927944.1069,0.00,28.97,101.05,125.14
1927944.1386,0.00,28.99,101.04,125.86
1927944.1774,0.00,29.01,101.03,126.48
1927944.2093,0.00,29.00,101.04,127.04
1927944.2412,0.00,28.99,101.04,127.55
1927944.2730,0.00,28.98,101.05,128.00
1927944.3050,0.00,28.87,101.12,128.45
1927944.3372,0.00,28.77,101.17,128.80
1927944.3614,0.00,28.69,101.22,129.11
1927944.3934,0.00,28.62,101.27,129.39
1927944.4256,0.00,28.39,101.46,129.73
1927944.4579,0.00,28.20,101.62,129.62
1927944.4897,0.00,28.03,101.75,129.51
1927944.5218,0.00,27.89,101.87,129.41
1927944.5536,0.00,27.83,102.01,129.28
1927944.5781,0.00,27.79,102.12,127.70
1927944.6095,0.00,27.75,102.22,126.28
1927944.6420,0.00,27.71,102.31,125.00
1927944.6736,0.00,27.68,102.54,123.43
1927944.7059,0.00,27.65,102.74,120.20
1927944.7377,0.00,27.64,102.91,117.31
1927944.7616,0.00,27.62,103.06,114.73
1927944.7937,0.00,27.64,103.23,112.36
1927944.8251,0.00,27.65,103.38,108.76
1927944.8572,0.00,27.66,103.51,105.53
1927944.8892,0.00,27.68,103.62,102.63
1927944.9216,0.00,27.83,103.58,100.01
1927944.9609,0.00,27.96,103.54,96.13
1927944.9929,0.00,28.06,103.51,92.65
1927945.0247,0.00,28.28,103.51,89.42
1927945.0565,0.00,28.46,103.51,84.99
1927945.0882,0.00,28.62,103.50,81.02
1927945.1200,0.00,28.75,103.50,77.45
1927945.1435,0.00,28.91,103.32,74.02
1927945.1754,0.00,29.04,103.17,69.65
1927945.2076,0.00,29.16,103.07,65.74
1927945.2397,0.00,29.25,102.98,62.25
1927945.2720,0.00,29.09,103.14,58.82
1927945.3039,0.00,28.96,103.27,54.57
1927945.3282,0.00,28.87,103.38,50.79
1927945.3603,0.00,28.79,103.48,47.42
1927945.3921,0.00,28.46,103.70,44.32
1927945.4241,0.00,28.19,103.89,40.91
1927945.4559,0.00,27.97,104.06,37.89
1927945.4881,0.00,27.79,104.20,35.24
1927945.5200,0.00,27.62,104.28,32.90
1927945.5439,0.00,27.48,104.35,30.86
1927945.5761,0.00,27.36,104.40,29.07
1927945.6081,0.00,27.26,104.45,27.51
1927945.6401,0.00,27.16,104.48,26.17
1927945.6721,0.00,27.07,104.51,25.00
1927945.7050,0.00,26.99,104.53,23.97
1927945.7448,0.00,26.92,104.57,23.09
1927945.7763,0.00,26.86,104.59,22.32
1927945.8079,0.00,26.81,104.62,21.64
1927945.8397,0.00,26.76,104.64,21.06
1927945.8717,0.00,26.73,104.65,20.54
1927945.9107,0.00,26.71,104.66,20.09
1927945.9425,0.00,26.69,104.67,19.71
1927945.9681,0.00,26.67,104.68,19.36
1927946.0099,0.00,26.65,104.67,19.07
1927946.0416,0.00,26.64,104.67,18.81
1927946.0667,0.00,26.63,104.66,18.59
1927946.0923,0.00,26.62,104.66,18.38
1927946.1267,0.00,26.57,104.61,18.23
1927946.1530,0.00,26.53,104.56,18.09
1927946.1929,0.00,26.50,104.52,17.96
1927946.2251,0.00,26.44,104.35,17.90
1927946.2570,0.00,26.39,104.20,17.83
1927946.2888,0.00,26.34,104.08,17.77
1927946.3213,0.00,26.30,103.98,17.70
1927946.3451,0.00,26.11,103.53,17.78
1927946.3788,0.00,25.95,103.16,17.78
1927946.4091,0.00,25.81,102.84,17.77
1927946.4412,0.00,25.70,102.57,17.76
1927946.4736,0.00,25.25,101.97,18.03
1927946.5055,0.00,24.87,101.47,18.06
1927946.5371,0.00,24.54,101.04,18.08
1927946.5614,0.00,24.27,100.67,18.08
1927946.5935,0.00,24.03,100.32,18.09
1927946.6257,0.00,23.82,100.03,18.11
1927946.6576,0.00,23.65,99.77,18.12
1927946.6898,0.00,23.49,99.52,18.12
1927946.7219,0.00,23.59,99.30,17.99
1927946.7540,0.00,23.67,99.12,18.99
1927946.7775,0.00,23.75,98.96,20.01
1927946.8097,0.00,23.82,98.80,21.02
1927946.8414,0.00,23.96,98.74,22.20
1927946.8737,0.00,24.10,98.69,25.91
1927946.9053,0.00,24.23,98.64,29.46
1927946.9376,0.00,24.34,98.61,32.77
1927946.9774,0.00,24.76,98.42,37.18
1927947.0096,0.00,25.13,98.27,41.24
1927947.0417,0.00,25.45,98.14,44.94
1927947.0738,0.00,25.87,98.27,48.94
1927947.1060,0.00,26.26,98.38,54.05
1927947.1379,0.00,26.61,98.47,58.65
1927947.1772,0.00,26.92,98.55,62.77
1927947.2093,0.00,27.44,98.64,68.04
1927947.2418,0.00,27.91,98.71,72.77
1927947.2735,0.00,28.32,98.77,77.00
1927947.2969,0.00,28.68,98.82,80.79
1927947.3373,0.00,29.16,98.80,85.17
1927947.3615,0.00,29.58,98.78,89.11
1927947.3935,0.00,29.93,98.76,92.63
1927947.4256,0.00,30.24,98.70,95.79
1927947.4574,0.00,30.50,98.64,99.34
1927947.4893,0.00,30.78,98.55,102.63
1927947.5209,0.00,31.03,98.47,105.56
1927947.5449,0.00,31.21,98.42,108.20
1927947.5776,0.00,31.37,98.37,110.70
1927947.6088,0.00,31.50,98.30,112.97
1927947.6413,0.00,31.62,98.24,115.00
1927947.6729,0.00,31.73,98.18,116.82
1927947.7045,0.00,31.83,98.12,118.43
1927947.7369,0.00,31.92,98.11,119.89
1927947.7770,0.00,32.00,98.08,121.19
1927947.8089,0.00,32.07,98.05,122.36
1927947.8411,0.00,32.14,98.03,123.40
1927947.8732,0.00,32.19,98.02,124.34
1927947.9050,0.00,32.22,98.02,125.18
1927947.9365,0.00,32.26,98.02,125.93
1927947.9769,0.00,32.28,98.02,126.61
1927948.0089,0.00,32.31,98.02,127.21
1927948.0405,0.00,32.30,98.04,127.74
1927948.0724,0.00,32.30,98.05,128.19
1927948.1042,0.00,32.30,98.07,128.60
1927948.1281,0.00,32.29,98.08,128.96
1927948.1602,0.00,32.18,98.13,129.29
1927948.1918,0.00,32.08,98.17,129.46
1927948.2236,0.00,32.00,98.21,129.62
1927948.2559,0.00,31.95,98.23,129.76
1927948.2877,0.00,31.69,98.42,129.82
1927948.3197,0.00,31.48,98.58,129.87
1927948.3432,0.00,31.30,98.72,129.92
1927948.3758,0.00,31.14,98.85,129.96
1927948.4073,0.00,30.78,99.05,128.99
1927948.4392,0.00,30.47,99.22,128.12
1927948.4716,0.00,30.21,99.36,127.34
1927948.5118,0.00,29.86,99.57,126.41
1927948.5279,0.00,29.56,99.74,123.90
1927948.5587,0.00,29.32,99.89,121.66
1927948.5907,0.00,29.10,100.01,119.64
1927948.6227,0.00,28.90,100.09,117.54
1927948.6547,0.00,28.73,100.15,113.18
1927948.6946,0.00,28.59,100.20,109.27
1927948.7269,0.00,28.46,100.26,105.76
1927948.7591,0.00,28.11,100.27,102.23
1927948.7912,0.00,27.82,100.27,99.08
1927948.8238,0.00,27.59,100.28,96.28
1927948.8549,0.00,27.41,100.25,92.26
1927948.8869,0.00,27.15,100.38,88.80
1927948.9271,0.00,26.94,100.49,85.70
1927948.9586,0.00,26.75,100.58,81.89
1927948.9906,0.00,26.82,100.54,78.40
1927949.0222,0.00,26.87,100.51,75.27
1927949.0541,0.00,26.92,100.48,72.46
1927949.0782,0.00,26.96,100.45,68.13
1927949.1101,0.00,26.92,100.47,64.09
1927949.1425,0.00,26.89,100.48,60.49
1927949.1744,0.00,26.86,100.49,57.26
1927949.2059,0.00,26.85,100.50,53.57
1927949.2376,0.00,26.82,100.50,49.95
1927949.2625,0.00,26.81,100.51,46.72
1927949.2933,0.00,26.80,100.51,43.86
1927949.3253,0.00,26.80,100.51,40.69
1927949.3570,0.00,26.74,100.56,37.93
1927949.3891,0.00,26.69,100.61,35.48
1927949.4215,0.00,26.64,100.65,33.31
1927949.4534,0.00,26.61,100.69,31.32
1927949.4935,0.00,26.56,100.71,29.56
1927949.5255,0.00,26.52,100.72,28.01
1927949.5574,0.00,26.49,100.74,26.63
1927949.5896,0.00,26.47,100.76,25.43
1927949.6212,0.00,26.44,100.78,24.37
1927949.6608,0.00,26.43,100.80,23.44
1927949.6922,0.00,26.41,100.81,22.62
1927949.7248,0.00,26.39,100.83,21.91
1927949.7570,0.00,26.38,100.85,21.29
1927949.7887,0.00,26.37,100.87,20.75
1927949.8205,0.00,26.36,100.88,20.27
1927949.8447,0.00,26.34,100.89,19.86
1927949.8918,0.00,26.33,100.90,19.49
1927949.9234,0.00,26.32,100.90,19.16
1927949.9552,0.00,26.32,100.89,18.88
1927949.9947,0.00,26.32,100.87,18.62
1927950.0191,0.00,26.32,100.86,18.39
1927950.0443,0.00,26.32,100.85,18.19
1927950.0780,0.00,26.32,100.84,18.02
1927950.1102,0.00,26.32,100.83,17.86
1927950.1420,0.00,26.32,100.82,17.73
1927950.1739,0.00,26.33,100.81,17.61
1927950.2057,0.00,26.33,100.79,17.51
1927950.2376,0.00,26.34,100.77,17.42
1927950.2614,0.00,26.34,100.76,17.34
1927950.2929,0.00,26.34,100.75,17.25
1927950.3249,0.00,26.37,100.69,17.16
1927950.3573,0.00,26.39,100.64,17.07
1927950.3895,0.00,26.41,100.60,17.12
1927950.4209,0.00,26.43,100.56,17.16
1927950.4531,0.00,26.55,100.32,17.13
1927950.4931,0.00,26.64,100.13,17.11
1927950.5242,0.00,26.73,99.96,18.17
1927950.5563,0.00,26.83,99.88,19.45
1927950.5886,0.00,26.92,99.82,20.72
1927950.6204,0.00,27.01,99.76,21.93
1927950.6447,0.00,27.08,99.71,25.17
1927950.6764,0.00,27.13,99.60,28.38
1927950.7087,0.00,27.17,99.51,31.37
1927950.7409,0.00,27.20,99.43,34.11
1927950.7727,0.00,27.24,99.34,39.03
1927950.8046,0.00,27.26,99.35,43.73
1927950.8367,0.00,27.29,99.37,47.98
1927950.8608,0.00,27.31,99.38,51.82
1927950.8926,0.00,27.33,99.37,55.28
1927950.9238,0.00,27.69,99.36,58.44
1927950.9560,0.00,28.00,99.36,63.38
1927950.9877,0.00,28.26,99.35,67.83
1927951.0201,0.00,28.49,99.35,71.84
1927951.0434,0.00,28.93,99.31,75.48
1927951.0753,0.00,29.31,99.28,80.08
1927951.1077,0.00,29.64,99.25,84.21
1927951.1394,0.00,29.91,99.24,87.93
1927951.1712,0.00,30.30,99.16,92.81
1927951.2038,0.00,30.64,99.09,97.20
1927951.2446,0.00,30.93,99.03,101.15
1927951.2768,0.00,31.15,98.92,104.62
1927951.3088,0.00,31.34,98.82,107.88
1927951.3406,0.00,31.51,98.74,110.82
1927951.3726,0.00,31.65,98.67,113.45
1927951.4036,0.00,31.77,98.61,115.84
1927951.4445,0.00,31.88,98.57,117.94
1927951.4752,0.00,31.97,98.53,119.83
1927951.5070,0.00,32.01,98.51,121.56
1927951.5391,0.00,32.05,98.50,123.09
1927951.5716,0.00,32.08,98.48,124.47
1927951.6040,0.00,32.11,98.47,125.71
1927951.6283,0.00,32.14,98.46,126.82
1927951.6602,0.00,32.16,98.45,127.79
1927951.6918,0.00,32.13,98.46,128.67
1927951.7241,0.00,32.10,98.47,129.46
1927951.7558,0.00,32.07,98.47,130.17
1927951.7879,0.00,32.06,98.48,130.86
1927951.8114,0.00,31.87,98.56,131.48
1927951.8437,0.00,31.71,98.63,132.04
1927951.8758,0.00,31.57,98.69,132.54
1927951.9074,0.00,31.47,98.73,132.49
1927951.9392,0.00,31.30,98.83,132.37
1927951.9711,0.00,31.15,98.90,132.25
1927952.0030,0.00,31.03,98.97,132.15
1927952.0268,0.00,30.94,99.06,130.77
1927952.0585,0.00,30.78,99.17,129.08
1927952.0903,0.00,30.66,99.26,127.58
1927952.1222,0.00,30.55,99.34,126.24
1927952.1542,0.00,30.46,99.42,122.73
1927952.1952,0.00,30.45,99.45,119.42
1927952.2263,0.00,30.44,99.48,116.47
1927952.2594,0.00,30.44,99.50,112.02
1927952.2913,0.00,30.44,99.54,108.04
1927952.3231,0.00,30.45,99.57,104.48
1927952.3549,0.00,30.46,99.60,101.27
1927952.3876,0.00,30.46,99.62,96.64
1927952.4274,0.00,30.35,99.61,92.55
1927952.4590,0.00,30.26,99.59,88.88
1927952.4905,0.00,30.17,99.58,83.76
1927952.5226,0.00,30.21,99.61,79.13
1927952.5544,0.00,30.24,99.64,74.96
1927952.5782,0.00,30.27,99.67,71.22
1927952.6100,0.00,30.29,99.69,66.45
1927952.6417,0.00,30.30,99.71,62.16
1927952.6737,0.00,30.25,99.90,58.22
1927952.7058,0.00,30.21,100.06,54.69
1927952.7378,0.00,30.18,100.20,50.52
1927952.7618,0.00,30.15,100.32,46.79
1927952.7932,0.00,30.07,100.53,43.20
1927952.8258,0.00,30.01,100.70,40.02
1927952.8569,0.00,29.96,100.85,36.62
1927952.8893,0.00,29.92,101.02,33.54
1927952.9209,0.00,29.89,101.17,30.83
1927952.9607,0.00,29.86,101.30,28.45
1927952.9930,0.00,29.84,101.40,26.21
1927953.0249,0.00,29.81,101.50,24.27
1927953.0568,0.00,29.78,101.59,22.58
1927953.0888,0.00,29.76,101.66,21.10
1927953.1206,0.00,29.75,101.72,19.82
1927953.1518,0.00,29.70,101.76,18.73
1927953.1988,0.00,29.66,101.79,17.81
1927953.2302,0.00,29.62,101.81,17.02
1927953.2775,0.00,29.56,101.80,16.37
1927953.3083,0.00,29.51,101.79,15.82
1927953.3542,0.00,29.46,101.79,15.37
1927953.3711,0.00,29.43,101.76,14.99
1927953.4169,0.00,29.40,101.74,14.67
1927953.4338,0.00,29.38,101.72,14.41
1927953.4798,0.00,29.36,101.70,14.20
1927953.5113,0.00,29.35,101.67,14.02
1927953.5426,0.00,29.33,101.64,13.87
1927953.5742,0.00,29.32,101.62,13.75
1927953.6056,0.00,29.28,101.44,13.69
1927953.6373,0.00,29.24,101.28,13.64
1927953.6687,0.00,29.21,101.15,13.60
1927953.7001,0.00,29.18,101.04,13.51
1927953.7314,0.00,29.16,100.94,13.43
1927953.7624,0.00,29.15,100.86,13.36
1927953.7943,0.00,29.12,100.59,13.30
1927953.8253,0.00,29.10,100.35,13.50
1927953.8570,0.00,29.09,100.15,13.73
1927953.8880,0.00,29.08,99.98,13.98
1927953.9193,0.00,28.99,99.88,14.37
1927953.9498,0.00,28.92,99.80,15.05
1927953.9808,0.00,28.86,99.72,15.73
1927954.0121,0.00,28.81,99.66,16.39
1927954.0436,0.00,28.70,99.57,17.09
1927954.0756,0.00,28.60,99.50,17.73
1927954.1070,0.00,28.52,99.43,18.35
1927954.1808,0.00,28.40,99.34,18.94
1927954.2106,0.00,28.30,99.26,19.47
1927954.2422,0.00,28.21,99.20,20.05
1927954.2742,0.00,28.09,99.10,20.61
1927954.3058,0.00,27.98,99.03,21.10
1927954.3375,0.00,27.89,98.96,21.55
1927954.3614,0.00,27.81,98.91,21.93
1927954.3938,0.00,27.67,98.59,22.31
1927954.4252,0.00,27.55,98.33,22.65
1927954.4582,0.00,27.43,98.10,22.95
1927954.4941,0.00,27.33,97.92,23.19
1927954.5280,0.00,27.25,97.76,23.40
1927954.5600,0.00,27.18,97.62,23.59
1927954.5916,0.00,27.10,96.96,23.70
1927954.6231,0.00,27.03,96.40,23.80
1927954.6551,0.00,26.97,95.92,23.89
1927954.6870,0.00,26.94,94.23,24.03
1927954.7280,0.00,26.91,92.80,23.97
1927954.7597,0.00,26.89,91.58,23.91
1927954.7915,0.00,26.89,90.55,23.85
1927954.8234,0.00,26.93,87.03,23.85
1927954.8558,0.00,26.97,84.03,23.64
1927954.8881,0.00,27.01,81.49,23.44
1927954.9203,0.00,26.98,79.28,23.24
1927954.9603,0.00,27.04,75.17,22.88
1927954.9921,0.00,27.09,71.66,22.53
1927955.0240,0.00,27.14,68.69,22.20
1927955.0561,0.00,27.30,63.48,21.93
1927955.0886,0.00,27.45,59.05,21.34
1927955.1207,0.00,27.58,55.29,20.78
1927955.1608,0.00,27.69,52.03,20.27
1927955.1930,0.00,27.72,45.65,19.39
1927955.2253,0.00,27.77,40.22,18.57
1927955.2578,0.00,27.82,35.61,17.81
1927955.2905,0.00,27.30,30.15,16.79
1927955.3228,0.00,26.84,25.52,16.02
1927955.3552,0.00,26.45,21.59,15.32
1927955.3874,0.00,26.11,18.25,14.69
1927955.4274,0.00,25.03,15.19,13.54
1927955.4593,0.00,24.10,12.61,12.53
1927955.4918,0.00,23.30,10.42,11.98
1927955.5238,0.00,22.00,8.44,11.22
1927955.5559,0.00,20.89,6.77,10.57
1927955.5883,0.00,19.95,5.35,10.00
1927955.6131,0.00,19.15,4.15,9.48
1927955.6432,0.00,18.33,2.97,9.04
1927955.6760,0.00,17.64,1.97,8.64
1927955.7080,0.00,17.05,1.12,8.29
1927955.7400,0.00,16.55,0.39,7.97
1927955.7643,0.00,16.09,-0.40,7.59
1927955.7936,0.00,15.70,-1.07,7.26
1927955.8258,0.00,15.37,-1.64,6.97
1927955.8579,0.00,15.09,-2.13,6.73
1927955.8904,0.00,14.87,-2.46,6.57
1927955.9221,0.00,14.69,-2.74,6.44
1927955.9542,0.00,14.53,-2.98,6.32
1927955.9937,0.00,14.35,-3.17,6.11
1927956.0251,0.00,14.26,-3.36,5.98
1927956.0572,0.00,14.18,-3.53,5.87
1927956.0895,0.00,14.11,-3.67,5.79
1927956.1215,0.00,14.06,-3.76,5.73
1927956.1534,0.00,14.08,-3.86,5.68
1927956.1932,0.00,14.10,-3.94,5.64
1927956.2251,0.00,14.11,-4.01,5.62
1927956.2574,0.00,14.15,-4.07,5.61
1927956.2896,0.00,14.18,-4.12,5.61
1927956.3216,0.00,14.21,-4.16,5.62
1927956.3536,0.00,14.23,-4.19,5.62
1927956.3782,0.00,14.26,-4.22,5.63
1927956.4099,0.00,14.28,-4.25,5.64
1927956.4423,0.00,14.30,-4.27,5.65
1927956.4744,0.00,14.32,-4.29,5.66
1927956.5068,0.00,14.34,-4.31,5.67
1927956.5391,0.00,14.35,-4.33,5.68
1927956.5710,0.00,14.37,-4.34,5.69
1927956.5947,0.00,14.39,-4.36,5.69
1927956.6273,0.00,14.41,-4.38,5.71
1927956.6595,0.00,14.43,-4.40,5.72
1927956.6914,0.00,14.45,-4.42,5.71
1927956.7233,0.00,14.46,-4.42,5.70
1927956.7553,0.00,14.48,-4.42,5.70
1927956.7880,0.00,14.49,-4.43,5.69
1927956.8116,0.00,14.49,-4.43,5.69
1927956.8431,0.00,14.50,-4.43,5.68
1927956.8755,0.00,14.50,-4.44,5.67
1927956.9076,0.00,14.50,-4.44,5.66
1927956.9400,0.00,14.50,-4.44,5.66
1927956.9718,0.00,14.51,-4.43,5.65
1927957.0039,0.00,14.51,-4.42,5.64
1927957.0280,0.00,14.51,-4.44,5.63
1927957.0613,0.00,14.52,-4.45,5.63
1927957.0927,0.00,14.52,-4.45,5.62
1927957.1242,0.00,14.53,-4.46,5.62
1927957.1564,0.00,14.52,-4.48,5.60
1927957.1880,0.00,14.51,-4.50,5.59
1927957.2205,0.00,14.50,-4.52,5.58
1927957.2478,0.00,14.50,-4.54,5.57
1927957.2837,0.00,14.46,-4.50,5.53
1927957.3234,0.00,14.43,-4.46,5.50
1927957.3399,0.00,14.41,-4.44,5.47
1927957.3719,0.00,14.39,-4.41,5.45
1927957.4039,0.00,14.36,-4.39,5.41
1927957.4447,0.00,14.33,-4.38,5.38
1927957.4757,0.00,14.31,-4.37,5.36
1927957.5074,0.00,14.27,-4.36,5.32
1927957.5313,0.00,14.24,-4.35,5.28
1927957.5636,0.00,14.22,-4.35,5.26
1927957.5960,0.00,14.20,-4.34,5.24
1927957.6278,0.00,14.18,-4.35,5.21
1927957.6604,0.00,14.17,-4.35,5.19
1927957.6927,0.00,14.16,-4.36,5.18
1927957.7246,0.00,14.15,-4.36,5.16
1927957.7571,0.00,14.14,-4.36,5.15
1927957.7895,0.00,14.13,-4.37,5.15
1927957.8218,0.00,14.12,-4.36,5.14
1927957.8547,0.00,14.11,-4.36,5.14
1927957.8706,0.00,14.11,-4.36,5.13
1927957.9031,0.00,14.10,-4.35,5.13
1927957.9426,0.00,14.10,-4.35,5.12
1927957.9744,0.00,14.09,-4.34,5.12
1927958.0070,0.00,14.08,-4.34,5.11
1927958.0388,0.00,14.08,-4.33,5.11
1927958.0719,0.00,14.06,-4.36,5.10
1927958.1019,0.00,14.06,-4.35,5.09
1927958.1278,0.00,14.05,-4.34,5.09
1927958.1598,0.00,14.04,-4.34,5.10
1927958.1919,0.00,14.03,-4.36,5.09
1927958.2240,0.00,14.02,-4.36,5.09
1927958.2560,0.00,14.01,-4.36,5.09
1927958.2884,0.00,13.99,-4.37,5.09
1927958.3205,0.00,13.97,-4.39,5.08
1927958.3447,0.00,13.96,-4.39,5.08
1927958.3771,0.00,13.95,-4.39,5.08
1927958.4090,0.00,13.94,-4.40,5.07
1927958.4412,0.00,13.92,-4.41,5.07
1927958.4732,0.00,13.92,-4.40,5.07
1927958.5050,0.00,13.91,-4.40,5.08
1927958.5315,0.00,13.89,-4.42,5.07
1927958.5607,0.00,13.88,-4.44,5.07
1927958.5927,0.00,13.86,-4.43,5.07
1927958.6247,0.00,13.85,-4.43,5.07
1927958.6572,0.00,13.83,-4.44,5.07
1927958.6893,0.00,13.81,-4.43,5.07
1927958.7218,0.00,13.80,-4.43,5.07
1927958.7532,0.00,13.79,-4.43,5.07
1927958.7767,0.00,13.78,-4.43,5.07
1927958.8087,0.00,13.77,-4.43,5.07
1927958.8409,0.00,13.76,-4.43,5.07
1927958.8726,0.00,13.75,-4.43,5.07
1927958.9044,0.00,13.74,-4.43,5.07
1927958.9360,0.00,13.74,-4.43,5.08
1927958.9757,0.00,13.73,-4.43,5.08
1927959.0080,0.00,13.73,-4.43,5.08
1927959.0292,0.00,13.72,-4.43,5.08
1927959.0621,0.00,13.72,-4.43,5.08
1927959.1044,0.00,13.72,-4.43,5.08
1927959.1204,0.00,13.71,-4.43,5.08
1927959.1607,0.00,13.71,-4.44,5.08
1927959.1925,0.00,13.71,-4.44,5.08
1927959.2245,0.00,13.71,-4.44,5.08
1927959.2563,0.00,13.71,-4.44,5.08
1927959.2779,0.00,13.71,-4.45,5.09
1927959.3136,0.00,13.71,-4.45,5.09
1927959.3454,0.00,13.71,-4.45,5.09
1927959.3769,0.00,13.70,-4.46,5.09
1927959.4087,0.00,13.70,-4.46,5.09
1927959.4404,0.00,13.70,-4.46,5.09
1927959.4726,0.00,13.70,-4.46,5.09
1927959.5045,0.00,13.70,-4.47,5.09
1927959.5281,0.00,13.69,-4.47,5.09
1927959.5598,0.00,13.69,-4.48,5.09
1927959.5927,0.00,13.69,-4.48,5.09
1927959.6245,0.00,13.69,-4.48,5.09
1927959.6563,0.00,13.69,-4.49,5.10
1927959.6878,0.00,13.69,-4.49,5.10
1927959.7203,0.00,13.69,-4.49,5.10
1927959.7607,0.00,13.69,-4.50,5.10
1927959.7786,0.00,13.69,-4.50,5.10
1927959.8119,0.00,13.69,-4.50,5.10
1927959.8399,0.00,13.69,-4.50,5.10
1927959.8714,0.00,13.69,-4.50,5.10
1927959.9039,0.00,13.69,-4.51,5.09
1927959.9432,0.00,13.68,-4.51,5.09
1927959.9749,0.00,13.67,-4.50,5.07
1927960.0072,0.00,13.66,-4.50,5.06
1927960.0393,0.00,13.66,-4.49,5.05
1927960.0715,0.00,13.65,-4.49,5.04
1927960.1041,0.00,13.65,-4.49,5.04
1927960.1282,0.00,13.64,-4.49,5.03
1927960.1599,0.00,13.64,-4.49,5.03
1927960.1920,0.00,13.64,-4.49,5.03
1927960.2161,0.00,13.64,-4.48,5.03
1927960.2547,0.00,13.64,-4.48,5.03
1927960.2863,0.00,13.64,-4.48,5.02
1927960.3108,0.00,13.64,-4.48,5.02
1927960.3426,0.00,13.64,-4.48,5.03
